condition,task,disturbance,episode,seed,success,disturbance_fired,recovered,steps,total_reward,trigger_step,final_can_x,final_can_y,final_can_z,training_seed,budget
baseline,can,nominal,0,400027,True,False,False,122,52.20603843375461,,0.1881636828184127,0.3997726142406463,0.8600578904151917,27,0
baseline,can,nominal,1,400028,True,False,False,105,38.6128078271764,,0.1757660955190658,0.3966751396656036,0.8603196144104004,27,0
baseline,can,nominal,2,400029,True,False,False,144,47.82944004218879,,0.1673505157232284,0.3950593173503876,0.8614498972892761,27,0
baseline,can,nominal,3,400030,True,False,False,118,48.945445146200186,,0.1867534071207046,0.4006359279155731,0.8600643277168274,27,0
baseline,can,nominal,4,400031,True,False,False,139,45.79368224101396,,0.1804376989603042,0.3960775434970855,0.860161304473877,27,0
baseline,can,nominal,5,400032,True,False,False,122,52.208799620239304,,0.1732115000486374,0.3940315246582031,0.8615825772285461,27,0
baseline,can,nominal,6,400033,True,False,False,129,44.970693002942575,,0.1868147701025009,0.3925327062606811,0.8604586124420166,27,0
baseline,can,nominal,7,400034,True,False,False,122,44.686618301793594,,0.1925248801708221,0.3873478770256042,0.8602524399757385,27,0
baseline,can,object_shift,0,400027,False,True,False,260,0.350197940305161,14.0,-0.2452756464481353,-0.2299274653196334,0.3435512781143188,27,0
baseline,can,object_shift,1,400028,True,True,True,135,50.450834178870586,14.0,0.1770482063293457,0.3913394808769226,0.8600538969039917,27,0
baseline,can,object_shift,2,400029,False,True,False,260,5.085192871320798,14.0,0.0884175673127174,-0.1691700518131256,0.8436402678489685,27,0
baseline,can,object_shift,3,400030,False,True,False,260,5.327854096375188,14.0,0.0515126511454582,-0.0552105531096458,0.852743923664093,27,0
baseline,can,object_shift,4,400031,True,True,True,150,51.2059226304313,14.0,0.2003896981477737,0.4112070500850677,0.8601552844047546,27,0
baseline,can,object_shift,5,400032,False,True,False,260,5.779587087967741,14.0,0.021542266011238,-0.1390848904848098,0.843654215335846,27,0
baseline,can,object_shift,6,400033,True,True,True,128,43.68878119741837,14.0,0.1786283105611801,0.3959970772266388,0.8602325916290283,27,0
baseline,can,object_shift,7,400034,True,True,True,133,46.04412857464908,14.0,0.1841282695531845,0.392044723033905,0.8603359460830688,27,0
baseline,can,action_noise,0,400027,True,True,True,97,37.453231729502136,8.0,0.1852603405714035,0.3595535457134247,0.8721569776535034,27,0
baseline,can,action_noise,1,400028,True,True,True,113,42.5283131437123,8.0,0.1556067913770675,0.4171442985534668,0.8600768446922302,27,0
baseline,can,action_noise,2,400029,False,True,False,260,4.6981076719918935,8.0,0.2132033556699752,-0.2757769823074341,0.8600536584854126,27,0
baseline,can,action_noise,3,400030,True,True,True,94,37.35014937152559,8.0,0.1837044656276703,0.4072842597961426,0.8670580387115479,27,0
baseline,can,action_noise,4,400031,True,True,True,134,43.9537462833072,8.0,0.1712851673364639,0.3880204260349273,0.8594884872436523,27,0
baseline,can,action_noise,5,400032,True,True,True,108,44.159854766628285,8.0,0.176042690873146,0.3925046622753143,0.8600589036941528,27,0
baseline,can,action_noise,6,400033,True,True,True,126,42.0461399788681,8.0,0.2067000120878219,0.3495995700359344,0.8885360956192017,27,0
baseline,can,action_noise,7,400034,True,True,True,121,42.59612763755773,8.0,0.1951586306095123,0.3825341165065765,0.8629797697067261,27,0
baseline,can,action_delay,0,400027,True,True,True,155,64.99948217651226,3.0,0.1671677380800247,0.4354942440986633,0.8861305713653564,27,0
baseline,can,action_delay,1,400028,False,True,False,260,4.944004506233502,5.0,0.0998454466462135,-0.0983074083924293,0.8600487112998962,27,0
baseline,can,action_delay,2,400029,False,True,False,260,57.75165260082592,5.0,0.1495380252599716,0.4371816217899322,0.9126682877540588,27,0
baseline,can,action_delay,3,400030,True,True,True,209,36.642839766113546,3.0,0.1368358135223388,0.4428211450576782,0.8930531740188599,27,0
baseline,can,action_delay,4,400031,True,True,True,168,57.41701474073054,3.0,0.1644851267337799,0.3911225795745849,0.8591753840446472,27,0
baseline,can,action_delay,5,400032,True,True,True,137,53.38402903702486,3.0,0.2023566365242004,0.4345346987247467,0.8659282326698303,27,0
baseline,can,action_delay,6,400033,False,True,False,260,4.04476883525431,5.0,0.012201608158648,-0.3172362446784973,0.8600534796714783,27,0
baseline,can,action_delay,7,400034,False,True,False,260,4.685094482635108,5.0,0.0143767781555652,-0.2689946889877319,0.8564069271087646,27,0
baseline,can,gripper_slip,0,400027,False,True,False,260,15.353885487125552,44.0,0.063380554318428,-0.1873800903558731,0.8437272906303406,27,0
baseline,can,gripper_slip,1,400028,False,True,False,260,11.94758329755113,44.0,0.1656356453895568,-0.0987804532051086,0.8600450754165649,27,0
baseline,can,gripper_slip,2,400029,False,True,False,260,13.596096914131612,64.0,0.1613043844699859,-0.2709495723247528,0.8600618243217468,27,0
baseline,can,gripper_slip,3,400030,False,True,False,260,14.40062648824662,42.0,0.0257810298353433,-0.0666671171784401,0.8436408042907715,27,0
baseline,can,gripper_slip,4,400031,False,True,False,260,10.00519298436545,56.0,-0.0438516661524772,-0.4057337343692779,0.8600454926490784,27,0
baseline,can,gripper_slip,5,400032,False,True,False,260,12.700909550904756,41.0,0.0625267848372459,-0.1644821614027023,0.8600572347640991,27,0
baseline,can,gripper_slip,6,400033,False,True,False,260,11.051140628309406,50.0,0.1282483637332916,-0.3029108941555023,0.8600510954856873,27,0
baseline,can,gripper_slip,7,400034,False,True,False,260,13.05687397038454,48.0,0.0299747232347726,-0.26701220870018,0.8436337113380432,27,0
baseline,milk,nominal,0,400027,True,False,False,66,21.49393023038703,,-0.0135764330625534,0.145818755030632,0.8909806609153748,27,0
baseline,milk,nominal,1,400028,True,False,False,78,24.512411768517648,,-0.0164300333708524,0.1325896233320236,0.8972060084342957,27,0
baseline,milk,nominal,2,400029,True,False,False,69,25.57259384600503,,-0.0157808791846036,0.1457956433296203,0.894650936126709,27,0
baseline,milk,nominal,3,400030,True,False,False,89,26.22171250316285,,-0.0139313330873847,0.1340275555849075,0.8965455889701843,27,0
baseline,milk,nominal,4,400031,True,False,False,76,25.781417088071997,,-0.0267908796668052,0.1500410884618759,0.8896170258522034,27,0
baseline,milk,nominal,5,400032,True,False,False,82,26.831155492154295,,-0.0233002211898565,0.1521971523761749,0.8946677446365356,27,0
baseline,milk,nominal,6,400033,True,False,False,67,24.721731905237256,,-0.015855623409152,0.1396150290966034,0.8925589323043823,27,0
baseline,milk,nominal,7,400034,True,False,False,75,20.976743546191884,,-0.0180493798106908,0.1616571098566055,0.8988583087921143,27,0
baseline,milk,object_shift,0,400027,False,True,False,260,3.896809278129204,14.0,0.007878846488893,-0.1054493263363838,0.8808568120002747,27,0
baseline,milk,object_shift,1,400028,True,True,True,82,21.6946980819125,14.0,-0.012659459374845,0.1208889931440353,0.8880661725997925,27,0
baseline,milk,object_shift,2,400029,False,True,False,260,4.857236684087146,14.0,-0.0656215772032737,-0.1094497442245483,0.8808645606040955,27,0
baseline,milk,object_shift,3,400030,False,True,False,260,3.2731085378903977,14.0,0.2599569857120514,-0.1946535110473632,0.8835218548774719,27,0
baseline,milk,object_shift,4,400031,False,True,False,260,3.8115224998226394,14.0,-0.0414286144077777,-0.1847603172063827,0.877651572227478,27,0
baseline,milk,object_shift,5,400032,True,True,True,95,27.982192707360856,14.0,-0.0121001144871115,0.1355193555355072,0.8985823392868042,27,0
baseline,milk,object_shift,6,400033,False,True,False,260,7.639297890587178,14.0,0.0977149531245231,-0.0699780508875846,0.8379326462745667,27,0
baseline,milk,object_shift,7,400034,True,True,True,83,22.3781568937293,14.0,-0.0297051016241312,0.1625846326351165,0.8883306980133057,27,0
baseline,milk,action_noise,0,400027,True,True,True,61,18.911105340981997,8.0,-0.0320501402020454,0.1282058358192443,0.8906610608100891,27,0
baseline,milk,action_noise,1,400028,True,True,True,75,24.171345963510326,8.0,0.0013634251663461,0.1393686980009079,0.8870689868927002,27,0
baseline,milk,action_noise,2,400029,True,True,True,73,26.977788256299434,8.0,-0.0084255831316113,0.1500194817781448,0.8990781903266907,27,0
baseline,milk,action_noise,3,400030,True,True,True,80,22.355891055060727,8.0,0.0093885827809572,0.1211395785212516,0.8999556303024292,27,0
baseline,milk,action_noise,4,400031,False,True,False,260,3.785889294111509,8.0,0.0875230208039283,-0.1912750899791717,0.880868673324585,27,0
baseline,milk,action_noise,5,400032,True,True,True,72,22.90611972509275,8.0,-0.0354734137654304,0.1267914623022079,0.8912166357040405,27,0
baseline,milk,action_noise,6,400033,True,True,True,60,21.154686388453936,8.0,-0.0273370947688817,0.1323657035827636,0.8950353860855103,27,0
baseline,milk,action_noise,7,400034,False,True,False,260,3.369412624093938,8.0,0.0934469848871231,-0.0865689739584922,0.8379378914833069,27,0
baseline,milk,action_delay,0,400027,True,True,True,82,22.486769888969956,3.0,-0.0053677321411669,0.1783756762742996,0.892333984375,27,0
baseline,milk,action_delay,1,400028,False,True,False,260,3.22783111547931,5.0,0.041144099086523,-0.2007096707820892,0.8379343748092651,27,0
baseline,milk,action_delay,2,400029,False,True,False,260,3.6676286363836974,5.0,-0.0607733130455017,-0.1689669787883758,0.8837549686431885,27,0
baseline,milk,action_delay,3,400030,False,True,False,260,12.711305681504491,3.0,-0.0220221225172281,-0.0476200170814991,0.8812714219093323,27,0
baseline,milk,action_delay,4,400031,False,True,False,260,1.948295768176872,3.0,-0.0300826355814933,-0.1891188323497772,0.8714891076087952,27,0
baseline,milk,action_delay,5,400032,True,True,True,94,26.196218983688087,3.0,0.0028457103762775,0.2091808170080185,0.8993465304374695,27,0
baseline,milk,action_delay,6,400033,False,True,False,260,4.360277170886642,5.0,-0.0233617518097162,-0.1383072435855865,0.8664371967315674,27,0
baseline,milk,action_delay,7,400034,False,True,False,260,1.8698380842922424,5.0,0.0622946508228778,-0.088666021823883,0.8379378914833069,27,0
baseline,milk,gripper_slip,0,400027,False,True,False,260,9.52067317244964,39.0,0.0218615271151065,-0.0972030609846115,0.8808531761169434,27,0
baseline,milk,gripper_slip,1,400028,False,True,False,260,10.1226770699861,43.0,0.256289541721344,-0.1939154267311096,0.882953941822052,27,0
baseline,milk,gripper_slip,2,400029,False,True,False,260,10.110570741754245,35.0,0.0292062256485223,-0.1250182539224624,0.8379378914833069,27,0
baseline,milk,gripper_slip,3,400030,False,True,False,260,8.201986265468287,47.0,0.2171820849180221,-0.2196665108203888,0.8808600306510925,27,0
baseline,milk,gripper_slip,4,400031,False,True,False,260,10.35237438742505,40.0,-0.0255488604307174,-0.1871429532766342,0.8688996434211731,27,0
baseline,milk,gripper_slip,5,400032,False,True,False,260,9.850749327563037,43.0,0.0080352323129773,-0.3136816024780273,0.8378998637199402,27,0
baseline,milk,gripper_slip,6,400033,False,True,False,260,10.722775584763887,35.0,0.0847453773021698,-0.0748010948300361,0.8737179636955261,27,0
baseline,milk,gripper_slip,7,400034,False,True,False,260,9.140483439435114,48.0,0.253208577632904,-0.1403630077838897,0.8814966082572937,27,0
baseline,bread,nominal,0,400027,True,False,False,114,42.59786936301977,,0.2010197639465332,0.146181434392929,0.8421828150749207,27,0
baseline,bread,nominal,1,400028,True,False,False,129,45.00219611307942,,0.1795869767665863,0.1495806574821472,0.8421919941902161,27,0
baseline,bread,nominal,2,400029,False,False,False,260,9.527793230437734,,0.0916237160563469,-0.0942269116640091,0.8421655893325806,27,0
baseline,bread,nominal,3,400030,True,False,False,119,43.76925762424853,,0.1743073612451553,0.1573982089757919,0.8421684503555298,27,0
baseline,bread,nominal,4,400031,True,False,False,149,51.13886007824433,,0.1750382184982299,0.1493326425552368,0.8421655297279358,27,0
baseline,bread,nominal,5,400032,True,False,False,129,44.690285673913,,0.1950907558202743,0.1388654112815857,0.8421773314476013,27,0
baseline,bread,nominal,6,400033,True,False,False,136,48.68068418664393,,0.1849935352802276,0.1644593477249145,0.8421655893325806,27,0
baseline,bread,nominal,7,400034,True,False,False,110,41.35674238870233,,0.1892673224210739,0.1444364041090011,0.8421988487243652,27,0
baseline,bread,object_shift,0,400027,True,True,True,125,48.40376562175177,14.0,0.1828847229480743,0.1569241881370544,0.8421803116798401,27,0
baseline,bread,object_shift,1,400028,True,True,True,163,51.214709394186926,14.0,0.1812385022640228,0.1404773294925689,0.841202437877655,27,0
baseline,bread,object_shift,2,400029,False,True,False,260,3.3963826542963735,14.0,-0.0101149221882224,-0.0999369993805885,0.8421643376350403,27,0
baseline,bread,object_shift,3,400030,True,True,True,167,56.60224307719739,14.0,0.1788471490144729,0.1475264281034469,0.8421908617019653,27,0
baseline,bread,object_shift,4,400031,True,True,True,125,46.531894002554296,14.0,0.1752106696367263,0.1555598378181457,0.8421684503555298,27,0
baseline,bread,object_shift,5,400032,False,True,False,260,6.815697913335345,14.0,0.0127701619639992,-0.4377094507217407,0.8421655893325806,27,0
baseline,bread,object_shift,6,400033,True,True,True,119,42.575046900032845,14.0,0.18351611495018,0.1547006070613861,0.8422163128852844,27,0
baseline,bread,object_shift,7,400034,True,True,True,127,44.872220461541666,14.0,0.1762460023164749,0.1524267494678497,0.8421908617019653,27,0
baseline,bread,action_noise,0,400027,True,True,True,142,56.22306009695434,8.0,0.1711368858814239,0.0915663912892341,0.8421891331672668,27,0
baseline,bread,action_noise,1,400028,True,True,True,131,43.227912729295305,8.0,0.18958780169487,0.105492889881134,0.8421919941902161,27,0
baseline,bread,action_noise,2,400029,False,True,False,260,13.098664901148153,8.0,0.0922185704112052,-0.0802201554179191,0.8421684503555298,27,0
baseline,bread,action_noise,3,400030,False,True,False,260,6.720142216079804,8.0,0.1483458578586578,-0.1892942786216735,0.8421919345855713,27,0
baseline,bread,action_noise,4,400031,True,True,True,112,37.23230925834334,8.0,0.1618971228599548,0.1287853270769119,0.8421713709831238,27,0
baseline,bread,action_noise,5,400032,True,True,True,132,46.75941860916547,8.0,0.1924825310707092,0.1401317566633224,0.8421939015388489,27,0
baseline,bread,action_noise,6,400033,True,True,True,118,36.598964722886755,8.0,0.1934244632720947,0.1299377530813217,0.8432310819625854,27,0
baseline,bread,action_noise,7,400034,True,True,True,118,45.57226708453941,8.0,0.1780963540077209,0.1665876805782318,0.8421908617019653,27,0
baseline,bread,action_delay,0,400027,False,True,False,260,48.641798804388934,3.0,0.1916959881782531,0.3513120412826538,0.8421919941902161,27,0
baseline,bread,action_delay,1,400028,False,True,False,260,54.191158154275115,5.0,0.1359835565090179,0.4705148935317993,0.8421645760536194,27,0
baseline,bread,action_delay,2,400029,False,True,False,260,18.229836215925687,5.0,0.124827079474926,-0.0369834564626216,0.8421656489372253,27,0
baseline,bread,action_delay,3,400030,True,True,True,218,74.53149915336202,3.0,0.2171526104211807,0.157881498336792,0.8421614170074463,27,0
baseline,bread,action_delay,4,400031,True,True,True,187,63.276538060579995,3.0,0.1890851557254791,0.1526050865650177,0.842170000076294,27,0
baseline,bread,action_delay,5,400032,True,True,True,190,71.2640641678781,3.0,0.1700228154659271,0.1548117250204086,0.8421972990036011,27,0
baseline,bread,action_delay,6,400033,False,True,False,260,5.482328066375552,5.0,-0.02482545748353,-0.3618764877319336,0.8421720862388611,27,0
baseline,bread,action_delay,7,400034,False,True,False,260,3.875941227532268,5.0,0.0827713832259178,-0.2396623492240905,0.8421720862388611,27,0
baseline,bread,gripper_slip,0,400027,True,True,True,167,46.254677085244936,50.0,0.2026027590036392,0.1308829337358474,0.8421656489372253,27,0
baseline,bread,gripper_slip,1,400028,False,True,False,260,12.04368808377468,57.0,0.2531623840332031,-0.3447435200214386,0.8421904444694519,27,0
baseline,bread,gripper_slip,2,400029,False,False,False,260,9.527793230437734,,0.0916237160563469,-0.0942269116640091,0.8421655893325806,27,0
baseline,bread,gripper_slip,3,400030,False,True,False,260,14.643434518843588,60.0,0.2639778852462768,-0.0810768157243728,0.8421964645385742,27,0
baseline,bread,gripper_slip,4,400031,False,True,False,260,19.29815595568275,84.0,0.2091921865940094,-0.2511751651763916,0.8421908617019653,27,0
baseline,bread,gripper_slip,5,400032,False,True,False,260,11.296765214834377,55.0,0.0135256499052047,-0.4304396510124206,0.8421908617019653,27,0
baseline,bread,gripper_slip,6,400033,False,True,False,260,14.815303742187789,61.0,0.0403690673410892,-0.3192110955715179,0.8421699404716492,27,0
baseline,bread,gripper_slip,7,400034,False,True,False,260,12.49321734808869,46.0,0.1248681619763374,-0.2940993309020996,0.8421670198440552,27,0
baseline,cereal,nominal,0,400027,True,False,False,98,35.41719744960839,,-0.0133474478498101,0.3984009325504303,0.8984386920928955,27,0
baseline,cereal,nominal,1,400028,True,False,False,107,33.6375888951606,,-0.0364771522581577,0.3912088274955749,0.8945586085319519,27,0
baseline,cereal,nominal,2,400029,True,False,False,118,37.76289949521803,,-0.0151676693931221,0.3943485021591186,0.8961179852485657,27,0
baseline,cereal,nominal,3,400030,True,False,False,99,35.85617614762316,,-0.0133237931877374,0.3815217316150665,0.8991660475730896,27,0
baseline,cereal,nominal,4,400031,True,False,False,108,38.75525633207275,,-0.0120910080149769,0.3837734758853912,0.8999812006950378,27,0
baseline,cereal,nominal,5,400032,True,False,False,115,14.192419879448565,,-0.0397320836782455,0.3979425728321075,0.8949832320213318,27,0
baseline,cereal,nominal,6,400033,True,False,False,99,33.68545267080453,,-0.0141322035342454,0.407103568315506,0.8972609639167786,27,0
baseline,cereal,nominal,7,400034,True,False,False,103,33.488868614724794,,-0.0141052557155489,0.3978336751461029,0.8990533351898193,27,0
baseline,cereal,object_shift,0,400027,False,True,False,260,46.70049843600671,14.0,-0.3808723986148834,0.6742311120033264,0.0149751575663685,27,0
baseline,cereal,object_shift,1,400028,False,True,False,260,1.7174177194687454,14.0,0.2359923273324966,-0.2298238426446914,0.8946283459663391,27,0
baseline,cereal,object_shift,2,400029,True,True,True,109,37.30480497258837,14.0,-0.0217712465673685,0.3664374053478241,0.8959871530532837,27,0
baseline,cereal,object_shift,3,400030,False,True,False,260,2.43613646757717,14.0,0.1463328301906585,-0.1395567506551742,0.8946382999420166,27,0
baseline,cereal,object_shift,4,400031,False,True,False,260,1.9812202993638584,14.0,-0.0333891846239566,-0.3616198003292084,0.8307472467422485,27,0
baseline,cereal,object_shift,5,400032,False,True,False,260,2.406496700502734,14.0,0.1872372031211853,-0.4296915233135223,0.894630491733551,27,0
baseline,cereal,object_shift,6,400033,True,True,True,104,31.346091628862,14.0,-0.0363447591662406,0.3987587988376617,0.8994723558425903,27,0
baseline,cereal,object_shift,7,400034,False,True,False,260,2.386393812258795,14.0,0.2374366968870163,-0.3179041743278503,0.8946303129196167,27,0
baseline,cereal,action_noise,0,400027,True,True,True,104,36.96044723582211,8.0,-0.0383357964456081,0.3634792864322662,0.8984823226928711,27,0
baseline,cereal,action_noise,1,400028,True,True,True,105,32.40501523066992,8.0,-0.0335738770663738,0.4160365760326385,0.8974282741546631,27,0
baseline,cereal,action_noise,2,400029,True,True,True,121,39.2524770673504,8.0,-0.0339179560542106,0.3871612846851349,0.8954359292984009,27,0
baseline,cereal,action_noise,3,400030,False,True,False,260,2.1564970654146096,8.0,0.0913960337638855,-0.3220239877700805,0.8307610750198364,27,0
baseline,cereal,action_noise,4,400031,True,True,True,108,38.90780296465882,8.0,-0.0372649133205413,0.403661847114563,0.8985105752944946,27,0
baseline,cereal,action_noise,5,400032,False,True,False,260,2.262764324352112,8.0,0.1897510290145874,-0.3371070027351379,0.8946314454078674,27,0
baseline,cereal,action_noise,6,400033,True,True,True,102,35.42797077321262,8.0,-0.0195307042449712,0.4344304800033569,0.8960455060005188,27,0
baseline,cereal,action_noise,7,400034,False,True,False,260,2.5289026667639547,8.0,0.1864006072282791,-0.2488739043474197,0.8946321606636047,27,0
baseline,cereal,action_delay,0,400027,False,True,False,260,2.619348502337074,3.0,0.0961598679423332,-0.3173930644989013,0.8307610750198364,27,0
baseline,cereal,action_delay,1,400028,False,True,False,260,1.4598121911739692,5.0,0.1872752010822296,-0.2520543932914734,0.8946329951286316,27,0
baseline,cereal,action_delay,2,400029,False,True,False,260,1.4108629848513132,5.0,0.1293285489082336,-0.4492515325546264,0.8825657963752747,27,0
baseline,cereal,action_delay,3,400030,False,True,False,260,2.661477384894253,3.0,0.0914067924022674,-0.3225599527359009,0.8307610750198364,27,0
baseline,cereal,action_delay,4,400031,False,True,False,260,1.9605860306073977,3.0,0.0449250377714633,-0.4158205091953277,0.8651573657989502,27,0
baseline,cereal,action_delay,5,400032,False,True,False,260,2.078728197355338,3.0,0.1891197860240936,-0.3372202217578888,0.8946359753608704,27,0
baseline,cereal,action_delay,6,400033,False,True,False,260,1.6255095872264698,5.0,0.1488971263170242,-0.2245001494884491,0.8946420550346375,27,0
baseline,cereal,action_delay,7,400034,False,True,False,260,2.330691733655296,5.0,0.1833958476781845,-0.2512988448143005,0.8951565623283386,27,0
baseline,cereal,gripper_slip,0,400027,False,True,False,260,7.394663843506574,39.0,0.0222797021269798,-0.3148074746131897,0.8307632803916931,27,0
baseline,cereal,gripper_slip,1,400028,False,True,False,260,4.300275482224514,44.0,0.2296257019042968,-0.3463422656059265,0.8308034539222717,27,0
baseline,cereal,gripper_slip,2,400029,False,True,False,260,4.404590485874159,46.0,0.0582131072878837,-0.3516483008861542,0.8946318626403809,27,0
baseline,cereal,gripper_slip,3,400030,False,True,False,260,7.181430512824968,39.0,0.1237577721476554,-0.2470001280307769,0.8307362794876099,27,0
baseline,cereal,gripper_slip,4,400031,False,True,False,260,8.048753083422858,44.0,-0.0215531606227159,-0.3593641519546509,0.8308207392692566,27,0
baseline,cereal,gripper_slip,5,400032,False,True,False,260,2.606973558623672,45.0,0.2031545788049698,-0.4194712936878204,0.8946346640586853,27,0
baseline,cereal,gripper_slip,6,400033,False,True,False,260,5.602032701462634,40.0,0.2014107853174209,-0.2804517149925232,0.8307605981826782,27,0
baseline,cereal,gripper_slip,7,400034,False,True,False,260,5.152269473490642,42.0,0.221272811293602,-0.2977148592472076,0.894633948802948,27,0
more_demos,can,nominal,0,400027,True,False,False,125,53.1742890321286,,0.1888390183448791,0.3880468010902405,0.8619170188903809,27,500
more_demos,can,nominal,1,400028,True,False,False,117,45.86114986995116,,0.1779994070529937,0.3924545645713806,0.8604525327682495,27,500
more_demos,can,nominal,2,400029,True,False,False,142,47.0511048002108,,0.16972216963768,0.3980516493320465,0.8602439761161804,27,500
more_demos,can,nominal,3,400030,True,False,False,123,51.89858630690069,,0.1827786415815353,0.3955170214176178,0.8600489497184753,27,500
more_demos,can,nominal,4,400031,True,False,False,139,45.20425062873297,,0.1834350675344467,0.3899984657764435,0.8599807024002075,27,500
more_demos,can,nominal,5,400032,True,False,False,116,47.267158168258526,,0.1781410872936248,0.3914287686347961,0.8597560524940491,27,500
more_demos,can,nominal,6,400033,True,False,False,137,49.97443256714092,,0.1863434016704559,0.4029234945774078,0.8600931763648987,27,500
more_demos,can,nominal,7,400034,True,False,False,130,49.31300624450659,,0.1908120661973953,0.3993354141712188,0.8600632548332214,27,500
more_demos,can,object_shift,0,400027,False,True,False,260,0.3462022998846762,14.0,-0.2452478259801864,-0.2298910468816757,0.34351846575737,27,500
more_demos,can,object_shift,1,400028,True,True,True,129,46.498457079421776,14.0,0.1746709048748016,0.3926438391208648,0.8608736395835876,27,500
more_demos,can,object_shift,2,400029,False,True,False,260,5.124852715452879,14.0,0.0877311155200004,-0.1696104258298874,0.843644917011261,27,500
more_demos,can,object_shift,3,400030,False,True,False,260,5.357939727816408,14.0,0.0333030261099338,-0.0616535246372222,0.8436582088470459,27,500
more_demos,can,object_shift,4,400031,True,True,True,154,52.57233369953631,14.0,0.1902201771736145,0.4030622243881225,0.8642604947090149,27,500
more_demos,can,object_shift,5,400032,False,True,False,260,5.84674751166255,14.0,0.0329938828945159,-0.1329603344202041,0.8436461091041565,27,500
more_demos,can,object_shift,6,400033,True,True,True,120,37.429927713919845,14.0,0.2003250867128372,0.3737113177776336,0.881746768951416,27,500
more_demos,can,object_shift,7,400034,True,True,True,132,44.426814688671314,14.0,0.1831666231155395,0.3989307880401611,0.8603044748306274,27,500
more_demos,can,action_noise,0,400027,True,True,True,109,42.90947642029989,8.0,0.1811866015195846,0.3696508109569549,0.8611599206924438,27,500
more_demos,can,action_noise,1,400028,True,True,True,111,40.570393341465255,8.0,0.1543971449136734,0.4030497670173645,0.8601133823394775,27,500
more_demos,can,action_noise,2,400029,True,True,True,131,41.98494993256534,8.0,0.1770085394382476,0.3736442029476166,0.8832383155822754,27,500
more_demos,can,action_noise,3,400030,True,True,True,74,20.238257945174738,8.0,0.1827432960271835,0.3409227430820465,0.8881285190582275,27,500
more_demos,can,action_noise,4,400031,True,True,True,137,43.76603339009416,8.0,0.1812010258436203,0.3835824429988861,0.8861467242240906,27,500
more_demos,can,action_noise,5,400032,True,True,True,87,30.651648886940293,8.0,0.1793117821216583,0.3772937655448913,0.8618661165237427,27,500
more_demos,can,action_noise,6,400033,True,True,True,127,42.19826295321471,8.0,0.1906511038541793,0.3594679534435272,0.8780198097229004,27,500
more_demos,can,action_noise,7,400034,True,True,True,122,43.17531731112096,8.0,0.1980599164962768,0.3815689980983734,0.8614410758018494,27,500
more_demos,can,action_delay,0,400027,True,True,True,194,89.24876414490022,3.0,0.1396141350269317,0.4399918615818023,0.8984826803207397,27,500
more_demos,can,action_delay,1,400028,False,True,False,260,19.271641991421667,5.0,0.161030039191246,0.0947381183505058,0.8600573539733887,27,500
more_demos,can,action_delay,2,400029,False,True,False,260,2.4214978591194383,5.0,0.0952975824475288,-0.2779475450515747,0.8436853885650635,27,500
more_demos,can,action_delay,3,400030,True,True,True,256,48.15020571689143,3.0,0.143158882856369,0.4668275415897369,0.8871097564697266,27,500
more_demos,can,action_delay,4,400031,False,True,False,260,4.545693703654711,3.0,-0.0255482997745275,-0.3485825657844543,0.8436378836631775,27,500
more_demos,can,action_delay,5,400032,True,True,True,141,54.969573280762866,3.0,0.2296489775180816,0.438963234424591,0.895866334438324,27,500
more_demos,can,action_delay,6,400033,True,True,True,177,56.555223738437206,5.0,0.1782541871070861,0.4005573987960815,0.8772304654121399,27,500
more_demos,can,action_delay,7,400034,False,True,False,260,4.3200647207061404,5.0,-0.0474715791642665,-0.2591902613639831,0.8436996936798096,27,500
more_demos,can,gripper_slip,0,400027,False,True,False,260,14.624484704250694,44.0,0.045133963227272,-0.2043958604335785,0.8437741994857788,27,500
more_demos,can,gripper_slip,1,400028,False,True,False,260,11.587810376381343,44.0,0.1673485338687896,-0.099111184477806,0.8600558638572693,27,500
more_demos,can,gripper_slip,2,400029,False,True,False,260,12.921273513660962,62.0,0.1604987680912017,-0.2761769294738769,0.8600473403930664,27,500
more_demos,can,gripper_slip,3,400030,False,True,False,260,14.483413567230906,42.0,0.0117783676832914,-0.0865784138441085,0.8436784744262695,27,500
more_demos,can,gripper_slip,4,400031,False,True,False,260,24.33313567084991,57.0,0.1175488010048866,0.0139130717143416,0.9246891736984252,27,500
more_demos,can,gripper_slip,5,400032,False,True,False,260,12.62873556068942,41.0,0.0155344679951667,-0.1247732639312744,0.8436840772628784,27,500
more_demos,can,gripper_slip,6,400033,False,True,False,260,11.419418669736569,51.0,0.0932383760809898,-0.2531913518905639,0.8436422348022461,27,500
more_demos,can,gripper_slip,7,400034,False,True,False,260,12.962128992966049,49.0,0.0334017053246498,-0.2702730298042297,0.8436379432678223,27,500
recovery_bc,can,nominal,0,400027,True,False,False,112,45.83240436487631,,0.1887246519327163,0.3827110528945923,0.8642522692680359,27,500
recovery_bc,can,nominal,1,400028,True,False,False,104,37.52814284589265,,0.178451269865036,0.394538015127182,0.8610259294509888,27,500
recovery_bc,can,nominal,2,400029,True,False,False,143,47.25756605350202,,0.1720769107341766,0.4011044204235077,0.860939085483551,27,500
recovery_bc,can,nominal,3,400030,True,False,False,116,46.974665132757735,,0.1825831532478332,0.3712828159332275,0.8587482571601868,27,500
recovery_bc,can,nominal,4,400031,True,False,False,140,45.7991362103348,,0.1842414885759353,0.3974478840827942,0.8603081107139587,27,500
recovery_bc,can,nominal,5,400032,True,False,False,117,48.39960634199871,,0.1805148869752884,0.3918684720993042,0.8612399697303772,27,500
recovery_bc,can,nominal,6,400033,True,False,False,129,44.58579450724902,,0.1849914193153381,0.4010417759418487,0.8602777719497681,27,500
recovery_bc,can,nominal,7,400034,True,False,False,123,45.29543687798521,,0.1918951123952865,0.4003611505031585,0.8605303168296814,27,500
recovery_bc,can,object_shift,0,400027,False,True,False,260,0.370258550739716,14.0,-0.2452478259801864,-0.2298910468816757,0.34351846575737,27,500
recovery_bc,can,object_shift,1,400028,True,True,True,133,48.25196718875294,14.0,0.1769553571939468,0.3977848589420318,0.8600609302520752,27,500
recovery_bc,can,object_shift,2,400029,False,True,False,260,6.351536607862637,14.0,0.1093917116522789,-0.201690137386322,0.8600480556488037,27,500
recovery_bc,can,object_shift,3,400030,False,True,False,260,6.428695334387358,14.0,0.069602258503437,-0.0751115828752517,0.8600472211837769,27,500
recovery_bc,can,object_shift,4,400031,True,True,True,159,53.519090855197994,14.0,0.1877455860376358,0.399678498506546,0.8761686682701111,27,500
recovery_bc,can,object_shift,5,400032,True,True,True,112,36.30425527241771,14.0,0.1788625866174698,0.381336510181427,0.8590779304504395,27,500
recovery_bc,can,object_shift,6,400033,True,True,True,127,41.85985051778783,14.0,0.1781594008207321,0.3915651440620422,0.859233558177948,27,500
recovery_bc,can,object_shift,7,400034,True,True,True,132,44.768368013781064,14.0,0.1835511177778244,0.3956447839736938,0.8601112961769104,27,500
recovery_bc,can,action_noise,0,400027,True,True,True,97,36.761880637019225,8.0,0.1940606981515884,0.3545022010803222,0.8727750778198242,27,500
recovery_bc,can,action_noise,1,400028,True,True,True,118,45.78201595125025,8.0,0.1605883240699768,0.4030423164367676,0.8609370589256287,27,500
recovery_bc,can,action_noise,2,400029,True,True,True,131,42.348427655606734,8.0,0.1852499395608902,0.3723264932632446,0.8844055533409119,27,500
recovery_bc,can,action_noise,3,400030,True,True,True,93,36.39644869693832,8.0,0.1920110583305359,0.4023414552211761,0.8679892420768738,27,500
recovery_bc,can,action_noise,4,400031,True,True,True,137,43.60202843886906,8.0,0.187830314040184,0.3729990720748901,0.8867524266242981,27,500
recovery_bc,can,action_noise,5,400032,True,True,True,109,41.29381114930357,8.0,0.1926760673522949,0.393493115901947,0.8606070280075073,27,500
recovery_bc,can,action_noise,6,400033,True,True,True,127,42.32712263659588,8.0,0.2062141150236129,0.3525818884372711,0.8862128853797913,27,500
recovery_bc,can,action_noise,7,400034,True,True,True,122,43.419737445059795,8.0,0.2014829367399215,0.3777309656143188,0.8624522686004639,27,500
recovery_bc,can,action_delay,0,400027,True,True,True,158,64.65507946015282,3.0,0.165247157216072,0.4348037540912628,0.8437674045562744,27,500
recovery_bc,can,action_delay,1,400028,False,True,False,260,22.69737767185341,5.0,0.1513312458992004,0.1141149848699569,0.8435922265052795,27,500
recovery_bc,can,action_delay,2,400029,False,True,False,260,2.831714112183453,5.0,0.1213470697402954,-0.2785310447216034,0.8437469005584717,27,500
recovery_bc,can,action_delay,3,400030,False,True,False,260,6.9620201272162126,3.0,0.0848337411880493,-0.1914901286363601,0.8438045382499695,27,500
recovery_bc,can,action_delay,4,400031,True,True,True,192,72.74085584488523,3.0,0.1842891275882721,0.4158042669296264,0.8602327704429626,27,500
recovery_bc,can,action_delay,5,400032,True,True,True,159,67.17393516146024,3.0,0.2148021459579467,0.4386880099773407,0.8660199046134949,27,500
recovery_bc,can,action_delay,6,400033,False,True,False,260,58.768108583753175,5.0,0.1856354773044586,0.4228922426700592,0.8780195713043213,27,500
recovery_bc,can,action_delay,7,400034,False,True,False,260,99.13013706112348,5.0,0.0402917154133319,0.597716748714447,0.9070792198181152,27,500
recovery_bc,can,gripper_slip,0,400027,False,True,False,260,17.970695876853735,43.0,0.0602425076067447,-0.0347240045666694,0.860123336315155,27,500
recovery_bc,can,gripper_slip,1,400028,False,True,False,260,13.2980419286507,45.0,0.1723115742206573,-0.0997305959463119,0.8600519299507141,27,500
recovery_bc,can,gripper_slip,2,400029,False,True,False,260,12.78026287516686,65.0,0.1649134159088134,-0.2701951563358307,0.8600581884384155,27,500
recovery_bc,can,gripper_slip,3,400030,False,True,False,260,15.780432691115625,43.0,0.0284035466611385,-0.0696614682674408,0.8436453342437744,27,500
recovery_bc,can,gripper_slip,4,400031,True,True,True,168,44.5026492056584,59.0,0.2051706612110138,0.3689709901809692,0.8657487630844116,27,500
recovery_bc,can,gripper_slip,5,400032,False,True,False,260,14.13037058562928,43.0,0.0096711302176117,-0.1348511129617691,0.8437027931213379,27,500
recovery_bc,can,gripper_slip,6,400033,False,True,False,260,13.056111898850173,52.0,0.1215378493070602,-0.293235719203949,0.8600479364395142,27,500
recovery_bc,can,gripper_slip,7,400034,False,True,False,260,14.609291976078826,49.0,0.0344038940966129,-0.2690781056880951,0.8436008095741272,27,500
contrastive_recovery,can,nominal,0,400027,True,False,False,157,64.68236124850058,,0.1734214723110199,0.3985795676708221,0.8601004481315613,27,500
contrastive_recovery,can,nominal,1,400028,True,False,False,131,51.969983444087156,,0.1774542182683944,0.399700790643692,0.8600519895553589,27,500
contrastive_recovery,can,nominal,2,400029,True,False,False,200,70.2510775733261,,0.1825141459703445,0.3706879615783691,0.8623415231704712,27,500
contrastive_recovery,can,nominal,3,400030,True,False,False,145,58.064397235672104,,0.1743557751178741,0.3981614112854004,0.8600584864616394,27,500
contrastive_recovery,can,nominal,4,400031,True,False,False,226,84.35744858633441,,0.2054746598005294,0.4477213025093078,0.8671099543571472,27,500
contrastive_recovery,can,nominal,5,400032,True,False,False,133,53.38811246563721,,0.1742106229066848,0.4047843813896179,0.8600590825080872,27,500
contrastive_recovery,can,nominal,6,400033,True,False,False,146,55.79772088174288,,0.1887372136116027,0.3951317965984344,0.8609135746955872,27,500
contrastive_recovery,can,nominal,7,400034,True,False,False,161,63.89968078317207,,0.1967824101448059,0.3685692250728607,0.8654333353042603,27,500
contrastive_recovery,can,object_shift,0,400027,False,True,False,260,0.3699558482361651,14.0,-0.2452859133481979,-0.2299000769853592,0.3435634076595306,27,500
contrastive_recovery,can,object_shift,1,400028,True,True,True,109,33.210249465723464,14.0,0.1857364624738693,0.3787013590335846,0.8583797812461853,27,500
contrastive_recovery,can,object_shift,2,400029,False,True,False,260,5.711951519078254,14.0,0.1240798085927963,-0.221895232796669,0.8600504994392395,27,500
contrastive_recovery,can,object_shift,3,400030,False,True,False,260,6.497957687027906,14.0,0.0859867259860038,-0.0998553931713104,0.8600571751594543,27,500
contrastive_recovery,can,object_shift,4,400031,True,True,True,205,79.29264850588241,14.0,0.1894124299287796,0.434588760137558,0.8581855297088623,27,500
contrastive_recovery,can,object_shift,5,400032,True,True,True,145,54.15373231384821,14.0,0.1888461410999298,0.3728547394275665,0.8647108674049377,27,500
contrastive_recovery,can,object_shift,6,400033,True,True,True,102,25.99840444137414,14.0,0.1731273978948593,0.3438152074813843,0.8732894659042358,27,500
contrastive_recovery,can,object_shift,7,400034,True,True,True,149,55.28925589831124,14.0,0.1848592311143875,0.3972489535808563,0.8608042597770691,27,500
contrastive_recovery,can,action_noise,0,400027,True,True,True,150,64.38507165162802,8.0,0.1570145338773727,0.4192199409008026,0.8600775003433228,27,500
contrastive_recovery,can,action_noise,1,400028,True,True,True,117,40.39717891505321,8.0,0.1865000575780868,0.3662641942501068,0.8684231042861938,27,500
contrastive_recovery,can,action_noise,2,400029,True,True,True,139,50.5551945250504,8.0,0.1591957658529281,0.4008677303791046,0.860118567943573,27,500
contrastive_recovery,can,action_noise,3,400030,True,True,True,120,44.77918097958099,8.0,0.195234477519989,0.3681110143661499,0.8879788517951965,27,500
contrastive_recovery,can,action_noise,4,400031,True,True,True,165,56.66374138608189,8.0,0.1605483144521713,0.4144347906112671,0.8624521493911743,27,500
contrastive_recovery,can,action_noise,5,400032,True,True,True,127,53.99128052921361,8.0,0.1932317465543747,0.3999502062797546,0.8610131144523621,27,500
contrastive_recovery,can,action_noise,6,400033,True,True,True,127,42.58984717121161,8.0,0.197813794016838,0.3550580441951751,0.8969851136207581,27,500
contrastive_recovery,can,action_noise,7,400034,True,True,True,150,58.42576643768799,8.0,0.1903209835290908,0.382515400648117,0.8600450158119202,27,500
contrastive_recovery,can,action_delay,0,400027,True,True,True,178,70.93633459184609,3.0,0.2434402108192443,0.4251049160957336,0.864231288433075,27,500
contrastive_recovery,can,action_delay,1,400028,False,True,False,260,6.294248818268638,5.0,0.1024728417396545,-0.1066680327057838,0.860055685043335,27,500
contrastive_recovery,can,action_delay,2,400029,False,True,False,260,4.8074054043157854,5.0,0.220746099948883,-0.2081936299800872,0.8436026573181152,27,500
contrastive_recovery,can,action_delay,3,400030,False,True,False,260,6.511478476924933,3.0,0.0214495696127414,-0.176738366484642,0.860051155090332,27,500
contrastive_recovery,can,action_delay,4,400031,False,True,False,260,36.97159408197451,3.0,0.1271053403615951,-0.1010322347283363,0.8438156247138977,27,500
contrastive_recovery,can,action_delay,5,400032,True,True,True,181,75.11401823442087,3.0,0.1555955111980438,0.4693377912044525,0.8536621332168579,27,500
contrastive_recovery,can,action_delay,6,400033,True,True,True,229,95.06504731011128,5.0,0.1543184369802475,0.4161364436149597,0.8537008762359619,27,500
contrastive_recovery,can,action_delay,7,400034,True,True,True,237,98.0779067884442,5.0,0.2190903127193451,0.4722509384155273,0.8892812728881836,27,500
contrastive_recovery,can,gripper_slip,0,400027,False,True,False,260,24.217408813648547,79.0,0.0200619604438543,-0.1457976400852203,0.024762537330389,27,500
contrastive_recovery,can,gripper_slip,1,400028,False,True,False,260,16.023678463188137,54.0,0.1606476753950119,-0.1014414206147193,0.8600451350212097,27,500
contrastive_recovery,can,gripper_slip,2,400029,False,True,False,260,31.312980408265933,115.0,0.0895100086927414,-0.2603394091129303,0.8600500226020813,27,500
contrastive_recovery,can,gripper_slip,3,400030,False,True,False,260,27.785605017122684,80.0,0.0837637484073638,-0.0656994953751564,0.8600512146949768,27,500
contrastive_recovery,can,gripper_slip,4,400031,False,True,False,260,31.16881182814093,117.0,-0.0068422094918787,-0.2579127550125122,0.8436486721038818,27,500
contrastive_recovery,can,gripper_slip,5,400032,False,True,False,260,19.545552596770587,59.0,0.1129310056567192,-0.1603681296110153,0.8436818718910217,27,500
contrastive_recovery,can,gripper_slip,6,400033,False,True,False,260,13.46352317024162,54.0,0.126353308558464,-0.2998601794242859,0.8600542545318604,27,500
contrastive_recovery,can,gripper_slip,7,400034,False,True,False,260,25.013708876551988,82.0,0.1140516847372055,-0.2076585441827774,0.8600469827651978,27,500
more_demos,milk,nominal,0,400027,True,False,False,61,19.35403908691587,,-0.0090700155124068,0.1417693495750427,0.8994090557098389,27,500
more_demos,milk,nominal,1,400028,True,False,False,78,24.652468380426463,,-0.0041382308118045,0.1411201804876327,0.888454258441925,27,500
more_demos,milk,nominal,2,400029,True,False,False,68,25.360407044321256,,-0.0043192747980356,0.143429547548294,0.8995911478996277,27,500
more_demos,milk,nominal,3,400030,True,False,False,86,25.17425239769105,,0.0009310243185609,0.1387843638658523,0.8869644999504089,27,500
more_demos,milk,nominal,4,400031,True,False,False,75,25.78628285240881,,-0.0169586483389139,0.1505861282348632,0.8929705023765564,27,500
more_demos,milk,nominal,5,400032,True,False,False,81,27.0752421721968,,-0.0129172829911112,0.1499556005001068,0.8929380774497986,27,500
more_demos,milk,nominal,6,400033,True,False,False,68,25.19582240628968,,-0.016740484163165,0.1506388634443283,0.8918922543525696,27,500
more_demos,milk,nominal,7,400034,True,False,False,71,20.80837849334429,,-0.0135714150965213,0.1579051464796066,0.8888781666755676,27,500
more_demos,milk,object_shift,0,400027,False,True,False,260,2.925889347990662,14.0,0.0088320942595601,-0.1057023704051971,0.8808525204658508,27,500
more_demos,milk,object_shift,1,400028,True,True,True,77,20.115221298485853,14.0,-0.0091977380216121,0.1389508247375488,0.8909052610397339,27,500
more_demos,milk,object_shift,2,400029,False,True,False,260,4.592917557475041,14.0,-0.0627988204360008,-0.1081093996763229,0.8840498924255371,27,500
more_demos,milk,object_shift,3,400030,False,True,False,260,3.276322039801448,14.0,0.2315947264432907,-0.1944677531719207,0.8808550238609314,27,500
more_demos,milk,object_shift,4,400031,False,True,False,260,3.842690997328845,14.0,0.0059599452652037,-0.1849292814731598,0.8808562755584717,27,500
more_demos,milk,object_shift,5,400032,True,True,True,90,26.467260329852028,14.0,0.0102238338440656,0.1433640569448471,0.8977338075637817,27,500
more_demos,milk,object_shift,6,400033,False,True,False,260,3.597622897887396,14.0,0.206756129860878,-0.1006003692746162,0.8379378914833069,27,500
more_demos,milk,object_shift,7,400034,True,True,True,76,19.93093275993732,14.0,-0.0400321148335933,0.1712294518947601,0.890941858291626,27,500
more_demos,milk,action_noise,0,400027,True,True,True,61,19.272399542587394,8.0,-0.0144755551591515,0.1182992681860923,0.8869379162788391,27,500
more_demos,milk,action_noise,1,400028,True,True,True,73,23.13840618613364,8.0,0.0029648330528289,0.1303007155656814,0.8909170627593994,27,500
more_demos,milk,action_noise,2,400029,True,True,True,73,27.04057572923961,8.0,0.0030966128688305,0.1548391580581665,0.8961963653564453,27,500
more_demos,milk,action_noise,3,400030,True,True,True,77,20.779021645893057,8.0,0.0255455859005451,0.1144223660230636,0.890607476234436,27,500
more_demos,milk,action_noise,4,400031,False,True,False,260,2.965697540977459,8.0,0.2288336455821991,-0.1946076154708862,0.8708483576774597,27,500
more_demos,milk,action_noise,5,400032,True,True,True,71,22.297925476036397,8.0,-0.0266253482550382,0.1147372648119926,0.8988355994224548,27,500
more_demos,milk,action_noise,6,400033,True,True,True,76,27.01220363481371,8.0,-0.0375274159014225,0.129378542304039,0.8915350437164307,27,500
more_demos,milk,action_noise,7,400034,False,True,False,260,2.9372885342821915,8.0,0.2324312329292297,-0.086015336215496,0.8722987174987793,27,500
more_demos,milk,action_delay,0,400027,True,True,True,83,23.19613356539884,3.0,-0.0129207111895084,0.1652365624904632,0.8923194408416748,27,500
more_demos,milk,action_delay,1,400028,False,True,False,260,2.766047001698457,5.0,0.0411484651267528,-0.200690358877182,0.8379326462745667,27,500
more_demos,milk,action_delay,2,400029,False,True,False,260,3.787969918831215,5.0,-0.0477685704827308,-0.1621527373790741,0.8797584176063538,27,500
more_demos,milk,action_delay,3,400030,True,True,True,180,21.604439742693668,3.0,-0.063450701534748,0.068585880100727,0.8998275399208069,27,500
more_demos,milk,action_delay,4,400031,False,True,False,260,2.138781914335573,3.0,-0.0279416888952255,-0.1943931579589843,0.8703877329826355,27,500
more_demos,milk,action_delay,5,400032,False,True,False,260,3.95393195989481,3.0,-0.0041216905228793,-0.2433483451604843,0.8378806710243225,27,500
more_demos,milk,action_delay,6,400033,False,True,False,260,4.239543331098638,5.0,-0.0266457553952932,-0.1454524099826812,0.8694706559181213,27,500
more_demos,milk,action_delay,7,400034,False,True,False,260,2.0613633910228937,5.0,0.0671816244721412,-0.0894640311598777,0.8378905653953552,27,500
more_demos,milk,gripper_slip,0,400027,False,True,False,260,8.606262633081117,35.0,-0.0291111450642347,-0.105044424533844,0.8706260323524475,27,500
more_demos,milk,gripper_slip,1,400028,False,True,False,260,10.202012755069616,43.0,0.2390647232532501,-0.1946374028921127,0.8768223524093628,27,500
more_demos,milk,gripper_slip,2,400029,False,True,False,260,31.290805011214545,36.0,-0.1186348348855972,-0.0030453670769929,0.0198337044566869,27,500
more_demos,milk,gripper_slip,3,400030,False,True,False,260,7.582947346900673,44.0,0.2178062200546264,-0.2246974855661392,0.880860447883606,27,500
more_demos,milk,gripper_slip,4,400031,False,True,False,260,10.62144406635905,40.0,-0.0309440176934003,-0.188660055398941,0.8718483448028564,27,500
more_demos,milk,gripper_slip,5,400032,False,True,False,260,10.135273966277564,42.0,-0.0039767711423337,-0.3177737891674042,0.8379387855529785,27,500
more_demos,milk,gripper_slip,6,400033,False,True,False,260,10.812906683979165,36.0,0.0167488642036914,-0.1062658503651619,0.8808562159538269,27,500
more_demos,milk,gripper_slip,7,400034,False,True,False,260,8.254496237933264,43.0,0.2523535192012787,-0.142029732465744,0.8826858997344971,27,500
recovery_bc,milk,nominal,0,400027,True,False,False,68,22.234282267498227,,-0.0087415464222431,0.1425885558128357,0.8875135779380798,27,500
recovery_bc,milk,nominal,1,400028,True,False,False,81,26.12768768903288,,-0.0091767767444252,0.1452222168445587,0.8909751772880554,27,500
recovery_bc,milk,nominal,2,400029,True,False,False,71,26.82665044621096,,-0.0062793288379907,0.1439827680587768,0.8900716304779053,27,500
recovery_bc,milk,nominal,3,400030,True,False,False,92,27.229812282346412,,-0.0096965013071894,0.131083682179451,0.8935788869857788,27,500
recovery_bc,milk,nominal,4,400031,True,False,False,78,26.271866096235147,,-0.0106819728389382,0.1384428441524505,0.8878415822982788,27,500
recovery_bc,milk,nominal,5,400032,True,False,False,86,28.4066892352264,,-0.0167529433965683,0.1480416059494018,0.8898636698722839,27,500
recovery_bc,milk,nominal,6,400033,True,False,False,68,24.86984008233282,,-0.00068349391222,0.1332441568374633,0.8889287114143372,27,500
recovery_bc,milk,nominal,7,400034,True,False,False,74,21.08277475529198,,-0.0162401143461465,0.1545818150043487,0.89837247133255,27,500
recovery_bc,milk,object_shift,0,400027,False,True,False,260,5.240692459834088,14.0,-0.0404173992574214,-0.1057811677455902,0.8769833445549011,27,500
recovery_bc,milk,object_shift,1,400028,True,True,True,82,21.212528906996535,14.0,-0.0121053354814648,0.1387455463409423,0.8932852745056152,27,500
recovery_bc,milk,object_shift,2,400029,False,True,False,260,27.751979268822016,14.0,0.032749056816101,-0.0364593081176281,0.8800153136253357,27,500
recovery_bc,milk,object_shift,3,400030,True,True,True,82,21.088578625351644,14.0,-0.0104124154895544,0.1381047219038009,0.8915823698043823,27,500
recovery_bc,milk,object_shift,4,400031,False,True,False,260,5.144026772670889,14.0,-0.0465537644922733,-0.1852059811353683,0.8795371651649475,27,500
recovery_bc,milk,object_shift,5,400032,True,True,True,98,29.34906940522729,14.0,-0.0013668372994288,0.1469702124595642,0.8936920762062073,27,500
recovery_bc,milk,object_shift,6,400033,False,True,False,260,5.726105324577992,14.0,0.0262122936546802,-0.1055001467466354,0.8379326462745667,27,500
recovery_bc,milk,object_shift,7,400034,True,True,True,81,21.82244603177623,14.0,-0.0191699955612421,0.1582016944885254,0.8901277780532837,27,500
recovery_bc,milk,action_noise,0,400027,True,True,True,62,19.02565414981912,8.0,-0.0161363705992698,0.1271906197071075,0.8887033462524414,27,500
recovery_bc,milk,action_noise,1,400028,True,True,True,80,25.034804173046144,8.0,0.0147335296496748,0.1417067795991897,0.894153892993927,27,500
recovery_bc,milk,action_noise,2,400029,True,True,True,75,27.68494065049399,8.0,-0.0001057572735589,0.1403314769268036,0.8939269781112671,27,500
recovery_bc,milk,action_noise,3,400030,True,True,True,91,26.250538435996496,8.0,0.0402737557888031,0.121876023709774,0.889562726020813,27,500
recovery_bc,milk,action_noise,4,400031,False,True,False,260,20.290847619762346,8.0,-0.049721360206604,-0.0678396001458168,0.8816016316413879,27,500
recovery_bc,milk,action_noise,5,400032,True,True,True,81,25.37822102454951,8.0,-0.0013384171761572,0.1163572967052459,0.8990641832351685,27,500
recovery_bc,milk,action_noise,6,400033,True,True,True,73,26.450864965679088,8.0,-0.0400917530059814,0.1533944457769394,0.8888896703720093,27,500
recovery_bc,milk,action_noise,7,400034,True,True,True,71,19.588097853921973,8.0,-0.0494427122175693,0.1770569384098053,0.8886568546295166,27,500
recovery_bc,milk,action_delay,0,400027,False,True,False,260,119.6000367652356,3.0,0.083123967051506,0.252623975276947,0.9229686260223388,27,500
recovery_bc,milk,action_delay,1,400028,False,True,False,260,3.2642260683395707,5.0,0.0286812223494052,-0.1823756843805313,0.8378649950027466,27,500
recovery_bc,milk,action_delay,2,400029,False,True,False,260,5.439444493956165,5.0,-0.0514811240136623,-0.1587868481874466,0.8809347748756409,27,500
recovery_bc,milk,action_delay,3,400030,True,True,True,108,28.80885666453153,3.0,-0.0279669314622879,0.1886560320854187,0.8968665599822998,27,500
recovery_bc,milk,action_delay,4,400031,True,True,True,92,27.634005182099077,3.0,-0.0372458212077617,0.2086517661809921,0.8871214389801025,27,500
recovery_bc,milk,action_delay,5,400032,False,True,False,260,43.66601152603963,3.0,-0.0783017799258232,0.3200542628765106,0.9135674834251404,27,500
recovery_bc,milk,action_delay,6,400033,False,True,False,260,3.79785781170102,5.0,-0.0485162399709224,-0.1467361003160476,0.8799950480461121,27,500
recovery_bc,milk,action_delay,7,400034,False,True,False,260,2.849379409356992,5.0,0.0823068618774414,-0.0957148820161819,0.0198335256427526,27,500
recovery_bc,milk,gripper_slip,0,400027,False,True,False,260,12.653863944425762,41.0,-0.0343254879117012,-0.0959115177392959,0.8734229803085327,27,500
recovery_bc,milk,gripper_slip,1,400028,False,True,False,260,13.172877974176478,46.0,0.1750247925519943,-0.0952048450708389,0.8379432559013367,27,500
recovery_bc,milk,gripper_slip,2,400029,False,True,False,260,13.205637224328523,37.0,0.0304219294339418,-0.1280511021614074,0.8379326462745667,27,500
recovery_bc,milk,gripper_slip,3,400030,False,True,False,260,11.066696060855762,50.0,0.2125136107206344,-0.3145847022533417,0.8374158143997192,27,500
recovery_bc,milk,gripper_slip,4,400031,False,True,False,260,12.65500901716786,43.0,-0.0466256961226463,-0.1869460195302963,0.8795320987701416,27,500
recovery_bc,milk,gripper_slip,5,400032,False,True,False,260,27.04693065644972,46.0,-0.0078741526231169,-0.1448010504245758,0.8379343748092651,27,500
recovery_bc,milk,gripper_slip,6,400033,False,True,False,260,13.437950937898394,37.0,-0.0035087666474282,-0.1199444308876991,0.8379378914833069,27,500
recovery_bc,milk,gripper_slip,7,400034,False,True,False,260,11.36232845709294,47.0,0.2590875625610351,-0.1362762600183487,0.8834918141365051,27,500
contrastive_recovery,milk,nominal,0,400027,True,False,False,122,38.4637803705144,,-0.0341345742344856,0.1305928379297256,0.8934699296951294,27,500
contrastive_recovery,milk,nominal,1,400028,True,False,False,104,33.02202349640972,,-0.019532797858119,0.135679006576538,0.8880043625831604,27,500
contrastive_recovery,milk,nominal,2,400029,True,False,False,117,42.793229579802144,,-0.0164617113769054,0.1447133719921112,0.8882485628128052,27,500
contrastive_recovery,milk,nominal,3,400030,True,False,False,102,30.117456728073343,,-0.0234019551426172,0.1447422355413437,0.8908162713050842,27,500
contrastive_recovery,milk,nominal,4,400031,True,False,False,123,41.81623061946652,,-0.0211448054760694,0.1443547457456588,0.8932985663414001,27,500
contrastive_recovery,milk,nominal,5,400032,True,False,False,166,52.956146581336846,,-0.0147814750671386,0.1521321088075637,0.8883600234985352,27,500
contrastive_recovery,milk,nominal,6,400033,True,False,False,116,42.36922973248952,,-0.021064294502139,0.1405763179063797,0.8937052488327026,27,500
contrastive_recovery,milk,nominal,7,400034,False,False,False,260,1.4774496991789396,,0.0931849479675293,-0.0882038027048111,0.8379215002059937,27,500
contrastive_recovery,milk,object_shift,0,400027,False,True,False,260,1.5860014909446825,14.0,0.0088320942595601,-0.1057023704051971,0.8808525204658508,27,500
contrastive_recovery,milk,object_shift,1,400028,False,True,False,260,2.203988371226147,14.0,0.1988300234079361,-0.0901300087571144,0.8699675798416138,27,500
contrastive_recovery,milk,object_shift,2,400029,False,True,False,260,1.7501367970062405,14.0,-0.0659718587994575,-0.1106580719351768,0.8808605074882507,27,500
contrastive_recovery,milk,object_shift,3,400030,False,True,False,260,2.2228219528781197,14.0,0.1597328037023544,-0.1446333974599838,0.8379343748092651,27,500
contrastive_recovery,milk,object_shift,4,400031,False,True,False,260,2.016465582144817,14.0,0.007210255600512,-0.185266301035881,0.8808557987213135,27,500
contrastive_recovery,milk,object_shift,5,400032,True,True,True,141,43.29798670080285,14.0,-0.0047582411207258,0.1234795302152633,0.9003060460090637,27,500
contrastive_recovery,milk,object_shift,6,400033,False,True,False,260,1.8704735211362125,14.0,-0.0076013067737221,-0.0935577005147934,0.8482677340507507,27,500
contrastive_recovery,milk,object_shift,7,400034,False,True,False,260,2.0223609970299923,14.0,0.1225253939628601,-0.1531791090965271,0.8379032015800476,27,500
contrastive_recovery,milk,action_noise,0,400027,False,True,False,260,1.1463405617056768,8.0,-0.0241960380226373,-0.0984975099563598,0.868408739566803,27,500
contrastive_recovery,milk,action_noise,1,400028,True,True,True,95,29.720520249218083,8.0,-0.0347355939447879,0.136909082531929,0.896467387676239,27,500
contrastive_recovery,milk,action_noise,2,400029,True,True,True,115,40.8770355461962,8.0,-0.016184065490961,0.1293264031410217,0.8905896544456482,27,500
contrastive_recovery,milk,action_noise,3,400030,True,True,True,84,22.45476451955441,8.0,0.0072057675570249,0.1316278278827667,0.895932674407959,27,500
contrastive_recovery,milk,action_noise,4,400031,True,True,True,80,26.54563996551642,8.0,-0.0183481927961111,0.1222564727067947,0.8891960978507996,27,500
contrastive_recovery,milk,action_noise,5,400032,True,True,True,99,33.12331167611956,8.0,-0.0100276349112391,0.1211309432983398,0.8898838758468628,27,500
contrastive_recovery,milk,action_noise,6,400033,True,True,True,87,31.38575906688354,8.0,-0.0042323470115661,0.1083643361926078,0.8918797373771667,27,500
contrastive_recovery,milk,action_noise,7,400034,False,True,False,260,4.400695866160998,8.0,0.1039846166968345,-0.0875702053308487,0.873425304889679,27,500
contrastive_recovery,milk,action_delay,0,400027,False,True,False,260,40.73943901599336,3.0,0.1474986374378204,0.0755406245589256,0.8852392435073853,27,500
contrastive_recovery,milk,action_delay,1,400028,False,True,False,260,1.4472019302523031,5.0,0.0411611273884773,-0.2006645500659942,0.8379336595535278,27,500
contrastive_recovery,milk,action_delay,2,400029,False,True,False,260,1.6291673026210007,5.0,-0.0534081310033798,-0.1640257090330124,0.8816145062446594,27,500
contrastive_recovery,milk,action_delay,3,400030,False,True,False,260,0.929130608769225,3.0,0.0734486132860183,-0.2829672396183014,0.8378860950469971,27,500
contrastive_recovery,milk,action_delay,4,400031,False,True,False,260,1.0585597205731192,3.0,-0.0091116055846214,-0.1958768218755722,0.8543081879615784,27,500
contrastive_recovery,milk,action_delay,5,400032,False,True,False,260,1.2359947908049882,3.0,0.014559494331479,-0.2457305639982223,0.8378709554672241,27,500
contrastive_recovery,milk,action_delay,6,400033,False,True,False,260,1.1764609643156092,5.0,-0.0497018136084079,-0.1453238576650619,0.8804261088371277,27,500
contrastive_recovery,milk,action_delay,7,400034,False,True,False,260,1.7660474406783322,5.0,0.1735275238752365,-0.1721066981554031,0.8374036550521851,27,500
contrastive_recovery,milk,gripper_slip,0,400027,False,True,False,260,24.256163258218415,92.0,0.0426310002803802,-0.1580263078212738,0.8808590769767761,27,500
contrastive_recovery,milk,gripper_slip,1,400028,False,True,False,260,15.10662661931556,62.0,0.1048514544963836,-0.2707710266113281,0.8378892540931702,27,500
contrastive_recovery,milk,gripper_slip,2,400029,False,True,False,260,25.73335938806519,81.0,-0.0532950647175312,-0.1700873970985412,0.8808562159538269,27,500
contrastive_recovery,milk,gripper_slip,3,400030,False,True,False,260,10.822494031554852,57.0,0.1808246523141861,-0.1561322212219238,0.8374151587486267,27,500
contrastive_recovery,milk,gripper_slip,4,400031,False,True,False,260,24.738605420466573,87.0,0.0571129061281681,-0.2108908891677856,0.8808560371398926,27,500
contrastive_recovery,milk,gripper_slip,5,400032,False,True,False,260,32.76493716689528,119.0,0.1368318200111389,-0.4314242005348205,0.8759121894836426,27,500
contrastive_recovery,milk,gripper_slip,6,400033,False,True,False,260,29.387764016649733,85.0,0.2224425077438354,-0.1316239833831787,0.8675873279571533,27,500
contrastive_recovery,milk,gripper_slip,7,400034,False,False,False,260,1.4774496991789396,,0.0931849479675293,-0.0882038027048111,0.8379215002059937,27,500
more_demos,bread,nominal,0,400027,True,False,False,117,43.29510386103648,,0.211369052529335,0.139032706618309,0.8421655893325806,27,500
more_demos,bread,nominal,1,400028,True,False,False,134,48.07030697398404,,0.1836069077253341,0.1533189266920089,0.8421684503555298,27,500
more_demos,bread,nominal,2,400029,False,False,False,260,11.496077204998896,,0.0928237214684486,-0.0960545390844345,0.8421886563301086,27,500
more_demos,bread,nominal,3,400030,True,False,False,127,48.77588731669772,,0.179813265800476,0.1545219272375106,0.8421643376350403,27,500
more_demos,bread,nominal,4,400031,True,False,False,155,53.79953414733803,,0.1749103665351867,0.1491208225488662,0.842187762260437,27,500
more_demos,bread,nominal,5,400032,True,False,False,134,46.973687153464475,,0.1994617581367492,0.1347807049751281,0.8421738743782043,27,500
more_demos,bread,nominal,6,400033,True,False,False,140,50.69208823172752,,0.1913476735353469,0.1610597521066665,0.8421699404716492,27,500
more_demos,bread,nominal,7,400034,True,False,False,118,45.96907578237927,,0.1932651847600937,0.1460589319467544,0.8421882390975952,27,500
more_demos,bread,object_shift,0,400027,True,True,True,133,53.07228557346913,14.0,0.1910087168216705,0.1508344709873199,0.8421972393989563,27,500
more_demos,bread,object_shift,1,400028,True,True,True,229,71.82606823214196,14.0,0.2569794654846191,0.1239022463560104,0.842199444770813,27,500
more_demos,bread,object_shift,2,400029,False,True,False,260,3.1298955600225415,14.0,-0.0101149221882224,-0.0999369993805885,0.8421643376350403,27,500
more_demos,bread,object_shift,3,400030,True,True,True,169,55.869240213351205,14.0,0.1791715174913406,0.1369358897209167,0.8421635031700134,27,500
more_demos,bread,object_shift,4,400031,True,True,True,134,51.45886729924931,14.0,0.1783588528633117,0.1545882076025009,0.8421902656555176,27,500
more_demos,bread,object_shift,5,400032,False,True,False,260,8.478124391781641,14.0,-0.000116513831017,-0.4544393122196197,0.8422023057937622,27,500
more_demos,bread,object_shift,6,400033,True,True,True,128,47.40546412684888,14.0,0.1819428503513336,0.1577473431825637,0.8421738743782043,27,500
more_demos,bread,object_shift,7,400034,True,True,True,134,49.2722614317323,14.0,0.1808252781629562,0.1570541709661483,0.8421924710273743,27,500
more_demos,bread,action_noise,0,400027,True,True,True,109,36.32352835915506,8.0,0.1960815042257309,0.0845822915434837,0.8422075510025024,27,500
more_demos,bread,action_noise,1,400028,True,True,True,130,42.116854769275,8.0,0.1941873431205749,0.0984184369444847,0.8421738147735596,27,500
more_demos,bread,action_noise,2,400029,False,True,False,260,12.743842061974124,8.0,0.1183705404400825,-0.0536192618310451,0.8421738743782043,27,500
more_demos,bread,action_noise,3,400030,False,True,False,260,5.95837635631787,8.0,0.1390929520130157,-0.166238859295845,0.8421902656555176,27,500
more_demos,bread,action_noise,4,400031,True,True,True,111,36.222773891002994,8.0,0.173117384314537,0.1145068556070327,0.8422092795372009,27,500
more_demos,bread,action_noise,5,400032,True,True,True,136,45.58506702637184,8.0,0.1932962834835052,0.1283373534679412,0.8421635031700134,27,500
more_demos,bread,action_noise,6,400033,True,True,True,122,38.47175772663117,8.0,0.1957638710737228,0.120446041226387,0.8414709568023682,27,500
more_demos,bread,action_noise,7,400034,True,True,True,139,58.8565638394331,8.0,0.1840637177228927,0.1694107800722122,0.8421908617019653,27,500
more_demos,bread,action_delay,0,400027,True,True,True,219,91.49804399643392,3.0,0.1584106236696243,0.2378364652395248,0.8950046300888062,27,500
more_demos,bread,action_delay,1,400028,False,True,False,260,3.79500321168396,5.0,0.1597616076469421,-0.3657229244709015,0.8421919941902161,27,500
more_demos,bread,action_delay,2,400029,False,True,False,260,26.233689166135704,5.0,0.1495077610015869,-0.0473288334906101,0.8386095762252808,27,500
more_demos,bread,action_delay,3,400030,True,True,True,166,59.64505028683141,3.0,0.168129101395607,0.2065239250659942,0.8421655893325806,27,500
more_demos,bread,action_delay,4,400031,False,True,False,260,19.55078998777846,3.0,0.2310935705900192,-0.2424322068691253,0.8421919941902161,27,500
more_demos,bread,action_delay,5,400032,False,True,False,260,5.597899406941816,3.0,0.0087548000738024,-0.3800529241561889,0.8421630859375,27,500
more_demos,bread,action_delay,6,400033,False,True,False,260,4.503172911886909,5.0,-0.040004726499319,-0.3750156760215759,0.8421684503555298,27,500
more_demos,bread,action_delay,7,400034,False,True,False,260,3.234758179833829,5.0,0.0839121118187904,-0.2477696537971496,0.8421919345855713,27,500
more_demos,bread,gripper_slip,0,400027,True,True,True,168,46.31134147310973,52.0,0.2070728242397308,0.1304447501897812,0.842211902141571,27,500
more_demos,bread,gripper_slip,1,400028,False,True,False,260,12.45611809168104,58.0,0.2563228011131286,-0.3319224715232849,0.8421919345855713,27,500
more_demos,bread,gripper_slip,2,400029,False,False,False,260,11.496077204998896,,0.0928237214684486,-0.0960545390844345,0.8421886563301086,27,500
more_demos,bread,gripper_slip,3,400030,False,True,False,260,15.111858968653426,61.0,0.2487998902797699,-0.1092538982629776,0.8421919345855713,27,500
more_demos,bread,gripper_slip,4,400031,False,True,False,260,20.325766575809087,87.0,0.2185637056827545,-0.2600642144680023,0.8421684503555298,27,500
more_demos,bread,gripper_slip,5,400032,False,True,False,260,12.226229216686654,59.0,0.0094731515273451,-0.4304500818252563,0.842191755771637,27,500
more_demos,bread,gripper_slip,6,400033,False,True,False,260,15.433112190438486,64.0,0.0391624569892883,-0.314727634191513,0.8421699404716492,27,500
more_demos,bread,gripper_slip,7,400034,False,True,False,260,13.168396975339936,49.0,0.1288506984710693,-0.2892020344734192,0.8421670198440552,27,500
recovery_bc,bread,nominal,0,400027,True,False,False,114,41.05721693656157,,0.2204742133617401,0.1305184811353683,0.8421904444694519,27,500
recovery_bc,bread,nominal,1,400028,True,False,False,135,48.561747554530555,,0.1884460598230362,0.148573026061058,0.8421908617019653,27,500
recovery_bc,bread,nominal,2,400029,False,False,False,260,12.95468748959131,,0.0971249714493751,-0.1019453853368759,0.8422163128852844,27,500
recovery_bc,bread,nominal,3,400030,True,False,False,119,45.510986076042926,,0.1851786524057388,0.1510155349969864,0.8421919941902161,27,500
recovery_bc,bread,nominal,4,400031,True,False,False,145,50.79318349067139,,0.1856656074523925,0.1478508710861206,0.8421977758407593,27,500
recovery_bc,bread,nominal,5,400032,True,False,False,134,47.56974153849461,,0.2004739791154861,0.1426568627357483,0.8422134518623352,27,500
recovery_bc,bread,nominal,6,400033,True,False,False,142,51.67877333530188,,0.2021914571523666,0.1530994474887848,0.8422065377235413,27,500
recovery_bc,bread,nominal,7,400034,True,False,False,117,45.50254188913459,,0.1955684423446655,0.1439402997493744,0.8421919941902161,27,500
recovery_bc,bread,object_shift,0,400027,True,True,True,129,51.06788134480947,14.0,0.1987438648939132,0.1460785269737243,0.8421430587768555,27,500
recovery_bc,bread,object_shift,1,400028,True,True,True,209,64.82446810688143,14.0,0.2427907288074493,0.1431207507848739,0.860238790512085,27,500
recovery_bc,bread,object_shift,2,400029,True,True,True,122,34.248524636376146,14.0,0.1953531354665756,0.1269300580024719,0.8421904444694519,27,500
recovery_bc,bread,object_shift,3,400030,True,True,True,207,68.05854093839855,14.0,0.2036232501268386,0.1345853358507156,0.8421720862388611,27,500
recovery_bc,bread,object_shift,4,400031,True,True,True,131,50.40747105738439,14.0,0.1831935048103332,0.1525491774082183,0.8421958684921265,27,500
recovery_bc,bread,object_shift,5,400032,False,True,False,260,11.43309732053162,14.0,0.0569407120347023,-0.3897775113582611,0.8421903252601624,27,500
recovery_bc,bread,object_shift,6,400033,True,True,True,128,48.066699395060475,14.0,0.1872481107711792,0.1548402458429336,0.8421670198440552,27,500
recovery_bc,bread,object_shift,7,400034,True,True,True,131,48.19114639605863,14.0,0.186619371175766,0.1520919054746627,0.8421670198440552,27,500
recovery_bc,bread,action_noise,0,400027,True,True,True,111,37.95077656757471,8.0,0.1953328251838684,0.0857674032449722,0.8422139286994934,27,500
recovery_bc,bread,action_noise,1,400028,True,True,True,131,44.02447226163861,8.0,0.1900112926959991,0.1207362487912178,0.8421645760536194,27,500
recovery_bc,bread,action_noise,2,400029,False,True,False,260,15.6382899532327,8.0,0.1197889670729637,-0.0992274135351181,0.8421918749809265,27,500
recovery_bc,bread,action_noise,3,400030,False,True,False,260,8.121672937587139,8.0,0.1388535052537918,-0.1748128235340118,0.8421800136566162,27,500
recovery_bc,bread,action_noise,4,400031,True,True,True,111,36.04213369932416,8.0,0.1776002943515777,0.1181161403656005,0.8421920537948608,27,500
recovery_bc,bread,action_noise,5,400032,True,True,True,133,43.8947840154867,8.0,0.2015798240900039,0.1278689950704574,0.8421832919120789,27,500
recovery_bc,bread,action_noise,6,400033,True,True,True,122,38.6655235033194,8.0,0.1995380222797393,0.1239351630210876,0.8419232964515686,27,500
recovery_bc,bread,action_noise,7,400034,True,True,True,115,42.64587103465875,8.0,0.1805705726146698,0.1829658597707748,0.8421449065208435,27,500
recovery_bc,bread,action_delay,0,400027,False,True,False,260,31.820893150991612,3.0,0.3221932351589203,0.0636575743556022,0.9215832352638244,27,500
recovery_bc,bread,action_delay,1,400028,False,True,False,260,7.969631784725037,5.0,0.2334934622049331,-0.3855148553848266,0.8288821578025818,27,500
recovery_bc,bread,action_delay,2,400029,True,True,True,195,66.00117446432245,5.0,0.1899538934230804,0.1786013692617416,0.8421673774719238,27,500
recovery_bc,bread,action_delay,3,400030,False,True,False,260,93.42311238723045,3.0,0.2356505244970321,0.1671852022409439,0.8421915769577026,27,500
recovery_bc,bread,action_delay,4,400031,True,True,True,260,89.54143581473558,3.0,0.2635455727577209,0.1723788380622863,0.8430294990539551,27,500
recovery_bc,bread,action_delay,5,400032,False,True,False,260,12.345672645999246,3.0,0.0165060386061668,-0.4072897434234619,0.842196524143219,27,500
recovery_bc,bread,action_delay,6,400033,False,True,False,260,7.535807872699206,5.0,0.0123158283531665,-0.3940628468990326,0.8425357937812805,27,500
recovery_bc,bread,action_delay,7,400034,False,True,False,260,82.80237028430014,5.0,0.0704697668552398,0.5910902619361877,0.9451301097869872,27,500
recovery_bc,bread,gripper_slip,0,400027,True,True,True,155,48.307841084363226,51.0,0.1904300600290298,0.1396199911832809,0.8421684503555298,27,500
recovery_bc,bread,gripper_slip,1,400028,True,True,True,217,40.36446851739064,58.0,0.2207973897457122,0.1381743848323822,0.8435220718383789,27,500
recovery_bc,bread,gripper_slip,2,400029,False,False,False,260,12.95468748959131,,0.0971249714493751,-0.1019453853368759,0.8422163128852844,27,500
recovery_bc,bread,gripper_slip,3,400030,False,True,False,260,14.90857876575067,55.0,0.2031581699848175,-0.0744024068117141,0.8421904444694519,27,500
recovery_bc,bread,gripper_slip,4,400031,False,True,False,260,12.808373252445024,60.0,0.1697907000780105,-0.2153506726026535,0.842215359210968,27,500
recovery_bc,bread,gripper_slip,5,400032,False,True,False,260,13.923766960718012,57.0,0.0146725056692957,-0.4252655506134033,0.8487618565559387,27,500
recovery_bc,bread,gripper_slip,6,400033,True,True,True,254,47.03370004434912,65.0,0.2183734625577926,0.1446441859006881,0.8422146439552307,27,500
recovery_bc,bread,gripper_slip,7,400034,False,True,False,260,27.93399327866689,48.0,0.2861129939556122,-0.0061897076666355,0.9207162857055664,27,500
contrastive_recovery,bread,nominal,0,400027,True,False,False,124,44.861629805097365,,0.1756728291511535,0.0870159789919853,0.8421720862388611,27,500
contrastive_recovery,bread,nominal,1,400028,True,False,False,189,61.9603188021553,,0.2432591617107391,0.1122549474239349,0.8421700596809387,27,500
contrastive_recovery,bread,nominal,2,400029,False,False,False,260,11.769033383991433,,0.074722334742546,-0.0795225873589515,0.8421760201454163,27,500
contrastive_recovery,bread,nominal,3,400030,True,False,False,178,60.6515705479202,,0.2244077771902084,0.0978228077292442,0.8421918749809265,27,500
contrastive_recovery,bread,nominal,4,400031,True,False,False,177,57.789761613118024,,0.232748657464981,0.1123399809002876,0.8421905040740967,27,500
contrastive_recovery,bread,nominal,5,400032,False,False,False,260,9.221922396720144,,0.0507325120270252,-0.3656539618968963,0.8421952128410339,27,500
contrastive_recovery,bread,nominal,6,400033,False,False,False,260,15.367693554248046,,0.0601338110864162,-0.3231126070022583,0.8421960473060608,27,500
contrastive_recovery,bread,nominal,7,400034,True,False,False,117,43.3949536468884,,0.1864772140979766,0.1452954709529876,0.8421392440795898,27,500
contrastive_recovery,bread,object_shift,0,400027,True,True,True,95,29.527178752495225,14.0,0.1619801372289657,0.1134805008769035,0.8880458474159241,27,500
contrastive_recovery,bread,object_shift,1,400028,True,True,True,187,58.84075594067698,14.0,0.2421218454837799,0.1210818290710449,0.8403680324554443,27,500
contrastive_recovery,bread,object_shift,2,400029,False,True,False,260,8.851432892332776,14.0,0.0156488623470067,-0.0966877564787864,0.8421908617019653,27,500
contrastive_recovery,bread,object_shift,3,400030,True,True,True,180,57.50567216429618,14.0,0.2294035404920578,0.1010471656918525,0.8421637415885925,27,500
contrastive_recovery,bread,object_shift,4,400031,True,True,True,135,48.604277716628864,14.0,0.1721850335597992,0.151114210486412,0.8422163724899292,27,500
contrastive_recovery,bread,object_shift,5,400032,False,True,False,260,8.837434934492284,14.0,0.0087417261675,-0.4294450581073761,0.8421919941902161,27,500
contrastive_recovery,bread,object_shift,6,400033,True,True,True,118,40.765415317326315,14.0,0.1702218353748321,0.1577621698379516,0.8421904444694519,27,500
contrastive_recovery,bread,object_shift,7,400034,True,True,True,137,47.58426896796433,14.0,0.1828693151473999,0.1485057473182678,0.8422133326530457,27,500
contrastive_recovery,bread,action_noise,0,400027,True,True,True,120,41.654718780502904,8.0,0.2095264643430709,0.0977798923850059,0.8422021269798279,27,500
contrastive_recovery,bread,action_noise,1,400028,True,True,True,154,49.20757921833348,8.0,0.2084187716245651,0.143815129995346,0.8380395770072937,27,500
contrastive_recovery,bread,action_noise,2,400029,False,True,False,260,10.084590740260234,8.0,0.0905368328094482,-0.046887207776308,0.8421908617019653,27,500
contrastive_recovery,bread,action_noise,3,400030,True,True,True,165,34.59731830604177,8.0,0.2267903983592987,0.1335464417934417,0.8390210866928101,27,500
contrastive_recovery,bread,action_noise,4,400031,True,True,True,123,37.8369315557927,8.0,0.1801909506320953,0.1023790463805198,0.8390937447547913,27,500
contrastive_recovery,bread,action_noise,5,400032,True,True,True,140,45.00606229061994,8.0,0.2265884727239608,0.0948384627699852,0.8421940803527832,27,500
contrastive_recovery,bread,action_noise,6,400033,False,True,False,260,61.09927477045841,8.0,0.2122942209243774,0.0330680087208747,0.922519862651825,27,500
contrastive_recovery,bread,action_noise,7,400034,True,True,True,113,40.49634341400685,8.0,0.1749604493379593,0.1865732967853546,0.8421903252601624,27,500
contrastive_recovery,bread,action_delay,0,400027,False,True,False,260,50.0832595494732,3.0,0.1891182363033294,0.3121455907821655,0.8383945226669312,27,500
contrastive_recovery,bread,action_delay,1,400028,False,True,False,260,42.51047441716728,5.0,0.4035806059837341,-0.0669953152537345,1.0196493864059448,27,500
contrastive_recovery,bread,action_delay,2,400029,False,True,False,260,8.718071176059048,5.0,0.1008837968111038,-0.0705820545554161,0.8421989679336548,27,500
contrastive_recovery,bread,action_delay,3,400030,True,True,True,212,80.66747719878254,3.0,0.2063357532024383,0.1535581052303314,0.8446800112724304,27,500
contrastive_recovery,bread,action_delay,4,400031,False,True,False,260,12.606015413281916,3.0,0.2250053435564041,-0.2429894655942917,0.8421720862388611,27,500
contrastive_recovery,bread,action_delay,5,400032,True,True,True,187,64.46485279362122,3.0,0.2218891531229019,0.1500168293714523,0.8421908617019653,27,500
contrastive_recovery,bread,action_delay,6,400033,False,True,False,260,5.386291546827655,5.0,-0.0654573962092399,-0.3408819437026977,0.8421684503555298,27,500
contrastive_recovery,bread,action_delay,7,400034,False,True,False,260,49.00593361847431,5.0,0.2454095780849456,-0.0132965222001075,0.9099560976028442,27,500
contrastive_recovery,bread,gripper_slip,0,400027,False,True,False,260,17.313621855075425,55.0,0.0162302404642105,-0.162482738494873,0.8421635031700134,27,500
contrastive_recovery,bread,gripper_slip,1,400028,False,True,False,260,33.59436327894409,122.0,0.218114361166954,-0.3715706169605255,0.8421939611434937,27,500
contrastive_recovery,bread,gripper_slip,2,400029,False,False,False,260,11.769033383991433,,0.074722334742546,-0.0795225873589515,0.8421760201454163,27,500
contrastive_recovery,bread,gripper_slip,3,400030,False,True,False,260,34.72548483706814,120.0,0.13628850877285,-0.166275605559349,0.8421699404716492,27,500
contrastive_recovery,bread,gripper_slip,4,400031,False,True,False,260,32.407408055423026,118.0,0.1490404903888702,-0.2515003681182861,0.8421879410743713,27,500
contrastive_recovery,bread,gripper_slip,5,400032,False,False,False,260,9.221922396720144,,0.0507325120270252,-0.3656539618968963,0.8421952128410339,27,500
contrastive_recovery,bread,gripper_slip,6,400033,False,False,False,260,15.367693554248046,,0.0601338110864162,-0.3231126070022583,0.8421960473060608,27,500
contrastive_recovery,bread,gripper_slip,7,400034,False,True,False,260,16.740942766638273,53.0,0.1400720030069351,-0.239184632897377,0.8421887159347534,27,500
more_demos,cereal,nominal,0,400027,True,False,False,107,40.07774766832951,,-0.0096210101619362,0.3924785852432251,0.8982114195823669,27,500
more_demos,cereal,nominal,1,400028,True,False,False,116,39.33933309637715,,-0.0080836415290832,0.39705690741539,0.8988597393035889,27,500
more_demos,cereal,nominal,2,400029,True,False,False,129,43.77121075351595,,-0.0053741014562547,0.3936880826950073,0.8963366150856018,27,500
more_demos,cereal,nominal,3,400030,True,False,False,108,40.12646601353394,,-0.005189508665353,0.3597175776958465,0.8959344029426575,27,500
more_demos,cereal,nominal,4,400031,True,False,False,113,41.41135689565211,,-0.003002559999004,0.3711367547512054,0.8959532380104065,27,500
more_demos,cereal,nominal,5,400032,True,False,False,123,41.76763984922413,,-0.0121842920780181,0.3885737955570221,0.8949969410896301,27,500
more_demos,cereal,nominal,6,400033,True,False,False,110,38.85562651391541,,-0.0067895338870584,0.3846549391746521,0.8964455723762512,27,500
more_demos,cereal,nominal,7,400034,True,False,False,114,38.921522518759616,,-0.0087252836674451,0.3769055306911468,0.8951878547668457,27,500
more_demos,cereal,object_shift,0,400027,False,True,False,260,2.3709130794692648,14.0,0.0022101076319813,-0.3470267951488495,0.8307309746742249,27,500
more_demos,cereal,object_shift,1,400028,True,True,True,115,35.37931820508614,14.0,-0.0293710585683584,0.3831989765167236,0.9001115560531616,27,500
more_demos,cereal,object_shift,2,400029,True,True,True,115,38.99801750232564,14.0,-0.0137688471004366,0.3465123176574707,0.8994879126548767,27,500
more_demos,cereal,object_shift,3,400030,False,True,False,260,2.462772534236066,14.0,0.1490596383810043,-0.2313239574432373,0.8307660818099976,27,500
more_demos,cereal,object_shift,4,400031,False,True,False,260,1.7922224932732973,14.0,-0.0364979058504104,-0.2711112201213836,0.8946311473846436,27,500
more_demos,cereal,object_shift,5,400032,True,True,True,137,44.68242959595623,14.0,-0.0193559620529413,0.3938547968864441,0.8974066376686096,27,500
more_demos,cereal,object_shift,6,400033,True,True,True,103,30.68845006064291,14.0,-0.0300578996539115,0.3842898309230804,0.9002401828765869,27,500
more_demos,cereal,object_shift,7,400034,False,True,False,260,1.706665016952019,14.0,0.2369425147771835,-0.4106357395648956,0.8307610750198364,27,500
more_demos,cereal,action_noise,0,400027,True,True,True,117,44.25892919658256,8.0,-0.03579056635499,0.3577228188514709,0.8935896754264832,27,500
more_demos,cereal,action_noise,1,400028,True,True,True,106,32.86194288980623,8.0,-0.0324415862560272,0.3702899515628814,0.8973747491836548,27,500
more_demos,cereal,action_noise,2,400029,True,True,True,127,42.87352068124873,8.0,-0.0101738777011632,0.3506011962890625,0.8961493372917175,27,500
more_demos,cereal,action_noise,3,400030,True,True,True,113,41.76597380658213,8.0,-0.0155746070668101,0.4266256988048553,0.8966565728187561,27,500
more_demos,cereal,action_noise,4,400031,True,True,True,115,41.737084816103035,8.0,-0.0377919413149356,0.3855987191200256,0.8965820670127869,27,500
more_demos,cereal,action_noise,5,400032,True,True,True,121,39.86185192313482,8.0,0.0106299379840493,0.3361212313175201,0.8947338461875916,27,500
more_demos,cereal,action_noise,6,400033,True,True,True,105,35.16173086452462,8.0,0.0051502082496881,0.3633542656898498,0.8954296112060547,27,500
more_demos,cereal,action_noise,7,400034,False,True,False,260,2.8770860041947097,8.0,0.1858317106962204,-0.249207392334938,0.8946303129196167,27,500
more_demos,cereal,action_delay,0,400027,False,True,False,260,2.301979014105407,3.0,0.093688815832138,-0.318101704120636,0.8307363986968994,27,500
more_demos,cereal,action_delay,1,400028,False,True,False,260,1.6776417608838972,5.0,0.1866537928581237,-0.2513352632522583,0.8946362137794495,27,500
more_demos,cereal,action_delay,2,400029,False,True,False,260,1.4142548297874995,5.0,0.1271127611398697,-0.448775440454483,0.8822952508926392,27,500
more_demos,cereal,action_delay,3,400030,False,True,False,260,2.1974176184508463,3.0,0.0905833020806312,-0.3228010535240173,0.8307660818099976,27,500
more_demos,cereal,action_delay,4,400031,True,True,True,133,39.53880955067584,3.0,-0.0152720576152205,0.4169021248817444,0.8970597982406616,27,500
more_demos,cereal,action_delay,5,400032,False,True,False,260,2.589677025802714,3.0,0.1891447305679321,-0.41490638256073,0.8617247939109802,27,500
more_demos,cereal,action_delay,6,400033,False,True,False,260,1.2565391780461113,5.0,0.1488235890865326,-0.2244723439216613,0.8946388959884644,27,500
more_demos,cereal,action_delay,7,400034,False,True,False,260,1.657105384077259,5.0,0.1836505979299545,-0.248854398727417,0.8946389555931091,27,500
more_demos,cereal,gripper_slip,0,400027,False,True,False,260,9.004985465708081,44.0,0.0284975599497556,-0.3261364102363586,0.8307661414146423,27,500
more_demos,cereal,gripper_slip,1,400028,False,True,False,260,7.900681103482642,51.0,0.2382716387510299,-0.2369138300418853,0.8946282267570496,27,500
more_demos,cereal,gripper_slip,2,400029,False,True,False,260,6.922181638012399,53.0,0.0552975833415985,-0.3521292209625244,0.8946318626403809,27,500
more_demos,cereal,gripper_slip,3,400030,False,True,False,260,9.05229109452722,44.0,0.1297467648983001,-0.2591655254364013,0.8307624459266663,27,500
more_demos,cereal,gripper_slip,4,400031,False,True,False,260,8.820312272927882,46.0,-0.0166781228035688,-0.370336651802063,0.8307659029960632,27,500
more_demos,cereal,gripper_slip,5,400032,False,True,False,260,6.616970107801845,50.0,0.1862622201442718,-0.4128214120864868,0.8946300148963928,27,500
more_demos,cereal,gripper_slip,6,400033,False,True,False,260,8.496291280731159,47.0,0.1998824328184127,-0.1899388432502746,0.8946285247802734,27,500
more_demos,cereal,gripper_slip,7,400034,False,True,False,260,7.1082501150888335,48.0,0.2191635370254516,-0.302971601486206,0.894630491733551,27,500
recovery_bc,cereal,nominal,0,400027,True,False,False,108,40.5210427160457,,-0.0126621956005692,0.4170923233032226,0.8991712331771851,27,500
recovery_bc,cereal,nominal,1,400028,True,False,False,117,39.765998159272755,,-0.0139636788517236,0.4035577476024627,0.8966491222381592,27,500
recovery_bc,cereal,nominal,2,400029,True,False,False,130,44.44237815542988,,-0.0099911261349916,0.4059949517250061,0.8968192338943481,27,500
recovery_bc,cereal,nominal,3,400030,True,False,False,108,40.49376127805338,,-0.0123332813382148,0.4181411564350128,0.8985881805419922,27,500
recovery_bc,cereal,nominal,4,400031,True,False,False,114,42.52220725963121,,-0.0142201324924826,0.4087080657482147,0.8983144164085388,27,500
recovery_bc,cereal,nominal,5,400032,True,False,False,126,43.05043790118966,,-0.0153377009555697,0.3998991549015045,0.8953113555908203,27,500
recovery_bc,cereal,nominal,6,400033,True,False,False,112,40.40617516620233,,-0.012178411707282,0.4126892983913421,0.8959246873855591,27,500
recovery_bc,cereal,nominal,7,400034,True,False,False,118,40.57472203719092,,-0.0117060355842113,0.4130169153213501,0.8955510258674622,27,500
recovery_bc,cereal,object_shift,0,400027,True,True,True,108,37.33183745358101,14.0,-0.0327317863702774,0.3956663310527801,0.8986197113990784,27,500
recovery_bc,cereal,object_shift,1,400028,True,True,True,112,34.4778925818953,14.0,-0.0204942766577005,0.4143700003623962,0.8967347145080566,27,500
recovery_bc,cereal,object_shift,2,400029,True,True,True,118,42.26629800964643,14.0,-0.0157248172909021,0.3794457912445068,0.8969146013259888,27,500
recovery_bc,cereal,object_shift,3,400030,False,True,False,260,3.802382636601557,14.0,0.1467173248529434,-0.1397484242916107,0.894641637802124,27,500
recovery_bc,cereal,object_shift,4,400031,False,True,False,260,1.2152084470903952,14.0,-0.0349418595433235,-0.2680669128894806,0.8946281671524048,27,500
recovery_bc,cereal,object_shift,5,400032,True,True,True,136,44.146631091530416,14.0,-0.0177449695765972,0.403874933719635,0.8999000191688538,27,500
recovery_bc,cereal,object_shift,6,400033,True,True,True,109,35.05583264491867,14.0,-0.0145742800086736,0.4031918346881866,0.8946768641471863,27,500
recovery_bc,cereal,object_shift,7,400034,True,True,True,120,37.91891654886102,14.0,-0.0226076766848564,0.3899039030075073,0.8998787999153137,27,500
recovery_bc,cereal,action_noise,0,400027,True,True,True,108,39.04934255050674,8.0,-0.0326761603355407,0.3690000176429748,0.8941020369529724,27,500
recovery_bc,cereal,action_noise,1,400028,True,True,True,113,37.60536474567121,8.0,-0.0346092581748962,0.3866705894470215,0.8991594314575195,27,500
recovery_bc,cereal,action_noise,2,400029,True,True,True,133,45.18866543431424,8.0,-0.0135003142058849,0.3615890741348266,0.8964059352874756,27,500
recovery_bc,cereal,action_noise,3,400030,True,True,True,112,26.906306792821344,8.0,-0.0160608831793069,0.363817423582077,0.895354151725769,27,500
recovery_bc,cereal,action_noise,4,400031,True,True,True,116,44.53166252024304,8.0,-0.039347767829895,0.4034757912158966,0.8952484726905823,27,500
recovery_bc,cereal,action_noise,5,400032,True,True,True,118,38.83891320761324,8.0,-0.0162777081131935,0.3639672398567199,0.8951055407524109,27,500
recovery_bc,cereal,action_noise,6,400033,True,True,True,104,34.75257265325052,8.0,-0.0016753346426412,0.3636545538902282,0.8996776938438416,27,500
recovery_bc,cereal,action_noise,7,400034,True,True,True,110,35.23812595618315,8.0,-0.0056538684293627,0.3658412098884582,0.8963341116905212,27,500
recovery_bc,cereal,action_delay,0,400027,False,True,False,260,1.7152429051032452,3.0,0.0957107469439506,-0.2255907207727432,0.8946326375007629,27,500
recovery_bc,cereal,action_delay,1,400028,False,True,False,260,1.830535204879203,5.0,0.1871345490217209,-0.2513461410999298,0.8946353197097778,27,500
recovery_bc,cereal,action_delay,2,400029,False,True,False,260,1.770767610438321,5.0,0.1325457841157913,-0.4374783039093017,0.8780078887939453,27,500
recovery_bc,cereal,action_delay,3,400030,False,True,False,260,1.69792393789205,3.0,0.0906846150755882,-0.2289532423019409,0.8946308493614197,27,500
recovery_bc,cereal,action_delay,4,400031,False,True,False,260,3.619628216693195,3.0,0.0470294468104839,-0.3843470513820648,0.8307421803474426,27,500
recovery_bc,cereal,action_delay,5,400032,False,True,False,260,2.254679187806303,3.0,0.1889292597770691,-0.3376976549625397,0.8946249485015869,27,500
recovery_bc,cereal,action_delay,6,400033,False,True,False,260,1.6766006225965095,5.0,0.1489070653915405,-0.2244466990232467,0.8946396112442017,27,500
recovery_bc,cereal,action_delay,7,400034,False,True,False,260,1.679342468950066,5.0,0.1841876059770584,-0.2488389164209365,0.8946462869644165,27,500
recovery_bc,cereal,gripper_slip,0,400027,False,True,False,260,10.050796154711032,45.0,0.0223428737372159,-0.3146247267723083,0.8307605981826782,27,500
recovery_bc,cereal,gripper_slip,1,400028,False,True,False,260,8.975790690019439,52.0,0.2387122511863708,-0.2323663383722305,0.8946352005004883,27,500
recovery_bc,cereal,gripper_slip,2,400029,False,True,False,260,7.140457730635216,54.0,0.0546635799109935,-0.3454172313213348,0.89464271068573,27,500
recovery_bc,cereal,gripper_slip,3,400030,False,True,False,260,9.791565827987265,45.0,0.1245136111974716,-0.2451571524143219,0.8307610750198364,27,500
recovery_bc,cereal,gripper_slip,4,400031,False,True,False,260,10.346722833449869,47.0,-0.0189800150692462,-0.3538421392440796,0.8307610750198364,27,500
recovery_bc,cereal,gripper_slip,5,400032,False,True,False,260,8.92273422673616,53.0,0.1820977926254272,-0.4030636847019195,0.894630491733551,27,500
recovery_bc,cereal,gripper_slip,6,400033,False,True,False,260,9.54186539593302,48.0,0.1955204904079437,-0.1843797117471695,0.8946314454078674,27,500
recovery_bc,cereal,gripper_slip,7,400034,False,True,False,260,8.925551822557674,52.0,0.2128509879112243,-0.2906963229179382,0.8946285843849182,27,500
contrastive_recovery,cereal,nominal,0,400027,True,False,False,156,54.3417312539266,,-0.0130172474309802,0.377906322479248,0.8960946202278137,27,500
contrastive_recovery,cereal,nominal,1,400028,True,False,False,161,52.52146567606992,,-0.0366775281727314,0.4076908826828003,0.8955919742584229,27,500
contrastive_recovery,cereal,nominal,2,400029,True,False,False,162,53.926533504808866,,-0.0298686474561691,0.4120811522006988,0.8982294797897339,27,500
contrastive_recovery,cereal,nominal,3,400030,True,False,False,156,54.21946511982283,,-0.0163222905248403,0.3760137856006622,0.8944736123085022,27,500
contrastive_recovery,cereal,nominal,4,400031,True,False,False,155,54.21746001581094,,-0.0089495982974767,0.3804551959037781,0.8919681310653687,27,500
contrastive_recovery,cereal,nominal,5,400032,False,False,False,260,57.37993250151818,,-0.3239853084087372,0.7117526531219482,0.0499735176563262,27,500
contrastive_recovery,cereal,nominal,6,400033,False,False,False,260,18.211888033926353,,0.1695037484169006,-0.2908887863159179,0.8307624459266663,27,500
contrastive_recovery,cereal,nominal,7,400034,True,False,False,156,50.59817531063265,,-0.0310873705893754,0.4116765558719635,0.8966203331947327,27,500
contrastive_recovery,cereal,object_shift,0,400027,False,True,False,260,20.62884226218199,14.0,0.0343699790537357,-0.3389486372470855,0.8307660818099976,27,500
contrastive_recovery,cereal,object_shift,1,400028,False,True,False,260,46.192382620261135,14.0,-0.0723501294851303,0.6330941319465637,0.0149671640247106,27,500
contrastive_recovery,cereal,object_shift,2,400029,False,True,False,260,18.18036065441412,14.0,0.0778673961758613,-0.2720773220062256,0.8307625651359558,27,500
contrastive_recovery,cereal,object_shift,3,400030,False,True,False,260,1.067806861765304,14.0,0.1461357027292251,-0.0711042508482933,0.875385046005249,27,500
contrastive_recovery,cereal,object_shift,4,400031,False,True,False,260,10.707742765928142,14.0,0.0128919454291462,-0.3695496618747711,0.8307610750198364,27,500
contrastive_recovery,cereal,object_shift,5,400032,False,True,False,260,76.23228829428885,14.0,-0.3658235073089599,0.775946855545044,0.0222485158592462,27,500
contrastive_recovery,cereal,object_shift,6,400033,False,True,False,260,47.60369332243086,14.0,-0.2755444049835205,0.6027411222457886,0.0499735698103904,27,500
contrastive_recovery,cereal,object_shift,7,400034,False,True,False,260,53.05841560927741,14.0,-0.4216096699237823,0.7395641803741455,0.0149671537801623,27,500
contrastive_recovery,cereal,action_noise,0,400027,True,True,True,122,43.15328476066093,8.0,-0.0186330825090408,0.3614570796489715,0.8994030356407166,27,500
contrastive_recovery,cereal,action_noise,1,400028,True,True,True,137,41.907462914503995,8.0,-0.017824875190854,0.3623682558536529,0.8967540264129639,27,500
contrastive_recovery,cereal,action_noise,2,400029,True,True,True,146,46.243386629209056,8.0,-0.0232051685452461,0.3646806478500366,0.896052896976471,27,500
contrastive_recovery,cereal,action_noise,3,400030,False,True,False,260,5.140386804387185,8.0,0.0935064777731895,-0.3166456222534179,0.830760657787323,27,500
contrastive_recovery,cereal,action_noise,4,400031,False,True,False,260,17.610000012108003,8.0,0.0632705986499786,-0.3973057866096496,0.8307610750198364,27,500
contrastive_recovery,cereal,action_noise,5,400032,True,True,True,149,46.36699136075367,8.0,-0.0073404740542173,0.3821943402290344,0.8762277364730835,27,500
contrastive_recovery,cereal,action_noise,6,400033,True,True,True,142,49.46252585208149,8.0,-0.0350343808531761,0.4183741807937622,0.8930875658988953,27,500
contrastive_recovery,cereal,action_noise,7,400034,True,True,True,139,43.011257314189706,8.0,-0.0344225093722343,0.374661922454834,0.8988568186759949,27,500
contrastive_recovery,cereal,action_delay,0,400027,False,True,False,260,1.172640554872405,3.0,0.0977755934000015,-0.3201483786106109,0.8307327628135681,27,500
contrastive_recovery,cereal,action_delay,1,400028,False,True,False,260,2.482791183439426,5.0,0.1706208735704422,-0.317535251379013,0.8308042883872986,27,500
contrastive_recovery,cereal,action_delay,2,400029,False,True,False,260,0.3940378739740159,5.0,0.1278192400932312,-0.2959051430225372,0.8307220935821533,27,500
contrastive_recovery,cereal,action_delay,3,400030,False,True,False,260,2.2005696395560963,3.0,0.0930124893784523,-0.323516696691513,0.8307625651359558,27,500
contrastive_recovery,cereal,action_delay,4,400031,False,True,False,260,58.28678423232554,3.0,-0.0100620705634355,0.5893716216087341,0.0149751659482717,27,500
contrastive_recovery,cereal,action_delay,5,400032,False,True,False,260,3.4517481982630205,3.0,0.1880585998296737,-0.4148135483264923,0.8610613346099854,27,500
contrastive_recovery,cereal,action_delay,6,400033,False,True,False,260,2.8033401955852386,5.0,0.1426398009061813,-0.3101365268230438,0.830760657787323,27,500
contrastive_recovery,cereal,action_delay,7,400034,False,True,False,260,2.020000342443814,5.0,0.167532816529274,-0.316031664609909,0.830762505531311,27,500
contrastive_recovery,cereal,gripper_slip,0,400027,True,True,True,207,50.480934554552256,87.0,0.0015694925095885,0.3375865221023559,0.8977559208869934,27,500
contrastive_recovery,cereal,gripper_slip,1,400028,False,True,False,260,20.21512591435889,87.0,0.2390505522489547,-0.3979105651378631,0.8308206796646118,27,500
contrastive_recovery,cereal,gripper_slip,2,400029,False,True,False,260,12.387556750567672,76.0,0.0587640739977359,-0.4137033224105835,0.8519828915596008,27,500
contrastive_recovery,cereal,gripper_slip,3,400030,False,True,False,260,22.397841164838237,87.0,0.1417061984539032,-0.3272022008895874,0.8308203816413879,27,500
contrastive_recovery,cereal,gripper_slip,4,400031,False,True,False,260,19.327817068153006,81.0,-0.0049428115598857,-0.2580421566963196,0.8307220935821533,27,500
contrastive_recovery,cereal,gripper_slip,5,400032,False,True,False,260,9.639220563066916,64.0,0.1814220398664474,-0.4466420114040375,0.8816391825675964,27,500
contrastive_recovery,cereal,gripper_slip,6,400033,False,False,False,260,18.211888033926353,,0.1695037484169006,-0.2908887863159179,0.8307624459266663,27,500
contrastive_recovery,cereal,gripper_slip,7,400034,False,True,False,260,46.420114100856566,82.0,-0.3282608985900879,0.800726592540741,0.8749895095825195,27,500
more_demos,can,nominal,0,400027,True,False,False,108,43.39274751891205,,0.1859519928693771,0.4004734456539154,0.8604592680931091,27,1500
more_demos,can,nominal,1,400028,True,False,False,101,36.32242712106775,,0.1682487726211547,0.3879931271076202,0.8642182946205139,27,1500
more_demos,can,nominal,2,400029,True,False,False,126,41.20893168867188,,0.1725917160511016,0.4022945761680603,0.8589360117912292,27,1500
more_demos,can,nominal,3,400030,True,False,False,106,41.84106094396164,,0.1817512214183807,0.3992007374763489,0.8603555560112,27,1500
more_demos,can,nominal,4,400031,True,False,False,139,46.57299816997001,,0.178722858428955,0.3865877985954284,0.8648374676704407,27,1500
more_demos,can,nominal,5,400032,True,False,False,97,36.51781953145487,,0.1769158840179443,0.3937414288520813,0.8594772815704346,27,1500
more_demos,can,nominal,6,400033,True,False,False,127,44.20944673750813,,0.1819652169942855,0.4052889347076416,0.8602676391601562,27,1500
more_demos,can,nominal,7,400034,True,False,False,120,43.89359316939073,,0.1853470206260681,0.3989745378494262,0.8609312772750854,27,1500
more_demos,can,object_shift,0,400027,False,True,False,260,0.3373363004686112,14.0,-0.2452461570501327,-0.2298934906721115,0.3435263335704803,27,1500
more_demos,can,object_shift,1,400028,True,True,True,110,35.904709391252794,14.0,0.1755366027355194,0.4011879563331604,0.8602617979049683,27,1500
more_demos,can,object_shift,2,400029,False,True,False,260,4.802491169792783,14.0,0.1246098726987838,-0.221409872174263,0.8600643873214722,27,1500
more_demos,can,object_shift,3,400030,False,True,False,260,5.040587682237128,14.0,0.0868417397141456,-0.098207488656044,0.8600521087646484,27,1500
more_demos,can,object_shift,4,400031,True,True,True,146,48.53513687070967,14.0,0.1886207163333892,0.4151192903518677,0.865347146987915,27,1500
more_demos,can,object_shift,5,400032,True,True,True,108,35.07951270941737,14.0,0.1785130798816681,0.3946549594402313,0.8636524081230164,27,1500
more_demos,can,object_shift,6,400033,True,True,True,121,39.69646152408236,14.0,0.17171011865139,0.403424322605133,0.8642815947532654,27,1500
more_demos,can,object_shift,7,400034,True,True,True,128,43.334108869836896,14.0,0.1802375614643097,0.4029585719108581,0.8602610230445862,27,1500
more_demos,can,action_noise,0,400027,True,True,True,99,38.286177870059525,8.0,0.1769513189792633,0.377820074558258,0.8719746470451355,27,1500
more_demos,can,action_noise,1,400028,True,True,True,101,35.474728673582206,8.0,0.1575592011213302,0.4158629477024078,0.8588913083076477,27,1500
more_demos,can,action_noise,2,400029,True,True,True,122,39.15890596653885,8.0,0.1646668910980224,0.3948749005794525,0.861053466796875,27,1500
more_demos,can,action_noise,3,400030,False,True,False,260,5.0323306304631314,8.0,0.0318273194134235,-0.0913987308740615,0.8600557446479797,27,1500
more_demos,can,action_noise,4,400031,True,True,True,132,42.27297564512994,8.0,0.1759802848100662,0.3671737611293793,0.8845664858818054,27,1500
more_demos,can,action_noise,5,400032,True,True,True,87,30.71751452442729,8.0,0.1865056604146957,0.3727383315563202,0.8622429370880127,27,1500
more_demos,can,action_noise,6,400033,True,True,True,126,42.55310158918413,8.0,0.196347638964653,0.3657664358615875,0.8841315507888794,27,1500
more_demos,can,action_noise,7,400034,True,True,True,124,44.96488195676462,8.0,0.2010234147310257,0.3894382119178772,0.8610545992851257,27,1500
more_demos,can,action_delay,0,400027,True,True,True,160,63.36484627336504,3.0,0.181608647108078,0.4353640973567962,0.866060197353363,27,1500
more_demos,can,action_delay,1,400028,False,True,False,260,5.471754234275183,5.0,0.1055438295006752,-0.1208272650837898,0.8600482940673828,27,1500
more_demos,can,action_delay,2,400029,False,True,False,260,56.7368083931442,5.0,0.1503449082374572,0.4291659295558929,0.9446125030517578,27,1500
more_demos,can,action_delay,3,400030,True,True,True,178,49.02828496555411,3.0,0.1823547780513763,0.4398488998413086,0.861412763595581,27,1500
more_demos,can,action_delay,4,400031,True,True,True,203,51.45128298259731,3.0,0.1350735276937484,0.4606142342090606,0.8756827712059021,27,1500
more_demos,can,action_delay,5,400032,True,True,True,128,47.6040333481809,3.0,0.1628342866897583,0.4234382808208465,0.8619312644004822,27,1500
more_demos,can,action_delay,6,400033,False,True,False,260,24.758509720805534,5.0,0.1569994390010833,0.1561104953289032,0.8436720371246338,27,1500
more_demos,can,action_delay,7,400034,False,True,False,260,5.310210952676269,5.0,0.0759209617972374,-0.2441280782222747,0.8436387181282043,27,1500
more_demos,can,gripper_slip,0,400027,False,True,False,260,14.138694983008303,41.0,0.0484456904232502,-0.1613588780164718,0.843699038028717,27,1500
more_demos,can,gripper_slip,1,400028,False,True,False,260,10.519052668881018,41.0,0.1655542552471161,-0.0977184399962425,0.8600574731826782,27,1500
more_demos,can,gripper_slip,2,400029,False,True,False,260,10.011631100684708,52.0,0.1366095691919326,-0.239758014678955,0.860059916973114,27,1500
more_demos,can,gripper_slip,3,400030,False,True,False,260,13.769888969452271,40.0,0.0228267200291156,-0.064210794866085,0.843607485294342,27,1500
more_demos,can,gripper_slip,4,400031,False,True,False,260,25.04091111069101,55.0,0.218675896525383,0.090068407356739,0.8594397902488708,27,1500
more_demos,can,gripper_slip,5,400032,False,True,False,260,11.278645966566202,38.0,0.0585983395576477,-0.1588835716247558,0.8600488305091858,27,1500
more_demos,can,gripper_slip,6,400033,False,True,False,260,11.314927004280309,49.0,0.096467487514019,-0.2425980865955352,0.8436648845672607,27,1500
more_demos,can,gripper_slip,7,400034,False,True,False,260,13.136007045515884,47.0,0.0243010502308607,-0.2665667235851288,0.8436344265937805,27,1500
recovery_bc,can,nominal,0,400027,True,False,False,113,46.449082521023136,,0.1889425218105316,0.3845951855182647,0.8596922755241394,27,1500
recovery_bc,can,nominal,1,400028,True,False,False,112,42.30899873111796,,0.1804200112819671,0.4040696918964386,0.8601179718971252,27,1500
recovery_bc,can,nominal,2,400029,True,False,False,156,53.93431256726877,,0.1769491732120514,0.410734623670578,0.8601865172386169,27,1500
recovery_bc,can,nominal,3,400030,True,False,False,113,45.411904752714555,,0.1841285079717636,0.3810507357120514,0.8595466613769531,27,1500
recovery_bc,can,nominal,4,400031,True,False,False,145,48.37454364949852,,0.1919501572847366,0.3993078172206878,0.8602597713470459,27,1500
recovery_bc,can,nominal,5,400032,True,False,False,110,43.61318721049705,,0.1811949908733368,0.4041723608970642,0.8604540228843689,27,1500
recovery_bc,can,nominal,6,400033,True,False,False,132,46.562505266765065,,0.1881156414747238,0.3864248991012573,0.8603668808937073,27,1500
recovery_bc,can,nominal,7,400034,True,False,False,127,47.426497577326984,,0.1883437931537628,0.3851544857025146,0.8595930337905884,27,1500
recovery_bc,can,object_shift,0,400027,False,True,False,260,0.3536255488815193,14.0,-0.2453010082244873,-0.2299027740955352,0.3435746729373932,27,1500
recovery_bc,can,object_shift,1,400028,True,True,True,119,39.617658684483374,14.0,0.1809711158275604,0.4107514321804046,0.8602775931358337,27,1500
recovery_bc,can,object_shift,2,400029,False,True,False,260,7.022231002353027,14.0,0.1781572848558426,-0.2317312210798263,0.8437994718551636,27,1500
recovery_bc,can,object_shift,3,400030,False,True,False,260,7.418668004108879,14.0,0.0858648493885994,-0.0999753400683403,0.8600575923919678,27,1500
recovery_bc,can,object_shift,4,400031,True,True,True,165,55.45468020359913,14.0,0.1967949569225311,0.3946066796779632,0.8626353144645691,27,1500
recovery_bc,can,object_shift,5,400032,True,True,True,116,39.32400306439485,14.0,0.179189845919609,0.3759128153324127,0.8602385520935059,27,1500
recovery_bc,can,object_shift,6,400033,True,True,True,131,44.87954666445141,14.0,0.1748985797166824,0.3913561999797821,0.8608297109603882,27,1500
recovery_bc,can,object_shift,7,400034,True,True,True,138,48.7479745342222,14.0,0.1889928430318832,0.4088009893894195,0.8601772785186768,27,1500
recovery_bc,can,action_noise,0,400027,True,True,True,98,37.996645253321006,8.0,0.184867724776268,0.3670975267887115,0.89943927526474,27,1500
recovery_bc,can,action_noise,1,400028,True,True,True,141,54.94052993326923,8.0,0.1891776174306869,0.3617464601993561,0.862266480922699,27,1500
recovery_bc,can,action_noise,2,400029,True,True,True,131,42.827960146838,8.0,0.177537053823471,0.3845716118812561,0.8786946535110474,27,1500
recovery_bc,can,action_noise,3,400030,True,True,True,120,34.57073450402278,8.0,0.1846778839826584,0.371236115694046,0.86187344789505,27,1500
recovery_bc,can,action_noise,4,400031,True,True,True,145,48.69929963785687,8.0,0.178995743393898,0.375492125749588,0.8601550459861755,27,1500
recovery_bc,can,action_noise,5,400032,True,True,True,127,53.84485393630939,8.0,0.1860506683588028,0.3704266846179962,0.8656167387962341,27,1500
recovery_bc,can,action_noise,6,400033,True,True,True,126,41.747054341377215,8.0,0.2010041326284408,0.3563512861728668,0.8832547664642334,27,1500
recovery_bc,can,action_noise,7,400034,True,True,True,122,43.44798882174183,8.0,0.2009022235870361,0.3840697407722473,0.861860454082489,27,1500
recovery_bc,can,action_delay,0,400027,True,True,True,161,66.02753561005085,3.0,0.1890798509120941,0.4249739944934845,0.8644521236419678,27,1500
recovery_bc,can,action_delay,1,400028,True,True,True,151,54.395894567644625,5.0,0.2271041572093963,0.4341250360012054,0.8647298216819763,27,1500
recovery_bc,can,action_delay,2,400029,False,True,False,260,82.09320018228026,5.0,0.07712022960186,0.5260130763053894,0.9240166544914246,27,1500
recovery_bc,can,action_delay,3,400030,True,True,True,161,67.0463308362966,3.0,0.1400363594293594,0.4216426610946655,0.8952276110649109,27,1500
recovery_bc,can,action_delay,4,400031,False,True,False,260,8.202255412080278,3.0,0.0327557437121868,-0.4316626787185669,0.8438396453857422,27,1500
recovery_bc,can,action_delay,5,400032,True,True,True,152,62.446778207368226,3.0,0.1499015092849731,0.4585420191287994,0.875074565410614,27,1500
recovery_bc,can,action_delay,6,400033,False,True,False,260,89.82494919167034,5.0,0.0985491499304771,0.6796570420265198,0.0247082654386758,27,1500
recovery_bc,can,action_delay,7,400034,True,True,True,177,67.40532708670564,5.0,0.1924367547035217,0.4340518712997436,0.8640446066856384,27,1500
recovery_bc,can,gripper_slip,0,400027,True,True,True,143,47.79480087622905,44.0,0.1873239874839782,0.4023531377315521,0.8686904907226562,27,1500
recovery_bc,can,gripper_slip,1,400028,False,True,False,260,14.57778015984049,46.0,0.1689789146184921,-0.0965757220983505,0.8600556254386902,27,1500
recovery_bc,can,gripper_slip,2,400029,False,True,False,260,14.919301397955431,71.0,0.1530776768922805,-0.2692920863628387,0.8598353862762451,27,1500
recovery_bc,can,gripper_slip,3,400030,False,True,False,260,16.078193176387874,42.0,0.0687060803174972,-0.1124480664730072,0.8600583076477051,27,1500
recovery_bc,can,gripper_slip,4,400031,True,True,True,178,52.37244833074502,62.0,0.2000138610601425,0.3845494091510772,0.8680189847946167,27,1500
recovery_bc,can,gripper_slip,5,400032,False,True,False,260,15.126848157498404,43.0,0.0671256855130195,-0.1634339392185211,0.8600544929504395,27,1500
recovery_bc,can,gripper_slip,6,400033,False,True,False,260,14.724584526490078,52.0,0.1265955716371536,-0.3022910356521606,0.8600602149963379,27,1500
recovery_bc,can,gripper_slip,7,400034,False,True,False,260,16.738868135931146,51.0,0.0511347874999046,-0.3226670622825622,0.8600558638572693,27,1500
contrastive_recovery,can,nominal,0,400027,True,False,False,129,53.56961936018406,,0.1908586770296096,0.4028864800930023,0.8601425290107727,27,1500
contrastive_recovery,can,nominal,1,400028,True,False,False,112,45.33242774502787,,0.1868878155946731,0.3925828039646148,0.8600544333457947,27,1500
contrastive_recovery,can,nominal,2,400029,True,False,False,233,76.04691347253744,,0.1588473170995712,0.3805510997772217,0.857316255569458,27,1500
contrastive_recovery,can,nominal,3,400030,True,False,False,130,48.51228016661344,,0.1969643384218216,0.3780955076217651,0.8632081747055054,27,1500
contrastive_recovery,can,nominal,4,400031,True,False,False,217,71.80945896048375,,0.179444670677185,0.3779371976852417,0.8555631637573242,27,1500
contrastive_recovery,can,nominal,5,400032,True,False,False,109,45.63546006445759,,0.1851041465997696,0.3966275453567505,0.8600583672523499,27,1500
contrastive_recovery,can,nominal,6,400033,True,False,False,135,50.092040028653926,,0.1923945546150207,0.3955775797367096,0.8600543737411499,27,1500
contrastive_recovery,can,nominal,7,400034,True,False,False,126,45.82000700367058,,0.1966136246919632,0.3926971554756164,0.8607748746871948,27,1500
contrastive_recovery,can,object_shift,0,400027,False,True,False,260,0.3764610599141673,14.0,-0.245214894413948,-0.2299058139324188,0.3435122966766357,27,1500
contrastive_recovery,can,object_shift,1,400028,False,True,False,260,27.37351372100814,14.0,0.1794371306896209,-0.0372194722294807,0.8600443005561829,27,1500
contrastive_recovery,can,object_shift,2,400029,False,True,False,260,3.509848064865031,14.0,0.1229183301329612,-0.2231553345918655,0.8600534200668335,27,1500
contrastive_recovery,can,object_shift,3,400030,False,True,False,260,5.711261917424995,14.0,0.0866500586271286,-0.099697545170784,0.8600514531135559,27,1500
contrastive_recovery,can,object_shift,4,400031,True,True,True,193,64.91821722699507,14.0,0.1862595677375793,0.3907541930675506,0.8712213039398193,27,1500
contrastive_recovery,can,object_shift,5,400032,True,True,True,116,41.4778009902224,14.0,0.1919334679841995,0.3936543464660644,0.8600783348083496,27,1500
contrastive_recovery,can,object_shift,6,400033,True,True,True,129,44.16088076167104,14.0,0.1848881542682647,0.4077044129371643,0.8602806925773621,27,1500
contrastive_recovery,can,object_shift,7,400034,True,True,True,118,37.51495175090409,14.0,0.1945212483406067,0.3799955248832702,0.8646562099456787,27,1500
contrastive_recovery,can,action_noise,0,400027,True,True,True,113,45.15497661482088,8.0,0.1601000875234604,0.419583648443222,0.8818036317825317,27,1500
contrastive_recovery,can,action_noise,1,400028,True,True,True,101,35.3183232834882,8.0,0.1785063594579696,0.3928884267807007,0.8585782051086426,27,1500
contrastive_recovery,can,action_noise,2,400029,True,True,True,131,42.76409054309688,8.0,0.1689534187316894,0.3873026967048645,0.8591889142990112,27,1500
contrastive_recovery,can,action_noise,3,400030,True,True,True,178,41.2834163432653,8.0,0.1533410400152206,0.4164767861366272,0.8615849614143372,27,1500
contrastive_recovery,can,action_noise,4,400031,True,True,True,134,45.01523478940892,8.0,0.1696195006370544,0.3985737562179565,0.862278163433075,27,1500
contrastive_recovery,can,action_noise,5,400032,True,True,True,88,31.55305235347597,8.0,0.1853414624929428,0.3663544654846191,0.8632165789604187,27,1500
contrastive_recovery,can,action_noise,6,400033,True,True,True,119,40.311134532105,8.0,0.202807605266571,0.3729343116283417,0.8617329001426697,27,1500
contrastive_recovery,can,action_noise,7,400034,True,True,True,129,45.11990042157966,8.0,0.2089113444089889,0.3576756417751312,0.865424394607544,27,1500
contrastive_recovery,can,action_delay,0,400027,True,True,True,127,49.766624704595294,3.0,0.1392793208360672,0.4194056987762451,0.8549789190292358,27,1500
contrastive_recovery,can,action_delay,1,400028,True,True,True,143,49.37280747865424,5.0,0.2074151039123535,0.4274745881557464,0.8645058870315552,27,1500
contrastive_recovery,can,action_delay,2,400029,True,True,True,211,67.67093914619537,5.0,0.1410597413778305,0.4488795101642608,0.8609293103218079,27,1500
contrastive_recovery,can,action_delay,3,400030,False,True,False,260,3.95162192175264,3.0,0.0830801203846931,-0.1547557264566421,0.8437286019325256,27,1500
contrastive_recovery,can,action_delay,4,400031,False,True,False,260,5.651056101647932,3.0,0.0141439056023955,-0.3959451913833618,0.8600550889968872,27,1500
contrastive_recovery,can,action_delay,5,400032,True,True,True,140,55.4349630698578,3.0,0.1492596268653869,0.4298580884933471,0.8615006804466248,27,1500
contrastive_recovery,can,action_delay,6,400033,False,True,False,260,85.95380316725085,5.0,0.1580202132463455,0.4130672812461853,0.9661275148391724,27,1500
contrastive_recovery,can,action_delay,7,400034,True,True,True,249,84.7935924849332,5.0,0.1655475199222564,0.4096111953258514,0.8927767872810364,27,1500
contrastive_recovery,can,gripper_slip,0,400027,True,True,True,189,61.631220579037006,55.0,0.1679839491844177,0.3886244297027588,0.8695175051689148,27,1500
contrastive_recovery,can,gripper_slip,1,400028,True,True,True,131,42.90381481613296,37.0,0.1865423917770385,0.3955528736114502,0.8600779175758362,27,1500
contrastive_recovery,can,gripper_slip,2,400029,False,True,False,260,45.71519277352803,163.0,0.1728928238153457,-0.2447729110717773,0.8600518107414246,27,1500
contrastive_recovery,can,gripper_slip,3,400030,False,True,False,260,23.738085561906583,66.0,0.0809244886040687,-0.168806716799736,0.8436744213104248,27,1500
contrastive_recovery,can,gripper_slip,4,400031,False,True,False,260,38.95111669108178,137.0,0.0066719390451908,-0.4237830638885498,0.8653371930122375,27,1500
contrastive_recovery,can,gripper_slip,5,400032,True,True,True,142,48.66640445987985,35.0,0.1889192014932632,0.3925500810146332,0.8600566983222961,27,1500
contrastive_recovery,can,gripper_slip,6,400033,False,True,False,260,11.840231990812534,47.0,0.1592120975255966,-0.3654167056083679,0.8437606692314148,27,1500
contrastive_recovery,can,gripper_slip,7,400034,True,True,True,165,52.30587773934327,54.0,0.1754584014415741,0.3976699113845825,0.8972660303115845,27,1500
more_demos,milk,nominal,0,400027,True,False,False,62,19.260078393741523,,-0.0313854068517684,0.1407892107963562,0.8995775580406189,27,1500
more_demos,milk,nominal,1,400028,True,False,False,78,24.257158131481447,,-0.0258414503186941,0.1236094981431961,0.8910650014877319,27,1500
more_demos,milk,nominal,2,400029,True,False,False,69,26.07201111270845,,-0.0115935476496815,0.1505007892847061,0.8962403535842896,27,1500
more_demos,milk,nominal,3,400030,True,False,False,90,26.286561468799327,,-0.0325439050793647,0.1483587324619293,0.8962683081626892,27,1500
more_demos,milk,nominal,4,400031,True,False,False,75,25.491139948993283,,-0.0260682683438062,0.1405980736017227,0.8880294561386108,27,1500
more_demos,milk,nominal,5,400032,True,False,False,81,26.176638640955066,,-0.0208983104676008,0.1423210054636001,0.8983528017997742,27,1500
more_demos,milk,nominal,6,400033,True,False,False,68,25.14236616336219,,-0.0258357003331184,0.1452339887619018,0.891014575958252,27,1500
more_demos,milk,nominal,7,400034,True,False,False,77,22.590992415244767,,-0.0401055701076984,0.1658812314271927,0.8879261612892151,27,1500
more_demos,milk,object_shift,0,400027,False,True,False,260,4.263869452579958,14.0,-0.0197405256330966,-0.104112409055233,0.8663569092750549,27,1500
more_demos,milk,object_shift,1,400028,True,True,True,80,20.76020276223838,14.0,-0.0324505306780338,0.1368740350008011,0.8946698904037476,27,1500
more_demos,milk,object_shift,2,400029,False,True,False,260,4.135602704770875,14.0,-0.0628132224082946,-0.1058758869767189,0.8840819597244263,27,1500
more_demos,milk,object_shift,3,400030,False,True,False,260,3.0326726177557024,14.0,0.2313743978738784,-0.1952682137489318,0.8808533549308777,27,1500
more_demos,milk,object_shift,4,400031,False,True,False,260,4.092232114207315,14.0,-0.0410558767616748,-0.1839939057826995,0.8774027824401855,27,1500
more_demos,milk,object_shift,5,400032,True,True,True,89,26.225893902120816,14.0,-0.0127065815031528,0.1343435049057006,0.8948451280593872,27,1500
more_demos,milk,object_shift,6,400033,False,True,False,260,3.648696003859639,14.0,0.1106876507401466,-0.0553840212523937,0.8788530230522156,27,1500
more_demos,milk,object_shift,7,400034,True,True,True,78,20.13574467682188,14.0,-0.059938121587038,0.1716123074293136,0.8963893055915833,27,1500
more_demos,milk,action_noise,0,400027,True,True,True,61,18.36427145514871,8.0,-0.0382085554301738,0.1323822736740112,0.8894603848457336,27,1500
more_demos,milk,action_noise,1,400028,True,True,True,75,23.210268067521877,8.0,-0.0088228434324264,0.1429889798164367,0.8890186548233032,27,1500
more_demos,milk,action_noise,2,400029,True,True,True,73,26.820449474541633,8.0,-0.0070603783242404,0.1355469971895218,0.8928651213645935,27,1500
more_demos,milk,action_noise,3,400030,True,True,True,81,22.42456724822709,8.0,0.0158089995384216,0.1269904673099517,0.8998554944992065,27,1500
more_demos,milk,action_noise,4,400031,False,True,False,260,3.743210433675807,8.0,0.0356208272278308,-0.0331815853714942,0.8808542490005493,27,1500
more_demos,milk,action_noise,5,400032,False,True,False,260,14.168415163599509,8.0,-0.052919402718544,-0.0467898696660995,0.8808553218841553,27,1500
more_demos,milk,action_noise,6,400033,True,True,True,76,26.932708391605058,8.0,-0.0452535599470138,0.1367006301879882,0.8930730819702148,27,1500
more_demos,milk,action_noise,7,400034,False,True,False,260,3.8899812484789136,8.0,0.1287208944559097,-0.0524354241788387,0.8789702653884888,27,1500
more_demos,milk,action_delay,0,400027,True,True,True,85,23.45823486659829,3.0,-0.0205151811242103,0.1390814036130905,0.8951477408409119,27,1500
more_demos,milk,action_delay,1,400028,False,True,False,260,2.5584868879874807,5.0,-0.0068171913735568,-0.1969704627990722,0.8401079773902893,27,1500
more_demos,milk,action_delay,2,400029,False,True,False,260,26.704129103087617,5.0,-0.0514644719660282,-0.0434095337986946,0.8826294541358948,27,1500
more_demos,milk,action_delay,3,400030,False,True,False,260,4.22271652706645,3.0,0.1024973914027214,-0.2433753758668899,0.8379389643669128,27,1500
more_demos,milk,action_delay,4,400031,False,True,False,260,4.281667349747296,3.0,0.0122277420014142,-0.1087371483445167,0.8378929495811462,27,1500
more_demos,milk,action_delay,5,400032,False,True,False,260,3.5802286048740504,3.0,-0.0031429333612322,-0.2308118194341659,0.0198335256427526,27,1500
more_demos,milk,action_delay,6,400033,False,True,False,260,4.38755619136538,5.0,-0.0305996742099523,-0.1382424384355545,0.871735155582428,27,1500
more_demos,milk,action_delay,7,400034,False,True,False,260,3.997246966381043,5.0,0.2326551526784896,-0.0880360081791877,0.8724184036254883,27,1500
more_demos,milk,gripper_slip,0,400027,False,True,False,260,7.023554545642697,35.0,0.1383514404296875,-0.10189700871706,0.8379378914833069,27,1500
more_demos,milk,gripper_slip,1,400028,False,True,False,260,9.922210754862558,43.0,0.1933693289756775,-0.1884808987379074,0.8808614611625671,27,1500
more_demos,milk,gripper_slip,2,400029,True,True,True,221,66.09988793146397,36.0,0.0278172362595796,0.0823269784450531,0.8877556324005127,27,1500
more_demos,milk,gripper_slip,3,400030,False,True,False,260,8.81583080640319,48.0,0.224189206957817,-0.2173383384943008,0.8808637261390686,27,1500
more_demos,milk,gripper_slip,4,400031,False,True,False,260,10.877997071879774,40.0,-0.0388225317001342,-0.054958913475275,0.8797109127044678,27,1500
more_demos,milk,gripper_slip,5,400032,False,True,False,260,9.857048529052218,42.0,0.0943781435489654,-0.3125121295452118,0.8808560371398926,27,1500
more_demos,milk,gripper_slip,6,400033,False,True,False,260,10.83534856707506,36.0,0.0442907810211181,-0.1260804831981659,0.8377705216407776,27,1500
more_demos,milk,gripper_slip,7,400034,False,True,False,260,8.993832750681683,48.0,0.1108268052339553,-0.1318691074848175,0.8379336595535278,27,1500
recovery_bc,milk,nominal,0,400027,True,False,False,75,24.557125191788277,,-0.0120300929993391,0.1233187019824981,0.8919224739074707,27,1500
recovery_bc,milk,nominal,1,400028,True,False,False,89,28.85250764588704,,-0.0150294732302427,0.139810711145401,0.8976134061813354,27,1500
recovery_bc,milk,nominal,2,400029,True,False,False,72,27.245825535707265,,-0.0015740069793537,0.1299395412206649,0.8934141397476196,27,1500
recovery_bc,milk,nominal,3,400030,True,False,False,99,29.874072201352273,,-0.0122220814228057,0.1483318358659744,0.8895480036735535,27,1500
recovery_bc,milk,nominal,4,400031,True,False,False,80,26.901766810599835,,-0.0208165794610977,0.143727034330368,0.8983153700828552,27,1500
recovery_bc,milk,nominal,5,400032,True,False,False,88,28.88192733523508,,-0.0085494639351964,0.1323286741971969,0.8950084447860718,27,1500
recovery_bc,milk,nominal,6,400033,True,False,False,69,25.362351770961993,,-0.0154880201444029,0.1385823190212249,0.8973433375358582,27,1500
recovery_bc,milk,nominal,7,400034,True,False,False,101,30.41688032777806,,-0.0172411240637302,0.1503699123859405,0.8907105326652527,27,1500
recovery_bc,milk,object_shift,0,400027,False,True,False,260,5.5353759492169194,14.0,0.0088320942595601,-0.1057023704051971,0.8808525204658508,27,1500
recovery_bc,milk,object_shift,1,400028,True,True,True,102,27.822813019433923,14.0,-0.0129024200141429,0.1292266547679901,0.8961054682731628,27,1500
recovery_bc,milk,object_shift,2,400029,False,True,False,260,7.112127913998617,14.0,-0.0587916150689125,-0.2039796411991119,0.8375474214553833,27,1500
recovery_bc,milk,object_shift,3,400030,True,True,True,98,26.789726092401427,14.0,-0.0120880203321576,0.1286565363407135,0.895719051361084,27,1500
recovery_bc,milk,object_shift,4,400031,False,True,False,260,5.943564545589556,14.0,0.0073105227202177,-0.1852302849292755,0.880955696105957,27,1500
recovery_bc,milk,object_shift,5,400032,True,True,True,99,30.02442325245268,14.0,-0.0171289686113595,0.154510036110878,0.8909875154495239,27,1500
recovery_bc,milk,object_shift,6,400033,True,True,True,87,17.07083979896372,14.0,-0.0145965786650776,0.1283722072839737,0.8909910917282104,27,1500
recovery_bc,milk,object_shift,7,400034,True,True,True,97,27.414792966428585,14.0,-0.0183421038091182,0.1476194411516189,0.8942921757698059,27,1500
recovery_bc,milk,action_noise,0,400027,True,True,True,69,21.663376976138384,8.0,-0.0212083607912063,0.1224046200513839,0.8913255929946899,27,1500
recovery_bc,milk,action_noise,1,400028,True,True,True,98,32.485704366388376,8.0,-0.0305254850536584,0.1504890918731689,0.8916267156600952,27,1500
recovery_bc,milk,action_noise,2,400029,True,True,True,74,27.71418399629358,8.0,0.0010053255828097,0.1470015347003936,0.8983646631240845,27,1500
recovery_bc,milk,action_noise,3,400030,True,True,True,104,33.05161386645767,8.0,0.0026075290516018,0.1828249394893646,0.8937013149261475,27,1500
recovery_bc,milk,action_noise,4,400031,False,True,False,260,10.27184516188216,8.0,0.0758086964488029,-0.2453300654888153,0.8375988006591797,27,1500
recovery_bc,milk,action_noise,5,400032,True,True,True,84,26.95023309564153,8.0,0.000541758374311,0.0991873666644096,0.895457923412323,27,1500
recovery_bc,milk,action_noise,6,400033,True,True,True,74,26.38621591202163,8.0,-0.0501687116920948,0.13571198284626,0.8878172039985657,27,1500
recovery_bc,milk,action_noise,7,400034,False,True,False,260,6.350101294743523,8.0,0.0929737389087677,-0.0898774191737175,0.8379336595535278,27,1500
recovery_bc,milk,action_delay,0,400027,False,True,False,260,30.91631946842783,3.0,0.00854217633605,0.3196901977062225,0.9235972762107848,27,1500
recovery_bc,milk,action_delay,1,400028,False,True,False,260,3.049963120426967,5.0,0.0408308021724224,-0.2007846236228943,0.8379326462745667,27,1500
recovery_bc,milk,action_delay,2,400029,False,True,False,260,6.3914256476766935,5.0,-0.0593793466687202,-0.1668249666690826,0.8836904168128967,27,1500
recovery_bc,milk,action_delay,3,400030,False,True,False,260,1.6648827619905298,3.0,0.0941532924771308,-0.2835747897624969,0.8379378914833069,27,1500
recovery_bc,milk,action_delay,4,400031,False,True,False,260,9.003404171873983,3.0,-0.0101746981963515,-0.1891920864582061,0.8937607407569885,27,1500
recovery_bc,milk,action_delay,5,400032,False,True,False,260,1.153319218074278,3.0,0.0052438480779528,-0.248628482222557,0.8379336595535278,27,1500
recovery_bc,milk,action_delay,6,400033,False,True,False,260,5.813976101881412,5.0,-0.0356395617127418,-0.136940985918045,0.8742676377296448,27,1500
recovery_bc,milk,action_delay,7,400034,False,True,False,260,2.388353805831146,5.0,0.0931251794099807,-0.0880332067608833,0.8379336595535278,27,1500
recovery_bc,milk,gripper_slip,0,400027,False,True,False,260,24.74489789551342,48.0,0.0394413396716117,0.0075852205045521,0.9192514419555664,27,1500
recovery_bc,milk,gripper_slip,1,400028,True,True,True,114,30.441250836153408,54.0,-0.0228743720799684,0.1204684004187583,0.8980382680892944,27,1500
recovery_bc,milk,gripper_slip,2,400029,False,True,False,260,16.6763213126772,39.0,0.0474540889263153,-0.1237002313137054,0.8379343748092651,27,1500
recovery_bc,milk,gripper_slip,3,400030,False,True,False,260,13.348507175507146,56.0,0.230388268828392,-0.2668823599815368,0.8721390962600708,27,1500
recovery_bc,milk,gripper_slip,4,400031,True,True,True,107,29.763131007702285,45.0,-0.0080003375187516,0.1353688836097717,0.8937400579452515,27,1500
recovery_bc,milk,gripper_slip,5,400032,True,True,True,122,33.91385246256878,49.0,-0.0273462254554033,0.1571002155542373,0.8990724682807922,27,1500
recovery_bc,milk,gripper_slip,6,400033,True,True,True,135,52.06903481648684,37.0,0.054029457271099,0.193193033337593,0.8822218775749207,27,1500
recovery_bc,milk,gripper_slip,7,400034,False,True,False,260,19.62048790545616,73.0,0.1189239472150802,-0.1502798944711685,0.8375330567359924,27,1500
contrastive_recovery,milk,nominal,0,400027,False,False,False,260,36.64969479435973,,0.218603178858757,-0.3149017691612243,0.8376471400260925,27,1500
contrastive_recovery,milk,nominal,1,400028,True,False,False,256,107.98598321265794,,0.0790309682488441,0.2588276863098144,0.8898559212684631,27,1500
contrastive_recovery,milk,nominal,2,400029,False,False,False,260,59.1836747859793,,0.2668894529342651,-0.2800991237163543,0.8865928649902344,27,1500
contrastive_recovery,milk,nominal,3,400030,False,False,False,260,82.58579898807523,,0.0331183560192585,0.4867348670959472,0.8783180713653564,27,1500
contrastive_recovery,milk,nominal,4,400031,True,False,False,79,26.133477479057373,,0.0324573554098606,0.0969939455389976,0.899954617023468,27,1500
contrastive_recovery,milk,nominal,5,400032,True,False,False,157,55.491415696529366,,-0.0210409518331289,0.1399930566549301,0.8890773057937622,27,1500
contrastive_recovery,milk,nominal,6,400033,True,False,False,69,25.12837031856327,,0.0517015196382999,0.0931474566459655,0.8951331973075867,27,1500
contrastive_recovery,milk,nominal,7,400034,False,False,False,260,69.81314731331929,,0.2430302053689956,-0.1594734340906143,0.8808515667915344,27,1500
contrastive_recovery,milk,object_shift,0,400027,False,True,False,260,2.065872125070401,14.0,0.0088320942595601,-0.1057023704051971,0.8808525204658508,27,1500
contrastive_recovery,milk,object_shift,1,400028,False,True,False,260,63.51107926155946,14.0,0.2376506924629211,-0.2294108569622039,0.8808583617210388,27,1500
contrastive_recovery,milk,object_shift,2,400029,False,True,False,260,2.780590171482074,14.0,8.005317795323208e-05,-0.1301898509263992,0.0198344588279724,27,1500
contrastive_recovery,milk,object_shift,3,400030,False,True,False,260,62.60019190431311,14.0,0.1462664604187011,-0.2559150755405426,0.8378911018371582,27,1500
contrastive_recovery,milk,object_shift,4,400031,False,True,False,260,4.194391018747324,14.0,0.0071934605948626,-0.1853092312812805,0.8808580040931702,27,1500
contrastive_recovery,milk,object_shift,5,400032,False,True,False,260,105.8912107536992,14.0,0.0778136923909187,0.2507482469081878,0.8819721341133118,27,1500
contrastive_recovery,milk,object_shift,6,400033,False,True,False,260,4.518859930918667,14.0,0.1939720213413238,-0.0999381244182586,0.8378691077232361,27,1500
contrastive_recovery,milk,object_shift,7,400034,False,True,False,260,64.49050498374608,14.0,0.237694963812828,-0.2088585942983627,0.88084876537323,27,1500
contrastive_recovery,milk,action_noise,0,400027,True,True,True,139,48.85832482874682,8.0,-0.0293569583445787,0.2436924278736114,0.8986440300941467,27,1500
contrastive_recovery,milk,action_noise,1,400028,True,True,True,97,33.237700310220674,8.0,-0.0297710075974464,0.1393439024686813,0.8899526596069336,27,1500
contrastive_recovery,milk,action_noise,2,400029,False,True,False,260,13.033229567638225,8.0,0.0699302479624748,-0.1272016167640686,0.8379336595535278,27,1500
contrastive_recovery,milk,action_noise,3,400030,True,True,True,102,31.12772624544276,8.0,0.0189618300646543,0.1304038166999817,0.8883408904075623,27,1500
contrastive_recovery,milk,action_noise,4,400031,True,True,True,77,24.97831915874932,8.0,-0.0155612118542194,0.1163133606314659,0.8922622203826904,27,1500
contrastive_recovery,milk,action_noise,5,400032,True,True,True,100,33.580186688408006,8.0,-0.0123421791940927,0.1383775323629379,0.887985348701477,27,1500
contrastive_recovery,milk,action_noise,6,400033,True,True,True,108,38.44954837941437,8.0,-0.0173011571168899,0.1327456682920456,0.8929860591888428,27,1500
contrastive_recovery,milk,action_noise,7,400034,True,True,True,126,40.05817612489527,8.0,-0.0466141551733017,0.2471261471509933,0.8890061378479004,27,1500
contrastive_recovery,milk,action_delay,0,400027,False,True,False,260,9.243473424912308,3.0,0.1859412640333175,-0.0769394859671592,0.8378936052322388,27,1500
contrastive_recovery,milk,action_delay,1,400028,False,True,False,260,1.6607857785333715,5.0,0.0412322394549846,-0.2005335241556167,0.8379336595535278,27,1500
contrastive_recovery,milk,action_delay,2,400029,False,True,False,260,4.402762119665408,5.0,-0.0570087321102619,-0.1634524017572403,0.882734477519989,27,1500
contrastive_recovery,milk,action_delay,3,400030,True,True,True,118,34.21006678858234,3.0,-0.0296899396926164,0.2217612117528915,0.8920701146125793,27,1500
contrastive_recovery,milk,action_delay,4,400031,False,True,False,260,1.120486516456665,3.0,-7.81852868385613e-05,-0.1933892369270324,0.8379403948783875,27,1500
contrastive_recovery,milk,action_delay,5,400032,False,True,False,260,3.2052681102010805,3.0,0.228068321943283,-0.2494823634624481,0.8704038262367249,27,1500
contrastive_recovery,milk,action_delay,6,400033,False,True,False,260,3.2163125049146415,5.0,-0.0382796078920364,-0.1456595957279205,0.8756538033485413,27,1500
contrastive_recovery,milk,action_delay,7,400034,False,True,False,260,2.450448492008738,5.0,0.0906355008482933,-0.0888145193457603,0.8379336595535278,27,1500
contrastive_recovery,milk,gripper_slip,0,400027,False,False,False,260,36.64969479435973,,0.218603178858757,-0.3149017691612243,0.8376471400260925,27,1500
contrastive_recovery,milk,gripper_slip,1,400028,False,True,False,260,37.39728758848829,123.0,0.2398815304040908,-0.2027661502361297,0.8808536529541016,27,1500
contrastive_recovery,milk,gripper_slip,2,400029,False,False,False,260,59.1836747859793,,0.2668894529342651,-0.2800991237163543,0.8865928649902344,27,1500
contrastive_recovery,milk,gripper_slip,3,400030,False,True,False,260,33.91307357152342,124.0,0.2356555759906768,-0.216171309351921,0.8808634281158447,27,1500
contrastive_recovery,milk,gripper_slip,4,400031,False,True,False,260,14.625696063346776,46.0,-0.0382462628185749,-0.2090532928705215,0.87568598985672,27,1500
contrastive_recovery,milk,gripper_slip,5,400032,False,True,False,260,34.46024000819748,114.0,0.1928202211856842,-0.3360178172588348,0.8829728364944458,27,1500
contrastive_recovery,milk,gripper_slip,6,400033,False,True,False,260,12.021183859499464,38.0,0.156890869140625,-0.1186199784278869,0.0198343321681022,27,1500
contrastive_recovery,milk,gripper_slip,7,400034,False,False,False,260,69.81314731331929,,0.2430302053689956,-0.1594734340906143,0.8808515667915344,27,1500
more_demos,bread,nominal,0,400027,True,False,False,116,43.990083949176146,,0.1928333342075348,0.1518844068050384,0.8421939015388489,27,1500
more_demos,bread,nominal,1,400028,True,False,False,125,43.25654951581229,,0.1756405085325241,0.1591363847255706,0.8421670198440552,27,1500
more_demos,bread,nominal,2,400029,False,False,False,260,6.925172791325273,,0.092830590903759,-0.1016644090414047,0.8421903252601624,27,1500
more_demos,bread,nominal,3,400030,True,False,False,113,41.38808054978216,,0.1748716980218887,0.1513990610837936,0.8421720862388611,27,1500
more_demos,bread,nominal,4,400031,True,False,False,143,48.9518204775196,,0.1742096692323684,0.1476131975650787,0.8421670198440552,27,1500
more_demos,bread,nominal,5,400032,True,False,False,130,45.53913460544006,,0.188176542520523,0.137936070561409,0.842194676399231,27,1500
more_demos,bread,nominal,6,400033,True,False,False,135,48.33890761179449,,0.184430256485939,0.1560311317443847,0.8421855568885803,27,1500
more_demos,bread,nominal,7,400034,True,False,False,113,42.81145820543448,,0.1830302625894546,0.1459937542676925,0.8421645760536194,27,1500
more_demos,bread,object_shift,0,400027,True,True,True,122,46.26538089223798,14.0,0.1810143440961837,0.1499515920877456,0.8422077894210815,27,1500
more_demos,bread,object_shift,1,400028,True,True,True,150,45.732274587591306,14.0,0.1825316250324249,0.1049145683646202,0.8484932780265808,27,1500
more_demos,bread,object_shift,2,400029,False,True,False,260,4.039796725338637,14.0,-0.0101149221882224,-0.0999369993805885,0.8421643376350403,27,1500
more_demos,bread,object_shift,3,400030,True,True,True,139,43.0221861944676,14.0,0.1768261194229126,0.1340217292308807,0.8421919941902161,27,1500
more_demos,bread,object_shift,4,400031,True,True,True,119,43.85466415913223,14.0,0.1691866368055343,0.1616338044404983,0.8421645760536194,27,1500
more_demos,bread,object_shift,5,400032,False,True,False,260,6.7488138032651745,14.0,0.0021615680307149,-0.4397371411323547,0.8421908617019653,27,1500
more_demos,bread,object_shift,6,400033,True,True,True,121,42.960607966042886,14.0,0.176769345998764,0.1575943082571029,0.8422163724899292,27,1500
more_demos,bread,object_shift,7,400034,True,True,True,127,44.842584565874915,14.0,0.1688708662986755,0.1620386987924575,0.8421713709831238,27,1500
more_demos,bread,action_noise,0,400027,True,True,True,112,39.25484703738272,8.0,0.1731944233179092,0.0929569229483604,0.842198371887207,27,1500
more_demos,bread,action_noise,1,400028,True,True,True,130,42.74811093719042,8.0,0.1850610077381134,0.1057406291365623,0.8421919345855713,27,1500
more_demos,bread,action_noise,2,400029,False,True,False,260,6.063678215719454,8.0,0.0671043917536735,-0.0983738675713539,0.8421630859375,27,1500
more_demos,bread,action_noise,3,400030,False,True,False,260,6.342114285508892,8.0,0.1317648440599441,-0.1853214651346206,0.8421919941902161,27,1500
more_demos,bread,action_noise,4,400031,True,True,True,110,35.245697252300424,8.0,0.1620086133480072,0.12505404651165,0.8421903252601624,27,1500
more_demos,bread,action_noise,5,400032,True,True,True,143,43.07952005911133,8.0,0.1898097693920135,0.1402428299188614,0.84218829870224,27,1500
more_demos,bread,action_noise,6,400033,True,True,True,119,37.77219677563983,8.0,0.1899918913841247,0.1449231803417205,0.8420865535736084,27,1500
more_demos,bread,action_noise,7,400034,True,True,True,119,45.533426261254334,8.0,0.1786773800849914,0.1684415638446808,0.8421903252601624,27,1500
more_demos,bread,action_delay,0,400027,False,True,False,260,4.471318802011031,3.0,-0.0334717817604541,-0.2521094083786011,0.8421904444694519,27,1500
more_demos,bread,action_delay,1,400028,False,True,False,260,3.5378267499959315,5.0,0.163599744439125,-0.3676549792289734,0.8421919941902161,27,1500
more_demos,bread,action_delay,2,400029,True,True,True,102,31.128770753538184,5.0,0.2448516637086868,0.1709401458501815,0.8612238764762878,27,1500
more_demos,bread,action_delay,3,400030,True,True,True,257,115.4472518108376,3.0,0.1551585793495178,0.2364833652973175,0.8437575101852417,27,1500
more_demos,bread,action_delay,4,400031,False,True,False,260,3.359338355008286,3.0,0.251000702381134,-0.2834437191486358,0.834570586681366,27,1500
more_demos,bread,action_delay,5,400032,False,True,False,260,5.323759296135611,3.0,0.0100497873499989,-0.3794372975826263,0.8421670198440552,27,1500
more_demos,bread,action_delay,6,400033,False,True,False,260,55.40150100900687,5.0,0.1668731868267059,0.4803082644939422,0.8421934843063354,27,1500
more_demos,bread,action_delay,7,400034,False,True,False,260,3.042483294410407,5.0,0.0842975676059722,-0.2439565956592559,0.8421940803527832,27,1500
more_demos,bread,gripper_slip,0,400027,True,True,True,169,44.96526306930134,50.0,0.1908886879682541,0.1391648054122924,0.8421812057495117,27,1500
more_demos,bread,gripper_slip,1,400028,False,True,False,260,10.696135820223098,54.0,0.2542699575424194,-0.2986158430576324,0.8421720862388611,27,1500
more_demos,bread,gripper_slip,2,400029,False,False,False,260,6.925172791325273,,0.092830590903759,-0.1016644090414047,0.8421903252601624,27,1500
more_demos,bread,gripper_slip,3,400030,False,True,False,260,11.9855483150254,54.0,0.2646861970424652,-0.0617196448147296,0.8421846628189087,27,1500
more_demos,bread,gripper_slip,4,400031,False,True,False,260,16.493303442827404,78.0,0.2086414247751236,-0.2495090514421463,0.8421908617019653,27,1500
more_demos,bread,gripper_slip,5,400032,False,True,False,260,9.61884376944368,55.0,0.0088237095624208,-0.429849624633789,0.8421693444252014,27,1500
more_demos,bread,gripper_slip,6,400033,True,True,True,230,58.40963341545846,60.0,0.1869483292102813,0.2010632902383804,0.8433476090431213,27,1500
more_demos,bread,gripper_slip,7,400034,False,True,False,260,13.008906095561178,47.0,0.1336406618356704,-0.2963664829730987,0.8421911597251892,27,1500
recovery_bc,bread,nominal,0,400027,True,False,False,116,41.92848948945251,,0.2093961387872696,0.1391144394874572,0.8421908617019653,27,1500
recovery_bc,bread,nominal,1,400028,True,False,False,132,45.39260763690317,,0.1896525472402572,0.1462479531764984,0.8421910405158997,27,1500
recovery_bc,bread,nominal,2,400029,False,False,False,260,12.090439903151257,,0.1283647269010543,-0.0914990752935409,0.8425466418266296,27,1500
recovery_bc,bread,nominal,3,400030,True,False,False,119,42.82751560435913,,0.1910174340009689,0.141324982047081,0.8421772718429565,27,1500
recovery_bc,bread,nominal,4,400031,False,False,False,260,80.07899465575062,,0.2564441561698913,0.0340104922652244,0.9321250319480896,27,1500
recovery_bc,bread,nominal,5,400032,True,False,False,131,45.41030894035751,,0.1969082504510879,0.138110727071762,0.8421635031700134,27,1500
recovery_bc,bread,nominal,6,400033,True,False,False,138,48.07527687712086,,0.2043645530939102,0.135459691286087,0.8421699404716492,27,1500
recovery_bc,bread,nominal,7,400034,True,False,False,114,41.50441545752706,,0.1947573870420456,0.1359058916568756,0.8421908020973206,27,1500
recovery_bc,bread,object_shift,0,400027,True,True,True,128,48.85114599506682,14.0,0.1936980485916137,0.1469583809375763,0.8421919941902161,27,1500
recovery_bc,bread,object_shift,1,400028,False,True,False,260,28.02049419329667,14.0,0.2643772959709167,-0.3434832394123077,0.8421904444694519,27,1500
recovery_bc,bread,object_shift,2,400029,False,True,False,260,9.085729767736732,14.0,-0.0101149221882224,-0.0999369993805885,0.8421643376350403,27,1500
recovery_bc,bread,object_shift,3,400030,False,True,False,260,70.06269098068908,14.0,0.2593391537666321,-0.0953278392553329,0.9738724231719972,27,1500
recovery_bc,bread,object_shift,4,400031,True,True,True,132,48.9671726917611,14.0,0.18355093896389,0.1463983952999115,0.8421699404716492,27,1500
recovery_bc,bread,object_shift,5,400032,False,True,False,260,10.347562626208775,14.0,0.0317846499383449,-0.4293088316917419,0.8422015905380249,27,1500
recovery_bc,bread,object_shift,6,400033,True,True,True,125,44.47857944943616,14.0,0.1922829747200012,0.1407686173915863,0.8421904444694519,27,1500
recovery_bc,bread,object_shift,7,400034,True,True,True,131,46.61577048850021,14.0,0.1855604648590088,0.1469377428293228,0.842136561870575,27,1500
recovery_bc,bread,action_noise,0,400027,True,True,True,110,36.76601329984598,8.0,0.1886838376522064,0.0868323370814323,0.8541498780250549,27,1500
recovery_bc,bread,action_noise,1,400028,True,True,True,131,42.61589311020601,8.0,0.1959392428398132,0.0981121063232421,0.8421698808670044,27,1500
recovery_bc,bread,action_noise,2,400029,False,True,False,260,19.33403483424939,8.0,0.1247803345322609,-0.0867265462875366,0.8421874046325684,27,1500
recovery_bc,bread,action_noise,3,400030,True,True,True,175,32.40095756647591,8.0,0.197879284620285,0.1180881112813949,0.8450624346733093,27,1500
recovery_bc,bread,action_noise,4,400031,True,True,True,110,35.90770208817181,8.0,0.174025148153305,0.1218709796667099,0.8421904444694519,27,1500
recovery_bc,bread,action_noise,5,400032,True,True,True,134,43.6970421395332,8.0,0.2100960463285446,0.1060435101389885,0.8421652317047119,27,1500
recovery_bc,bread,action_noise,6,400033,True,True,True,122,38.707522379657,8.0,0.1917222589254379,0.1183928027749061,0.8461087942123413,27,1500
recovery_bc,bread,action_noise,7,400034,True,True,True,119,45.99151095020238,8.0,0.1867609918117523,0.168765515089035,0.8421952128410339,27,1500
recovery_bc,bread,action_delay,0,400027,True,True,True,160,57.8105106909023,3.0,0.1659148335456848,0.2167415022850036,0.8386282920837402,27,1500
recovery_bc,bread,action_delay,1,400028,False,True,False,260,51.84151533508445,5.0,0.2282702773809433,0.3863035142421722,0.8421908617019653,27,1500
recovery_bc,bread,action_delay,2,400029,True,True,True,196,43.203707377661665,5.0,0.236971378326416,0.1573961675167083,0.8645448088645935,27,1500
recovery_bc,bread,action_delay,3,400030,False,True,False,260,45.81117128919539,3.0,0.1851888000965118,0.3123461008071899,0.8421720862388611,27,1500
recovery_bc,bread,action_delay,4,400031,True,True,True,254,91.26468913107894,3.0,0.1722399294376373,0.1230503842234611,0.8421860933303833,27,1500
recovery_bc,bread,action_delay,5,400032,True,True,True,184,70.6542210266231,3.0,0.1877586841583252,0.1619076132774353,0.8421919941902161,27,1500
recovery_bc,bread,action_delay,6,400033,False,True,False,260,3.6697130842418018,5.0,-0.017570536583662,-0.3560628890991211,0.8421908617019653,27,1500
recovery_bc,bread,action_delay,7,400034,False,True,False,260,70.80983623951371,5.0,0.2007944732904434,0.4545313119888305,0.8421908617019653,27,1500
recovery_bc,bread,gripper_slip,0,400027,True,True,True,150,47.28284188933636,54.0,0.1842925250530243,0.1417332291603088,0.8422090411186218,27,1500
recovery_bc,bread,gripper_slip,1,400028,False,True,False,260,19.483641700965048,61.0,0.2580735683441162,-0.3062416911125183,0.8425357341766357,27,1500
recovery_bc,bread,gripper_slip,2,400029,False,False,False,260,12.090439903151257,,0.1283647269010543,-0.0914990752935409,0.8425466418266296,27,1500
recovery_bc,bread,gripper_slip,3,400030,False,True,False,260,21.723032786461932,62.0,0.2380352020263672,-0.0948232188820838,0.8425180315971375,27,1500
recovery_bc,bread,gripper_slip,4,400031,False,True,False,260,15.017371873829935,66.0,0.170579195022583,-0.2201763540506363,0.8421713709831238,27,1500
recovery_bc,bread,gripper_slip,5,400032,False,True,False,260,17.239676069319366,58.0,0.0373999923467636,-0.3715158402919769,0.8516538143157959,27,1500
recovery_bc,bread,gripper_slip,6,400033,False,True,False,260,19.54195515758781,67.0,0.0460625998675823,-0.2521904706954956,0.8421976566314697,27,1500
recovery_bc,bread,gripper_slip,7,400034,True,True,True,153,49.94006607270159,53.0,0.1730842441320419,0.1473585218191146,0.8421670198440552,27,1500
contrastive_recovery,bread,nominal,0,400027,False,False,False,260,93.8209203604666,,0.0744799226522445,0.1210187003016471,0.9653024673461914,27,1500
contrastive_recovery,bread,nominal,1,400028,True,False,False,164,52.51350613228795,,0.164796382188797,0.1083930656313896,0.8503395318984985,27,1500
contrastive_recovery,bread,nominal,2,400029,False,False,False,260,2.281303395815746,,0.0780161470174789,-0.0906031504273414,0.8421919941902161,27,1500
contrastive_recovery,bread,nominal,3,400030,False,False,False,260,100.03057398235546,,0.0792177990078926,0.1889976263046264,0.9166576266288756,27,1500
contrastive_recovery,bread,nominal,4,400031,True,False,False,174,54.642399977674245,,0.1576480120420456,0.1000196039676666,0.8616104125976562,27,1500
contrastive_recovery,bread,nominal,5,400032,True,False,False,133,43.358479157887984,,0.1796231567859649,0.112798623740673,0.8421794176101685,27,1500
contrastive_recovery,bread,nominal,6,400033,True,False,False,179,60.251819581162735,,0.1402785629034042,0.1254480928182602,0.8974526524543762,27,1500
contrastive_recovery,bread,nominal,7,400034,True,False,False,116,41.93015324088291,,0.1697672009468078,0.1536348015069961,0.8421899676322937,27,1500
contrastive_recovery,bread,object_shift,0,400027,False,True,False,260,92.4316202521404,14.0,0.045275755226612,0.1274702399969101,0.9699306488037108,27,1500
contrastive_recovery,bread,object_shift,1,400028,False,True,False,260,19.105172594525307,14.0,0.0793400034308433,-0.4548303484916687,0.8421720862388611,27,1500
contrastive_recovery,bread,object_shift,2,400029,False,True,False,260,12.76326777837646,14.0,-0.0145258558914065,-0.0691229477524757,0.8421893119812012,27,1500
contrastive_recovery,bread,object_shift,3,400030,False,True,False,260,8.469320072689762,14.0,0.1964899152517318,-0.1033065840601921,0.8421684503555298,27,1500
contrastive_recovery,bread,object_shift,4,400031,True,True,True,142,46.33127590922169,14.0,0.151463970541954,0.1130733117461204,0.8580528497695923,27,1500
contrastive_recovery,bread,object_shift,5,400032,False,True,False,260,86.76737989793182,14.0,0.0565815232694149,-0.0082984659820795,0.9328693747520448,27,1500
contrastive_recovery,bread,object_shift,6,400033,True,True,True,141,46.82285373873497,14.0,0.174305647611618,0.1178084686398506,0.8422075510025024,27,1500
contrastive_recovery,bread,object_shift,7,400034,True,True,True,174,55.05212936867724,14.0,0.1774565279483795,0.0963959991931915,0.8550438284873962,27,1500
contrastive_recovery,bread,action_noise,0,400027,True,True,True,117,40.76877694472531,8.0,0.1907103210687637,0.0850381106138229,0.8421992659568787,27,1500
contrastive_recovery,bread,action_noise,1,400028,True,True,True,172,55.226070795569534,8.0,0.1783297955989837,0.120053730905056,0.850730299949646,27,1500
contrastive_recovery,bread,action_noise,2,400029,True,True,True,104,36.683378857706,8.0,0.1548939943313598,0.1279230117797851,0.8421915769577026,27,1500
contrastive_recovery,bread,action_noise,3,400030,False,True,False,260,2.7723513231522836,8.0,0.1442794650793075,-0.1757891774177551,0.8421670198440552,27,1500
contrastive_recovery,bread,action_noise,4,400031,False,True,False,260,10.84099590591096,8.0,0.2276504337787628,-0.2564422190189361,0.8421949148178101,27,1500
contrastive_recovery,bread,action_noise,5,400032,True,True,True,120,36.44078738571694,8.0,0.2087853103876114,0.0872552618384361,0.8419550061225891,27,1500
contrastive_recovery,bread,action_noise,6,400033,True,True,True,109,30.88834075193365,8.0,0.154791921377182,0.0944191738963127,0.8894410729408264,27,1500
contrastive_recovery,bread,action_noise,7,400034,True,True,True,112,40.13863064766082,8.0,0.1576390117406845,0.1721336394548416,0.8421944379806519,27,1500
contrastive_recovery,bread,action_delay,0,400027,True,True,True,182,39.52510248383849,3.0,0.1595318019390106,0.1486246585845947,0.884013831615448,27,1500
contrastive_recovery,bread,action_delay,1,400028,True,True,True,215,65.5982797832496,5.0,0.1392284333705902,0.1422479152679443,0.8997018337249756,27,1500
contrastive_recovery,bread,action_delay,2,400029,False,True,False,260,81.19250941103263,5.0,0.1806734055280685,-0.0221346262842416,0.922480285167694,27,1500
contrastive_recovery,bread,action_delay,3,400030,True,True,True,195,61.94580414672641,3.0,0.1457450985908508,0.1242331936955452,0.8810608386993408,27,1500
contrastive_recovery,bread,action_delay,4,400031,False,True,False,260,49.82705480970524,3.0,0.2184453606605529,-0.2488211989402771,0.8421907424926758,27,1500
contrastive_recovery,bread,action_delay,5,400032,True,True,True,179,50.71646416744531,3.0,0.1618532985448837,0.1503244340419769,0.8454474806785583,27,1500
contrastive_recovery,bread,action_delay,6,400033,False,True,False,260,9.251299972943322,5.0,-0.0056395409628748,-0.3496486842632293,0.842540442943573,27,1500
contrastive_recovery,bread,action_delay,7,400034,False,True,False,260,75.27159104304802,5.0,0.0595666915178298,0.1954835206270218,0.9850919246673584,27,1500
contrastive_recovery,bread,gripper_slip,0,400027,False,True,False,260,28.242741705272817,106.0,-0.3304666578769684,-0.3537104427814483,0.3411720991134643,27,1500
contrastive_recovery,bread,gripper_slip,1,400028,False,True,False,260,18.073695700637757,67.0,0.2407765090465545,-0.3645498156547546,0.8421919941902161,27,1500
contrastive_recovery,bread,gripper_slip,2,400029,False,False,False,260,2.281303395815746,,0.0780161470174789,-0.0906031504273414,0.8421919941902161,27,1500
contrastive_recovery,bread,gripper_slip,3,400030,False,True,False,260,15.1457200206841,58.0,0.2324791103601455,-0.140162706375122,0.8421738743782043,27,1500
contrastive_recovery,bread,gripper_slip,4,400031,False,True,False,260,34.18562741335287,121.0,0.2036845535039901,-0.2536769211292267,0.8421844840049744,27,1500
contrastive_recovery,bread,gripper_slip,5,400032,False,True,False,260,17.61917969372764,62.0,0.0259940512478351,-0.4167596697807312,0.8386262059211731,27,1500
contrastive_recovery,bread,gripper_slip,6,400033,False,True,False,260,30.09006594346221,102.0,0.0250803604722023,-0.3154119849205017,0.8421895503997803,27,1500
contrastive_recovery,bread,gripper_slip,7,400034,False,True,False,260,89.8847670290888,51.0,0.1715703308582306,0.0870681032538414,0.973947286605835,27,1500
more_demos,cereal,nominal,0,400027,True,False,False,108,40.53320359644387,,-0.01483307313174,0.3737995624542236,0.8958439230918884,27,1500
more_demos,cereal,nominal,1,400028,True,False,False,107,34.75891063731287,,-0.0164566002786159,0.400905430316925,0.8997917175292969,27,1500
more_demos,cereal,nominal,2,400029,True,False,False,130,44.463369967884105,,-0.0096298959106206,0.3940741419792175,0.8967969417572021,27,1500
more_demos,cereal,nominal,3,400030,True,False,False,109,41.02069085559667,,-0.014753857627511,0.3785290122032165,0.8970732092857361,27,1500
more_demos,cereal,nominal,4,400031,True,False,False,113,42.28011679941113,,-0.0118154864758253,0.3994670212268829,0.8968665599822998,27,1500
more_demos,cereal,nominal,5,400032,True,False,False,116,37.958778310999165,,-0.0210591647773981,0.402006059885025,0.8974705338478088,27,1500
more_demos,cereal,nominal,6,400033,True,False,False,112,39.84107063593171,,-0.0140029080212116,0.3724785447120666,0.8951908349990845,27,1500
more_demos,cereal,nominal,7,400034,True,False,False,111,37.475979375096955,,-0.0212058443576097,0.3835367858409881,0.8993597030639648,27,1500
more_demos,cereal,object_shift,0,400027,False,True,False,260,45.16063509338923,14.0,-0.4844600856304168,0.5153118371963501,0.0499734282493591,27,1500
more_demos,cereal,object_shift,1,400028,False,True,False,260,2.682056037049958,14.0,0.2396490722894668,-0.2329637259244918,0.8946298360824585,27,1500
more_demos,cereal,object_shift,2,400029,True,True,True,112,38.58164497609904,14.0,-0.0322371385991573,0.3975308239459991,0.8979913592338562,27,1500
more_demos,cereal,object_shift,3,400030,False,True,False,260,1.9851826888044024,14.0,0.1477108001708984,-0.2303804457187652,0.8307421803474426,27,1500
more_demos,cereal,object_shift,4,400031,True,True,True,110,38.15469205162346,14.0,-0.0390535928308963,0.3676173090934753,0.8988863229751587,27,1500
more_demos,cereal,object_shift,5,400032,True,True,True,129,42.19455636092697,14.0,-0.0355177745223045,0.4043070673942566,0.8993373513221741,27,1500
more_demos,cereal,object_shift,6,400033,False,True,False,260,2.456831147101598,14.0,0.2263503968715667,-0.1768618524074554,0.8946307897567749,27,1500
more_demos,cereal,object_shift,7,400034,False,True,False,260,2.574347405157909,14.0,0.2379222363233566,-0.3169816136360168,0.8946306109428406,27,1500
more_demos,cereal,action_noise,0,400027,True,True,True,111,41.37421808940485,8.0,-0.0318701900541782,0.3548049926757812,0.8939170837402344,27,1500
more_demos,cereal,action_noise,1,400028,True,True,True,107,34.0593323731953,8.0,-0.0349065884947776,0.3998604714870453,0.8968893885612488,27,1500
more_demos,cereal,action_noise,2,400029,True,True,True,123,40.16789538614792,8.0,-0.0144882043823599,0.367178738117218,0.8974025845527649,27,1500
more_demos,cereal,action_noise,3,400030,False,True,False,260,2.0291354217761737,8.0,0.0910523757338523,-0.3224430382251739,0.8308033347129822,27,1500
more_demos,cereal,action_noise,4,400031,True,True,True,109,39.72885044061818,8.0,-0.0288620814681053,0.3957274556159973,0.8959103226661682,27,1500
more_demos,cereal,action_noise,5,400032,False,True,False,260,1.657979427988942,8.0,0.1891034543514251,-0.2435736358165741,0.8307477235794067,27,1500
more_demos,cereal,action_noise,6,400033,True,True,True,104,35.645137636081,8.0,-0.0052708406001329,0.3791741132736206,0.8979179859161377,27,1500
more_demos,cereal,action_noise,7,400034,False,True,False,260,2.0624893763027146,8.0,0.1869209259748459,-0.3407528698444366,0.8307610750198364,27,1500
more_demos,cereal,action_delay,0,400027,False,True,False,260,2.1477785943170957,3.0,0.0967918783426284,-0.3189090490341186,0.8307660818099976,27,1500
more_demos,cereal,action_delay,1,400028,False,True,False,260,1.8128664597675643,5.0,0.18915955722332,-0.3457097709178924,0.8307327628135681,27,1500
more_demos,cereal,action_delay,2,400029,False,True,False,260,2.412102653095998,5.0,0.1365327090024948,-0.4434260129928589,0.880046546459198,27,1500
more_demos,cereal,action_delay,3,400030,False,True,False,260,1.5731246545124595,3.0,0.0914367362856864,-0.2285544723272323,0.8946291208267212,27,1500
more_demos,cereal,action_delay,4,400031,False,True,False,260,2.2140418052001527,3.0,0.0314684510231018,-0.413349449634552,0.8500863909721375,27,1500
more_demos,cereal,action_delay,5,400032,False,True,False,260,2.271336032055464,3.0,0.1916554272174835,-0.41169074177742,0.8307661414146423,27,1500
more_demos,cereal,action_delay,6,400033,False,True,False,260,2.033888511107951,5.0,0.1509858667850494,-0.3185811340808868,0.8307472467422485,27,1500
more_demos,cereal,action_delay,7,400034,False,True,False,260,2.208769859570232,5.0,0.1875744462013244,-0.1575171053409576,0.8307843804359436,27,1500
more_demos,cereal,gripper_slip,0,400027,False,True,False,260,8.243157883455035,43.0,0.028944794088602,-0.234324961900711,0.8946304321289062,27,1500
more_demos,cereal,gripper_slip,1,400028,False,True,False,260,5.16997729656568,44.0,0.2348099648952484,-0.2394804805517196,0.8946292400360107,27,1500
more_demos,cereal,gripper_slip,2,400029,False,True,False,260,6.818919333314619,53.0,0.0547615401446819,-0.3497985303401947,0.8946419954299927,27,1500
more_demos,cereal,gripper_slip,3,400030,False,True,False,260,8.726221372235248,44.0,0.1279257535934448,-0.1660598069429397,0.8946250081062317,27,1500
more_demos,cereal,gripper_slip,4,400031,False,True,False,260,7.840768222802105,45.0,-0.0173765383660793,-0.3653922975063324,0.830737292766571,27,1500
more_demos,cereal,gripper_slip,5,400032,False,True,False,260,5.21314493244242,46.0,0.1842443346977234,-0.4070762991905212,0.8946462273597717,27,1500
more_demos,cereal,gripper_slip,6,400033,False,True,False,260,8.1197825757494,47.0,0.1992770731449127,-0.1874176859855651,0.8946346640586853,27,1500
more_demos,cereal,gripper_slip,7,400034,False,True,False,260,6.148313706733044,46.0,0.2166051119565963,-0.2961899638175964,0.8946366310119629,27,1500
recovery_bc,cereal,nominal,0,400027,True,False,False,110,41.45005060162929,,-0.0154523830860853,0.378607302904129,0.8969531655311584,27,1500
recovery_bc,cereal,nominal,1,400028,True,False,False,120,41.686038278546064,,-0.0163919944316148,0.3922570347785949,0.8989804983139038,27,1500
recovery_bc,cereal,nominal,2,400029,True,False,False,133,46.40316716147552,,-0.0104138124734163,0.394966185092926,0.8962560296058655,27,1500
recovery_bc,cereal,nominal,3,400030,True,False,False,112,42.48520258791077,,-0.0160734541714191,0.4068200588226318,0.8957419991493225,27,1500
recovery_bc,cereal,nominal,4,400031,True,False,False,116,43.524613627358825,,-0.0138927185907959,0.4002246558666229,0.8960893154144287,27,1500
recovery_bc,cereal,nominal,5,400032,True,False,False,129,44.640924935495576,,-0.01371362619102,0.3759586811065674,0.8956664204597473,27,1500
recovery_bc,cereal,nominal,6,400033,True,False,False,115,41.45734418318557,,-0.017644990235567,0.3875599205493927,0.8980449438095093,27,1500
recovery_bc,cereal,nominal,7,400034,True,False,False,120,41.810903399735906,,-0.0141656743362545,0.3898370862007141,0.8957468867301941,27,1500
recovery_bc,cereal,object_shift,0,400027,False,True,False,260,40.38274840734721,14.0,-0.0950540900230407,0.6829062104225159,0.0149671640247106,27,1500
recovery_bc,cereal,object_shift,1,400028,True,True,True,122,40.10343648702618,14.0,-0.0224508605897426,0.3883056938648224,0.8942044973373413,27,1500
recovery_bc,cereal,object_shift,2,400029,True,True,True,119,43.449443414787666,14.0,-0.0199978053569793,0.3723758161067962,0.8984223008155823,27,1500
recovery_bc,cereal,object_shift,3,400030,False,True,False,260,1.139942586790846,14.0,0.1464057862758636,-0.0715871527791023,0.875212550163269,27,1500
recovery_bc,cereal,object_shift,4,400031,False,True,False,260,1.2819927424783129,14.0,-0.0339878275990486,-0.2673661410808563,0.8946357369422913,27,1500
recovery_bc,cereal,object_shift,5,400032,True,True,True,139,46.43845282139498,14.0,-0.0185061637312173,0.3796049356460571,0.8994355201721191,27,1500
recovery_bc,cereal,object_shift,6,400033,True,True,True,118,39.30062090825635,14.0,-0.0169383902102708,0.4034247100353241,0.894483745098114,27,1500
recovery_bc,cereal,object_shift,7,400034,True,True,True,129,43.129637870688256,14.0,-0.0252019893378019,0.4082722067832947,0.8946503400802612,27,1500
recovery_bc,cereal,action_noise,0,400027,True,True,True,107,38.963174720775875,8.0,-0.0379857569932937,0.3778480589389801,0.8970980644226074,27,1500
recovery_bc,cereal,action_noise,1,400028,True,True,True,117,39.19386768751834,8.0,-0.026631636545062,0.376095563173294,0.8998484015464783,27,1500
recovery_bc,cereal,action_noise,2,400029,True,True,True,131,41.89312869651058,8.0,-0.0171825941652059,0.3552570044994354,0.8950307965278625,27,1500
recovery_bc,cereal,action_noise,3,400030,True,True,True,112,20.59732077268668,8.0,-0.0079335030168294,0.3483578562736511,0.8959600329399109,27,1500
recovery_bc,cereal,action_noise,4,400031,True,True,True,112,40.648782871052106,8.0,-0.0269997678697109,0.4029831290245056,0.8993942737579346,27,1500
recovery_bc,cereal,action_noise,5,400032,True,True,True,141,49.487255310101744,8.0,0.0010282879229635,0.398213654756546,0.8998072743415833,27,1500
recovery_bc,cereal,action_noise,6,400033,True,True,True,108,36.854219247990265,8.0,0.0058795497752726,0.363422691822052,0.8977380394935608,27,1500
recovery_bc,cereal,action_noise,7,400034,True,True,True,114,37.04342789796887,8.0,-0.0126889208331704,0.4018102884292602,0.8952042460441589,27,1500
recovery_bc,cereal,action_delay,0,400027,False,True,False,260,1.9369527882971849,3.0,0.0958022996783256,-0.2256047427654266,0.894630491733551,27,1500
recovery_bc,cereal,action_delay,1,400028,False,True,False,260,1.4268757629874251,5.0,0.1880260854959488,-0.3459924459457397,0.8307472467422485,27,1500
recovery_bc,cereal,action_delay,2,400029,False,True,False,260,2.810844570454067,5.0,0.1302404403686523,-0.4480820000171661,0.8818708062171936,27,1500
recovery_bc,cereal,action_delay,3,400030,False,True,False,260,1.5579931378750145,3.0,0.0907589942216873,-0.2292152196168899,0.8946309685707092,27,1500
recovery_bc,cereal,action_delay,4,400031,True,True,True,135,46.32398794726344,3.0,-0.0135060017928481,0.4203602075576782,0.8961291909217834,27,1500
recovery_bc,cereal,action_delay,5,400032,False,True,False,260,1.9569343124030385,3.0,0.1910285055637359,-0.3410595059394836,0.8946371674537659,27,1500
recovery_bc,cereal,action_delay,6,400033,False,True,False,260,2.422417775340455,5.0,0.1478622406721115,-0.2240220010280609,0.8946371078491211,27,1500
recovery_bc,cereal,action_delay,7,400034,False,True,False,260,2.043429367303432,5.0,0.1842836290597915,-0.2473187744617462,0.8950014710426331,27,1500
recovery_bc,cereal,gripper_slip,0,400027,True,True,True,132,20.084559405950035,45.0,-0.0023313323035836,0.3300957381725311,0.8963072299957275,27,1500
recovery_bc,cereal,gripper_slip,1,400028,True,True,True,148,19.773156222715308,53.0,0.0219858977943658,0.3353724181652069,0.8962062001228333,27,1500
recovery_bc,cereal,gripper_slip,2,400029,True,True,True,155,19.386981796105182,56.0,0.0093668205663561,0.3313581049442291,0.8994265794754028,27,1500
recovery_bc,cereal,gripper_slip,3,400030,True,True,True,129,34.73876237984872,47.0,0.0067431423813104,0.3325884342193603,0.8992416858673096,27,1500
recovery_bc,cereal,gripper_slip,4,400031,True,True,True,151,47.52950781838253,48.0,0.0204710327088832,0.3988116979598999,0.9001576900482178,27,1500
recovery_bc,cereal,gripper_slip,5,400032,True,True,True,160,44.72125527555093,55.0,0.0005349445855244,0.3412809073925018,0.8984182476997375,27,1500
recovery_bc,cereal,gripper_slip,6,400033,True,True,True,142,40.24575544017558,50.0,-0.0034795335959643,0.4005416929721832,0.898419201374054,27,1500
recovery_bc,cereal,gripper_slip,7,400034,False,True,False,260,8.840785163046423,53.0,0.2090349942445755,-0.1999539732933044,0.8307271003723145,27,1500
contrastive_recovery,cereal,nominal,0,400027,False,False,False,260,12.110780650299189,,0.1243923157453537,-0.2163298577070236,0.8946316242218018,27,1500
contrastive_recovery,cereal,nominal,1,400028,True,False,False,180,60.762843358466455,,0.0007995047490112,0.455253005027771,0.8967342376708984,27,1500
contrastive_recovery,cereal,nominal,2,400029,True,False,False,175,55.52990051074756,,-0.0218623261898756,0.3923520445823669,0.8944994211196899,27,1500
contrastive_recovery,cereal,nominal,3,400030,True,False,False,153,55.465406723576095,,-0.0267478749155998,0.408990740776062,0.8940750360488892,27,1500
contrastive_recovery,cereal,nominal,4,400031,True,False,False,186,60.99282094443294,,-0.0052316873334348,0.3878552913665771,0.893406093120575,27,1500
contrastive_recovery,cereal,nominal,5,400032,False,False,False,260,112.94527622764411,,0.0028254990465939,0.434373527765274,0.9036217331886292,27,1500
contrastive_recovery,cereal,nominal,6,400033,True,False,False,151,54.98482124080514,,-0.0146205630153417,0.4016911685466766,0.8941932320594788,27,1500
contrastive_recovery,cereal,nominal,7,400034,False,False,False,260,109.23083894631895,,0.0024831024929881,0.4474597871303558,0.9028565883636476,27,1500
contrastive_recovery,cereal,object_shift,0,400027,True,True,True,188,70.23374380682696,14.0,0.0086509101092815,0.4542966485023498,0.8771395683288574,27,1500
contrastive_recovery,cereal,object_shift,1,400028,True,True,True,190,62.027287290686886,14.0,-0.0362950190901756,0.4057289958000183,0.8964011073112488,27,1500
contrastive_recovery,cereal,object_shift,2,400029,False,True,False,260,4.442326360247133,14.0,0.0400858037173748,-0.242736130952835,0.8307510614395142,27,1500
contrastive_recovery,cereal,object_shift,3,400030,False,True,False,260,1.0097003894473555,14.0,0.146551251411438,-0.1394528299570083,0.8946316242218018,27,1500
contrastive_recovery,cereal,object_shift,4,400031,False,True,False,260,0.995109434745941,14.0,-0.0346936397254467,-0.2677578032016754,0.8946322202682495,27,1500
contrastive_recovery,cereal,object_shift,5,400032,False,True,False,260,83.36962884847105,14.0,-0.3999927937984466,0.8456798791885376,0.9692990779876708,27,1500
contrastive_recovery,cereal,object_shift,6,400033,False,True,False,260,27.13136965488852,14.0,0.2291634231805801,-0.1278610974550247,0.8308058381080627,27,1500
contrastive_recovery,cereal,object_shift,7,400034,False,True,False,260,50.87963484097873,14.0,-0.1249139457941055,0.6286821961402893,0.0149671658873558,27,1500
contrastive_recovery,cereal,action_noise,0,400027,True,True,True,120,44.01823255105844,8.0,-0.0281364955008029,0.4173756241798401,0.8956586718559265,27,1500
contrastive_recovery,cereal,action_noise,1,400028,False,True,False,260,8.588738832718594,8.0,0.1166343465447425,-0.2504194974899292,0.8308058381080627,27,1500
contrastive_recovery,cereal,action_noise,2,400029,True,True,True,132,42.783771191988144,8.0,-0.0175176300108432,0.3570667803287506,0.8954628109931946,27,1500
contrastive_recovery,cereal,action_noise,3,400030,False,True,False,260,138.1393533321603,8.0,-0.0049189236015081,0.4183115065097809,0.9033138751983644,27,1500
contrastive_recovery,cereal,action_noise,4,400031,True,True,True,119,43.52458043329567,8.0,-0.0350893847644329,0.3490791916847229,0.8943812847137451,27,1500
contrastive_recovery,cereal,action_noise,5,400032,True,True,True,166,54.08398316737296,8.0,-0.0333757065236568,0.3591558337211609,0.8988457918167114,27,1500
contrastive_recovery,cereal,action_noise,6,400033,True,True,True,137,48.68965024484569,8.0,-0.0384385772049427,0.4180781543254852,0.8927587866783142,27,1500
contrastive_recovery,cereal,action_noise,7,400034,True,True,True,139,30.42669301478072,8.0,-0.0082527995109558,0.3571514785289764,0.8952888250350952,27,1500
contrastive_recovery,cereal,action_delay,0,400027,False,True,False,260,3.6294407550299255,3.0,0.0974086672067642,-0.320316344499588,0.8307610750198364,27,1500
contrastive_recovery,cereal,action_delay,1,400028,False,True,False,260,8.437158013055935,5.0,0.190438687801361,-0.346487283706665,0.8307624459266663,27,1500
contrastive_recovery,cereal,action_delay,2,400029,False,True,False,260,57.02116109934999,5.0,-0.0453126169741153,0.6175583600997925,0.8676179647445679,27,1500
contrastive_recovery,cereal,action_delay,3,400030,False,True,False,260,3.86575343516624,3.0,0.095311127603054,-0.3225036263465881,0.8307632803916931,27,1500
contrastive_recovery,cereal,action_delay,4,400031,True,True,True,172,57.637019614694545,3.0,0.0055591478012502,0.434226393699646,0.8965427875518799,27,1500
contrastive_recovery,cereal,action_delay,5,400032,False,True,False,260,6.467102430361162,3.0,0.2027348428964615,-0.4147262573242187,0.8308203816413879,27,1500
contrastive_recovery,cereal,action_delay,6,400033,False,True,False,260,0.5396306536338055,5.0,0.149346724152565,-0.1302044689655304,0.8308060765266418,27,1500
contrastive_recovery,cereal,action_delay,7,400034,False,True,False,260,6.068265726662817,5.0,0.2310484647750854,-0.3134612143039703,0.8308020234107971,27,1500
contrastive_recovery,cereal,gripper_slip,0,400027,False,False,False,260,12.110780650299189,,0.1243923157453537,-0.2163298577070236,0.8946316242218018,27,1500
contrastive_recovery,cereal,gripper_slip,1,400028,False,True,False,260,26.19820403267812,109.0,0.2294560372829437,-0.1402153670787811,0.8307462930679321,27,1500
contrastive_recovery,cereal,gripper_slip,2,400029,False,True,False,260,15.539875804942191,92.0,0.061640728265047,-0.4624584317207336,0.8890080451965332,27,1500
contrastive_recovery,cereal,gripper_slip,3,400030,False,True,False,260,23.26280264677482,86.0,0.1362171471118927,-0.086691528558731,0.84676593542099,27,1500
contrastive_recovery,cereal,gripper_slip,4,400031,False,True,False,260,23.95317411554814,115.0,-0.0050635621882975,-0.1867411732673645,0.8307213187217712,27,1500
contrastive_recovery,cereal,gripper_slip,5,400032,False,True,False,260,17.99991222054821,90.0,0.1867515444755554,-0.3221195042133331,0.8307485580444336,27,1500
contrastive_recovery,cereal,gripper_slip,6,400033,False,True,False,260,20.839926646328745,83.0,0.173050507903099,-0.1964165419340133,0.8946277499198914,27,1500
contrastive_recovery,cereal,gripper_slip,7,400034,False,True,False,260,26.346048446018443,110.0,0.2254592627286911,-0.2982127368450165,0.8946424126625061,27,1500
more_demos,can,nominal,0,400027,True,False,False,107,43.86318638180692,,0.1781117171049118,0.3908665478229522,0.8597725033760071,27,3000
more_demos,can,nominal,1,400028,True,False,False,113,44.894943974996465,,0.1775268465280532,0.4043928980827331,0.8599002957344055,27,3000
more_demos,can,nominal,2,400029,True,False,False,135,44.6132770607708,,0.1670407056808471,0.392925500869751,0.8586209416389465,27,3000
more_demos,can,nominal,3,400030,True,False,False,105,41.329127570881205,,0.182558462023735,0.4011971354484558,0.8602707386016846,27,3000
more_demos,can,nominal,4,400031,True,False,False,136,44.81687840259426,,0.1831302493810653,0.4082770347595215,0.8607492446899414,27,3000
more_demos,can,nominal,5,400032,True,False,False,112,46.82333365190398,,0.1760943830013275,0.4007109105587005,0.8607451319694519,27,3000
more_demos,can,nominal,6,400033,True,False,False,138,51.579134958776486,,0.1803352534770965,0.4115762710571289,0.8600747585296631,27,3000
more_demos,can,nominal,7,400034,True,False,False,120,44.37820544971404,,0.1866303384304046,0.4079534709453583,0.8609611988067627,27,3000
more_demos,can,object_shift,0,400027,False,True,False,260,0.3583865672568836,14.0,-0.2452478259801864,-0.2298910468816757,0.34351846575737,27,3000
more_demos,can,object_shift,1,400028,True,True,True,116,38.82537051485932,14.0,0.1733270436525344,0.4079314768314361,0.8601006865501404,27,3000
more_demos,can,object_shift,2,400029,False,True,False,260,12.273675806146883,14.0,0.1889024376869201,0.2077531516551971,0.8436322808265686,27,3000
more_demos,can,object_shift,3,400030,False,True,False,260,4.06612493633587,14.0,0.1542656570672989,-0.0947836339473724,0.8436871767044067,27,3000
more_demos,can,object_shift,4,400031,True,True,True,145,48.67021154834529,14.0,0.1816205233335495,0.4432903826236725,0.8624202609062195,27,3000
more_demos,can,object_shift,5,400032,True,True,True,118,41.399476938811105,14.0,0.1830590367317199,0.4046192765235901,0.8599972724914551,27,3000
more_demos,can,object_shift,6,400033,True,True,True,123,40.354141248337186,14.0,0.1682618409395218,0.4031764566898346,0.8617334365844727,27,3000
more_demos,can,object_shift,7,400034,True,True,True,130,44.75423513986938,14.0,0.1780327707529068,0.3942864239215851,0.8594210147857666,27,3000
more_demos,can,action_noise,0,400027,True,True,True,98,38.19291709453238,8.0,0.1839689463376999,0.3573347926139831,0.8836321234703064,27,3000
more_demos,can,action_noise,1,400028,True,True,True,93,32.830254468352926,8.0,0.1691364049911499,0.3992705345153808,0.8629882335662842,27,3000
more_demos,can,action_noise,2,400029,True,True,True,123,40.21243796184236,8.0,0.167714312672615,0.3828664422035217,0.8677093386650085,27,3000
more_demos,can,action_noise,3,400030,True,True,True,81,28.699214290871083,8.0,0.1850621849298477,0.3838821649551391,0.8978922963142395,27,3000
more_demos,can,action_noise,4,400031,True,True,True,132,42.91646607428597,8.0,0.1701060980558395,0.3837038576602936,0.8635839223861694,27,3000
more_demos,can,action_noise,5,400032,True,True,True,90,32.67866254594407,8.0,0.1833590865135193,0.376790314912796,0.8602789044380188,27,3000
more_demos,can,action_noise,6,400033,True,True,True,119,39.72609347697531,8.0,0.1987146437168121,0.3747662007808685,0.8799128532409668,27,3000
more_demos,can,action_noise,7,400034,True,True,True,123,45.170960708064456,8.0,0.1991850435733795,0.3948805630207062,0.8616634607315063,27,3000
more_demos,can,action_delay,0,400027,True,True,True,153,60.832121012840815,3.0,0.2074218392372131,0.4414784014225006,0.8731437921524048,27,3000
more_demos,can,action_delay,1,400028,False,True,False,260,5.756753698275156,5.0,0.0904671028256416,-0.1231970340013504,0.8600494861602783,27,3000
more_demos,can,action_delay,2,400029,False,True,False,260,73.2241156637748,5.0,-0.2034235596656799,0.7219863533973694,0.0239251144230365,27,3000
more_demos,can,action_delay,3,400030,True,True,True,230,60.86022691943689,3.0,0.2138755321502685,0.4574991166591644,0.8627487421035767,27,3000
more_demos,can,action_delay,4,400031,True,True,True,211,54.39878993707458,3.0,0.1715749353170395,0.3645256161689758,0.8588520288467407,27,3000
more_demos,can,action_delay,5,400032,True,True,True,145,59.02540903728849,3.0,0.1772994250059127,0.4133530557155609,0.860041618347168,27,3000
more_demos,can,action_delay,6,400033,True,True,True,252,56.59094862582421,5.0,0.1563872396945953,0.4280496537685394,0.8521237969398499,27,3000
more_demos,can,action_delay,7,400034,True,True,True,223,43.128918172414494,5.0,0.1348964869976043,0.4520044326782226,0.8982502818107605,27,3000
more_demos,can,gripper_slip,0,400027,False,True,False,260,13.454888986257457,38.0,0.0445635095238685,-0.1640491783618927,0.8437022566795349,27,3000
more_demos,can,gripper_slip,1,400028,False,True,False,260,9.69713587520278,39.0,0.1667864173650741,-0.1003766283392906,0.8600562810897827,27,3000
more_demos,can,gripper_slip,2,400029,False,True,False,260,11.58436613177684,58.0,0.147253155708313,-0.2508435547351837,0.860059380531311,27,3000
more_demos,can,gripper_slip,3,400030,False,True,False,260,12.354373168644138,38.0,0.066799372434616,-0.1142033413052558,0.8600504398345947,27,3000
more_demos,can,gripper_slip,4,400031,True,True,True,172,43.29399902145091,53.0,0.2144808769226074,0.3782269358634949,0.8864874839782715,27,3000
more_demos,can,gripper_slip,5,400032,False,True,False,260,10.358609700057729,36.0,0.0223385021090507,-0.1155165657401084,0.8436429500579834,27,3000
more_demos,can,gripper_slip,6,400033,False,True,False,260,10.626899319386148,48.0,0.1242516487836837,-0.3007791936397552,0.8600525259971619,27,3000
more_demos,can,gripper_slip,7,400034,False,True,False,260,12.6164241755715,46.0,0.0268220026046037,-0.2679668068885803,0.8436349630355835,27,3000
recovery_bc,can,nominal,0,400027,True,False,False,113,45.807139880703005,,0.187841311097145,0.401479035615921,0.8605517148971558,27,3000
recovery_bc,can,nominal,1,400028,True,False,False,117,46.10990074173828,,0.1825657784938812,0.395022839307785,0.8603850603103638,27,3000
recovery_bc,can,nominal,2,400029,False,False,False,260,82.91131193748066,,0.1888867914676666,0.3547627031803131,0.9490891695022584,27,3000
recovery_bc,can,nominal,3,400030,True,False,False,120,50.74127710716717,,0.1827825605869293,0.3896299004554748,0.862214982509613,27,3000
recovery_bc,can,nominal,4,400031,True,False,False,152,53.746021626425815,,0.1862262785434723,0.4044465124607086,0.8600769639015198,27,3000
recovery_bc,can,nominal,5,400032,True,False,False,99,36.78126662650438,,0.177350714802742,0.3857259452342987,0.85959392786026,27,3000
recovery_bc,can,nominal,6,400033,True,False,False,135,49.194946879025856,,0.1896709203720092,0.4074383974075317,0.8601033091545105,27,3000
recovery_bc,can,nominal,7,400034,True,False,False,126,46.837630423693575,,0.1858098655939102,0.3903622031211853,0.859706699848175,27,3000
recovery_bc,can,object_shift,0,400027,False,True,False,260,0.342582931914044,14.0,-0.2452461570501327,-0.2298934906721115,0.3435263335704803,27,3000
recovery_bc,can,object_shift,1,400028,True,True,True,183,59.65003506900548,14.0,0.1848669052124023,0.3724795877933502,0.8755285143852234,27,3000
recovery_bc,can,object_shift,2,400029,False,True,False,260,3.4641409185707412,14.0,0.1236676648259162,-0.2232861667871475,0.8600564002990723,27,3000
recovery_bc,can,object_shift,3,400030,True,True,True,122,43.248325356991145,14.0,0.1816543489694595,0.3966893851757049,0.860637903213501,27,3000
recovery_bc,can,object_shift,4,400031,True,True,True,176,59.15959718097547,14.0,0.1844269633293151,0.3986033201217651,0.8728950619697571,27,3000
recovery_bc,can,object_shift,5,400032,True,True,True,125,44.31477667357838,14.0,0.189503788948059,0.3982220292091369,0.8600531220436096,27,3000
recovery_bc,can,object_shift,6,400033,True,True,True,135,43.34680724741256,14.0,0.1788896322250366,0.3837825357913971,0.9005209803581238,27,3000
recovery_bc,can,object_shift,7,400034,True,True,True,131,44.404942011568714,14.0,0.1771741211414337,0.3917265236377716,0.8588754534721375,27,3000
recovery_bc,can,action_noise,0,400027,True,True,True,99,37.9990759447737,8.0,0.1821037381887436,0.3799165189266205,0.8577203154563904,27,3000
recovery_bc,can,action_noise,1,400028,True,True,True,92,31.83798636027944,8.0,0.1846839934587478,0.3761526346206665,0.8766021728515625,27,3000
recovery_bc,can,action_noise,2,400029,True,True,True,114,35.566122007875364,8.0,0.1527568846940994,0.4016506373882293,0.8720561861991882,27,3000
recovery_bc,can,action_noise,3,400030,True,True,True,118,53.20384190340974,8.0,0.2093616425991058,0.4114225804805755,0.8600651025772095,27,3000
recovery_bc,can,action_noise,4,400031,True,True,True,134,43.9250860274134,8.0,0.1680121272802353,0.377688854932785,0.862575113773346,27,3000
recovery_bc,can,action_noise,5,400032,True,True,True,89,32.00040539179632,8.0,0.1797191649675369,0.3824149668216705,0.8610484004020691,27,3000
recovery_bc,can,action_noise,6,400033,True,True,True,126,41.99104110654438,8.0,0.2046769559383392,0.3517614901065826,0.890758216381073,27,3000
recovery_bc,can,action_noise,7,400034,True,True,True,123,44.57520850692383,8.0,0.2017554938793182,0.3925893008708954,0.8616061806678772,27,3000
recovery_bc,can,action_delay,0,400027,False,True,False,260,67.38736425379109,3.0,0.1269393861293792,0.4856152832508087,0.9307003617286682,27,3000
recovery_bc,can,action_delay,1,400028,True,True,True,159,60.43827328025664,5.0,0.1592896282672882,0.4096134006977081,0.843116044998169,27,3000
recovery_bc,can,action_delay,2,400029,False,True,False,260,10.293471557898332,5.0,0.2351317703723907,-0.2882350385189056,0.8436640501022339,27,3000
recovery_bc,can,action_delay,3,400030,False,True,False,260,2.9452602896102684,3.0,0.0158340837806463,-0.1696378737688064,0.8600465655326843,27,3000
recovery_bc,can,action_delay,4,400031,True,True,True,194,44.26629736577586,3.0,0.1569610834121704,0.4015571475028991,0.860276460647583,27,3000
recovery_bc,can,action_delay,5,400032,True,True,True,140,55.62667479287872,3.0,0.2256812751293182,0.4314077198505401,0.8810598850250244,27,3000
recovery_bc,can,action_delay,6,400033,True,True,True,198,74.61407375240753,5.0,0.1466276198625564,0.4021130502223968,0.8600460290908813,27,3000
recovery_bc,can,action_delay,7,400034,False,True,False,260,7.56221298787953,5.0,0.017422616481781,-0.2705155611038208,0.8600512146949768,27,3000
recovery_bc,can,gripper_slip,0,400027,False,True,False,260,17.26627925155851,44.0,0.0514423735439777,-0.1936526745557785,0.84375,27,3000
recovery_bc,can,gripper_slip,1,400028,False,True,False,260,14.489552059800229,44.0,0.1676405668258667,-0.0972273647785186,0.8600491285324097,27,3000
recovery_bc,can,gripper_slip,2,400029,False,True,False,260,56.422776044190094,190.0,0.0906911045312881,-0.4230547547340393,0.8600549101829529,27,3000
recovery_bc,can,gripper_slip,3,400030,False,True,False,260,16.059412170923235,41.0,0.1202879026532173,-0.1065803691744804,0.8600632548332214,27,3000
recovery_bc,can,gripper_slip,4,400031,True,True,True,178,50.78977803392791,60.0,0.1995837092399597,0.3777777254581451,0.8745896816253662,27,3000
recovery_bc,can,gripper_slip,5,400032,False,True,False,260,19.234643144400092,41.0,0.1908485442399978,0.1483647674322128,0.8600555062294006,27,3000
recovery_bc,can,gripper_slip,6,400033,False,True,False,260,13.969829227552948,50.0,0.1735586374998092,-0.214414432644844,0.8600568771362305,27,3000
recovery_bc,can,gripper_slip,7,400034,True,True,True,154,48.35203146811251,50.0,0.1854520440101623,0.4002855718135834,0.8698214292526245,27,3000
contrastive_recovery,can,nominal,0,400027,True,False,False,119,47.70427018323792,,0.1711252331733703,0.3954477608203888,0.859369158744812,27,3000
contrastive_recovery,can,nominal,1,400028,False,False,False,260,32.864270123330066,,0.1355176419019699,-0.0978371873497963,0.8600496053695679,27,3000
contrastive_recovery,can,nominal,2,400029,False,False,False,260,45.554022317857864,,0.115530252456665,-0.1135781183838844,0.8436720371246338,27,3000
contrastive_recovery,can,nominal,3,400030,True,False,False,162,59.48763325704679,,0.1840417981147766,0.3826099336147308,0.868229329586029,27,3000
contrastive_recovery,can,nominal,4,400031,False,False,False,260,38.467772937857205,,0.1726702898740768,-0.3744378685951233,0.843751072883606,27,3000
contrastive_recovery,can,nominal,5,400032,True,False,False,157,57.04026563268906,,0.1718499064445495,0.3937588334083557,0.8601837754249573,27,3000
contrastive_recovery,can,nominal,6,400033,True,False,False,125,44.066740067015076,,0.1842502951622009,0.3947249054908752,0.8618675470352173,27,3000
contrastive_recovery,can,nominal,7,400034,True,False,False,128,47.738449212393675,,0.1871895343065261,0.4016046226024627,0.8598459959030151,27,3000
contrastive_recovery,can,object_shift,0,400027,False,True,False,260,0.3575834116977023,14.0,-0.2452461570501327,-0.2298934906721115,0.3435263335704803,27,3000
contrastive_recovery,can,object_shift,1,400028,False,True,False,260,36.56524183462616,14.0,0.2244214117527008,-0.0882546454668045,0.860050618648529,27,3000
contrastive_recovery,can,object_shift,2,400029,False,True,False,260,9.235926932539844,14.0,0.2222776412963867,-0.2746331989765167,0.8437629342079163,27,3000
contrastive_recovery,can,object_shift,3,400030,False,True,False,260,6.566988907325107,14.0,0.0858648493885994,-0.0999753400683403,0.8600575923919678,27,3000
contrastive_recovery,can,object_shift,4,400031,True,True,True,207,68.81592314371458,14.0,0.2097650170326233,0.3654436469078064,0.8564581274986267,27,3000
contrastive_recovery,can,object_shift,5,400032,True,True,True,114,36.62469574261241,14.0,0.1823240965604782,0.3898280262947082,0.8595830798149109,27,3000
contrastive_recovery,can,object_shift,6,400033,False,True,False,260,30.636911877527957,14.0,0.1121506914496421,-0.2627595365047455,0.8437250256538391,27,3000
contrastive_recovery,can,object_shift,7,400034,True,True,True,130,44.87471635046932,14.0,0.1815183609724044,0.4025441408157348,0.8608080744743347,27,3000
contrastive_recovery,can,action_noise,0,400027,True,True,True,114,45.38600377715582,8.0,0.1565614193677902,0.4139134883880615,0.8570991158485413,27,3000
contrastive_recovery,can,action_noise,1,400028,True,True,True,131,48.83730456830614,8.0,0.1835905015468597,0.3648345470428467,0.860076367855072,27,3000
contrastive_recovery,can,action_noise,2,400029,True,True,True,132,41.10110022850262,8.0,0.1787181049585342,0.3774710595607757,0.8564262390136719,27,3000
contrastive_recovery,can,action_noise,3,400030,True,True,True,92,36.24588202479562,8.0,0.1883075982332229,0.405255377292633,0.8679311871528625,27,3000
contrastive_recovery,can,action_noise,4,400031,True,True,True,132,43.63983277511356,8.0,0.1632439047098159,0.3948231935501098,0.8731374144554138,27,3000
contrastive_recovery,can,action_noise,5,400032,True,True,True,107,40.21973447663136,8.0,0.1892958730459213,0.3968160152435303,0.8603856563568115,27,3000
contrastive_recovery,can,action_noise,6,400033,True,True,True,120,40.791650203250576,8.0,0.2123924344778061,0.3655472993850708,0.8893129825592041,27,3000
contrastive_recovery,can,action_noise,7,400034,True,True,True,128,47.821832992552885,8.0,0.1919364780187606,0.3953045308589935,0.8621700406074524,27,3000
contrastive_recovery,can,action_delay,0,400027,True,True,True,163,60.091261040990275,3.0,0.1468916088342666,0.4212197065353393,0.8658708930015564,27,3000
contrastive_recovery,can,action_delay,1,400028,False,True,False,260,5.867764026126792,5.0,0.1032479479908943,-0.1088926270604133,0.8600527048110962,27,3000
contrastive_recovery,can,action_delay,2,400029,False,True,False,260,6.491110024792399,5.0,0.1956116408109665,-0.2784740626811981,0.86005699634552,27,3000
contrastive_recovery,can,action_delay,3,400030,True,True,True,157,63.05979360261174,3.0,0.1443604677915573,0.4236249327659607,0.8600625991821289,27,3000
contrastive_recovery,can,action_delay,4,400031,False,True,False,260,4.475710167419073,3.0,0.0749548226594924,-0.3903496265411377,0.8437283635139465,27,3000
contrastive_recovery,can,action_delay,5,400032,True,True,True,136,50.541783497697,3.0,0.1628348529338836,0.4376008212566376,0.8632686734199524,27,3000
contrastive_recovery,can,action_delay,6,400033,True,True,True,169,59.77548969874631,5.0,0.1757831126451492,0.3944055140018463,0.8902705311775208,27,3000
contrastive_recovery,can,action_delay,7,400034,False,True,False,260,6.478423178755453,5.0,0.0296062678098678,-0.2714250683784485,0.8600485324859619,27,3000
contrastive_recovery,can,gripper_slip,0,400027,False,True,False,260,18.061832318803088,51.0,-0.0355939604341983,-0.1883213967084884,0.8600573539733887,27,3000
contrastive_recovery,can,gripper_slip,1,400028,False,False,False,260,32.864270123330066,,0.1355176419019699,-0.0978371873497963,0.8600496053695679,27,3000
contrastive_recovery,can,gripper_slip,2,400029,False,True,False,260,44.884618304033815,172.0,0.184704914689064,-0.2361032217741012,0.8600525856018066,27,3000
contrastive_recovery,can,gripper_slip,3,400030,True,True,True,144,43.798661893838805,55.0,0.1719960719347,0.3782750964164734,0.8657448887825012,27,3000
contrastive_recovery,can,gripper_slip,4,400031,False,False,False,260,38.467772937857205,,0.1726702898740768,-0.3744378685951233,0.843751072883606,27,3000
contrastive_recovery,can,gripper_slip,5,400032,False,True,False,260,31.446963762437765,101.0,0.0728088468313217,-0.1452223658561706,0.8600552082061768,27,3000
contrastive_recovery,can,gripper_slip,6,400033,False,True,False,260,12.509863471537058,47.0,0.130793809890747,-0.3108938932418823,0.8600524663925171,27,3000
contrastive_recovery,can,gripper_slip,7,400034,False,True,False,260,25.83898862943374,53.0,0.1870617121458053,-0.2466262876987457,0.8436897397041321,27,3000
more_demos,milk,nominal,0,400027,True,False,False,68,21.634548198663197,,-0.0278405547142028,0.1491378396749496,0.8999980688095093,27,3000
more_demos,milk,nominal,1,400028,True,False,False,79,24.348216125607095,,-0.0189679507166147,0.1307390630245208,0.8944430947303772,27,3000
more_demos,milk,nominal,2,400029,True,False,False,70,26.387716249776616,,-0.0120831197127699,0.1447246074676513,0.8920978307723999,27,3000
more_demos,milk,nominal,3,400030,True,False,False,89,26.109450289332084,,-0.0168463792651891,0.1355324536561966,0.896079421043396,27,3000
more_demos,milk,nominal,4,400031,True,False,False,77,26.1418638025318,,-0.0267947968095541,0.1489323675632476,0.888141930103302,27,3000
more_demos,milk,nominal,5,400032,True,False,False,82,26.648631031643628,,-0.0215772558003664,0.1450300514698028,0.8996515870094299,27,3000
more_demos,milk,nominal,6,400033,True,False,False,69,25.44523664752437,,-0.0242617987096309,0.1513232588768005,0.8928974270820618,27,3000
more_demos,milk,nominal,7,400034,True,False,False,77,22.333408829868485,,-0.0252461675554513,0.1682722419500351,0.8880492448806763,27,3000
more_demos,milk,object_shift,0,400027,False,True,False,260,3.9381003409543327,14.0,-0.0403788648545742,-0.1056804284453392,0.8769505620002747,27,3000
more_demos,milk,object_shift,1,400028,True,True,True,86,22.618427882929534,14.0,-0.0158509779721498,0.1382981687784195,0.8922114372253418,27,3000
more_demos,milk,object_shift,2,400029,False,True,False,260,4.337662535789555,14.0,-0.0626431927084922,-0.1059965938329696,0.8840752840042114,27,3000
more_demos,milk,object_shift,3,400030,False,True,False,260,3.3097948637626975,14.0,0.2307330518960952,-0.1943694055080413,0.8808512091636658,27,3000
more_demos,milk,object_shift,4,400031,False,True,False,260,4.056721834980712,14.0,0.005790970288217,-0.1851028352975845,0.8808555603027344,27,3000
more_demos,milk,object_shift,5,400032,True,True,True,95,28.051243776999627,14.0,-0.0080298008397221,0.1456681042909622,0.8879271149635315,27,3000
more_demos,milk,object_shift,6,400033,False,True,False,260,3.3904043641198633,14.0,0.201478824019432,-0.1044966503977775,0.8379336595535278,27,3000
more_demos,milk,object_shift,7,400034,True,True,True,82,22.018943288168437,14.0,-0.0312972255051136,0.1689368933439254,0.8924978971481323,27,3000
more_demos,milk,action_noise,0,400027,True,True,True,61,18.73640203549497,8.0,-0.0302163176238536,0.126979261636734,0.8918161988258362,27,3000
more_demos,milk,action_noise,1,400028,True,True,True,80,24.57058219226813,8.0,-0.0034932368434965,0.1427309066057205,0.8987638354301453,27,3000
more_demos,milk,action_noise,2,400029,True,True,True,73,26.823089287754797,8.0,-0.00499162171036,0.1493898928165435,0.8957914113998413,27,3000
more_demos,milk,action_noise,3,400030,True,True,True,80,22.52166864597243,8.0,0.0036079203709959,0.1220194697380065,0.8986635208129883,27,3000
more_demos,milk,action_noise,4,400031,False,True,False,260,3.4106197783469647,8.0,0.0858561173081398,-0.1939480751752853,0.8808552622795105,27,3000
more_demos,milk,action_noise,5,400032,True,True,True,71,22.21027216111953,8.0,-0.037976074963808,0.1244443655014038,0.899645209312439,27,3000
more_demos,milk,action_noise,6,400033,True,True,True,62,22.064627722773036,8.0,-0.0431986153125762,0.1346443444490432,0.8927012085914612,27,3000
more_demos,milk,action_noise,7,400034,True,True,True,95,16.918644052622085,8.0,-0.0140397464856505,0.1720974892377853,0.8965213298797607,27,3000
more_demos,milk,action_delay,0,400027,True,True,True,84,23.26438208574449,3.0,-0.0058260639198124,0.1558802276849746,0.8968891501426697,27,3000
more_demos,milk,action_delay,1,400028,False,True,False,260,2.8899505954583975,5.0,0.0413310304284095,-0.2007240206003189,0.8379390239715576,27,3000
more_demos,milk,action_delay,2,400029,False,True,False,260,3.990729523943165,5.0,-0.0481977835297584,-0.1600244641304016,0.8800190687179565,27,3000
more_demos,milk,action_delay,3,400030,False,True,False,260,2.9599656236556555,3.0,0.0978467017412185,-0.2673075497150421,0.8378592133522034,27,3000
more_demos,milk,action_delay,4,400031,False,True,False,260,4.465471079168437,3.0,0.0162043515592813,-0.1943971514701843,0.8379378914833069,27,3000
more_demos,milk,action_delay,5,400032,False,True,False,260,3.2466944185965256,3.0,0.0222329888492822,-0.221585139632225,0.8403299450874329,27,3000
more_demos,milk,action_delay,6,400033,False,True,False,260,32.445340903119465,5.0,-0.1241526156663894,0.0579249933362007,0.9531625509262084,27,3000
more_demos,milk,action_delay,7,400034,False,True,False,260,2.5803809528120527,5.0,0.0594642087817192,-0.0880447700619697,0.8378516435623169,27,3000
more_demos,milk,gripper_slip,0,400027,False,True,False,260,9.89477356308328,41.0,0.1098547950387001,-0.1054816171526908,0.8379343748092651,27,3000
more_demos,milk,gripper_slip,1,400028,False,True,False,260,9.444478989068248,44.0,0.1898578852415084,-0.1893375366926193,0.8808664083480835,27,3000
more_demos,milk,gripper_slip,2,400029,False,True,False,260,11.830989504989637,37.0,-0.061695460230112,-0.1313289254903793,0.8808561563491821,27,3000
more_demos,milk,gripper_slip,3,400030,False,True,False,260,8.195892588687888,47.0,0.2191421389579773,-0.2197452634572982,0.8808578848838806,27,3000
more_demos,milk,gripper_slip,4,400031,False,True,False,260,10.38264366236212,41.0,0.0183543339371681,-0.1530737727880478,0.8375936150550842,27,3000
more_demos,milk,gripper_slip,5,400032,False,True,False,260,10.11115402101846,43.0,0.0841231495141983,-0.3056342303752899,0.8808655142784119,27,3000
more_demos,milk,gripper_slip,6,400033,False,True,False,260,11.387004345466137,37.0,0.0846123546361923,-0.1164781898260116,0.8808552026748657,27,3000
more_demos,milk,gripper_slip,7,400034,False,True,False,260,9.021230763798744,49.0,0.253779798746109,-0.150483638048172,0.8819466829299927,27,3000
recovery_bc,milk,nominal,0,400027,True,False,False,70,23.28331119241508,,-0.0136101515963673,0.1537669599056244,0.8920230269432068,27,3000
recovery_bc,milk,nominal,1,400028,True,False,False,85,27.871751765173254,,-0.0118429046124219,0.1548366993665695,0.8918653726577759,27,3000
recovery_bc,milk,nominal,2,400029,True,False,False,72,27.52364729525172,,-0.0095119792968034,0.1706884950399398,0.8960660696029663,27,3000
recovery_bc,milk,nominal,3,400030,True,False,False,96,29.480774092308256,,-0.0124861635267734,0.138959065079689,0.895071804523468,27,3000
recovery_bc,milk,nominal,4,400031,True,False,False,77,26.20665637550846,,-0.0147869596257805,0.1426543742418289,0.8961939215660095,27,3000
recovery_bc,milk,nominal,5,400032,True,False,False,86,29.058345136861828,,-0.0141806816682219,0.1619467288255691,0.8919320702552795,27,3000
recovery_bc,milk,nominal,6,400033,True,False,False,67,25.168885422589643,,-0.0195197779685258,0.1508576571941375,0.8885164856910706,27,3000
recovery_bc,milk,nominal,7,400034,True,False,False,87,26.24067383567741,,-0.0201036557555198,0.1620953977108001,0.8954441547393799,27,3000
recovery_bc,milk,object_shift,0,400027,False,True,False,260,4.963167057156215,14.0,0.0088320942595601,-0.1057023704051971,0.8808525204658508,27,3000
recovery_bc,milk,object_shift,1,400028,True,True,True,90,25.168745188349305,14.0,-0.0110041555017232,0.1412286758422851,0.8883053064346313,27,3000
recovery_bc,milk,object_shift,2,400029,False,True,False,260,10.477110865078323,14.0,-0.0430373139679431,-0.0610074773430824,0.883934736251831,27,3000
recovery_bc,milk,object_shift,3,400030,False,True,False,260,7.417409436679566,14.0,0.2597165405750274,-0.1939520835876464,0.8834608197212219,27,3000
recovery_bc,milk,object_shift,4,400031,False,True,False,260,6.52504143288692,14.0,0.0070849601179361,-0.1850712299346923,0.8808574676513672,27,3000
recovery_bc,milk,object_shift,5,400032,True,True,True,96,29.070838469366137,14.0,-0.0135394828394055,0.1646914929151535,0.8952639102935791,27,3000
recovery_bc,milk,object_shift,6,400033,True,True,True,188,22.256078940637163,14.0,-0.0178462676703929,0.1355826705694198,0.8988655805587769,27,3000
recovery_bc,milk,object_shift,7,400034,True,True,True,86,23.909848973403303,14.0,-0.0258076377213001,0.1699854880571365,0.8971944451332092,27,3000
recovery_bc,milk,action_noise,0,400027,True,True,True,61,18.8586838988563,8.0,-0.0286626759916543,0.1353798359632492,0.8954743146896362,27,3000
recovery_bc,milk,action_noise,1,400028,True,True,True,95,31.000610904398645,8.0,-0.031770646572113,0.1479670703411102,0.8898881077766418,27,3000
recovery_bc,milk,action_noise,2,400029,True,True,True,73,27.590175047445776,8.0,-0.0009181888308376,0.1822853833436966,0.8902301788330078,27,3000
recovery_bc,milk,action_noise,3,400030,True,True,True,101,32.101820741664056,8.0,-0.0013735893880948,0.208896204829216,0.8995949625968933,27,3000
recovery_bc,milk,action_noise,4,400031,True,True,True,100,18.566257752912488,8.0,-0.0124389538541436,0.1136442124843597,0.8957234621047974,27,3000
recovery_bc,milk,action_noise,5,400032,False,True,False,260,9.872993617217489,8.0,-0.0192001666873693,-0.2145910263061523,0.8663016557693481,27,3000
recovery_bc,milk,action_noise,6,400033,True,True,True,73,26.46511650703067,8.0,-0.0524292029440403,0.1609482318162918,0.8915201425552368,27,3000
recovery_bc,milk,action_noise,7,400034,False,True,False,260,8.007322917476248,8.0,0.2303010374307632,-0.085829772055149,0.8716644644737244,27,3000
recovery_bc,milk,action_delay,0,400027,False,True,False,260,1.7236600179191723,3.0,-0.0241784024983644,-0.1036790758371353,0.8684743642807007,27,3000
recovery_bc,milk,action_delay,1,400028,False,True,False,260,12.613964730686725,5.0,0.042505994439125,-0.197798416018486,0.8379336595535278,27,3000
recovery_bc,milk,action_delay,2,400029,False,True,False,260,6.960201567602239,5.0,-0.0525594912469387,-0.1574370414018631,0.8772327303886414,27,3000
recovery_bc,milk,action_delay,3,400030,False,True,False,260,1.821650345209759,3.0,0.0941460058093071,-0.2834511399269104,0.8378649950027466,27,3000
recovery_bc,milk,action_delay,4,400031,False,True,False,260,2.7007492244799254,3.0,-0.0084493830800056,-0.1953926384449005,0.8520858883857727,27,3000
recovery_bc,milk,action_delay,5,400032,False,True,False,260,1.8583267468823297,3.0,0.0067384410649538,-0.2485154420137405,0.8378825187683105,27,3000
recovery_bc,milk,action_delay,6,400033,False,True,False,260,12.523983794019022,5.0,-0.0091136852279305,-0.1072556301951408,0.9507932662963868,27,3000
recovery_bc,milk,action_delay,7,400034,False,True,False,260,2.4915407945072108,5.0,0.0932638868689537,-0.0880525782704353,0.8378629088401794,27,3000
recovery_bc,milk,gripper_slip,0,400027,True,True,True,96,24.888435751353192,42.0,-0.0015598215395584,0.1316442042589187,0.899626612663269,27,3000
recovery_bc,milk,gripper_slip,1,400028,True,True,True,129,34.63851220781397,49.0,-0.0200758222490549,0.1270255297422409,0.8950132131576538,27,3000
recovery_bc,milk,gripper_slip,2,400029,False,True,False,260,15.60575355352031,37.0,0.033513955771923,-0.1331683993339538,0.8199218511581421,27,3000
recovery_bc,milk,gripper_slip,3,400030,False,True,False,260,13.803499395773756,53.0,0.1287423074245453,-0.2226642668247223,0.8379343748092651,27,3000
recovery_bc,milk,gripper_slip,4,400031,True,True,True,105,29.626931313900943,41.0,0.0002693140122573,0.165366843342781,0.8917255997657776,27,3000
recovery_bc,milk,gripper_slip,5,400032,True,True,True,120,34.706892820789584,46.0,5.308591789798811e-05,0.1517702639102935,0.8893905878067017,27,3000
recovery_bc,milk,gripper_slip,6,400033,True,True,True,88,25.00089010157743,34.0,0.019386013969779,0.1293783187866211,0.8920332789421082,27,3000
recovery_bc,milk,gripper_slip,7,400034,True,True,True,118,30.35693902081456,58.0,-0.0105146411806344,0.1541115194559097,0.8959077596664429,27,3000
contrastive_recovery,milk,nominal,0,400027,True,False,False,148,52.013155353350015,,-0.047732800245285,0.2146479040384292,0.8880035877227783,27,3000
contrastive_recovery,milk,nominal,1,400028,True,False,False,169,60.51656993345037,,-0.0332999937236309,0.1885588616132736,0.8922582864761353,27,3000
contrastive_recovery,milk,nominal,2,400029,False,False,False,260,5.703218107227177,,0.0200195126235485,-0.2417796403169632,0.8375234007835388,27,3000
contrastive_recovery,milk,nominal,3,400030,True,False,False,176,59.64757976542608,,-0.044941671192646,0.2394200265407562,0.8953657746315002,27,3000
contrastive_recovery,milk,nominal,4,400031,True,False,False,144,50.57426966981549,,-0.0450352355837821,0.161751314997673,0.8909010291099548,27,3000
contrastive_recovery,milk,nominal,5,400032,True,False,False,150,51.46780077942816,,-0.0406478643417358,0.1511617451906204,0.8913830518722534,27,3000
contrastive_recovery,milk,nominal,6,400033,True,False,False,132,47.914580571814994,,-0.0362700298428535,0.1551990807056427,0.8948906064033508,27,3000
contrastive_recovery,milk,nominal,7,400034,False,False,False,260,76.43365613780276,,0.2418271452188491,-0.140199989080429,0.8811675906181335,27,3000
contrastive_recovery,milk,object_shift,0,400027,False,True,False,260,2.6511687684040237,14.0,0.0088320942595601,-0.1057023704051971,0.8808525204658508,27,3000
contrastive_recovery,milk,object_shift,1,400028,False,True,False,260,85.52607782992109,14.0,0.0169668495655059,0.4705804884433746,0.8778764605522156,27,3000
contrastive_recovery,milk,object_shift,2,400029,False,True,False,260,6.3773801455825305,14.0,-0.0653836131095886,-0.1081669777631759,0.8808593153953552,27,3000
contrastive_recovery,milk,object_shift,3,400030,False,True,False,260,64.18630672719841,14.0,0.2455571293830871,-0.2604934871196747,0.8808539509773254,27,3000
contrastive_recovery,milk,object_shift,4,400031,False,True,False,260,4.700581564207472,14.0,0.0072418008930981,-0.1844826936721801,0.880861222743988,27,3000
contrastive_recovery,milk,object_shift,5,400032,True,True,True,165,54.60898685151266,14.0,-0.0372966341674327,0.1737866848707199,0.8952471017837524,27,3000
contrastive_recovery,milk,object_shift,6,400033,False,True,False,260,10.578704196299846,14.0,0.1942572295665741,-0.1000166535377502,0.8379378914833069,27,3000
contrastive_recovery,milk,object_shift,7,400034,True,True,True,94,22.979879805204742,14.0,-0.0479508824646472,0.1742931902408599,0.891042947769165,27,3000
contrastive_recovery,milk,action_noise,0,400027,True,True,True,105,35.180695659971455,8.0,-0.0516995899379253,0.1443530321121215,0.8993083834648132,27,3000
contrastive_recovery,milk,action_noise,1,400028,True,True,True,99,32.3931027394289,8.0,-0.0456745028495788,0.1622026562690735,0.8882957100868225,27,3000
contrastive_recovery,milk,action_noise,2,400029,True,True,True,80,28.396349829752257,8.0,-0.0038925048429518,0.1101227179169654,0.8904255032539368,27,3000
contrastive_recovery,milk,action_noise,3,400030,True,True,True,106,32.64137074404335,8.0,-0.00779131334275,0.1779807806015014,0.8924415707588196,27,3000
contrastive_recovery,milk,action_noise,4,400031,True,True,True,84,28.21694474997424,8.0,-0.0377380028367042,0.1284153312444687,0.8958507180213928,27,3000
contrastive_recovery,milk,action_noise,5,400032,True,True,True,99,32.18117230020921,8.0,-0.0318422876298427,0.1466684937477111,0.8988826870918274,27,3000
contrastive_recovery,milk,action_noise,6,400033,True,True,True,90,31.866156488905727,8.0,-0.0273347590118646,0.1374941617250442,0.8907665014266968,27,3000
contrastive_recovery,milk,action_noise,7,400034,True,True,True,122,38.99758578079506,8.0,-0.0464988201856613,0.2241537570953369,0.8993518948554993,27,3000
contrastive_recovery,milk,action_delay,0,400027,False,True,False,260,1.8826214582865632,3.0,0.0157228969037532,-0.100596085190773,0.837942361831665,27,3000
contrastive_recovery,milk,action_delay,1,400028,False,True,False,260,1.577571195400843,5.0,0.0413221158087253,-0.2007532715797424,0.8379431962966919,27,3000
contrastive_recovery,milk,action_delay,2,400029,False,True,False,260,5.463690181083498,5.0,-0.0543469190597534,-0.1669250577688217,0.8819686770439148,27,3000
contrastive_recovery,milk,action_delay,3,400030,False,True,False,260,5.231405365862166,3.0,0.1756757497787475,-0.2835742235183716,0.8808529376983643,27,3000
contrastive_recovery,milk,action_delay,4,400031,False,True,False,260,1.4793404794145757,3.0,-0.0076712206937372,-0.1921975314617157,0.8478172421455383,27,3000
contrastive_recovery,milk,action_delay,5,400032,False,True,False,260,1.6960291790349915,3.0,0.0058351829648017,-0.2489458471536636,0.8378764390945435,27,3000
contrastive_recovery,milk,action_delay,6,400033,False,True,False,260,5.5455770005913285,5.0,-0.0353949777781963,-0.14297516644001,0.8739398717880249,27,3000
contrastive_recovery,milk,action_delay,7,400034,False,True,False,260,7.30660565137537,5.0,0.0931014120578765,-0.0879660472273826,0.8379336595535278,27,3000
contrastive_recovery,milk,gripper_slip,0,400027,False,True,False,260,36.74750549588317,112.0,0.2072010040283203,-0.1302090436220169,0.8545677661895752,27,3000
contrastive_recovery,milk,gripper_slip,1,400028,False,True,False,260,35.55396254806657,117.0,0.2510222196578979,-0.198110818862915,0.8832228183746338,27,3000
contrastive_recovery,milk,gripper_slip,2,400029,False,False,False,260,5.703218107227177,,0.0200195126235485,-0.2417796403169632,0.8375234007835388,27,3000
contrastive_recovery,milk,gripper_slip,3,400030,False,True,False,260,34.50490823613013,124.0,0.2289256602525711,-0.2368892282247543,0.8808535933494568,27,3000
contrastive_recovery,milk,gripper_slip,4,400031,False,True,False,260,84.07379958154753,105.0,-0.0523662641644477,0.3947975933551788,0.95266592502594,27,3000
contrastive_recovery,milk,gripper_slip,5,400032,False,True,False,260,32.255318708806314,107.0,0.0626778155565261,-0.3354089558124542,0.837884247303009,27,3000
contrastive_recovery,milk,gripper_slip,6,400033,False,True,False,260,32.86249436411788,98.0,0.145567312836647,-0.1368611752986908,0.880853533744812,27,3000
contrastive_recovery,milk,gripper_slip,7,400034,False,False,False,260,76.43365613780276,,0.2418271452188491,-0.140199989080429,0.8811675906181335,27,3000
more_demos,bread,nominal,0,400027,True,False,False,116,43.57899185619753,,0.2002272009849548,0.1441433727741241,0.8421670794487,27,3000
more_demos,bread,nominal,1,400028,True,False,False,132,45.56930717958623,,0.1780182719230651,0.1553887277841568,0.8421953916549683,27,3000
more_demos,bread,nominal,2,400029,False,False,False,260,12.693376988040802,,0.113597959280014,-0.0723471418023109,0.8421803116798401,27,3000
more_demos,bread,nominal,3,400030,True,False,False,119,43.376870806365275,,0.1732797771692276,0.1552251577377319,0.8421908617019653,27,3000
more_demos,bread,nominal,4,400031,True,False,False,153,52.13745029132825,,0.1721050888299942,0.1484418511390686,0.8421979546546936,27,3000
more_demos,bread,nominal,5,400032,True,False,False,130,45.20320247828072,,0.1821674704551696,0.1548223197460174,0.8421910405158997,27,3000
more_demos,bread,nominal,6,400033,True,False,False,136,48.58223972613113,,0.1895930469036102,0.1464361250400543,0.8421903252601624,27,3000
more_demos,bread,nominal,7,400034,True,False,False,114,42.90776849271779,,0.1868686527013778,0.1420161575078964,0.8422163724899292,27,3000
more_demos,bread,object_shift,0,400027,True,True,True,124,47.316847547847914,14.0,0.186565950512886,0.1522690951824188,0.8421666622161865,27,3000
more_demos,bread,object_shift,1,400028,True,True,True,157,48.12553643674549,14.0,0.1945544183254242,0.1139215603470802,0.8516674041748047,27,3000
more_demos,bread,object_shift,2,400029,False,True,False,260,3.046617716047752,14.0,-0.0101149221882224,-0.0999369993805885,0.8421643376350403,27,3000
more_demos,bread,object_shift,3,400030,True,True,True,152,35.72506675220616,14.0,0.1691737920045852,0.1558866053819656,0.8421972393989563,27,3000
more_demos,bread,object_shift,4,400031,True,True,True,124,45.049154496188464,14.0,0.1708224564790725,0.1574991792440414,0.8421972393989563,27,3000
more_demos,bread,object_shift,5,400032,False,True,False,260,6.692989939643818,14.0,0.0059769777581095,-0.4374358654022217,0.8421949148178101,27,3000
more_demos,bread,object_shift,6,400033,True,True,True,119,41.75508447847078,14.0,0.188226506114006,0.1441157162189483,0.8421919941902161,27,3000
more_demos,bread,object_shift,7,400034,True,True,True,130,45.51117883987206,14.0,0.1740941256284713,0.1595622301101684,0.8421427607536316,27,3000
more_demos,bread,action_noise,0,400027,True,True,True,109,37.37962726312523,8.0,0.1805690675973892,0.0956865176558494,0.8421710729598999,27,3000
more_demos,bread,action_noise,1,400028,True,True,True,130,41.93893474699983,8.0,0.1941312849521637,0.0967572405934333,0.8421907424926758,27,3000
more_demos,bread,action_noise,2,400029,False,True,False,260,10.5967422573625,8.0,0.1187438070774078,-0.0808207988739013,0.8422028422355652,27,3000
more_demos,bread,action_noise,3,400030,False,True,False,260,6.07889923049783,8.0,0.1404807567596435,-0.179280012845993,0.8421919941902161,27,3000
more_demos,bread,action_noise,4,400031,True,True,True,110,35.15619238267729,8.0,0.1628806740045547,0.1269355714321136,0.8421750664710999,27,3000
more_demos,bread,action_noise,5,400032,True,True,True,129,44.62652997579355,8.0,0.194462850689888,0.1434666067361831,0.8421933054924011,27,3000
more_demos,bread,action_noise,6,400033,True,True,True,119,37.107310815630704,8.0,0.2030735611915588,0.1218850836157798,0.8420563340187073,27,3000
more_demos,bread,action_noise,7,400034,True,True,True,131,52.626969525426354,8.0,0.1773659735918045,0.1776036322116851,0.8422163128852844,27,3000
more_demos,bread,action_delay,0,400027,False,True,False,260,57.797864478357575,3.0,0.1881681084632873,0.3699093163013458,0.8421670198440552,27,3000
more_demos,bread,action_delay,1,400028,False,True,False,260,76.24289262534333,5.0,0.1369781792163849,0.4616847932338714,0.9073028564453124,27,3000
more_demos,bread,action_delay,2,400029,True,True,True,111,34.32714379256694,5.0,0.2249284237623214,0.1636946648359298,0.8419119715690613,27,3000
more_demos,bread,action_delay,3,400030,True,True,True,163,51.22832834957158,3.0,0.1454025357961654,0.1878256350755691,0.8375303149223328,27,3000
more_demos,bread,action_delay,4,400031,False,True,False,260,3.2977348802185293,3.0,0.2216895669698715,-0.24981689453125,0.8422044515609741,27,3000
more_demos,bread,action_delay,5,400032,True,True,True,167,60.11707923790779,3.0,0.1695231944322586,0.1597639471292495,0.8421630859375,27,3000
more_demos,bread,action_delay,6,400033,False,True,False,260,4.241957919620306,5.0,-0.0192653518170118,-0.3583881855010986,0.8421919941902161,27,3000
more_demos,bread,action_delay,7,400034,False,True,False,260,3.315112059258299,5.0,0.082999974489212,-0.2447946518659591,0.8421713709831238,27,3000
more_demos,bread,gripper_slip,0,400027,True,True,True,164,42.90946228962269,50.0,0.2087938785552978,0.1274687945842743,0.842182993888855,27,3000
more_demos,bread,gripper_slip,1,400028,False,True,False,260,13.800617029704362,60.0,0.2646322548389435,-0.3138187229633331,0.8386247754096985,27,3000
more_demos,bread,gripper_slip,2,400029,False,False,False,260,12.693376988040802,,0.113597959280014,-0.0723471418023109,0.8421803116798401,27,3000
more_demos,bread,gripper_slip,3,400030,False,True,False,260,15.667467407146052,60.0,0.2071058005094528,-0.0688626989722251,0.8421635031700134,27,3000
more_demos,bread,gripper_slip,4,400031,False,True,False,260,20.12046083304586,88.0,0.2124482244253158,-0.2598782777786255,0.8421919941902161,27,3000
more_demos,bread,gripper_slip,5,400032,False,True,False,260,11.1368971430419,56.0,0.0059499600902199,-0.4304604828357696,0.8421919941902161,27,3000
more_demos,bread,gripper_slip,6,400033,False,True,False,260,14.75470124504732,61.0,0.0387354381382465,-0.3006943464279175,0.8421645760536194,27,3000
more_demos,bread,gripper_slip,7,400034,False,True,False,260,13.877516332572291,49.0,0.1368596255779266,-0.3474338948726654,0.8421903252601624,27,3000
recovery_bc,bread,nominal,0,400027,True,False,False,137,42.9974511008718,,0.1865877956151962,0.1517621576786041,0.8421655893325806,27,3000
recovery_bc,bread,nominal,1,400028,True,False,False,133,47.42532045742223,,0.1807851642370224,0.1541652530431747,0.8421655893325806,27,3000
recovery_bc,bread,nominal,2,400029,False,False,False,260,9.790169591918431,,0.0935119315981864,-0.0826529636979103,0.8421643376350403,27,3000
recovery_bc,bread,nominal,3,400030,True,False,False,117,43.360148553417766,,0.1800091713666916,0.1503332704305648,0.8421879410743713,27,3000
recovery_bc,bread,nominal,4,400031,True,False,False,126,44.3767020142601,,0.1724776476621627,0.1561322808265686,0.8421788811683655,27,3000
recovery_bc,bread,nominal,5,400032,True,False,False,130,44.349276658660806,,0.1993022561073303,0.1274093240499496,0.8421953916549683,27,3000
recovery_bc,bread,nominal,6,400033,True,False,False,140,49.809567747978925,,0.19166861474514,0.153251051902771,0.8421924114227295,27,3000
recovery_bc,bread,nominal,7,400034,True,False,False,115,43.75905885738289,,0.1821971833705902,0.1498237699270248,0.8421787023544312,27,3000
recovery_bc,bread,object_shift,0,400027,True,True,True,127,48.80221607677546,14.0,0.1898528784513473,0.1473641395568847,0.8421362638473511,27,3000
recovery_bc,bread,object_shift,1,400028,True,True,True,166,52.62185088294817,14.0,0.1648898124694824,0.1339595317840576,0.8473390936851501,27,3000
recovery_bc,bread,object_shift,2,400029,False,True,False,260,13.40122374531043,14.0,-0.0114509351551532,-0.0839982777833938,0.842191755771637,27,3000
recovery_bc,bread,object_shift,3,400030,False,True,False,260,68.52797915102957,14.0,0.2444303631782531,0.0018010559724643,0.961114227771759,27,3000
recovery_bc,bread,object_shift,4,400031,True,True,True,127,47.373495855812,14.0,0.1750172078609466,0.1572658121585846,0.8421894311904907,27,3000
recovery_bc,bread,object_shift,5,400032,True,True,True,229,44.951296519230496,14.0,0.1998451352119445,0.1439790874719619,0.8386171460151672,27,3000
recovery_bc,bread,object_shift,6,400033,True,True,True,125,43.293483224576384,14.0,0.183955579996109,0.152183786034584,0.8421919941902161,27,3000
recovery_bc,bread,object_shift,7,400034,True,True,True,129,46.849829753267905,14.0,0.1806570291519165,0.1549760401248932,0.8421907424926758,27,3000
recovery_bc,bread,action_noise,0,400027,True,True,True,109,35.79927771750093,8.0,0.1809330135583877,0.0848452895879745,0.8415244817733765,27,3000
recovery_bc,bread,action_noise,1,400028,True,True,True,136,46.76546133259439,8.0,0.1818505376577377,0.1457841396331787,0.8421362638473511,27,3000
recovery_bc,bread,action_noise,2,400029,True,True,True,153,32.776025513159084,8.0,0.1877582818269729,0.1571471542119979,0.8422162532806396,27,3000
recovery_bc,bread,action_noise,3,400030,True,True,True,144,36.130296595596676,8.0,0.1809350103139877,0.116799496114254,0.8421670198440552,27,3000
recovery_bc,bread,action_noise,4,400031,True,True,True,110,35.90665527309259,8.0,0.1694700717926025,0.1257601678371429,0.8421910405158997,27,3000
recovery_bc,bread,action_noise,5,400032,True,True,True,130,44.71300937459677,8.0,0.203501671552658,0.1382076740264892,0.8421738743782043,27,3000
recovery_bc,bread,action_noise,6,400033,True,True,True,122,39.06691984419101,8.0,0.1865965276956558,0.1306815594434738,0.8469645977020264,27,3000
recovery_bc,bread,action_noise,7,400034,True,True,True,118,45.52487967453528,8.0,0.1837785989046096,0.1671315431594848,0.8421910405158997,27,3000
recovery_bc,bread,action_delay,0,400027,True,True,True,160,62.440741107777875,3.0,0.1897887140512466,0.2230522781610489,0.8421919345855713,27,3000
recovery_bc,bread,action_delay,1,400028,False,True,False,260,15.759771282134457,5.0,0.278905987739563,-0.3256258368492126,0.8282777070999146,27,3000
recovery_bc,bread,action_delay,2,400029,False,True,False,260,45.34516207238126,5.0,0.2420600056648254,0.1604419946670532,0.9656352400779724,27,3000
recovery_bc,bread,action_delay,3,400030,True,True,True,164,48.616185212832605,3.0,0.1847775727510452,0.2117773294448852,0.8421791791915894,27,3000
recovery_bc,bread,action_delay,4,400031,True,True,True,164,56.18207498236677,3.0,0.157972976565361,0.2146155536174774,0.8421670198440552,27,3000
recovery_bc,bread,action_delay,5,400032,True,True,True,252,70.42028260338711,3.0,0.149246260523796,0.1542196273803711,0.883369505405426,27,3000
recovery_bc,bread,action_delay,6,400033,False,True,False,260,54.94115529395167,5.0,0.1777063012123108,0.1914376765489578,0.8710138201713562,27,3000
recovery_bc,bread,action_delay,7,400034,False,True,False,260,4.999760448435129,5.0,0.1305072605609893,-0.2418912947177887,0.8421903252601624,27,3000
recovery_bc,bread,gripper_slip,0,400027,True,True,True,180,44.316017263162145,71.0,0.1974226981401443,0.1387948840856552,0.8421951532363892,27,3000
recovery_bc,bread,gripper_slip,1,400028,True,True,True,163,53.02748871922192,57.0,0.174455389380455,0.1523042470216751,0.8421972990036011,27,3000
recovery_bc,bread,gripper_slip,2,400029,False,False,False,260,9.790169591918431,,0.0935119315981864,-0.0826529636979103,0.8421643376350403,27,3000
recovery_bc,bread,gripper_slip,3,400030,False,True,False,260,39.59785973435231,55.0,0.2318737357854843,-0.1141382008790969,0.842197597026825,27,3000
recovery_bc,bread,gripper_slip,4,400031,True,True,True,153,45.59468476309553,59.0,0.1952736526727676,0.144494891166687,0.842179000377655,27,3000
recovery_bc,bread,gripper_slip,5,400032,True,True,True,214,48.39615443331182,58.0,0.2175271958112716,0.1251044124364853,0.8384986519813538,27,3000
recovery_bc,bread,gripper_slip,6,400033,True,True,True,176,52.418719064793216,67.0,0.1903038620948791,0.1426755338907241,0.8421910405158997,27,3000
recovery_bc,bread,gripper_slip,7,400034,True,True,True,147,47.36588518679888,48.0,0.1865379512310028,0.1533661186695099,0.8421635031700134,27,3000
contrastive_recovery,bread,nominal,0,400027,False,False,False,260,7.720767996690078,,-0.0041246660985052,-0.2539527714252472,0.8421908617019653,27,3000
contrastive_recovery,bread,nominal,1,400028,True,False,False,211,67.00126379229026,,0.1602032929658889,0.0896726250648498,0.8816251158714294,27,3000
contrastive_recovery,bread,nominal,2,400029,False,False,False,260,11.79068674763599,,0.0784150063991546,-0.0938248261809349,0.8421903252601624,27,3000
contrastive_recovery,bread,nominal,3,400030,True,False,False,184,60.96081554176898,,0.1768773198127746,0.1086794286966323,0.8421700596809387,27,3000
contrastive_recovery,bread,nominal,4,400031,False,False,False,260,78.9187954955891,,0.2708220779895782,-0.3252095580101013,0.985320508480072,27,3000
contrastive_recovery,bread,nominal,5,400032,False,False,False,260,7.596793314464788,,0.0100497873499989,-0.3794372975826263,0.8421670198440552,27,3000
contrastive_recovery,bread,nominal,6,400033,False,False,False,260,7.689882815915297,,-0.0148688731715083,-0.3553621768951416,0.8421908617019653,27,3000
contrastive_recovery,bread,nominal,7,400034,True,False,False,179,59.0958784547796,,0.1814161241054535,0.1075995042920112,0.8421910405158997,27,3000
contrastive_recovery,bread,object_shift,0,400027,True,True,True,150,50.408313162464864,14.0,0.2028203010559082,0.0971503779292106,0.8403826355934143,27,3000
contrastive_recovery,bread,object_shift,1,400028,True,True,True,228,68.98996979148005,14.0,0.1884421110153198,0.0824668034911155,0.8499419689178467,27,3000
contrastive_recovery,bread,object_shift,2,400029,False,True,False,260,7.759495769774434,14.0,-0.0101149221882224,-0.0999369993805885,0.8421643376350403,27,3000
contrastive_recovery,bread,object_shift,3,400030,True,True,True,252,67.43641233314867,14.0,0.1526924073696136,0.0803542211651802,0.8962756991386414,27,3000
contrastive_recovery,bread,object_shift,4,400031,True,True,True,190,65.48010208581911,14.0,0.1722933053970337,0.108348049223423,0.8421878218650818,27,3000
contrastive_recovery,bread,object_shift,5,400032,False,True,False,260,8.159634998654722,14.0,0.0144900241866707,-0.4012098312377929,0.8386236429214478,27,3000
contrastive_recovery,bread,object_shift,6,400033,False,True,False,260,7.361843000508195,14.0,0.0618735812604427,-0.3083440959453583,0.8421645760536194,27,3000
contrastive_recovery,bread,object_shift,7,400034,True,True,True,194,65.10141024741084,14.0,0.1746027469635009,0.0970109701156616,0.8421911597251892,27,3000
contrastive_recovery,bread,action_noise,0,400027,True,True,True,150,49.466771658585245,8.0,0.1780809164047241,0.1162317767739296,0.8394694328308105,27,3000
contrastive_recovery,bread,action_noise,1,400028,True,True,True,171,55.35252307604099,8.0,0.149197980761528,0.1421604603528976,0.8402494788169861,27,3000
contrastive_recovery,bread,action_noise,2,400029,True,True,True,108,35.677804745786695,8.0,0.1707889437675476,0.126338392496109,0.8421643376350403,27,3000
contrastive_recovery,bread,action_noise,3,400030,True,True,True,174,46.31986001469587,8.0,0.1671989560127258,0.1086464300751686,0.8394725918769836,27,3000
contrastive_recovery,bread,action_noise,4,400031,True,True,True,120,35.846123763253786,8.0,0.143609270453453,0.123225450515747,0.8912696838378906,27,3000
contrastive_recovery,bread,action_noise,5,400032,False,True,False,260,92.29873872254116,8.0,0.141131043434143,-0.0064711426384747,0.9574437141418456,27,3000
contrastive_recovery,bread,action_noise,6,400033,True,True,True,144,44.81632921606562,8.0,0.1768761277198791,0.1272676885128021,0.8388710618019104,27,3000
contrastive_recovery,bread,action_noise,7,400034,True,True,True,181,61.205677479669966,8.0,0.1855975985527038,0.0899678170680999,0.8391180634498596,27,3000
contrastive_recovery,bread,action_delay,0,400027,True,True,True,194,67.25062073215122,3.0,0.1478386223316192,0.1934942007064819,0.8421773910522461,27,3000
contrastive_recovery,bread,action_delay,1,400028,False,True,False,260,8.143258537617228,5.0,0.2146712243556976,-0.3336593806743622,0.8421779870986938,27,3000
contrastive_recovery,bread,action_delay,2,400029,False,True,False,260,44.01537678771248,5.0,0.1673086881637573,0.4450457096099853,0.8421904444694519,27,3000
contrastive_recovery,bread,action_delay,3,400030,False,True,False,260,11.336487516757195,3.0,0.231397271156311,-0.1897506862878799,0.8421919345855713,27,3000
contrastive_recovery,bread,action_delay,4,400031,False,True,False,260,26.168487649329965,3.0,0.2326893359422683,-0.2901821732521057,0.8425445556640625,27,3000
contrastive_recovery,bread,action_delay,5,400032,False,True,False,260,12.126621634580998,3.0,0.1542381942272186,-0.3284100890159607,0.8386222124099731,27,3000
contrastive_recovery,bread,action_delay,6,400033,False,True,False,260,10.140563763604652,5.0,-0.0657577961683273,-0.3694770336151123,0.8421885371208191,27,3000
contrastive_recovery,bread,action_delay,7,400034,False,True,False,260,8.503172217419834,5.0,0.2221971005201339,-0.2256867289543151,0.8425084948539734,27,3000
contrastive_recovery,bread,gripper_slip,0,400027,False,False,False,260,7.720767996690078,,-0.0041246660985052,-0.2539527714252472,0.8421908617019653,27,3000
contrastive_recovery,bread,gripper_slip,1,400028,False,True,False,260,44.46451215703155,152.0,0.2271725386381149,-0.3734957873821258,0.8421643376350403,27,3000
contrastive_recovery,bread,gripper_slip,2,400029,False,False,False,260,11.79068674763599,,0.0784150063991546,-0.0938248261809349,0.8421903252601624,27,3000
contrastive_recovery,bread,gripper_slip,3,400030,False,True,False,260,34.35894893851306,124.0,0.1571704894304275,-0.143740564584732,0.8421868085861206,27,3000
contrastive_recovery,bread,gripper_slip,4,400031,False,True,False,260,70.83152457398744,238.0,0.2072093486785888,-0.3351999521255493,0.8421699404716492,27,3000
contrastive_recovery,bread,gripper_slip,5,400032,False,False,False,260,7.596793314464788,,0.0100497873499989,-0.3794372975826263,0.8421670198440552,27,3000
contrastive_recovery,bread,gripper_slip,6,400033,False,False,False,260,7.689882815915297,,-0.0148688731715083,-0.3553621768951416,0.8421908617019653,27,3000
contrastive_recovery,bread,gripper_slip,7,400034,False,True,False,260,32.45240856512242,117.0,0.1065850034356117,-0.3218245208263397,0.8421630859375,27,3000
more_demos,cereal,nominal,0,400027,True,False,False,108,40.399622345100184,,-0.0114096663892269,0.3842999041080475,0.8957074284553528,27,3000
more_demos,cereal,nominal,1,400028,True,False,False,111,36.45677860864932,,-0.0158513393253088,0.3745934665203094,0.8998938798904419,27,3000
more_demos,cereal,nominal,2,400029,True,False,False,130,44.7739557117594,,-0.010806786827743,0.3915707170963287,0.8967300057411194,27,3000
more_demos,cereal,nominal,3,400030,True,False,False,110,40.892754079806394,,-0.0127517124637961,0.3696516752243042,0.8969056606292725,27,3000
more_demos,cereal,nominal,4,400031,True,False,False,114,42.61331335673156,,-0.0098785581067204,0.3879354000091553,0.8966267108917236,27,3000
more_demos,cereal,nominal,5,400032,True,False,False,127,42.91500931813452,,-0.0180413927882909,0.3916659355163574,0.8952187299728394,27,3000
more_demos,cereal,nominal,6,400033,True,False,False,112,40.19691704201603,,-0.0098510002717375,0.3799303770065307,0.8954795598983765,27,3000
more_demos,cereal,nominal,7,400034,True,False,False,118,40.01614314217677,,-0.0174602475017309,0.3807684183120727,0.8963185548782349,27,3000
more_demos,cereal,object_shift,0,400027,True,True,True,113,40.8237140742673,14.0,0.0002446637081447,0.4560027420520782,0.8951404094696045,27,3000
more_demos,cereal,object_shift,1,400028,True,True,True,114,37.4654354788705,14.0,-0.0222863461822271,0.3945002257823944,0.893887460231781,27,3000
more_demos,cereal,object_shift,2,400029,True,True,True,115,39.600320323105336,14.0,-0.026300273835659,0.3810447454452514,0.9001535177230835,27,3000
more_demos,cereal,object_shift,3,400030,False,True,False,260,2.208043780330101,14.0,0.1464488059282302,-0.1395040303468704,0.8946360945701599,27,3000
more_demos,cereal,object_shift,4,400031,False,True,False,260,1.9833946242973548,14.0,-0.0338086485862731,-0.3615624010562897,0.8307327628135681,27,3000
more_demos,cereal,object_shift,5,400032,True,True,True,134,43.46527921652958,14.0,-0.0277402177453041,0.412210613489151,0.8995426893234253,27,3000
more_demos,cereal,object_shift,6,400033,True,True,True,106,15.494544608353616,14.0,-0.0259919371455907,0.3960486948490143,0.8972632884979248,27,3000
more_demos,cereal,object_shift,7,400034,False,True,False,260,2.251540155288443,14.0,0.2375476509332656,-0.317370057106018,0.894629955291748,27,3000
more_demos,cereal,action_noise,0,400027,True,True,True,112,41.56720529030529,8.0,-0.0318394973874092,0.3634888827800751,0.894549548625946,27,3000
more_demos,cereal,action_noise,1,400028,True,True,True,114,38.191793383827694,8.0,-0.0226098615676164,0.3897676467895508,0.8957495093345642,27,3000
more_demos,cereal,action_noise,2,400029,True,True,True,123,39.51615525130837,8.0,-0.0110641866922378,0.3552223145961761,0.8995943665504456,27,3000
more_demos,cereal,action_noise,3,400030,False,True,False,260,2.1978198857646167,8.0,0.0908962413668632,-0.3222262263298034,0.830762505531311,27,3000
more_demos,cereal,action_noise,4,400031,True,True,True,115,42.11379624065994,8.0,-0.0365046970546245,0.3913375735282898,0.894717276096344,27,3000
more_demos,cereal,action_noise,5,400032,False,True,False,260,2.286511261356186,8.0,0.189478650689125,-0.3373335897922516,0.8946224451065063,27,3000
more_demos,cereal,action_noise,6,400033,True,True,True,103,34.442866571762565,8.0,-0.0188798438757658,0.3773384690284729,0.8979665040969849,27,3000
more_demos,cereal,action_noise,7,400034,False,True,False,260,106.7662586383994,8.0,0.0055269147269427,0.4484400451183319,0.9033612608909608,27,3000
more_demos,cereal,action_delay,0,400027,False,True,False,260,1.988964725007961,3.0,0.0963229313492775,-0.2252343744039535,0.8946321606636047,27,3000
more_demos,cereal,action_delay,1,400028,False,True,False,260,1.868560723408803,5.0,0.1876362860202789,-0.2502873241901397,0.8949355483055115,27,3000
more_demos,cereal,action_delay,2,400029,False,True,False,260,1.6078633300270826,5.0,0.1292722970247268,-0.4490694105625152,0.8823883533477783,27,3000
more_demos,cereal,action_delay,3,400030,False,True,False,260,1.9785370773450224,3.0,0.0919581055641174,-0.3227295577526092,0.8308005928993225,27,3000
more_demos,cereal,action_delay,4,400031,False,True,False,260,2.3224697080002916,3.0,0.031045002862811,-0.4133699834346771,0.8418633341789246,27,3000
more_demos,cereal,action_delay,5,400032,False,True,False,260,2.10776116743407,3.0,0.1891226172447204,-0.3362378478050232,0.8947402238845825,27,3000
more_demos,cereal,action_delay,6,400033,False,True,False,260,2.6654252101278373,5.0,0.149417296051979,-0.3173828423023224,0.8307420611381531,27,3000
more_demos,cereal,action_delay,7,400034,False,True,False,260,1.7331427448166608,5.0,0.1851953715085983,-0.24945829808712,0.894630491733551,27,3000
more_demos,cereal,gripper_slip,0,400027,False,True,False,260,8.525750770128138,44.0,0.0238438695669174,-0.3226326107978821,0.8307420611381531,27,3000
more_demos,cereal,gripper_slip,1,400028,False,True,False,260,5.123048397439244,46.0,0.2372634559869766,-0.2395212799310684,0.8946371078491211,27,3000
more_demos,cereal,gripper_slip,2,400029,False,True,False,260,6.891572141785948,53.0,0.0568701960146427,-0.3529974818229675,0.894627034664154,27,3000
more_demos,cereal,gripper_slip,3,400030,False,True,False,260,8.857389216708281,45.0,0.1284263879060745,-0.1674511283636093,0.8946244120597839,27,3000
more_demos,cereal,gripper_slip,4,400031,False,True,False,260,8.676810376157427,46.0,-0.0179644804447889,-0.3699009716510772,0.8307610154151917,27,3000
more_demos,cereal,gripper_slip,5,400032,False,True,False,260,7.0550408729051926,53.0,0.185763418674469,-0.4104806184768677,0.894636332988739,27,3000
more_demos,cereal,gripper_slip,6,400033,False,True,False,260,8.140715932003847,47.0,0.1987063437700271,-0.1904186159372329,0.8946284651756287,27,3000
more_demos,cereal,gripper_slip,7,400034,False,True,False,260,7.436404383016425,51.0,0.2198290675878524,-0.300248920917511,0.894633412361145,27,3000
recovery_bc,cereal,nominal,0,400027,True,False,False,105,38.111526626941014,,-0.0087925214320421,0.3679296672344208,0.8957620859146118,27,3000
recovery_bc,cereal,nominal,1,400028,True,False,False,113,37.37495073661996,,-0.0121239610016345,0.3866614997386932,0.8957201838493347,27,3000
recovery_bc,cereal,nominal,2,400029,True,False,False,128,42.66384879965972,,-0.0089799677953124,0.3908838927745819,0.897015392780304,27,3000
recovery_bc,cereal,nominal,3,400030,True,False,False,106,38.84946989915802,,-0.0096459556370973,0.3864300847053528,0.8967427015304565,27,3000
recovery_bc,cereal,nominal,4,400031,True,False,False,114,42.18248597973814,,-0.0073231174610555,0.39729905128479,0.8970853090286255,27,3000
recovery_bc,cereal,nominal,5,400032,True,False,False,121,39.683327701524725,,-0.0155930574983358,0.3759767413139343,0.8990715146064758,27,3000
recovery_bc,cereal,nominal,6,400033,True,False,False,108,37.77523449957202,,-0.0103235924616456,0.3837266266345978,0.8960734605789185,27,3000
recovery_bc,cereal,nominal,7,400034,True,False,False,111,36.55828090844823,,-0.015386713668704,0.3775928616523742,0.8991869688034058,27,3000
recovery_bc,cereal,object_shift,0,400027,True,True,True,117,42.12802080589076,14.0,0.0003444340545684,0.4128809571266174,0.8941264748573303,27,3000
recovery_bc,cereal,object_shift,1,400028,True,True,True,113,34.509122210774876,14.0,-0.0214565843343734,0.4039878845214844,0.8981117606163025,27,3000
recovery_bc,cereal,object_shift,2,400029,True,True,True,120,41.22916928124702,14.0,-0.0069706011563539,0.3954833745956421,0.8968915343284607,27,3000
recovery_bc,cereal,object_shift,3,400030,True,True,True,96,30.40279650230289,14.0,-0.0159636568278074,0.3800048828125,0.8967453241348267,27,3000
recovery_bc,cereal,object_shift,4,400031,False,True,False,260,1.0919689492512188,14.0,-0.0294325090944767,-0.2668798863887787,0.8946447372436523,27,3000
recovery_bc,cereal,object_shift,5,400032,True,True,True,137,44.92538674246927,14.0,-0.0196138620376586,0.3851931691169739,0.8989655375480652,27,3000
recovery_bc,cereal,object_shift,6,400033,True,True,True,111,35.107870328034075,14.0,-0.0156831219792366,0.3746614754199981,0.8999709486961365,27,3000
recovery_bc,cereal,object_shift,7,400034,False,True,False,260,122.5662125088952,14.0,0.0023202437441796,0.4412013292312622,0.902780532836914,27,3000
recovery_bc,cereal,action_noise,0,400027,True,True,True,106,37.788601254449354,8.0,-0.0367853045463562,0.3338041007518768,0.8953677415847778,27,3000
recovery_bc,cereal,action_noise,1,400028,True,True,True,112,36.67375009937613,8.0,-0.0379595644772052,0.3876186013221741,0.8949602842330933,27,3000
recovery_bc,cereal,action_noise,2,400029,True,True,True,128,43.1575188741968,8.0,-0.0169234275817871,0.3556231558322906,0.8963007926940918,27,3000
recovery_bc,cereal,action_noise,3,400030,True,True,True,118,31.91425755719632,8.0,-0.0335845202207565,0.3374457359313965,0.8939476013183594,27,3000
recovery_bc,cereal,action_noise,4,400031,True,True,True,108,38.136743491950895,8.0,-0.0354039818048477,0.4001066088676452,0.8984891176223755,27,3000
recovery_bc,cereal,action_noise,5,400032,True,True,True,122,41.212324276911325,8.0,0.0059764441102743,0.3459326028823852,0.8949906229972839,27,3000
recovery_bc,cereal,action_noise,6,400033,True,True,True,102,33.63062412840953,8.0,-0.0165874529629945,0.3842607736587524,0.896772027015686,27,3000
recovery_bc,cereal,action_noise,7,400034,False,True,False,260,5.019628556281262,8.0,0.1881024539470672,-0.153661847114563,0.8307458758354187,27,3000
recovery_bc,cereal,action_delay,0,400027,False,True,False,260,4.948515124542766,3.0,0.0987373441457748,-0.3217650949954986,0.8308203816413879,27,3000
recovery_bc,cereal,action_delay,1,400028,False,True,False,260,4.866024313769983,5.0,0.1866264641284942,-0.1563091874122619,0.8307512998580933,27,3000
recovery_bc,cereal,action_delay,2,400029,False,True,False,260,51.503230622332026,5.0,-0.0088716773316264,0.5789968967437744,0.0749371871352195,27,3000
recovery_bc,cereal,action_delay,3,400030,False,True,False,260,6.176987511059555,3.0,0.090935930609703,-0.3223039209842682,0.8307659029960632,27,3000
recovery_bc,cereal,action_delay,4,400031,True,True,True,134,45.9724414280991,3.0,-0.0147789036855101,0.4069631099700928,0.8953306078910828,27,3000
recovery_bc,cereal,action_delay,5,400032,False,True,False,260,1.0744271272867794,3.0,0.1892974972724914,-0.3372061848640442,0.8946602940559387,27,3000
recovery_bc,cereal,action_delay,6,400033,False,True,False,260,1.875169794403449,5.0,0.1493902206420898,-0.1289091110229492,0.8307178020477295,27,3000
recovery_bc,cereal,action_delay,7,400034,False,True,False,260,4.730828690989141,5.0,0.1834473609924316,-0.1542450487613678,0.830751359462738,27,3000
recovery_bc,cereal,gripper_slip,0,400027,True,True,True,137,41.71459305556681,41.0,0.0029148776084184,0.4051728844642639,0.896181046962738,27,3000
recovery_bc,cereal,gripper_slip,1,400028,True,True,True,140,36.89564228708478,47.0,-0.0171075779944658,0.4150583148002624,0.8987554907798767,27,3000
recovery_bc,cereal,gripper_slip,2,400029,True,True,True,152,40.669781163026535,52.0,-0.0013348427601158,0.400661289691925,0.8969268202781677,27,3000
recovery_bc,cereal,gripper_slip,3,400030,True,True,True,126,36.094786783145814,42.0,-0.0033158119767904,0.4000689685344696,0.8971918821334839,27,3000
recovery_bc,cereal,gripper_slip,4,400031,True,True,True,161,49.92620110593172,47.0,0.0155283017084002,0.3690442144870758,0.8979257941246033,27,3000
recovery_bc,cereal,gripper_slip,5,400032,True,True,True,156,43.04846417884683,49.0,-0.0103897945955395,0.3874433934688568,0.8978699445724487,27,3000
recovery_bc,cereal,gripper_slip,6,400033,True,True,True,133,36.92107756691246,44.0,-0.0134817911311984,0.3838792145252228,0.898834764957428,27,3000
recovery_bc,cereal,gripper_slip,7,400034,True,True,True,145,39.96072126923455,46.0,-0.0150129776448011,0.3815344870090484,0.8983404040336609,27,3000
contrastive_recovery,cereal,nominal,0,400027,True,False,False,156,56.431111095717775,,-0.0268032718449831,0.3966068625450134,0.8951231241226196,27,3000
contrastive_recovery,cereal,nominal,1,400028,True,False,False,159,53.94874592149924,,-0.0003993964637629,0.4434116780757904,0.8975734710693359,27,3000
contrastive_recovery,cereal,nominal,2,400029,True,False,False,176,58.14030954852427,,-0.0296103861182928,0.3708037734031677,0.896324872970581,27,3000
contrastive_recovery,cereal,nominal,3,400030,True,False,False,156,56.59193517624777,,-0.0221169739961624,0.3946301341056824,0.8942186236381531,27,3000
contrastive_recovery,cereal,nominal,4,400031,True,False,False,192,63.70513190864521,,0.0015856133541092,0.3761627972126007,0.8993574380874634,27,3000
contrastive_recovery,cereal,nominal,5,400032,False,False,False,260,61.384154106478945,,-0.0540558472275733,0.6280739903450012,0.0149751640856266,27,3000
contrastive_recovery,cereal,nominal,6,400033,True,False,False,157,54.96361757128222,,-0.0363655909895896,0.3991823494434356,0.8933669924736023,27,3000
contrastive_recovery,cereal,nominal,7,400034,False,False,False,260,87.0442737013873,,-0.2246985435485839,0.7275589108467102,0.8060498237609863,27,3000
contrastive_recovery,cereal,object_shift,0,400027,True,True,True,120,43.2222190779033,14.0,0.0050422442145645,0.4222409725189209,0.8890295028686523,27,3000
contrastive_recovery,cereal,object_shift,1,400028,True,True,True,168,56.0043127559873,14.0,0.0061558526940643,0.460780382156372,0.8702715039253235,27,3000
contrastive_recovery,cereal,object_shift,2,400029,True,True,True,163,54.87903414665276,14.0,-0.0108667081221938,0.359757125377655,0.8965499401092529,27,3000
contrastive_recovery,cereal,object_shift,3,400030,False,True,False,260,11.643468043294444,14.0,0.1440365016460418,-0.0856096372008323,0.8645631670951843,27,3000
contrastive_recovery,cereal,object_shift,4,400031,False,True,False,260,2.2961197451605,14.0,-0.0350638180971145,-0.2671423852443695,0.8946295976638794,27,3000
contrastive_recovery,cereal,object_shift,5,400032,False,True,False,260,70.7526189196293,14.0,-0.4186755716800689,0.8394210338592529,0.1289430856704712,27,3000
contrastive_recovery,cereal,object_shift,6,400033,False,True,False,260,80.85382665771517,14.0,-0.1314810812473297,0.660514235496521,0.7854670882225037,27,3000
contrastive_recovery,cereal,object_shift,7,400034,False,True,False,260,62.95644644733473,14.0,-0.142132356762886,0.7060703039169312,0.0149671640247106,27,3000
contrastive_recovery,cereal,action_noise,0,400027,True,True,True,108,39.4680529539226,8.0,-0.0345289520919323,0.3982377350330353,0.8955159783363342,27,3000
contrastive_recovery,cereal,action_noise,1,400028,False,True,False,260,9.689710705151876,8.0,0.1508092731237411,-0.2601111233234405,0.8307462930679321,27,3000
contrastive_recovery,cereal,action_noise,2,400029,True,True,True,134,43.823520845007565,8.0,-0.0248622633516788,0.3733209073543548,0.8984007239341736,27,3000
contrastive_recovery,cereal,action_noise,3,400030,True,True,True,90,11.80739069532903,8.0,0.0358312837779521,0.3732205629348755,0.8967167735099792,27,3000
contrastive_recovery,cereal,action_noise,4,400031,True,True,True,111,39.238281348633826,8.0,-0.0272328779101371,0.4022822976112366,0.8972887992858887,27,3000
contrastive_recovery,cereal,action_noise,5,400032,True,True,True,146,48.660298276347824,8.0,-0.0165319293737411,0.3711903989315033,0.8938019871711731,27,3000
contrastive_recovery,cereal,action_noise,6,400033,True,True,True,110,37.30755936413726,8.0,-0.0107967164367437,0.4096329808235168,0.898405909538269,27,3000
contrastive_recovery,cereal,action_noise,7,400034,False,True,False,260,6.935332325617823,8.0,0.1281807869672775,-0.2013211995363235,0.8307477235794067,27,3000
contrastive_recovery,cereal,action_delay,0,400027,False,True,False,260,3.407713723110482,3.0,0.0754131004214286,-0.0921496376395225,0.8307477235794067,27,3000
contrastive_recovery,cereal,action_delay,1,400028,False,True,False,260,7.350412326967792,5.0,0.2121603637933731,-0.1080435812473297,0.9378050565719604,27,3000
contrastive_recovery,cereal,action_delay,2,400029,False,True,False,260,8.743519501584263,5.0,0.176676794886589,-0.4050922989845276,0.8308061361312866,27,3000
contrastive_recovery,cereal,action_delay,3,400030,False,True,False,260,4.584812879924618,3.0,0.0870397835969924,-0.1386599689722061,0.8308058381080627,27,3000
contrastive_recovery,cereal,action_delay,4,400031,True,True,True,198,67.43115624720427,3.0,-0.0014924270799383,0.4050571024417877,0.8990401029586792,27,3000
contrastive_recovery,cereal,action_delay,5,400032,False,True,False,260,13.729936289846927,3.0,0.2363393753767013,-0.3909089565277099,0.8046342134475708,27,3000
contrastive_recovery,cereal,action_delay,6,400033,False,True,False,260,1.2415923779091271,5.0,0.1489582359790802,-0.2140776813030243,0.8960366249084473,27,3000
contrastive_recovery,cereal,action_delay,7,400034,False,True,False,260,4.635759685481248,5.0,0.1751365065574646,-0.3396789133548736,0.8308203816413879,27,3000
contrastive_recovery,cereal,gripper_slip,0,400027,False,True,False,260,24.40931274055782,93.0,0.0169590804725885,-0.2151025980710983,0.8946451544761658,27,3000
contrastive_recovery,cereal,gripper_slip,1,400028,False,True,False,260,20.200716209470126,88.0,0.2289517372846603,-0.1706991344690323,0.8307462930679321,27,3000
contrastive_recovery,cereal,gripper_slip,2,400029,False,True,False,260,18.744930288901063,92.0,0.0616717003285884,-0.3218634724617004,0.8307477235794067,27,3000
contrastive_recovery,cereal,gripper_slip,3,400030,False,True,False,260,25.10913107409152,92.0,0.1198579296469688,-0.0832347273826599,0.8686530590057373,27,3000
contrastive_recovery,cereal,gripper_slip,4,400031,False,True,False,260,31.46599418011503,125.0,0.0182696636766195,-0.2672950625419616,0.8946287631988525,27,3000
contrastive_recovery,cereal,gripper_slip,5,400032,False,True,False,260,16.334814728696557,84.0,0.1868983805179596,-0.4594924449920654,0.8873035907745361,27,3000
contrastive_recovery,cereal,gripper_slip,6,400033,False,True,False,260,23.663974246299382,92.0,0.2130409628152847,-0.19533072412014,0.8963532447814941,27,3000
contrastive_recovery,cereal,gripper_slip,7,400034,False,True,False,260,44.82997694225088,163.0,0.2116161286830902,-0.300746351480484,0.8946281671524048,27,3000
more_demos,can,nominal,0,400027,True,False,False,109,44.63720749502295,,0.1858979165554046,0.4021587371826172,0.8599830269813538,27,4800
more_demos,can,nominal,1,400028,True,False,False,111,42.99193475411466,,0.1724916994571685,0.4089373350143432,0.860076367855072,27,4800
more_demos,can,nominal,2,400029,True,False,False,124,39.891526156631016,,0.1669392585754394,0.3987521231174469,0.8755368590354919,27,4800
more_demos,can,nominal,3,400030,True,False,False,115,47.45403302047662,,0.1796124279499054,0.4029617607593536,0.860092043876648,27,4800
more_demos,can,nominal,4,400031,True,False,False,139,46.405179678180126,,0.1845329850912094,0.4101575314998626,0.8610716462135315,27,4800
more_demos,can,nominal,5,400032,True,False,False,111,44.902901543891765,,0.1728282570838928,0.4071772992610931,0.8590448498725891,27,4800
more_demos,can,nominal,6,400033,True,False,False,128,45.22440691828519,,0.1761575788259506,0.3962182700634002,0.859899640083313,27,4800
more_demos,can,nominal,7,400034,True,False,False,123,45.61182041123563,,0.1861482709646225,0.4078898727893829,0.8611330986022949,27,4800
more_demos,can,object_shift,0,400027,False,True,False,260,0.3671297363104678,14.0,-0.2452877908945083,-0.229896530508995,0.3435531854629516,27,4800
more_demos,can,object_shift,1,400028,True,True,True,123,44.50393113556983,14.0,0.1728051155805587,0.3948967158794403,0.8599475622177124,27,4800
more_demos,can,object_shift,2,400029,False,True,False,260,3.061410591246152,14.0,0.1788808703422546,-0.2492870390415191,0.8438335657119751,27,4800
more_demos,can,object_shift,3,400030,False,True,False,260,4.4906544801967625,14.0,0.0858648493885994,-0.0999753400683403,0.8600575923919678,27,4800
more_demos,can,object_shift,4,400031,True,True,True,153,51.4713669928078,14.0,0.1914248317480087,0.4242132008075714,0.8616804480552673,27,4800
more_demos,can,object_shift,5,400032,False,True,False,260,4.449206287047173,14.0,0.070370890200138,-0.180812269449234,0.8600521683692932,27,4800
more_demos,can,object_shift,6,400033,True,True,True,123,40.89516709116287,14.0,0.1715807765722274,0.4006966054439544,0.8588483333587646,27,4800
more_demos,can,object_shift,7,400034,True,True,True,138,49.74069939286693,14.0,0.1792137324810028,0.4119493067264557,0.8600663542747498,27,4800
more_demos,can,action_noise,0,400027,True,True,True,99,38.41772669827881,8.0,0.1787620186805725,0.3711940348148346,0.8576710224151611,27,4800
more_demos,can,action_noise,1,400028,True,True,True,103,36.515288611750506,8.0,0.1619357168674469,0.4039834141731262,0.8585742712020874,27,4800
more_demos,can,action_noise,2,400029,True,True,True,124,39.7568894352528,8.0,0.1658585667610168,0.3915106952190399,0.8607083559036255,27,4800
more_demos,can,action_noise,3,400030,True,True,True,94,37.35605592969558,8.0,0.1882731914520263,0.3986366689205169,0.8638328313827515,27,4800
more_demos,can,action_noise,4,400031,True,True,True,132,42.954184408402206,8.0,0.1711150407791137,0.3843991160392761,0.8716496229171753,27,4800
more_demos,can,action_noise,5,400032,True,True,True,108,44.12636520571545,8.0,0.1775632202625274,0.388261616230011,0.8597649931907654,27,4800
more_demos,can,action_noise,6,400033,True,True,True,126,42.69790229516201,8.0,0.194020539522171,0.3701753616333008,0.879813015460968,27,4800
more_demos,can,action_noise,7,400034,True,True,True,122,43.40942039680802,8.0,0.193145141005516,0.3862791955471039,0.8611805438995361,27,4800
more_demos,can,action_delay,0,400027,True,True,True,166,66.55825106283027,3.0,0.1504493653774261,0.4505366384983063,0.8588507771492004,27,4800
more_demos,can,action_delay,1,400028,False,True,False,260,4.264398945430267,5.0,0.0998992323875427,-0.150358036160469,0.8438383340835571,27,4800
more_demos,can,action_delay,2,400029,False,True,False,260,4.113011224204674,5.0,0.1869615465402603,-0.2121362090110778,0.8436311483383179,27,4800
more_demos,can,action_delay,3,400030,False,True,False,260,37.00298036423027,3.0,0.1667308658361435,0.4590222835540771,0.9119719862937928,27,4800
more_demos,can,action_delay,4,400031,True,True,True,168,54.298380726152416,3.0,0.1914908587932586,0.4338344037532806,0.8624051809310913,27,4800
more_demos,can,action_delay,5,400032,True,True,True,157,67.29941283922047,3.0,0.2095760405063629,0.4388521909713745,0.8825122117996216,27,4800
more_demos,can,action_delay,6,400033,False,True,False,260,4.5989145742184885,5.0,0.1365121304988861,-0.3695060014724731,0.8437535166740417,27,4800
more_demos,can,action_delay,7,400034,False,True,False,260,45.7343636674008,5.0,0.200515329837799,0.4270104467868805,0.9335543513298036,27,4800
more_demos,can,gripper_slip,0,400027,False,True,False,260,14.517783350618895,42.0,0.0435678213834762,-0.1898050010204315,0.8437459468841553,27,4800
more_demos,can,gripper_slip,1,400028,False,True,False,260,10.74387478382542,42.0,0.1702794432640075,-0.0945741757750511,0.8600448966026306,27,4800
more_demos,can,gripper_slip,2,400029,False,True,False,260,9.316082906199629,51.0,0.1473173648118972,-0.2444321066141128,0.8600461483001709,27,4800
more_demos,can,gripper_slip,3,400030,False,True,False,260,13.354899693755176,41.0,0.0683040767908096,-0.1123749390244484,0.8600508570671082,27,4800
more_demos,can,gripper_slip,4,400031,True,True,True,191,52.25411285813502,56.0,0.2353393584489822,0.3790278136730194,0.8644070625305176,27,4800
more_demos,can,gripper_slip,5,400032,False,True,False,260,11.615585859861527,40.0,0.067504309117794,-0.1613070964813232,0.8600502610206604,27,4800
more_demos,can,gripper_slip,6,400033,False,True,False,260,11.343782693452752,49.0,0.1216648966073989,-0.2895579934120178,0.8600438833236694,27,4800
more_demos,can,gripper_slip,7,400034,False,True,False,260,13.189794098374527,49.0,0.0502905882894992,-0.3233007192611694,0.8600490689277649,27,4800
recovery_bc,can,nominal,0,400027,True,False,False,108,43.56241445069925,,0.1848350614309311,0.3964285850524902,0.8657493591308594,27,4800
recovery_bc,can,nominal,1,400028,True,False,False,102,36.64742177728152,,0.1773012280464172,0.3861558139324188,0.8589493632316589,27,4800
recovery_bc,can,nominal,2,400029,True,False,False,232,75.89292744955807,,0.2115598320960998,0.3515907227993011,0.8571205139160156,27,4800
recovery_bc,can,nominal,3,400030,True,False,False,105,41.441723454031354,,0.1844691187143325,0.3938725888729095,0.8600539565086365,27,4800
recovery_bc,can,nominal,4,400031,True,False,False,141,47.603760506504294,,0.1891402155160904,0.389444500207901,0.8595101833343506,27,4800
recovery_bc,can,nominal,5,400032,True,False,False,116,48.27446215095355,,0.1791872233152389,0.3983440697193146,0.8599249720573425,27,4800
recovery_bc,can,nominal,6,400033,True,False,False,137,51.31941724801243,,0.1883111894130706,0.4014469683170318,0.8601071834564209,27,4800
recovery_bc,can,nominal,7,400034,True,False,False,121,44.200985507845544,,0.1921015381813049,0.3988559246063232,0.860411524772644,27,4800
recovery_bc,can,object_shift,0,400027,False,True,False,260,0.3775829918359573,14.0,-0.2452461570501327,-0.2298934906721115,0.3435263335704803,27,4800
recovery_bc,can,object_shift,1,400028,True,True,True,193,63.47051845056277,14.0,0.1802325248718261,0.371613472700119,0.868217945098877,27,4800
recovery_bc,can,object_shift,2,400029,False,True,False,260,17.38949562260764,14.0,0.1812350004911422,0.2184000760316848,0.8600459694862366,27,4800
recovery_bc,can,object_shift,3,400030,True,True,True,104,32.362724959090755,14.0,0.1757344901561737,0.3956539928913116,0.8633744716644287,27,4800
recovery_bc,can,object_shift,4,400031,True,True,True,170,56.96424480388532,14.0,0.1921058744192123,0.390624463558197,0.8763712048530579,27,4800
recovery_bc,can,object_shift,5,400032,True,True,True,105,30.92985160554552,14.0,0.1903303116559982,0.3773967623710632,0.8578805923461914,27,4800
recovery_bc,can,object_shift,6,400033,True,True,True,130,43.149342013343094,14.0,0.1771970838308334,0.3972499966621399,0.8608456254005432,27,4800
recovery_bc,can,object_shift,7,400034,True,True,True,130,44.095983378693575,14.0,0.1835120618343353,0.3923391997814178,0.8596780300140381,27,4800
recovery_bc,can,action_noise,0,400027,True,True,True,98,37.87292994627309,8.0,0.1869881898164749,0.3711308538913727,0.885863721370697,27,4800
recovery_bc,can,action_noise,1,400028,True,True,True,109,38.293534776098205,8.0,0.1772872656583786,0.3913798034191131,0.8596023321151733,27,4800
recovery_bc,can,action_noise,2,400029,True,True,True,129,40.72075903439846,8.0,0.171491265296936,0.370530366897583,0.8783698081970215,27,4800
recovery_bc,can,action_noise,3,400030,True,True,True,95,38.030816175099254,8.0,0.197634682059288,0.396377295255661,0.8631421327590942,27,4800
recovery_bc,can,action_noise,4,400031,True,True,True,136,43.649761364097365,8.0,0.173478752374649,0.3906660974025726,0.883578896522522,27,4800
recovery_bc,can,action_noise,5,400032,True,True,True,111,46.44906423534584,8.0,0.1842380464076995,0.3697415292263031,0.8613182306289673,27,4800
recovery_bc,can,action_noise,6,400033,True,True,True,119,39.48944808613553,8.0,0.2050416469573974,0.3710602223873138,0.8850705027580261,27,4800
recovery_bc,can,action_noise,7,400034,True,True,True,122,43.02995492439602,8.0,0.1968505978584289,0.3827380836009979,0.8611745834350586,27,4800
recovery_bc,can,action_delay,0,400027,True,True,True,192,55.49528415133581,3.0,0.1584575474262237,0.4266625046730041,0.8632211089134216,27,4800
recovery_bc,can,action_delay,1,400028,False,True,False,260,3.8809769505313114,5.0,0.1053175181150436,-0.1034772098064422,0.8600600361824036,27,4800
recovery_bc,can,action_delay,2,400029,False,True,False,260,46.41780773792241,5.0,0.2164654284715652,-0.0772867649793624,0.9848360419273376,27,4800
recovery_bc,can,action_delay,3,400030,True,True,True,172,39.683774563317805,3.0,0.1394690871238708,0.4126744866371155,0.8984860777854919,27,4800
recovery_bc,can,action_delay,4,400031,True,True,True,232,52.71663890069913,3.0,0.1887320578098297,0.3782525658607483,0.8719258904457092,27,4800
recovery_bc,can,action_delay,5,400032,True,True,True,134,52.369084724755055,3.0,0.1866419315338134,0.4045338928699493,0.86033695936203,27,4800
recovery_bc,can,action_delay,6,400033,False,True,False,260,1.444645530883307,5.0,-0.0441072918474674,-0.3105863928794861,0.8607633113861084,27,4800
recovery_bc,can,action_delay,7,400034,False,True,False,260,73.75071378891566,5.0,0.1025159358978271,0.3235838413238525,0.9246962666511536,27,4800
recovery_bc,can,gripper_slip,0,400027,False,True,False,260,17.325962662546747,42.0,0.0555137284100055,-0.1745014190673828,0.8437698483467102,27,4800
recovery_bc,can,gripper_slip,1,400028,False,True,False,260,14.909073270513831,44.0,0.1692715585231781,-0.0961872339248657,0.8600513935089111,27,4800
recovery_bc,can,gripper_slip,2,400029,False,True,False,260,45.158420003790745,154.0,0.107402965426445,-0.3785496354103088,0.8600494861602783,27,4800
recovery_bc,can,gripper_slip,3,400030,False,True,False,260,15.822197646246847,39.0,0.1457433700561523,-0.055878359824419,0.8436104655265808,27,4800
recovery_bc,can,gripper_slip,4,400031,True,True,True,174,50.197801557044826,57.0,0.1940676420927047,0.3812572062015533,0.8920102715492249,27,4800
recovery_bc,can,gripper_slip,5,400032,False,True,False,260,15.866787808897906,42.0,0.0655912309885025,-0.1619960963726043,0.8600549101829529,27,4800
recovery_bc,can,gripper_slip,6,400033,True,True,True,240,42.511133167510856,49.0,0.2096214145421981,0.3561136126518249,0.8869848847389221,27,4800
recovery_bc,can,gripper_slip,7,400034,True,True,True,153,47.08794816378567,48.0,0.1865132004022598,0.3916347026824951,0.8752947449684143,27,4800
contrastive_recovery,can,nominal,0,400027,True,False,False,161,66.4468821383808,,0.183427557349205,0.4042181372642517,0.8600674867630005,27,4800
contrastive_recovery,can,nominal,1,400028,True,False,False,181,56.774064746057206,,0.149866908788681,0.3913022577762604,0.8686668872833252,27,4800
contrastive_recovery,can,nominal,2,400029,False,False,False,260,34.60305924178854,,0.1281414628028869,-0.2159344553947448,0.8436940908432007,27,4800
contrastive_recovery,can,nominal,3,400030,True,False,False,181,72.62571807892982,,0.1868991106748581,0.392286479473114,0.8611195683479309,27,4800
contrastive_recovery,can,nominal,4,400031,True,False,False,207,68.31132554958539,,0.2023535668849945,0.3555681705474853,0.8871278762817383,27,4800
contrastive_recovery,can,nominal,5,400032,True,False,False,143,52.90587433132757,,0.1758767664432525,0.4083430469036102,0.8609408736228943,27,4800
contrastive_recovery,can,nominal,6,400033,True,False,False,221,74.80451951406933,,0.1927938610315323,0.3608847260475158,0.8582988977432251,27,4800
contrastive_recovery,can,nominal,7,400034,True,False,False,135,49.608993676224074,,0.1869811713695526,0.3961503207683563,0.8608129620552063,27,4800
contrastive_recovery,can,object_shift,0,400027,False,True,False,260,0.3281486056116184,14.0,-0.2452634871006012,-0.2299083173274994,0.3435334265232086,27,4800
contrastive_recovery,can,object_shift,1,400028,False,True,False,260,33.51467311306813,14.0,0.2169037908315658,-0.0930242836475372,0.8600537180900574,27,4800
contrastive_recovery,can,object_shift,2,400029,False,True,False,260,6.023199867137112,14.0,0.1203773245215416,-0.2275276035070419,0.8600494265556335,27,4800
contrastive_recovery,can,object_shift,3,400030,True,True,True,133,33.83304689329389,14.0,0.1628217846155166,0.394864559173584,0.8675861954689026,27,4800
contrastive_recovery,can,object_shift,4,400031,True,True,True,224,75.5783657714559,14.0,0.2255429029464721,0.3504457771778106,0.8635952472686768,27,4800
contrastive_recovery,can,object_shift,5,400032,True,True,True,124,41.79104814392645,14.0,0.1896701753139495,0.4065622389316559,0.8610007166862488,27,4800
contrastive_recovery,can,object_shift,6,400033,False,True,False,260,35.11590126056416,14.0,0.1732202023267746,-0.3158464133739471,0.860050618648529,27,4800
contrastive_recovery,can,object_shift,7,400034,True,True,True,215,71.33765413515799,14.0,0.1789097338914871,0.3657109439373016,0.8624514937400818,27,4800
contrastive_recovery,can,action_noise,0,400027,True,True,True,113,44.52010158192636,8.0,0.1491260975599289,0.4196445941925049,0.8740084171295166,27,4800
contrastive_recovery,can,action_noise,1,400028,True,True,True,92,32.138416133508265,8.0,0.1816169321537017,0.3813220262527466,0.8749924302101135,27,4800
contrastive_recovery,can,action_noise,2,400029,True,True,True,131,40.66232296428497,8.0,0.1793613284826278,0.3790956437587738,0.8876272439956665,27,4800
contrastive_recovery,can,action_noise,3,400030,False,True,False,260,86.01887736436794,8.0,0.1837454140186309,0.2764320373535156,0.9237545132637024,27,4800
contrastive_recovery,can,action_noise,4,400031,True,True,True,169,59.06028727900499,8.0,0.1658696979284286,0.4330545663833618,0.8611183762550354,27,4800
contrastive_recovery,can,action_noise,5,400032,True,True,True,115,43.25414982517926,8.0,0.1833360642194748,0.3991872072219848,0.8601720333099365,27,4800
contrastive_recovery,can,action_noise,6,400033,True,True,True,119,40.03298421188553,8.0,0.1926479935646057,0.3784465193748474,0.8943729996681213,27,4800
contrastive_recovery,can,action_noise,7,400034,True,True,True,131,45.131439748137055,8.0,0.1993615180253982,0.3766549825668335,0.8610429763793945,27,4800
contrastive_recovery,can,action_delay,0,400027,True,True,True,224,92.35935931490444,3.0,0.2083418816328048,0.3868739306926727,0.8600946068763733,27,4800
contrastive_recovery,can,action_delay,1,400028,False,True,False,260,6.611708303939237,5.0,0.1451875418424606,-0.1045443788170814,0.8437219858169556,27,4800
contrastive_recovery,can,action_delay,2,400029,False,True,False,260,3.1716120036799618,5.0,0.1392370015382766,-0.328868567943573,0.8437925577163696,27,4800
contrastive_recovery,can,action_delay,3,400030,True,True,True,236,53.81931153475869,3.0,0.1726563870906829,0.4035264551639557,0.8435680866241455,27,4800
contrastive_recovery,can,action_delay,4,400031,False,True,False,260,3.690000975062844,3.0,0.0338746234774589,-0.4115322530269623,0.8437434434890747,27,4800
contrastive_recovery,can,action_delay,5,400032,True,True,True,147,58.3411512245602,3.0,0.2027387470006942,0.4564641416072845,0.8658257126808167,27,4800
contrastive_recovery,can,action_delay,6,400033,False,True,False,260,6.8344749698037175,5.0,0.0731366053223609,-0.3286555111408233,0.860055148601532,27,4800
contrastive_recovery,can,action_delay,7,400034,False,True,False,260,5.369553587071193,5.0,0.0176005698740482,-0.2678469121456146,0.8437651991844177,27,4800
contrastive_recovery,can,gripper_slip,0,400027,False,True,False,260,32.25979725989542,82.0,0.0553793907165527,-0.1653360724449157,0.8438465595245361,27,4800
contrastive_recovery,can,gripper_slip,1,400028,True,True,True,237,59.7868306673939,128.0,0.1962516605854034,0.3582858741283417,0.8563178181648254,27,4800
contrastive_recovery,can,gripper_slip,2,400029,False,True,False,260,34.56012846422645,143.0,0.1778982579708099,-0.2237573564052581,0.8600478172302246,27,4800
contrastive_recovery,can,gripper_slip,3,400030,False,True,False,260,37.835197924943294,109.0,0.1358010619878769,0.0118453688919544,0.8618096113204956,27,4800
contrastive_recovery,can,gripper_slip,4,400031,False,True,False,260,36.252069663545655,130.0,-0.0011611628578975,-0.3665107190608978,0.8600525259971619,27,4800
contrastive_recovery,can,gripper_slip,5,400032,False,True,False,260,28.54576578811609,86.0,0.0970266163349151,-0.0897324234247207,0.8437038064002991,27,4800
contrastive_recovery,can,gripper_slip,6,400033,False,True,False,260,21.48390843192875,60.0,0.1699592769145965,-0.3105975985527038,0.8437219858169556,27,4800
contrastive_recovery,can,gripper_slip,7,400034,False,True,False,260,24.848683022618072,58.0,0.0361203327775001,-0.3440490663051605,0.86004638671875,27,4800
more_demos,milk,nominal,0,400027,True,False,False,69,22.295504684293455,,-0.0206222962588071,0.1389506310224533,0.8901861906051636,27,4800
more_demos,milk,nominal,1,400028,True,False,False,79,24.63507882349095,,-0.0233653914183378,0.1445360332727432,0.8896607160568237,27,4800
more_demos,milk,nominal,2,400029,True,False,False,70,26.4436393211224,,-0.0087990099564194,0.1425531208515167,0.8980937600135803,27,4800
more_demos,milk,nominal,3,400030,True,False,False,91,27.32511851030547,,-0.0260865073651075,0.1563852727413177,0.8879895806312561,27,4800
more_demos,milk,nominal,4,400031,True,False,False,76,25.52721087122599,,-0.0216798260807991,0.1427368521690368,0.8988630175590515,27,4800
more_demos,milk,nominal,5,400032,True,False,False,82,26.396873628620448,,-0.0141863133758306,0.1412806957960128,0.8995775580406189,27,4800
more_demos,milk,nominal,6,400033,True,False,False,69,25.619082884532254,,-0.0193082988262176,0.1462959945201873,0.8891791701316833,27,4800
more_demos,milk,nominal,7,400034,True,False,False,76,22.61971258387156,,-0.0379299819469451,0.1677089035511016,0.898246705532074,27,4800
more_demos,milk,object_shift,0,400027,False,True,False,260,4.11654302362903,14.0,0.0823408216238021,-0.1052183657884597,0.8378608226776123,27,4800
more_demos,milk,object_shift,1,400028,True,True,True,79,21.12324199532747,14.0,-0.0433537177741527,0.1598632186651229,0.8917310833930969,27,4800
more_demos,milk,object_shift,2,400029,False,True,False,260,4.029930264256683,14.0,-0.0440778024494648,-0.1051553413271904,0.8808559775352478,27,4800
more_demos,milk,object_shift,3,400030,False,True,False,260,3.153828946483412,14.0,0.2310293316841125,-0.1945447623729705,0.8808532357215881,27,4800
more_demos,milk,object_shift,4,400031,False,True,False,260,3.84408146470149,14.0,-0.0411620736122131,-0.1821715533733368,0.8774642944335938,27,4800
more_demos,milk,object_shift,5,400032,True,True,True,95,27.559852679541944,14.0,-0.0075455401092767,0.1385312527418136,0.8991769552230835,27,4800
more_demos,milk,object_shift,6,400033,False,True,False,260,3.4388001014253344,14.0,0.110158659517765,-0.1028693839907646,0.8808534145355225,27,4800
more_demos,milk,object_shift,7,400034,True,True,True,77,20.264202676692296,14.0,-0.0586788281798362,0.1792902648448944,0.8964076042175293,27,4800
more_demos,milk,action_noise,0,400027,True,True,True,61,18.338926557778752,8.0,-0.0250203646719455,0.129759669303894,0.8904815316200256,27,4800
more_demos,milk,action_noise,1,400028,True,True,True,81,25.469771132701215,8.0,-0.0007984432741068,0.1483683288097381,0.8876689076423645,27,4800
more_demos,milk,action_noise,2,400029,True,True,True,75,27.418729482381607,8.0,-0.0046540154144167,0.1307019144296646,0.8880410194396973,27,4800
more_demos,milk,action_noise,3,400030,True,True,True,81,22.078320021901696,8.0,0.0091781420633196,0.1147678419947624,0.8898100852966309,27,4800
more_demos,milk,action_noise,4,400031,False,True,False,260,2.7651248555189096,8.0,0.2076680213212967,-0.1966324001550674,0.848243772983551,27,4800
more_demos,milk,action_noise,5,400032,False,True,False,260,18.727826043096616,8.0,-0.0011808028211817,-0.0051848646253347,0.9192702174186708,27,4800
more_demos,milk,action_noise,6,400033,True,True,True,60,20.992005370804403,8.0,-0.03044886700809,0.1233959943056106,0.8977715373039246,27,4800
more_demos,milk,action_noise,7,400034,False,True,False,260,3.1272762906987297,8.0,0.2324825376272201,-0.0856696218252182,0.8723385334014893,27,4800
more_demos,milk,action_delay,0,400027,False,True,False,260,3.499895556183906,3.0,0.0141031332314014,-0.1006117761135101,0.8379393815994263,27,4800
more_demos,milk,action_delay,1,400028,False,True,False,260,45.35030719190302,5.0,0.0584697909653186,0.2855323255062103,1.0011714696884155,27,4800
more_demos,milk,action_delay,2,400029,True,True,True,127,39.54422706837188,5.0,0.0414269343018531,0.1342606395483017,0.8815001249313354,27,4800
more_demos,milk,action_delay,3,400030,False,True,False,260,4.476469413922199,3.0,0.0981961488723754,-0.2568698227405548,0.8378840088844299,27,4800
more_demos,milk,action_delay,4,400031,False,True,False,260,2.5187455989850784,3.0,-0.0332460030913353,-0.1915851831436157,0.8728722333908081,27,4800
more_demos,milk,action_delay,5,400032,False,True,False,260,3.607596369295982,3.0,-0.0142632918432354,-0.2403322607278823,0.0198335032910108,27,4800
more_demos,milk,action_delay,6,400033,False,True,False,260,23.04756452681208,5.0,0.0218215249478817,-0.1119496673345565,0.8379326462745667,27,4800
more_demos,milk,action_delay,7,400034,False,True,False,260,4.180329586039019,5.0,0.1757078021764755,-0.0880293771624565,0.8808534741401672,27,4800
more_demos,milk,gripper_slip,0,400027,False,True,False,260,9.87845936597843,41.0,0.0028774503152817,-0.0347577109932899,0.8809219002723694,27,4800
more_demos,milk,gripper_slip,1,400028,False,True,False,260,9.065904105546936,43.0,0.1909903436899185,-0.1912064254283905,0.8808569312095642,27,4800
more_demos,milk,gripper_slip,2,400029,False,True,False,260,85.57396817812791,36.0,-0.0806046649813652,0.0787198022007942,0.9194524884223938,27,4800
more_demos,milk,gripper_slip,3,400030,False,True,False,260,8.183591133882706,47.0,0.2204822599887848,-0.2221395969390869,0.8808558583259583,27,4800
more_demos,milk,gripper_slip,4,400031,False,True,False,260,10.177126585992893,41.0,0.1689609885215759,-0.1912128925323486,0.8378821015357971,27,4800
more_demos,milk,gripper_slip,5,400032,False,True,False,260,9.613039487689162,43.0,0.0906263589859008,-0.3119035959243774,0.8808590769767761,27,4800
more_demos,milk,gripper_slip,6,400033,False,True,False,260,11.274149963983122,37.0,0.0870386362075805,-0.1152346432209014,0.8808557987213135,27,4800
more_demos,milk,gripper_slip,7,400034,False,True,False,260,9.23510668411544,47.0,0.1078697815537452,-0.0899466052651405,0.8379326462745667,27,4800
recovery_bc,milk,nominal,0,400027,True,False,False,70,22.824682099204313,,-0.0131992697715759,0.1243575289845466,0.8933073878288269,27,4800
recovery_bc,milk,nominal,1,400028,True,False,False,88,28.618762142062508,,-0.010231927037239,0.1455503553152084,0.8899047374725342,27,4800
recovery_bc,milk,nominal,2,400029,True,False,False,71,26.8373592457818,,-0.0037583892699331,0.1264262944459915,0.8933041095733643,27,4800
recovery_bc,milk,nominal,3,400030,True,False,False,99,29.82698782833151,,-0.0084080211818218,0.1199032291769981,0.8957086801528931,27,4800
recovery_bc,milk,nominal,4,400031,True,False,False,79,26.67244897029896,,-0.0164938271045684,0.1287047863006591,0.8964460492134094,27,4800
recovery_bc,milk,nominal,5,400032,True,False,False,87,28.63187247786039,,-0.0095035610720515,0.1291033029556274,0.898505687713623,27,4800
recovery_bc,milk,nominal,6,400033,True,False,False,68,25.424580716533676,,-0.013791344128549,0.1359184980392456,0.8884813785552979,27,4800
recovery_bc,milk,nominal,7,400034,True,False,False,90,26.54693421318955,,-0.0182707421481609,0.1650269329547882,0.8926122188568115,27,4800
recovery_bc,milk,object_shift,0,400027,False,True,False,260,30.837281433982778,14.0,0.0482453219592571,-0.026846220716834,0.8787379860877991,27,4800
recovery_bc,milk,object_shift,1,400028,True,True,True,89,23.937998397095505,14.0,-0.0177707225084304,0.1285587102174759,0.8958113193511963,27,4800
recovery_bc,milk,object_shift,2,400029,False,True,False,260,23.16608691509557,14.0,0.0405770130455493,-0.0310225039720535,0.8949395418167114,27,4800
recovery_bc,milk,object_shift,3,400030,True,True,True,93,21.71582112839088,14.0,-0.0169982928782701,0.1338142901659011,0.8984715938568115,27,4800
recovery_bc,milk,object_shift,4,400031,False,True,False,260,6.441398908806817,14.0,0.0070373518392443,-0.1850974410772323,0.880852460861206,27,4800
recovery_bc,milk,object_shift,5,400032,True,True,True,99,29.526852534067036,14.0,-0.0091930031776428,0.1419281214475631,0.8907997608184814,27,4800
recovery_bc,milk,object_shift,6,400033,True,True,True,141,18.64723530619736,14.0,-0.0049388748593628,0.1275529265403747,0.8962475657463074,27,4800
recovery_bc,milk,object_shift,7,400034,True,True,True,85,23.63543922104232,14.0,-0.0269413199275732,0.1490015834569931,0.8886324167251587,27,4800
recovery_bc,milk,action_noise,0,400027,True,True,True,78,23.92456945523082,8.0,-0.0181727651506662,0.1000658720731735,0.8900617361068726,27,4800
recovery_bc,milk,action_noise,1,400028,True,True,True,98,32.19861767652691,8.0,-0.0285960081964731,0.1480131894350052,0.8956648707389832,27,4800
recovery_bc,milk,action_noise,2,400029,True,True,True,72,27.28619863642655,8.0,0.000111891706183,0.1748017519712448,0.8919364213943481,27,4800
recovery_bc,milk,action_noise,3,400030,True,True,True,96,29.281686079787303,8.0,0.0108267245814204,0.1772430390119552,0.8997120261192322,27,4800
recovery_bc,milk,action_noise,4,400031,True,True,True,104,22.637619813768847,8.0,0.0005743284709751,0.1048780381679534,0.8954910635948181,27,4800
recovery_bc,milk,action_noise,5,400032,True,True,True,85,27.78713209467354,8.0,-0.0085453307256102,0.1286555230617523,0.8913682699203491,27,4800
recovery_bc,milk,action_noise,6,400033,True,True,True,73,26.16868611285987,8.0,-0.0548596121370792,0.150991216301918,0.8909616470336914,27,4800
recovery_bc,milk,action_noise,7,400034,True,True,True,69,19.26529850409814,8.0,-0.0543070212006568,0.1563463658094406,0.8972551226615906,27,4800
recovery_bc,milk,action_delay,0,400027,False,True,False,260,117.05490374820212,3.0,0.0768475830554962,0.2359445840120315,0.8796244263648987,27,4800
recovery_bc,milk,action_delay,1,400028,False,True,False,260,4.05649154618898,5.0,0.0411814749240875,-0.2007886618375778,0.8378972411155701,27,4800
recovery_bc,milk,action_delay,2,400029,False,True,False,260,7.000953333072365,5.0,-0.0624584257602691,-0.1605388522148132,0.8840165138244629,27,4800
recovery_bc,milk,action_delay,3,400030,False,True,False,260,2.186252936355625,3.0,0.0942340791225433,-0.2835169434547424,0.8379066586494446,27,4800
recovery_bc,milk,action_delay,4,400031,True,True,True,96,29.53425914908161,3.0,-0.025264099240303,0.1737236529588699,0.8986697793006897,27,4800
recovery_bc,milk,action_delay,5,400032,False,True,False,260,3.366310167021126,3.0,0.0148743605241179,-0.2455857992172241,0.8378764390945435,27,4800
recovery_bc,milk,action_delay,6,400033,False,True,False,260,5.280967652754157,5.0,-0.0362393818795681,-0.1467088907957077,0.8745240569114685,27,4800
recovery_bc,milk,action_delay,7,400034,False,True,False,260,1.5262062202409212,5.0,0.0386954136192798,-0.0840780809521675,0.8379336595535278,27,4800
recovery_bc,milk,gripper_slip,0,400027,True,True,True,97,25.4534064304542,43.0,-0.0104538751766085,0.1299170404672622,0.8892138004302979,27,4800
recovery_bc,milk,gripper_slip,1,400028,True,True,True,143,33.52756475969607,53.0,0.0027405980508774,0.1018573194742202,0.8917208909988403,27,4800
recovery_bc,milk,gripper_slip,2,400029,False,True,False,260,15.895754286915782,38.0,0.0332486703991889,-0.1248633563518524,0.8379378914833069,27,4800
recovery_bc,milk,gripper_slip,3,400030,True,True,True,138,33.363215612062895,58.0,0.0011964071309193,0.1112797781825065,0.8965790867805481,27,4800
recovery_bc,milk,gripper_slip,4,400031,True,True,True,109,30.768844118733217,45.0,-0.0056020780466496,0.1521060913801193,0.8893492817878723,27,4800
recovery_bc,milk,gripper_slip,5,400032,True,True,True,121,35.00122840292849,49.0,-0.0001118605359806,0.1429537832736969,0.8908916115760803,27,4800
recovery_bc,milk,gripper_slip,6,400033,True,True,True,89,25.858350197519687,36.0,0.0178777743130922,0.1134802773594856,0.8937485218048096,27,4800
recovery_bc,milk,gripper_slip,7,400034,True,True,True,127,30.541257536202412,62.0,-0.0157507453113794,0.1466460078954696,0.8875904083251953,27,4800
contrastive_recovery,milk,nominal,0,400027,True,False,False,127,43.10067359769389,,-0.0429073385894298,0.1771915405988693,0.8976868987083435,27,4800
contrastive_recovery,milk,nominal,1,400028,True,False,False,143,47.946856304483035,,-0.0369593538343906,0.155335396528244,0.8927295207977295,27,4800
contrastive_recovery,milk,nominal,2,400029,True,False,False,83,31.520335410555735,,0.0174828916788101,0.1481737345457077,0.8896660208702087,27,4800
contrastive_recovery,milk,nominal,3,400030,True,False,False,160,52.02316897722572,,-0.0313856042921543,0.1465594321489334,0.8936424851417542,27,4800
contrastive_recovery,milk,nominal,4,400031,True,False,False,135,46.8582580870158,,-0.0295830518007278,0.1448101848363876,0.8958730697631836,27,4800
contrastive_recovery,milk,nominal,5,400032,True,False,False,141,48.35039577390107,,-0.0208873655647039,0.1407728493213653,0.8959043622016907,27,4800
contrastive_recovery,milk,nominal,6,400033,True,False,False,124,45.3977228782379,,-0.0307335127145051,0.1425740718841552,0.8920509219169617,27,4800
contrastive_recovery,milk,nominal,7,400034,True,False,False,102,29.977945974581896,,-0.0349227488040924,0.1707062274217605,0.8956730961799622,27,4800
contrastive_recovery,milk,object_shift,0,400027,False,True,False,260,6.524197215711397,14.0,0.0082932701334357,-0.1056966334581375,0.8808501362800598,27,4800
contrastive_recovery,milk,object_shift,1,400028,True,True,True,92,23.7231410087333,14.0,-0.0290260203182697,0.1444991081953048,0.8941333889961243,27,4800
contrastive_recovery,milk,object_shift,2,400029,False,True,False,260,7.470453198644952,14.0,-0.0651625096797943,-0.10798941552639,0.8808541297912598,27,4800
contrastive_recovery,milk,object_shift,3,400030,True,True,True,91,22.60995440860546,14.0,-0.0354842506349086,0.1393650323152542,0.8955913782119751,27,4800
contrastive_recovery,milk,object_shift,4,400031,False,True,False,260,6.192202082063261,14.0,0.0071667237207293,-0.1852511614561081,0.8808546662330627,27,4800
contrastive_recovery,milk,object_shift,5,400032,False,True,False,260,95.27532348277104,14.0,0.12150689214468,0.2215578705072403,0.954945147037506,27,4800
contrastive_recovery,milk,object_shift,6,400033,True,True,True,95,19.930947422196688,14.0,-0.0287590883672237,0.136565163731575,0.8884363174438477,27,4800
contrastive_recovery,milk,object_shift,7,400034,True,True,True,91,24.517479390989596,14.0,-0.0311523657292127,0.1655824184417724,0.8921338319778442,27,4800
contrastive_recovery,milk,action_noise,0,400027,True,True,True,114,39.97357792144195,8.0,-0.0186825841665267,0.117459163069725,0.8907403349876404,27,4800
contrastive_recovery,milk,action_noise,1,400028,True,True,True,99,31.94370409812227,8.0,-0.0398743413388729,0.145163282752037,0.8933653831481934,27,4800
contrastive_recovery,milk,action_noise,2,400029,True,True,True,80,28.095418821866687,8.0,0.0008752452558837,0.1066017597913742,0.8906719088554382,27,4800
contrastive_recovery,milk,action_noise,3,400030,True,True,True,106,34.464078983502034,8.0,-0.0097044464200735,0.2266271114349365,0.8959553837776184,27,4800
contrastive_recovery,milk,action_noise,4,400031,True,True,True,80,26.418409031222566,8.0,-0.0277237053960561,0.1274176836013794,0.8958161473274231,27,4800
contrastive_recovery,milk,action_noise,5,400032,True,True,True,99,32.70640899388345,8.0,-0.0403800047934055,0.1841731816530227,0.8966332077980042,27,4800
contrastive_recovery,milk,action_noise,6,400033,True,True,True,88,31.624927593241445,8.0,-0.0311712175607681,0.134973406791687,0.8937132954597473,27,4800
contrastive_recovery,milk,action_noise,7,400034,True,True,True,83,22.779758643812507,8.0,-0.0215804800391197,0.1755895316600799,0.8899035453796387,27,4800
contrastive_recovery,milk,action_delay,0,400027,False,True,False,260,84.56562461480543,3.0,0.0014148958725854,0.4646946489810943,0.8769725561141968,27,4800
contrastive_recovery,milk,action_delay,1,400028,False,True,False,260,2.943621806795212,5.0,0.0411011688411235,-0.2007809281349182,0.8379326462745667,27,4800
contrastive_recovery,milk,action_delay,2,400029,False,True,False,260,5.837749982657323,5.0,-0.0516998842358589,-0.1625672876834869,0.8810063004493713,27,4800
contrastive_recovery,milk,action_delay,3,400030,False,True,False,260,48.30228564071763,3.0,0.0722353160381317,0.4860806465148926,0.8779107928276062,27,4800
contrastive_recovery,milk,action_delay,4,400031,False,True,False,260,1.82240400804973,3.0,0.0043336958624422,-0.1928189247846603,0.8379378914833069,27,4800
contrastive_recovery,milk,action_delay,5,400032,False,True,False,260,1.5557070073428076,3.0,0.0128862122073769,-0.2458397895097732,0.8378538489341736,27,4800
contrastive_recovery,milk,action_delay,6,400033,False,True,False,260,5.341070982792338,5.0,-0.0302569847553968,-0.141435295343399,0.871168315410614,27,4800
contrastive_recovery,milk,action_delay,7,400034,False,True,False,260,1.4291768244997387,5.0,0.0581759996712207,-0.0879377648234367,0.8379336595535278,27,4800
contrastive_recovery,milk,gripper_slip,0,400027,True,True,True,159,46.795905249711545,97.0,-0.0148017331957817,0.1308393031358719,0.8992147445678711,27,4800
contrastive_recovery,milk,gripper_slip,1,400028,False,True,False,260,37.47899755654475,106.0,0.0837705135345459,-0.222471535205841,0.8379411697387695,27,4800
contrastive_recovery,milk,gripper_slip,2,400029,False,True,False,260,79.18385213927313,47.0,0.2124984264373779,-0.1750287562608719,0.8846068978309631,27,4800
contrastive_recovery,milk,gripper_slip,3,400030,False,True,False,260,31.51992383248889,116.0,0.232601448893547,-0.220306321978569,0.8808588981628418,27,4800
contrastive_recovery,milk,gripper_slip,4,400031,False,True,False,260,32.283072451807854,99.0,0.2182324826717376,-0.2100021243095398,0.8658875226974487,27,4800
contrastive_recovery,milk,gripper_slip,5,400032,True,True,True,172,55.241573970320815,100.0,-0.0196968000382184,0.1535704284906387,0.8910032510757446,27,4800
contrastive_recovery,milk,gripper_slip,6,400033,False,True,False,260,32.67943007276822,91.0,0.20723257958889,-0.1296214014291763,0.8457074761390686,27,4800
contrastive_recovery,milk,gripper_slip,7,400034,False,True,False,260,16.019821530544874,71.0,0.146217480301857,-0.1661972999572754,0.8379326462745667,27,4800
more_demos,bread,nominal,0,400027,True,False,False,110,39.65789761068341,,0.1983080059289932,0.1412344574928283,0.8421839475631714,27,4800
more_demos,bread,nominal,1,400028,True,False,False,121,40.03745866431184,,0.1796714067459106,0.1509355157613754,0.8421840667724609,27,4800
more_demos,bread,nominal,2,400029,False,False,False,260,7.073684072313505,,0.0867949724197387,-0.1259701251983642,0.8421693444252014,27,4800
more_demos,bread,nominal,3,400030,True,False,False,99,34.36642616301204,,0.1840500682592392,0.1423900574445724,0.8421642780303955,27,4800
more_demos,bread,nominal,4,400031,True,False,False,142,47.15197026386273,,0.1683722883462906,0.1490872055292129,0.8422038555145264,27,4800
more_demos,bread,nominal,5,400032,True,False,False,123,41.47757471534809,,0.1896169334650039,0.1406290531158447,0.842170000076294,27,4800
more_demos,bread,nominal,6,400033,True,False,False,131,45.83981461887727,,0.1932415515184402,0.146139308810234,0.8421913385391235,27,4800
more_demos,bread,nominal,7,400034,True,False,False,102,35.949167104869,,0.1866653114557266,0.1384526044130325,0.8421986103057861,27,4800
more_demos,bread,object_shift,0,400027,True,True,True,114,40.65291980564593,14.0,0.1862196773290634,0.1329419761896133,0.8421814441680908,27,4800
more_demos,bread,object_shift,1,400028,True,True,True,153,47.65075680815593,14.0,0.1736619174480438,0.1467726975679397,0.8450254201889038,27,4800
more_demos,bread,object_shift,2,400029,False,True,False,260,3.06061262674683,14.0,-0.0101149221882224,-0.0999369993805885,0.8421643376350403,27,4800
more_demos,bread,object_shift,3,400030,True,True,True,157,44.578220682849945,14.0,0.1675558239221573,0.133612111210823,0.8408842086791992,27,4800
more_demos,bread,object_shift,4,400031,True,True,True,111,40.26539015350609,14.0,0.173588216304779,0.1503960490226745,0.8421904444694519,27,4800
more_demos,bread,object_shift,5,400032,False,True,False,260,8.245084305284685,14.0,0.0139237511903047,-0.4439044892787933,0.8421655893325806,27,4800
more_demos,bread,object_shift,6,400033,True,True,True,114,39.44446886071149,14.0,0.1776355803012848,0.1542479246854782,0.8421903252601624,27,4800
more_demos,bread,object_shift,7,400034,True,True,True,121,41.531076943567385,14.0,0.1679397225379943,0.158199205994606,0.8422033190727234,27,4800
more_demos,bread,action_noise,0,400027,True,True,True,106,35.87155943864161,8.0,0.1757831871509552,0.0985588803887367,0.8421976566314697,27,4800
more_demos,bread,action_noise,1,400028,True,True,True,130,43.79253004712258,8.0,0.1718094944953918,0.1408886313438415,0.8421903848648071,27,4800
more_demos,bread,action_noise,2,400029,False,True,False,260,9.221019682497746,8.0,0.1351455748081207,-0.0816958099603653,0.8421904444694519,27,4800
more_demos,bread,action_noise,3,400030,False,True,False,260,5.669008674718274,8.0,0.1304558664560318,-0.182962030172348,0.8386237025260925,27,4800
more_demos,bread,action_noise,4,400031,True,True,True,108,33.96498817565885,8.0,0.1507879346609115,0.1371752619743347,0.8421963453292847,27,4800
more_demos,bread,action_noise,5,400032,True,True,True,140,41.41234931137315,8.0,0.1797873973846435,0.1428249031305313,0.8421719670295715,27,4800
more_demos,bread,action_noise,6,400033,True,True,True,117,36.44981047077429,8.0,0.1968944668769836,0.1346360296010971,0.8437305688858032,27,4800
more_demos,bread,action_noise,7,400034,True,True,True,102,36.23155562011894,8.0,0.1841033101081848,0.1446617990732193,0.8421772718429565,27,4800
more_demos,bread,action_delay,0,400027,False,True,False,260,85.3771709637993,3.0,0.1381690353155136,0.5100030899047852,0.9242121577262878,27,4800
more_demos,bread,action_delay,1,400028,False,True,False,260,3.705636242674748,5.0,0.162466362118721,-0.3628361225128174,0.8421822786331177,27,4800
more_demos,bread,action_delay,2,400029,True,True,True,96,29.784113442333464,5.0,0.2535220682621002,0.1578288823366165,0.8829079866409302,27,4800
more_demos,bread,action_delay,3,400030,False,True,False,260,3.5709413483240016,3.0,0.1205011159181594,-0.1726363897323608,0.842191755771637,27,4800
more_demos,bread,action_delay,4,400031,False,True,False,260,4.900771154148473,3.0,0.2542052865028381,-0.2682643830776214,0.8421670198440552,27,4800
more_demos,bread,action_delay,5,400032,False,True,False,260,5.039858720967296,3.0,-0.0081676663830876,-0.379467636346817,0.8201507329940796,27,4800
more_demos,bread,action_delay,6,400033,False,True,False,260,5.35173799913331,5.0,-0.0250211544334888,-0.4172185063362121,0.8421908617019653,27,4800
more_demos,bread,action_delay,7,400034,False,True,False,260,3.503836749856811,5.0,0.0591935515403747,-0.2408141195774078,0.8421919345855713,27,4800
more_demos,bread,gripper_slip,0,400027,True,True,True,163,43.86939267226378,49.0,0.2086350470781326,0.1343897730112075,0.8422021865844727,27,4800
more_demos,bread,gripper_slip,1,400028,False,True,False,260,11.00423736389803,55.0,0.2604748010635376,-0.3408717811107635,0.8386231064796448,27,4800
more_demos,bread,gripper_slip,2,400029,False,False,False,260,7.073684072313505,,0.0867949724197387,-0.1259701251983642,0.8421693444252014,27,4800
more_demos,bread,gripper_slip,3,400030,False,True,False,260,9.765651011544907,47.0,0.1929215639829635,-0.1057606935501098,0.8421811461448669,27,4800
more_demos,bread,gripper_slip,4,400031,False,True,False,260,11.8726813825391,59.0,0.1760524362325668,-0.2045580297708511,0.8421937823295593,27,4800
more_demos,bread,gripper_slip,5,400032,False,True,False,260,10.680833644697508,53.0,0.0119273606687784,-0.4140589535236358,0.8421428203582764,27,4800
more_demos,bread,gripper_slip,6,400033,False,True,False,260,47.07087116377378,60.0,0.1915481835603714,0.0775260552763938,0.9544501900672911,27,4800
more_demos,bread,gripper_slip,7,400034,True,True,True,250,41.31662997915119,45.0,0.1821447163820266,0.1345790922641754,0.8422036170959473,27,4800
recovery_bc,bread,nominal,0,400027,True,False,False,117,41.987406720138374,,0.195064827799797,0.1396015137434005,0.8421959280967712,27,4800
recovery_bc,bread,nominal,1,400028,True,False,False,145,49.58065824086847,,0.1788096576929092,0.1459324806928634,0.8421919345855713,27,4800
recovery_bc,bread,nominal,2,400029,True,False,False,217,57.20929192376204,,0.1477699875831604,0.101585105061531,0.843487560749054,27,4800
recovery_bc,bread,nominal,3,400030,False,False,False,260,78.36494422790418,,0.2555505037307739,-0.1983966082334518,0.8420469164848328,27,4800
recovery_bc,bread,nominal,4,400031,True,False,False,137,45.39892178662961,,0.177316203713417,0.1452341079711914,0.8421904444694519,27,4800
recovery_bc,bread,nominal,5,400032,True,False,False,130,44.279421982866594,,0.1835289746522903,0.144359678030014,0.8421972393989563,27,4800
recovery_bc,bread,nominal,6,400033,True,False,False,135,45.51924852268571,,0.195771649479866,0.1274891346693039,0.8421860337257385,27,4800
recovery_bc,bread,nominal,7,400034,True,False,False,120,43.6121279025776,,0.1808743774890899,0.1416901499032974,0.8421903252601624,27,4800
recovery_bc,bread,object_shift,0,400027,True,True,True,124,45.501954072195495,14.0,0.1840426325798034,0.1449431478977203,0.8421684503555298,27,4800
recovery_bc,bread,object_shift,1,400028,False,True,False,260,39.55108370833739,14.0,0.2640936970710754,-0.3672108054161072,0.8421919941902161,27,4800
recovery_bc,bread,object_shift,2,400029,False,True,False,260,11.997009450883594,14.0,0.0559862107038497,-0.0965762659907341,0.8386176228523254,27,4800
recovery_bc,bread,object_shift,3,400030,False,True,False,260,48.92967683887005,14.0,0.2301585376262664,-0.0946323573589325,0.8436083197593689,27,4800
recovery_bc,bread,object_shift,4,400031,False,True,False,260,81.46437428869874,14.0,0.2630570530891418,-0.2956112921237945,0.8403069376945496,27,4800
recovery_bc,bread,object_shift,5,400032,False,True,False,260,8.525307159193275,14.0,0.0407014600932598,-0.4382067620754242,0.8421713709831238,27,4800
recovery_bc,bread,object_shift,6,400033,True,True,True,128,44.194312109376945,14.0,0.1729686111211776,0.1546945869922638,0.842171311378479,27,4800
recovery_bc,bread,object_shift,7,400034,True,True,True,139,48.46319990569456,14.0,0.1775702834129333,0.1505752205848693,0.8421699404716492,27,4800
recovery_bc,bread,action_noise,0,400027,True,True,True,117,40.685367112939645,8.0,0.1658743917942047,0.1109555512666702,0.8421729803085327,27,4800
recovery_bc,bread,action_noise,1,400028,True,True,True,147,46.57868466542383,8.0,0.1746748089790344,0.1394893229007721,0.8471922278404236,27,4800
recovery_bc,bread,action_noise,2,400029,True,True,True,143,30.177833640542627,8.0,0.1747914105653762,0.1510146558284759,0.8421934843063354,27,4800
recovery_bc,bread,action_noise,3,400030,True,True,True,120,34.68241486188619,8.0,0.1671701520681381,0.167620301246643,0.8421919941902161,27,4800
recovery_bc,bread,action_noise,4,400031,True,True,True,118,36.34733959000387,8.0,0.1530910432338714,0.1425657123327255,0.8400999903678894,27,4800
recovery_bc,bread,action_noise,5,400032,True,True,True,129,39.80165525017796,8.0,0.2065106630325317,0.0960357785224914,0.8421984314918518,27,4800
recovery_bc,bread,action_noise,6,400033,True,True,True,139,46.89766055861277,8.0,0.1752398759126663,0.0896349772810936,0.84828120470047,27,4800
recovery_bc,bread,action_noise,7,400034,True,True,True,114,38.868208497643806,8.0,0.1902866065502166,0.1521099507808685,0.8420867323875427,27,4800
recovery_bc,bread,action_delay,0,400027,True,True,True,164,59.06669699518999,3.0,0.1479750126600265,0.1979508846998214,0.8421966433525085,27,4800
recovery_bc,bread,action_delay,1,400028,False,True,False,260,72.25775409654406,5.0,0.3053075075149536,0.2744482755661011,0.9266691207885742,27,4800
recovery_bc,bread,action_delay,2,400029,False,True,False,260,55.614135814839955,5.0,0.2443343102931976,-0.1993431001901626,0.8421933054924011,27,4800
recovery_bc,bread,action_delay,3,400030,False,True,False,260,78.07584208218832,3.0,0.2644392549991607,-0.1652587056159973,0.8387824296951294,27,4800
recovery_bc,bread,action_delay,4,400031,False,True,False,260,47.61896561833562,3.0,0.2585392892360687,-0.2268156558275222,0.8421670198440552,27,4800
recovery_bc,bread,action_delay,5,400032,True,True,True,253,43.417848872012094,3.0,0.2183804512023925,0.1678228974342346,0.8805903196334839,27,4800
recovery_bc,bread,action_delay,6,400033,False,True,False,260,5.285911088842836,5.0,-0.0178966484963893,-0.3553958237171173,0.8421684503555298,27,4800
recovery_bc,bread,action_delay,7,400034,False,True,False,260,53.46438952662767,5.0,0.2566448450088501,-0.2931583821773529,0.8581804037094116,27,4800
recovery_bc,bread,gripper_slip,0,400027,False,True,False,260,32.33801121216474,55.0,0.1732670813798904,0.0336771942675113,0.9613085985183716,27,4800
recovery_bc,bread,gripper_slip,1,400028,False,True,False,260,68.87869244535476,74.0,0.271028608083725,-0.3271651566028595,0.8676550984382629,27,4800
recovery_bc,bread,gripper_slip,2,400029,False,True,False,260,41.02263187915468,181.0,0.0313569456338882,-0.0452563688158988,0.8421635031700134,27,4800
recovery_bc,bread,gripper_slip,3,400030,False,False,False,260,78.36494422790418,,0.2555505037307739,-0.1983966082334518,0.8420469164848328,27,4800
recovery_bc,bread,gripper_slip,4,400031,False,True,False,260,19.893872483871153,79.0,0.1725204437971115,-0.2163654118776321,0.8421919941902161,27,4800
recovery_bc,bread,gripper_slip,5,400032,False,True,False,260,12.113471658409528,59.0,0.0132945207878947,-0.3999611437320709,0.8386383056640625,27,4800
recovery_bc,bread,gripper_slip,6,400033,True,True,True,171,49.828209984586785,68.0,0.1819810569286346,0.1462831795215606,0.8421757221221924,27,4800
recovery_bc,bread,gripper_slip,7,400034,True,True,True,175,53.25685182398645,59.0,0.1858147829771042,0.1425308436155319,0.8421643376350403,27,4800
contrastive_recovery,bread,nominal,0,400027,False,False,False,260,6.32534110032137,,-0.0041246660985052,-0.2539527714252472,0.8421908617019653,27,4800
contrastive_recovery,bread,nominal,1,400028,True,False,False,213,72.82057845761558,,0.1828419268131256,0.0960409939289093,0.8421670198440552,27,4800
contrastive_recovery,bread,nominal,2,400029,False,False,False,260,12.13646430725372,,0.0777924954891204,-0.0901522412896156,0.8421919941902161,27,4800
contrastive_recovery,bread,nominal,3,400030,True,False,False,179,63.56775587463848,,0.1785919219255447,0.1238114833831787,0.8421684503555298,27,4800
contrastive_recovery,bread,nominal,4,400031,True,False,False,118,38.120059408966455,,0.1696308255195617,0.1377263069152832,0.8421916961669922,27,4800
contrastive_recovery,bread,nominal,5,400032,True,False,False,151,54.21774648730855,,0.1949169933795929,0.11727075278759,0.8421738743782043,27,4800
contrastive_recovery,bread,nominal,6,400033,True,False,False,189,67.82161937446074,,0.1998618245124817,0.1012153029441833,0.8421720862388611,27,4800
contrastive_recovery,bread,nominal,7,400034,True,False,False,182,67.29556295147012,,0.1844595074653625,0.1202221736311912,0.8421670198440552,27,4800
contrastive_recovery,bread,object_shift,0,400027,True,True,True,177,67.21906321082712,14.0,0.1967857778072357,0.0958059504628181,0.8421684503555298,27,4800
contrastive_recovery,bread,object_shift,1,400028,True,True,True,218,63.8863256363276,14.0,0.1922344714403152,0.1026583909988403,0.8524579405784607,27,4800
contrastive_recovery,bread,object_shift,2,400029,False,True,False,260,6.114037712806306,14.0,-0.0101149221882224,-0.0999369993805885,0.8421643376350403,27,4800
contrastive_recovery,bread,object_shift,3,400030,True,True,True,197,48.92820775432027,14.0,0.169450581073761,0.1290425062179565,0.8414076566696167,27,4800
contrastive_recovery,bread,object_shift,4,400031,True,True,True,184,66.09607647492635,14.0,0.1790287494659423,0.1239979118108749,0.8421912789344788,27,4800
contrastive_recovery,bread,object_shift,5,400032,False,True,False,260,6.7602844375515225,14.0,-0.0103878788650035,-0.4144463837146759,0.8386221528053284,27,4800
contrastive_recovery,bread,object_shift,6,400033,True,True,True,186,66.44017224838696,14.0,0.184356614947319,0.1225292310118675,0.8421684503555298,27,4800
contrastive_recovery,bread,object_shift,7,400034,True,True,True,192,66.4973078641567,14.0,0.1815271228551864,0.1138206720352172,0.8421881198883057,27,4800
contrastive_recovery,bread,action_noise,0,400027,True,True,True,142,53.31778143881291,8.0,0.1860203891992569,0.0970949679613113,0.8421720266342163,27,4800
contrastive_recovery,bread,action_noise,1,400028,True,True,True,186,66.1920219673478,8.0,0.1799665838479995,0.1584466844797134,0.8483392000198364,27,4800
contrastive_recovery,bread,action_noise,2,400029,False,True,False,260,3.8813850614861822,8.0,0.08087108284235,-0.0916820764541626,0.8421903252601624,27,4800
contrastive_recovery,bread,action_noise,3,400030,True,True,True,173,41.892646599756056,8.0,0.1697299480438232,0.1223978102207183,0.8421643376350403,27,4800
contrastive_recovery,bread,action_noise,4,400031,True,True,True,114,33.84307633377907,8.0,0.1578022241592407,0.1160273477435112,0.846043050289154,27,4800
contrastive_recovery,bread,action_noise,5,400032,True,True,True,146,47.15175712438119,8.0,0.2106547653675079,0.0855771303176879,0.8421919941902161,27,4800
contrastive_recovery,bread,action_noise,6,400033,False,True,False,260,116.80326568439745,8.0,0.2423495799303054,0.1531523019075393,0.8425251841545105,27,4800
contrastive_recovery,bread,action_noise,7,400034,True,True,True,164,55.558908325316565,8.0,0.1701878160238266,0.086850993335247,0.8421900272369385,27,4800
contrastive_recovery,bread,action_delay,0,400027,True,True,True,207,75.60101322420878,3.0,0.1503752171993255,0.189017117023468,0.8421684503555298,27,4800
contrastive_recovery,bread,action_delay,1,400028,False,True,False,260,21.37220660823673,5.0,0.2734060883522033,-0.343532383441925,0.9014549255371094,27,4800
contrastive_recovery,bread,action_delay,2,400029,False,True,False,260,7.582177475331517,5.0,0.0554675683379173,-0.0834511145949363,0.8422163128852844,27,4800
contrastive_recovery,bread,action_delay,3,400030,True,True,True,205,74.69082682654259,3.0,0.1995503157377243,0.165758803486824,0.848953366279602,27,4800
contrastive_recovery,bread,action_delay,4,400031,False,True,False,260,31.433375374615245,3.0,0.2227877676486969,-0.2542689442634582,0.8421612977981567,27,4800
contrastive_recovery,bread,action_delay,5,400032,False,True,False,260,10.846271864885422,3.0,0.1235793828964233,-0.3860184252262115,0.8425159454345703,27,4800
contrastive_recovery,bread,action_delay,6,400033,False,True,False,260,10.18433640495232,5.0,-0.0098387552425265,-0.3406245708465576,0.8390613198280334,27,4800
contrastive_recovery,bread,action_delay,7,400034,False,True,False,260,64.73518927395104,5.0,0.1406328380107879,0.1778161376714706,0.8421919345855713,27,4800
contrastive_recovery,bread,gripper_slip,0,400027,False,False,False,260,6.32534110032137,,-0.0041246660985052,-0.2539527714252472,0.8421908617019653,27,4800
contrastive_recovery,bread,gripper_slip,1,400028,False,True,False,260,38.01070537494565,135.0,0.229319229722023,-0.3712111115455627,0.8421957492828369,27,4800
contrastive_recovery,bread,gripper_slip,2,400029,False,False,False,260,12.13646430725372,,0.0777924954891204,-0.0901522412896156,0.8421919941902161,27,4800
contrastive_recovery,bread,gripper_slip,3,400030,False,True,False,260,33.01263716796484,115.0,0.1788201332092285,-0.125459998846054,0.8421903848648071,27,4800
contrastive_recovery,bread,gripper_slip,4,400031,False,True,False,260,11.571994351042113,59.0,0.1733158975839615,-0.2219688445329666,0.842192530632019,27,4800
contrastive_recovery,bread,gripper_slip,5,400032,False,True,False,260,15.707682675985415,67.0,0.0102658737450838,-0.4304693341255188,0.8421902656555176,27,4800
contrastive_recovery,bread,gripper_slip,6,400033,False,True,False,260,26.797011592435133,101.0,0.0189954508095979,-0.3214147388935089,0.8421908617019653,27,4800
contrastive_recovery,bread,gripper_slip,7,400034,False,True,False,260,32.486057622474554,109.0,0.1117041185498237,-0.3210315108299255,0.8421919941902161,27,4800
more_demos,cereal,nominal,0,400027,True,False,False,110,41.37981462510643,,-0.0149752935394644,0.3817402720451355,0.895995020866394,27,4800
more_demos,cereal,nominal,1,400028,True,False,False,118,39.601506559103626,,-0.0215370133519172,0.3916831016540527,0.8991649746894836,27,4800
more_demos,cereal,nominal,2,400029,True,False,False,131,44.966465611081254,,-0.0121838469058275,0.3970303833484649,0.8970462083816528,27,4800
more_demos,cereal,nominal,3,400030,True,False,False,110,41.47796442297505,,-0.0142482500523328,0.3889083564281463,0.8960100412368774,27,4800
more_demos,cereal,nominal,4,400031,True,False,False,115,42.92475023600621,,-0.0116162402555346,0.3989075422286987,0.8967280983924866,27,4800
more_demos,cereal,nominal,5,400032,True,False,False,124,41.46119386850131,,-0.0214844048023223,0.3968496322631836,0.8999640345573425,27,4800
more_demos,cereal,nominal,6,400033,True,False,False,112,39.65460478123644,,-0.0176804177463054,0.3794545531272888,0.8972950577735901,27,4800
more_demos,cereal,nominal,7,400034,True,False,False,119,40.33309206494215,,-0.0153262298554182,0.3798544108867645,0.894899308681488,27,4800
more_demos,cereal,object_shift,0,400027,False,True,False,260,11.984176884194133,14.0,0.0384850315749645,-0.4090447127819061,0.8307472467422485,27,4800
more_demos,cereal,object_shift,1,400028,False,True,False,260,2.4651141861010606,14.0,0.2396523803472519,-0.2334703207015991,0.894631564617157,27,4800
more_demos,cereal,object_shift,2,400029,True,True,True,115,40.24538462307832,14.0,-0.0313831642270088,0.3980854153633117,0.8975374698638916,27,4800
more_demos,cereal,object_shift,3,400030,True,True,True,234,14.41037718762708,14.0,0.0023819566704332,0.3780825436115265,0.8989606499671936,27,4800
more_demos,cereal,object_shift,4,400031,True,True,True,117,42.72550101589871,14.0,-0.0026776609010994,0.4173883497714996,0.8936111330986023,27,4800
more_demos,cereal,object_shift,5,400032,True,True,True,128,22.305597736825515,14.0,-0.035567469894886,0.3941474854946136,0.8977106809616089,27,4800
more_demos,cereal,object_shift,6,400033,True,True,True,105,14.360572213769649,14.0,-0.034004159271717,0.3729791939258575,0.8986557722091675,27,4800
more_demos,cereal,object_shift,7,400034,False,True,False,260,2.3784305371383536,14.0,0.237805888056755,-0.317352294921875,0.894630491733551,27,4800
more_demos,cereal,action_noise,0,400027,True,True,True,118,44.66718359932795,8.0,-0.0286604557186365,0.3588033020496368,0.899811327457428,27,4800
more_demos,cereal,action_noise,1,400028,True,True,True,114,37.81883757906872,8.0,-0.0318998321890831,0.3703957200050354,0.8998972177505493,27,4800
more_demos,cereal,action_noise,2,400029,True,True,True,129,41.15611543950184,8.0,-0.0221576150506734,0.3472044467926025,0.8999977707862854,27,4800
more_demos,cereal,action_noise,3,400030,False,True,False,260,2.033793737653474,8.0,0.0909730419516563,-0.3221224248409271,0.8307992219924927,27,4800
more_demos,cereal,action_noise,4,400031,True,True,True,116,44.244936700751715,8.0,-0.0379203185439109,0.3959242403507232,0.894127368927002,27,4800
more_demos,cereal,action_noise,5,400032,True,True,True,117,38.79880062176059,8.0,-0.0143946483731269,0.3490249216556549,0.895664632320404,27,4800
more_demos,cereal,action_noise,6,400033,True,True,True,104,34.92376307228308,8.0,-0.0174769200384616,0.3757141530513763,0.8987821936607361,27,4800
more_demos,cereal,action_noise,7,400034,False,True,False,260,2.4574122696800065,8.0,0.1860918700695037,-0.2487203627824783,0.8946350812911987,27,4800
more_demos,cereal,action_delay,0,400027,False,True,False,260,2.071770131142304,3.0,0.0971741527318954,-0.3183391690254211,0.8307392001152039,27,4800
more_demos,cereal,action_delay,1,400028,False,True,False,260,2.286932416939104,5.0,0.1898181438446045,-0.3452186286449432,0.8308043479919434,27,4800
more_demos,cereal,action_delay,2,400029,False,True,False,260,1.9079681160633617,5.0,0.1035534814000129,-0.4416993260383606,0.8795163035392761,27,4800
more_demos,cereal,action_delay,3,400030,False,True,False,260,1.92881027438021,3.0,0.0926402658224105,-0.3222297430038452,0.8307371139526367,27,4800
more_demos,cereal,action_delay,4,400031,False,True,False,260,1.5530171774487251,3.0,0.045948788523674,-0.2753790318965912,0.8946268558502197,27,4800
more_demos,cereal,action_delay,5,400032,False,True,False,260,3.4104224930069593,3.0,0.0156759489327669,-0.1448110044002533,0.9925258159637452,27,4800
more_demos,cereal,action_delay,6,400033,False,True,False,260,1.9788040509182192,5.0,0.1510783731937408,-0.3187322914600372,0.8307661414146423,27,4800
more_demos,cereal,action_delay,7,400034,False,True,False,260,1.507704646171794,5.0,0.1868645101785659,-0.3422897756099701,0.8307660818099976,27,4800
more_demos,cereal,gripper_slip,0,400027,False,True,False,260,8.95019197207085,45.0,0.0293564517050981,-0.2359568178653717,0.8946390748023987,27,4800
more_demos,cereal,gripper_slip,1,400028,False,True,False,260,7.708365459757104,52.0,0.239639863371849,-0.2348265349864959,0.8946260213851929,27,4800
more_demos,cereal,gripper_slip,2,400029,False,True,False,260,7.083595747454273,54.0,0.0550851225852966,-0.3511069715023041,0.8946344256401062,27,4800
more_demos,cereal,gripper_slip,3,400030,False,True,False,260,9.34869365265049,45.0,0.1308606415987014,-0.1692968010902404,0.8946269154548645,27,4800
more_demos,cereal,gripper_slip,4,400031,False,True,False,260,8.876625631994724,47.0,-0.0159802474081516,-0.3706475496292114,0.8308007121086121,27,4800
more_demos,cereal,gripper_slip,5,400032,False,True,False,260,7.162562128386294,52.0,0.1857704520225525,-0.4092431664466858,0.8946250081062317,27,4800
more_demos,cereal,gripper_slip,6,400033,False,True,False,260,8.543127763161696,48.0,0.2008712589740753,-0.1899402886629104,0.8946250081062317,27,4800
more_demos,cereal,gripper_slip,7,400034,False,True,False,260,7.787249600947262,52.0,0.2154332846403122,-0.2930419445037842,0.894629716873169,27,4800
recovery_bc,cereal,nominal,0,400027,True,False,False,113,41.72800793672444,,-0.0196680538356304,0.3794275820255279,0.8959952592849731,27,4800
recovery_bc,cereal,nominal,1,400028,True,False,False,125,42.53550816014514,,-0.0235414188355207,0.3847948908805847,0.8964030742645264,27,4800
recovery_bc,cereal,nominal,2,400029,True,False,False,134,45.190137508945654,,-0.0141521180048584,0.3731567561626434,0.8962036371231079,27,4800
recovery_bc,cereal,nominal,3,400030,True,False,False,111,41.3716066938213,,-0.0197129342705011,0.3990074098110199,0.8959093689918518,27,4800
recovery_bc,cereal,nominal,4,400031,True,False,False,117,42.86318493494225,,-0.015340301208198,0.3732481002807617,0.8965115547180176,27,4800
recovery_bc,cereal,nominal,5,400032,True,False,False,134,45.67919810814317,,-0.0192331839352846,0.3798194229602813,0.8969978094100952,27,4800
recovery_bc,cereal,nominal,6,400033,True,False,False,118,41.44561782296276,,-0.0235403925180435,0.380257099866867,0.8968979120254517,27,4800
recovery_bc,cereal,nominal,7,400034,True,False,False,125,42.522739238402366,,-0.0245137903839349,0.3791816234588623,0.895470142364502,27,4800
recovery_bc,cereal,object_shift,0,400027,False,True,False,260,105.45305500925416,14.0,-0.079220250248909,0.4860926270484924,0.0149751659482717,27,4800
recovery_bc,cereal,object_shift,1,400028,True,True,True,127,40.98698962870713,14.0,-0.0303583312779665,0.4003485441207886,0.8938074111938477,27,4800
recovery_bc,cereal,object_shift,2,400029,True,True,True,121,43.009854032971056,14.0,-0.0189417861402034,0.3676629662513733,0.898566484451294,27,4800
recovery_bc,cereal,object_shift,3,400030,False,True,False,260,2.5612973478654464,14.0,0.1538952440023422,-0.0732577368617057,0.8757350444793701,27,4800
recovery_bc,cereal,object_shift,4,400031,False,True,False,260,1.7029720853703454,14.0,-0.0317595675587654,-0.2667616605758667,0.8946473002433777,27,4800
recovery_bc,cereal,object_shift,5,400032,True,True,True,141,46.18317607535189,14.0,-0.0250716395676136,0.399117112159729,0.8998386859893799,27,4800
recovery_bc,cereal,object_shift,6,400033,True,True,True,122,39.321228857522385,14.0,-0.0275209564715623,0.3869886100292206,0.8951564431190491,27,4800
recovery_bc,cereal,object_shift,7,400034,True,True,True,135,44.056949936999665,14.0,-0.0381655767560005,0.4080078303813934,0.8955841660499573,27,4800
recovery_bc,cereal,action_noise,0,400027,True,True,True,107,38.43420858440585,8.0,-0.0370337218046188,0.3807290196418762,0.8937075734138489,27,4800
recovery_bc,cereal,action_noise,1,400028,True,True,True,124,41.59100413234477,8.0,-0.0233424957841634,0.3701171278953552,0.8966652750968933,27,4800
recovery_bc,cereal,action_noise,2,400029,True,True,True,132,42.75144648851139,8.0,-0.0248403679579496,0.3550123572349548,0.8959029316902161,27,4800
recovery_bc,cereal,action_noise,3,400030,True,True,True,113,37.78716245887158,8.0,-0.0201183725148439,0.3383696973323822,0.8910098075866699,27,4800
recovery_bc,cereal,action_noise,4,400031,True,True,True,115,41.797058267696265,8.0,-0.0377546101808548,0.3928275406360626,0.8944695591926575,27,4800
recovery_bc,cereal,action_noise,5,400032,True,True,True,140,47.39725536969778,8.0,-0.0085073048248887,0.3823485970497131,0.8960579633712769,27,4800
recovery_bc,cereal,action_noise,6,400033,True,True,True,109,36.555225544596134,8.0,-0.0104767736047506,0.3918996751308441,0.8989464044570923,27,4800
recovery_bc,cereal,action_noise,7,400034,True,True,True,113,36.1497743120764,8.0,-0.0299096591770648,0.4209895730018616,0.8956403732299805,27,4800
recovery_bc,cereal,action_delay,0,400027,False,True,False,260,7.725530559711816,3.0,0.0842071771621704,-0.3417172133922577,0.8307625651359558,27,4800
recovery_bc,cereal,action_delay,1,400028,False,True,False,260,9.940702019835031,5.0,0.1860137432813644,-0.2534569203853607,0.9074434041976928,27,4800
recovery_bc,cereal,action_delay,2,400029,False,True,False,260,4.149678743590342,5.0,0.1371628642082214,-0.4424852132797241,0.8798019289970398,27,4800
recovery_bc,cereal,action_delay,3,400030,False,True,False,260,14.491491646418227,3.0,0.0580804757773876,-0.2370965778827667,0.9858621954917908,27,4800
recovery_bc,cereal,action_delay,4,400031,True,True,True,140,48.92025158215443,3.0,-0.0305794365704059,0.4216269850730896,0.8985353708267212,27,4800
recovery_bc,cereal,action_delay,5,400032,False,True,False,260,3.33428623881764,3.0,0.1951600313186645,-0.4202474355697632,0.8736205101013184,27,4800
recovery_bc,cereal,action_delay,6,400033,False,True,False,260,17.496212603791957,5.0,-0.0172095373272895,0.0146644040942192,0.9218449592590332,27,4800
recovery_bc,cereal,action_delay,7,400034,False,True,False,260,3.4327072798526985,5.0,0.1855102628469467,-0.34351447224617,0.8307610750198364,27,4800
recovery_bc,cereal,gripper_slip,0,400027,True,True,True,147,45.21596944392031,49.0,-0.0019082869403064,0.3851217925548553,0.8975439667701721,27,4800
recovery_bc,cereal,gripper_slip,1,400028,False,True,False,260,10.319276935396932,59.0,0.2396500408649444,-0.2298116981983184,0.8946300745010376,27,4800
recovery_bc,cereal,gripper_slip,2,400029,True,True,True,163,48.1047901989782,58.0,0.0034634692128747,0.3791083395481109,0.8968856930732727,27,4800
recovery_bc,cereal,gripper_slip,3,400030,True,True,True,137,42.26555434509923,47.0,-0.0114988656714558,0.3759852051734924,0.8981388807296753,27,4800
recovery_bc,cereal,gripper_slip,4,400031,True,True,True,179,56.50155725046912,50.0,-0.004159465432167,0.35449880361557,0.8889286518096924,27,4800
recovery_bc,cereal,gripper_slip,5,400032,True,True,True,183,55.513195881733104,62.0,-0.0050101652741432,0.3726268410682678,0.8956226110458374,27,4800
recovery_bc,cereal,gripper_slip,6,400033,True,True,True,155,47.23797139407164,54.0,-0.0119104674085974,0.3840290009975433,0.8945460319519043,27,4800
recovery_bc,cereal,gripper_slip,7,400034,True,True,True,177,54.151637842667945,59.0,-0.0059381090104579,0.381791889667511,0.8949772715568542,27,4800
contrastive_recovery,cereal,nominal,0,400027,True,False,False,165,57.99459125055375,,-0.0257807672023773,0.4020930230617523,0.8953502774238586,27,4800
contrastive_recovery,cereal,nominal,1,400028,True,False,False,152,52.27615091433224,,-0.0302529577165842,0.396912932395935,0.8986741900444031,27,4800
contrastive_recovery,cereal,nominal,2,400029,True,False,False,168,54.48884650497476,,-0.0228253044188022,0.3864753246307373,0.8989219665527344,27,4800
contrastive_recovery,cereal,nominal,3,400030,True,False,False,167,59.00954043683761,,-0.018908942118287,0.391836404800415,0.8928601145744324,27,4800
contrastive_recovery,cereal,nominal,4,400031,True,False,False,173,61.2336123148446,,-0.006212540436536,0.3766287863254547,0.8942788243293762,27,4800
contrastive_recovery,cereal,nominal,5,400032,False,False,False,260,62.9542358882929,,-0.2001805752515792,0.7964920401573181,0.0149671649560332,27,4800
contrastive_recovery,cereal,nominal,6,400033,True,False,False,161,54.53106212740886,,-0.0346955843269825,0.4112849235534668,0.8965365886688232,27,4800
contrastive_recovery,cereal,nominal,7,400034,True,False,False,153,52.43554336770697,,-0.032110296189785,0.4088874459266662,0.8976017832756042,27,4800
contrastive_recovery,cereal,object_shift,0,400027,True,True,True,115,41.31663753314035,14.0,0.0012449644273146,0.4329069256782532,0.8974114656448364,27,4800
contrastive_recovery,cereal,object_shift,1,400028,True,True,True,161,52.7506830743949,14.0,-0.0006282288813963,0.4460472762584686,0.8966765403747559,27,4800
contrastive_recovery,cereal,object_shift,2,400029,True,True,True,170,59.31501800777263,14.0,-0.0173549000173807,0.3846315145492553,0.8947798609733582,27,4800
contrastive_recovery,cereal,object_shift,3,400030,False,True,False,260,7.615503741538381,14.0,0.1496895551681518,-0.0698553770780563,0.8762210011482239,27,4800
contrastive_recovery,cereal,object_shift,4,400031,True,True,True,131,42.312625762855355,14.0,-0.0045401067472994,0.436858057975769,0.8981611132621765,27,4800
contrastive_recovery,cereal,object_shift,5,400032,True,True,True,226,70.08162165003536,14.0,-0.0679946690797805,0.3475604355335235,0.8962967395782471,27,4800
contrastive_recovery,cereal,object_shift,6,400033,True,True,True,164,55.20351092722035,14.0,0.0066578397527337,0.5004760026931763,0.8669992089271545,27,4800
contrastive_recovery,cereal,object_shift,7,400034,False,True,False,260,74.55140138103363,14.0,-0.1992346048355102,0.6592851877212524,0.0149671649560332,27,4800
contrastive_recovery,cereal,action_noise,0,400027,True,True,True,158,53.18950756006935,8.0,-0.037290871143341,0.4125870764255523,0.8933205604553223,27,4800
contrastive_recovery,cereal,action_noise,1,400028,False,True,False,260,5.923673157631238,8.0,0.2156193405389785,-0.1352676600217819,0.830751359462738,27,4800
contrastive_recovery,cereal,action_noise,2,400029,True,True,True,140,47.896131134678285,8.0,-0.0244500841945409,0.4126342236995697,0.8966307640075684,27,4800
contrastive_recovery,cereal,action_noise,3,400030,True,True,True,118,44.041192545726915,8.0,0.0009604329243302,0.4726238548755646,0.8820458054542542,27,4800
contrastive_recovery,cereal,action_noise,4,400031,True,True,True,110,37.72923533709481,8.0,-0.0308919977396726,0.4001592993736267,0.8993752002716064,27,4800
contrastive_recovery,cereal,action_noise,5,400032,True,True,True,167,51.12485038899542,8.0,-0.0325878523290157,0.3610352277755737,0.8983511924743652,27,4800
contrastive_recovery,cereal,action_noise,6,400033,True,True,True,150,51.59679530118567,8.0,-0.0354898236691951,0.3793050348758697,0.8950941562652588,27,4800
contrastive_recovery,cereal,action_noise,7,400034,False,True,False,260,17.50790052184652,8.0,0.2305153012275695,-0.3280812203884125,0.8051576018333435,27,4800
contrastive_recovery,cereal,action_delay,0,400027,False,True,False,260,2.3105282834368426,3.0,0.0946115180850029,-0.2252640277147293,0.8938727378845215,27,4800
contrastive_recovery,cereal,action_delay,1,400028,False,True,False,260,3.4542965213616665,5.0,0.1895766705274582,-0.2472233921289444,0.8946317434310913,27,4800
contrastive_recovery,cereal,action_delay,2,400029,False,True,False,260,12.869957793515145,5.0,0.0346978120505809,-0.1542827934026718,0.9594406485557556,27,4800
contrastive_recovery,cereal,action_delay,3,400030,False,True,False,260,2.107343772328524,3.0,0.0893814712762832,-0.2284425497055053,0.8940535187721252,27,4800
contrastive_recovery,cereal,action_delay,4,400031,True,True,True,203,61.68401838167525,3.0,-0.0068073184229433,0.399711012840271,0.8974382281303406,27,4800
contrastive_recovery,cereal,action_delay,5,400032,False,True,False,260,64.61488632769726,3.0,-0.3404979109764099,0.9403780698776244,0.0149661693722009,27,4800
contrastive_recovery,cereal,action_delay,6,400033,False,True,False,260,3.89905263330038,5.0,0.1446438878774643,-0.133486196398735,0.830751359462738,27,4800
contrastive_recovery,cereal,action_delay,7,400034,False,True,False,260,7.9579030487838285,5.0,0.1656717956066131,-0.3691378235816955,0.8307661414146423,27,4800
contrastive_recovery,cereal,gripper_slip,0,400027,False,True,False,260,28.2510903991931,102.0,0.0453880876302719,-0.2342412322759628,0.8946289420127869,27,4800
contrastive_recovery,cereal,gripper_slip,1,400028,False,True,False,260,19.19254522288445,82.0,0.2335987538099289,-0.2586097121238708,0.8948423266410828,27,4800
contrastive_recovery,cereal,gripper_slip,2,400029,False,True,False,260,16.514849597504508,85.0,0.0655888244509697,-0.4608604609966278,0.8884626626968384,27,4800
contrastive_recovery,cereal,gripper_slip,3,400030,False,True,False,260,28.642360009866888,103.0,0.1476112604141235,-0.1669948548078537,0.8947081565856934,27,4800
contrastive_recovery,cereal,gripper_slip,4,400031,False,True,False,260,27.282572988760847,104.0,0.0009687491692602,-0.1923320442438125,0.830751359462738,27,4800
contrastive_recovery,cereal,gripper_slip,5,400032,False,True,False,260,16.411743573265458,81.0,0.1915669739246368,-0.4127679467201233,0.8502032160758972,27,4800
contrastive_recovery,cereal,gripper_slip,6,400033,False,True,False,260,24.69588148863058,97.0,0.2207017093896865,-0.1944411993026733,0.8948467969894409,27,4800
contrastive_recovery,cereal,gripper_slip,7,400034,False,True,False,260,21.4702849567062,84.0,0.2047566622495651,-0.2358022183179855,0.8307462334632874,27,4800
baseline,can,nominal,0,400027,True,False,False,123,53.07899135363088,,0.2275397032499313,0.4239003360271454,0.8645921945571899,127,0
baseline,can,nominal,1,400028,True,False,False,107,38.23565469157292,,0.1768292784690857,0.405038058757782,0.8599015474319458,127,0
baseline,can,nominal,2,400029,True,False,False,154,56.1091087173118,,0.2002950459718704,0.427326887845993,0.8642885684967041,127,0
baseline,can,nominal,3,400030,True,False,False,121,50.20333375370035,,0.1989117860794067,0.4147835075855255,0.8612675070762634,127,0
baseline,can,nominal,4,400031,True,False,False,169,60.029857028084,,0.1800946444272995,0.4143325686454773,0.8600621819496155,127,0
baseline,can,nominal,5,400032,True,False,False,103,38.18564126398427,,0.1786042153835296,0.4038808047771454,0.8599482178688049,127,0
baseline,can,nominal,6,400033,True,False,False,142,53.07025721201649,,0.1905389726161956,0.4081915020942688,0.8600856065750122,127,0
baseline,can,nominal,7,400034,True,False,False,128,47.59598888722256,,0.2159682810306549,0.3983562886714935,0.8640055060386658,127,0
baseline,can,object_shift,0,400027,False,True,False,260,0.3825394654736381,14.0,-0.2453008294105529,-0.2299144268035888,0.3435600697994232,127,0
baseline,can,object_shift,1,400028,True,True,True,139,51.84582003004762,14.0,0.174435019493103,0.4039009511470794,0.8600478172302246,127,0
baseline,can,object_shift,2,400029,False,True,False,260,5.128084652346768,14.0,0.1233060136437416,-0.225167229771614,0.8600537180900574,127,0
baseline,can,object_shift,3,400030,False,True,False,260,4.050913110473552,14.0,0.0858648493885994,-0.0999753400683403,0.8600575923919678,127,0
baseline,can,object_shift,4,400031,True,True,True,180,63.1985120288444,14.0,0.1875500082969665,0.4700498878955841,0.8775045871734619,127,0
baseline,can,object_shift,5,400032,False,True,False,260,4.359377643270381,14.0,0.0710667967796325,-0.1817212551832199,0.8600515127182007,127,0
baseline,can,object_shift,6,400033,True,True,True,129,44.52739772680644,14.0,0.1806040555238723,0.4224401712417602,0.860357403755188,127,0
baseline,can,object_shift,7,400034,True,True,True,148,54.89905464575626,14.0,0.1834736913442611,0.4081734120845794,0.8600743412971497,127,0
baseline,can,action_noise,0,400027,True,True,True,105,40.9196750575868,8.0,0.1995669901371002,0.3650039732456207,0.8720762133598328,127,0
baseline,can,action_noise,1,400028,True,True,True,103,35.50773345804564,8.0,0.1659030765295028,0.3931694626808166,0.8837025761604309,127,0
baseline,can,action_noise,2,400029,True,True,True,131,42.28888117375849,8.0,0.1806610226631164,0.3742937743663788,0.8591118454933167,127,0
baseline,can,action_noise,3,400030,False,True,False,260,20.717114992710513,8.0,0.1713053435087204,0.2067446857690811,0.860054612159729,127,0
baseline,can,action_noise,4,400031,True,True,True,153,54.810989591920624,8.0,0.1468462646007537,0.45789235830307,0.8631377220153809,127,0
baseline,can,action_noise,5,400032,True,True,True,96,36.9939257760273,8.0,0.1723175942897796,0.3654880821704864,0.8636396527290344,127,0
baseline,can,action_noise,6,400033,True,True,True,135,48.86407434550842,8.0,0.2014946937561035,0.3944644629955292,0.8609693050384521,127,0
baseline,can,action_noise,7,400034,True,True,True,137,53.10192424243433,8.0,0.1884106397628784,0.4431050419807434,0.8639967441558838,127,0
baseline,can,action_delay,0,400027,True,True,True,124,47.15585271885138,3.0,0.1742443293333053,0.4604112207889557,0.8890452980995178,127,0
baseline,can,action_delay,1,400028,False,True,False,260,4.385746864205468,5.0,0.1058595553040504,-0.1044552475214004,0.8600537776947021,127,0
baseline,can,action_delay,2,400029,False,True,False,260,3.8703954009325954,5.0,0.2122539728879928,-0.275336354970932,0.860048770904541,127,0
baseline,can,action_delay,3,400030,False,True,False,260,5.68632260581489,3.0,0.019939474761486,-0.1818361133337021,0.8600479960441589,127,0
baseline,can,action_delay,4,400031,False,True,False,260,2.7582300446387937,3.0,0.0125462096184492,-0.395017921924591,0.8600532412528992,127,0
baseline,can,action_delay,5,400032,False,True,False,260,105.87941919032522,3.0,0.0986943244934082,0.5811855792999268,0.9198043942451476,127,0
baseline,can,action_delay,6,400033,False,True,False,260,4.264499379137351,5.0,0.0783905684947967,-0.3298516273498535,0.8600479364395142,127,0
baseline,can,action_delay,7,400034,False,True,False,260,2.163141300915816,5.0,0.0223081950098276,-0.2673279941082001,0.8600541353225708,127,0
baseline,can,gripper_slip,0,400027,False,True,False,260,15.199821127528075,44.0,-0.0426405034959316,-0.1715526580810547,0.8600483536720276,127,0
baseline,can,gripper_slip,1,400028,False,True,False,260,13.212787899694758,49.0,0.1807462275028228,-0.0829100832343101,0.8600518107414246,127,0
baseline,can,gripper_slip,2,400029,False,True,False,260,14.354054977527062,67.0,0.1870693415403366,-0.2088142782449722,0.8600521683692932,127,0
baseline,can,gripper_slip,3,400030,False,True,False,260,15.00012924953633,46.0,0.0803739205002784,-0.1014011725783348,0.8600534796714783,127,0
baseline,can,gripper_slip,4,400031,False,True,False,260,12.109275464314518,66.0,-0.0075283921323716,-0.3850381672382355,0.8600507974624634,127,0
baseline,can,gripper_slip,5,400032,False,True,False,260,13.659617728996125,46.0,0.0783177390694618,-0.1484154909849167,0.860061526298523,127,0
baseline,can,gripper_slip,6,400033,False,True,False,260,12.635745870528718,54.0,0.1345890611410141,-0.2877105474472046,0.8600484728813171,127,0
baseline,can,gripper_slip,7,400034,False,True,False,260,14.37014642005068,53.0,0.0598389655351638,-0.3153238594532013,0.8600568175315857,127,0
baseline,milk,nominal,0,400027,True,False,False,69,21.742912401823723,,-0.0187715124338865,0.1528275310993194,0.8968133926391602,127,0
baseline,milk,nominal,1,400028,True,False,False,82,25.66271197861647,,-0.0072675971314311,0.1381115615367889,0.893539309501648,127,0
baseline,milk,nominal,2,400029,True,False,False,76,28.318290362651982,,-0.0062123099341988,0.144175186753273,0.897641658782959,127,0
baseline,milk,nominal,3,400030,True,False,False,115,34.83757868080843,,-0.0145582556724548,0.1505121439695358,0.898474931716919,127,0
baseline,milk,nominal,4,400031,True,False,False,79,26.802261525044216,,-0.0047720754519104,0.135234922170639,0.891944944858551,127,0
baseline,milk,nominal,5,400032,True,False,False,86,28.05027053428032,,-0.0076745213009417,0.1431806981563568,0.8953564167022705,127,0
baseline,milk,nominal,6,400033,True,False,False,72,26.486556457255176,,-0.0090871043503284,0.1384419351816177,0.888219952583313,127,0
baseline,milk,nominal,7,400034,True,False,False,107,32.86128024331374,,-0.0191403273493051,0.2496790289878845,0.8936188817024231,127,0
baseline,milk,object_shift,0,400027,False,True,False,260,4.551099640254845,14.0,0.0094552161172032,-0.1027349308133125,0.880859911441803,127,0
baseline,milk,object_shift,1,400028,False,True,False,260,41.95800209738584,14.0,0.0118098342791199,0.380507618188858,0.860414445400238,127,0
baseline,milk,object_shift,2,400029,False,True,False,260,2.344648299837019,14.0,-0.0646422803401947,-0.1094973385334014,0.8808543086051941,127,0
baseline,milk,object_shift,3,400030,False,True,False,260,17.336817516908198,14.0,0.153468519449234,-0.1282140463590622,0.8379397392272949,127,0
baseline,milk,object_shift,4,400031,False,True,False,260,20.092592003525844,14.0,-0.0097956676036119,-0.0335028320550918,0.9350375533103944,127,0
baseline,milk,object_shift,5,400032,True,True,True,103,30.88839379326317,14.0,0.0369083806872367,0.1264558881521225,0.894721508026123,127,0
baseline,milk,object_shift,6,400033,False,True,False,260,2.4434423411141175,14.0,0.1150222793221473,-0.0979257822036743,0.8808531761169434,127,0
baseline,milk,object_shift,7,400034,False,True,False,260,28.125796249183484,14.0,0.1726596802473068,0.0160043612122535,0.9192662239074708,127,0
baseline,milk,action_noise,0,400027,True,True,True,61,18.236033668340387,8.0,-0.03206168115139,0.1200229823589325,0.8930635452270508,127,0
baseline,milk,action_noise,1,400028,True,True,True,75,23.86311753299001,8.0,0.0457886904478073,0.0905208364129066,0.8896623253822327,127,0
baseline,milk,action_noise,2,400029,True,True,True,75,26.401235293699575,8.0,0.0074506481178104,0.1170735880732536,0.8944464325904846,127,0
baseline,milk,action_noise,3,400030,True,True,True,105,33.852764157795846,8.0,-0.022039147093892,0.2231579273939132,0.8951336741447449,127,0
baseline,milk,action_noise,4,400031,True,True,True,75,24.34096341685967,8.0,-0.0299129765480756,0.1281678378582,0.8994061350822449,127,0
baseline,milk,action_noise,5,400032,True,True,True,78,24.571028129402897,8.0,-0.0092729609459638,0.0910354182124137,0.8992204666137695,127,0
baseline,milk,action_noise,6,400033,True,True,True,72,25.00111440009464,8.0,-0.0362010151147842,0.1484705209732055,0.896116316318512,127,0
baseline,milk,action_noise,7,400034,False,True,False,260,9.97606540560865,8.0,0.1386425197124481,-0.1270004361867904,0.8379189372062683,127,0
baseline,milk,action_delay,0,400027,True,True,True,86,24.954529205020226,3.0,-0.0147123634815216,0.248525470495224,0.8889093995094299,127,0
baseline,milk,action_delay,1,400028,False,True,False,260,4.108544275835995,5.0,0.1237691864371299,-0.2007022500038147,0.8808640241622925,127,0
baseline,milk,action_delay,2,400029,False,True,False,260,3.172420320467712,5.0,-0.0474371910095214,-0.1660074889659881,0.8798542022705078,127,0
baseline,milk,action_delay,3,400030,False,True,False,260,2.7630337923283865,3.0,0.1766883879899978,-0.283509761095047,0.8808521032333374,127,0
baseline,milk,action_delay,4,400031,False,True,False,260,3.362874332565148,3.0,0.1937883049249649,-0.1854922920465469,0.8379336595535278,127,0
baseline,milk,action_delay,5,400032,False,True,False,260,2.217738423091325,3.0,0.0973913744091987,-0.2457189708948135,0.8808517456054688,127,0
baseline,milk,action_delay,6,400033,False,True,False,260,4.7343684289384145,5.0,-0.0268640499562025,-0.1462540328502655,0.8695127367973328,127,0
baseline,milk,action_delay,7,400034,False,True,False,260,3.6331494762676657,5.0,0.1774236112833023,-0.0767620503902435,0.8808523416519165,127,0
baseline,milk,gripper_slip,0,400027,False,True,False,260,10.3507952927685,43.0,-0.0349956601858139,-0.0853544250130653,0.874396800994873,127,0
baseline,milk,gripper_slip,1,400028,False,True,False,260,12.507572106924648,49.0,0.191369742155075,-0.0993461608886718,0.8376206159591675,127,0
baseline,milk,gripper_slip,2,400029,False,True,False,260,21.128937137052127,43.0,-0.0517974868416786,-0.1657569110393524,0.8377662897109985,127,0
baseline,milk,gripper_slip,3,400030,False,True,False,260,10.928594801659033,58.0,0.2271085679531097,-0.1066644564270973,0.8379380106925964,127,0
baseline,milk,gripper_slip,4,400031,False,True,False,260,12.778867075274189,46.0,0.0091398013755679,-0.1154076159000396,0.8379432559013367,127,0
baseline,milk,gripper_slip,5,400032,False,True,False,260,22.605013869911808,48.0,-0.0192379131913185,-0.0473318360745906,0.8818851709365845,127,0
baseline,milk,gripper_slip,6,400033,False,True,False,260,13.20550125711907,41.0,-0.0066188052296638,-0.1014936491847038,0.8444042801856995,127,0
baseline,milk,gripper_slip,7,400034,False,True,False,260,12.72906437896391,60.0,0.2235774099826812,-0.0492026433348655,0.8832524418830872,127,0
baseline,bread,nominal,0,400027,True,False,False,115,40.937622687762506,,0.1940798908472061,0.1733936518430709,0.8421919345855713,127,0
baseline,bread,nominal,1,400028,True,False,False,123,40.37952491381754,,0.1797251552343368,0.1578502655029297,0.8421918749809265,127,0
baseline,bread,nominal,2,400029,False,False,False,260,8.858874184617578,,0.0765383839607238,-0.1024381294846534,0.8421428203582764,127,0
baseline,bread,nominal,3,400030,True,False,False,112,38.7538871114974,,0.1748990267515182,0.153647094964981,0.8421928286552429,127,0
baseline,bread,nominal,4,400031,True,False,False,125,41.23692428991696,,0.1713798493146896,0.1575513929128646,0.8421630859375,127,0
baseline,bread,nominal,5,400032,True,False,False,117,38.77917634885371,,0.1822655647993087,0.1592912673950195,0.8421720862388611,127,0
baseline,bread,nominal,6,400033,True,False,False,120,39.07855381012138,,0.1810571402311325,0.1834821850061416,0.8421488404273987,127,0
baseline,bread,nominal,7,400034,True,False,False,113,40.59197835646147,,0.1837905198335647,0.1601102203130722,0.8421918749809265,127,0
baseline,bread,object_shift,0,400027,True,True,True,118,41.718705837304256,14.0,0.1806966215372085,0.1842648535966873,0.8421908617019653,127,0
baseline,bread,object_shift,1,400028,True,True,True,128,38.90534213569639,14.0,0.1643129289150238,0.1699678748846054,0.8445843458175659,127,0
baseline,bread,object_shift,2,400029,False,True,False,260,6.137254187762705,14.0,-0.0127260731533169,-0.1014979854226112,0.8403229713439941,127,0
baseline,bread,object_shift,3,400030,True,True,True,112,38.542903910887986,14.0,0.1812697350978851,0.1671886593103408,0.842170000076294,127,0
baseline,bread,object_shift,4,400031,True,True,True,117,41.36461963316003,14.0,0.1779170781373977,0.1637211441993713,0.8421903252601624,127,0
baseline,bread,object_shift,5,400032,False,True,False,260,3.707208485471954,14.0,0.0078715672716498,-0.4279413223266601,0.8421830534934998,127,0
baseline,bread,object_shift,6,400033,False,True,False,260,5.87122882630934,14.0,0.0786925181746482,-0.2999805510044098,0.838627278804779,127,0
baseline,bread,object_shift,7,400034,True,True,True,124,41.73179463006172,14.0,0.1772110164165496,0.1621188372373581,0.8421903252601624,127,0
baseline,bread,action_noise,0,400027,True,True,True,110,36.83375173051367,8.0,0.1718109250068664,0.1106653735041618,0.8422190546989441,127,0
baseline,bread,action_noise,1,400028,False,True,False,260,5.408864053476124,8.0,0.1636156588792801,-0.3574845790863037,0.8421670198440552,127,0
baseline,bread,action_noise,2,400029,False,True,False,260,7.608267205814176,8.0,0.0789997577667236,-0.0843845754861831,0.8421643376350403,127,0
baseline,bread,action_noise,3,400030,False,True,False,260,6.144343492170075,8.0,0.1350806504487991,-0.1705753952264785,0.8421933054924011,127,0
baseline,bread,action_noise,4,400031,True,True,True,108,33.653935803573354,8.0,0.1491601765155792,0.1275074034929275,0.8421881198883057,127,0
baseline,bread,action_noise,5,400032,True,True,True,114,36.33621107935129,8.0,0.1971475183963775,0.2009835541248321,0.843834400177002,127,0
baseline,bread,action_noise,6,400033,True,True,True,118,40.28099325862489,8.0,0.199531078338623,0.163888394832611,0.8421838283538818,127,0
baseline,bread,action_noise,7,400034,True,True,True,112,39.333429147983495,8.0,0.177272230386734,0.2051942050457,0.8421910405158997,127,0
baseline,bread,action_delay,0,400027,False,True,False,260,91.058268962517,3.0,0.1090594306588172,0.5496391654014587,0.9496732950210572,127,0
baseline,bread,action_delay,1,400028,False,True,False,260,7.188469126913359,5.0,0.1992411762475967,-0.3916426599025726,0.8421896696090698,127,0
baseline,bread,action_delay,2,400029,True,True,True,158,57.87136067230458,5.0,0.2160468995571136,0.2188623994588852,0.8390019536018372,127,0
baseline,bread,action_delay,3,400030,False,True,False,260,7.706406200194271,3.0,0.1219376921653747,-0.178523451089859,0.8421904444694519,127,0
baseline,bread,action_delay,4,400031,False,True,False,260,6.57908550237207,3.0,0.2120637446641922,-0.2413267642259597,0.8421854376792908,127,0
baseline,bread,action_delay,5,400032,False,True,False,260,77.66196475067089,3.0,0.1436065286397934,0.483802855014801,0.889857292175293,127,0
baseline,bread,action_delay,6,400033,False,True,False,260,4.512463472918609,5.0,-0.0148688731715083,-0.3553621768951416,0.8421908617019653,127,0
baseline,bread,action_delay,7,400034,False,True,False,260,7.193717563199128,5.0,0.0563765615224838,-0.2516566514968872,0.8421670198440552,127,0
baseline,bread,gripper_slip,0,400027,False,True,False,260,11.826392365112849,53.0,-0.0450149327516555,-0.2569167912006378,0.8421914577484131,127,0
baseline,bread,gripper_slip,1,400028,False,True,False,260,11.780818160594242,57.0,0.2268673479557037,-0.3422408998012543,0.8421684503555298,127,0
baseline,bread,gripper_slip,2,400029,False,False,False,260,8.858874184617578,,0.0765383839607238,-0.1024381294846534,0.8421428203582764,127,0
baseline,bread,gripper_slip,3,400030,False,True,False,260,12.89989710279236,56.0,0.177357017993927,-0.1073568165302276,0.8421645760536194,127,0
baseline,bread,gripper_slip,4,400031,False,True,False,260,13.61261682038079,65.0,0.1510772258043289,-0.2334184497594833,0.8421643376350403,127,0
baseline,bread,gripper_slip,5,400032,False,True,False,260,6.671018748201153,49.0,-0.006949542555958,-0.432273119688034,0.8421904444694519,127,0
baseline,bread,gripper_slip,6,400033,False,True,False,260,10.781883487112175,55.0,0.0162526722997427,-0.2942728102207184,0.8421713709831238,127,0
baseline,bread,gripper_slip,7,400034,False,True,False,260,12.811241478188858,52.0,0.1144891381263732,-0.3013856709003448,0.8421670198440552,127,0
baseline,cereal,nominal,0,400027,True,False,False,112,41.14396098218255,,-0.0163410138338804,0.3969665467739105,0.8958534598350525,127,0
baseline,cereal,nominal,1,400028,True,False,False,122,40.77549605275476,,-0.0139893712475895,0.4018495678901672,0.895699679851532,127,0
baseline,cereal,nominal,2,400029,True,False,False,133,44.57881176949549,,-0.0308301541954278,0.3815596997737884,0.8991045951843262,127,0
baseline,cereal,nominal,3,400030,True,False,False,112,41.15926613058251,,-0.012792938388884,0.3955155611038208,0.8963114023208618,127,0
baseline,cereal,nominal,4,400031,True,False,False,116,42.264612207280855,,-0.0151501111686229,0.38748499751091,0.8969287872314453,127,0
baseline,cereal,nominal,5,400032,True,False,False,132,44.35155454311935,,-0.0250595193356275,0.3984482586383819,0.8964569568634033,127,0
baseline,cereal,nominal,6,400033,True,False,False,115,40.28531734980912,,-0.0074868714436888,0.4005034863948822,0.896277666091919,127,0
baseline,cereal,nominal,7,400034,True,False,False,121,40.968641890444474,,-0.0177388843148946,0.4045786559581756,0.8991408348083496,127,0
baseline,cereal,object_shift,0,400027,True,True,True,122,37.96425426409416,14.0,-0.0353955551981925,0.3860888183116913,0.8986489176750183,127,0
baseline,cereal,object_shift,1,400028,True,True,True,128,41.702651960795805,14.0,-0.0137995975092053,0.4010157585144043,0.8948172926902771,127,0
baseline,cereal,object_shift,2,400029,True,True,True,126,44.69481278461103,14.0,-0.038005381822586,0.3772046864032745,0.9001873731613159,127,0
baseline,cereal,object_shift,3,400030,False,True,False,260,2.233053162591521,14.0,0.1469429433345794,-0.0714062452316284,0.8753670454025269,127,0
baseline,cereal,object_shift,4,400031,True,True,True,137,47.86724794501749,14.0,-0.0389324091374874,0.4022798240184784,0.8944129347801208,127,0
baseline,cereal,object_shift,5,400032,True,True,True,144,47.98128043710346,14.0,-0.0381326414644718,0.4070837497711181,0.896338939666748,127,0
baseline,cereal,object_shift,6,400033,True,True,True,119,38.580992532798426,14.0,0.0031072420533746,0.3957642018795013,0.8942100405693054,127,0
baseline,cereal,object_shift,7,400034,True,True,True,160,55.87048218282871,14.0,-0.0044879713095724,0.439953863620758,0.8964404463768005,127,0
baseline,cereal,action_noise,0,400027,True,True,True,112,41.51035651573699,8.0,-0.0312538109719753,0.3748355805873871,0.895334005355835,127,0
baseline,cereal,action_noise,1,400028,True,True,True,126,42.20613650069128,8.0,-0.006224260199815,0.3727362155914306,0.8946492075920105,127,0
baseline,cereal,action_noise,2,400029,True,True,True,132,42.17564614380193,8.0,-0.0193527657538652,0.3536911308765411,0.8949785232543945,127,0
baseline,cereal,action_noise,3,400030,True,True,True,121,44.05031318057048,8.0,-0.0181795489042997,0.3528702855110168,0.8952731490135193,127,0
baseline,cereal,action_noise,4,400031,True,True,True,121,40.40639275546371,8.0,-0.0326511152088642,0.368794322013855,0.8952502608299255,127,0
baseline,cereal,action_noise,5,400032,True,True,True,122,40.02142031569947,8.0,-0.0087831253185868,0.3447926342487335,0.8942355513572693,127,0
baseline,cereal,action_noise,6,400033,True,True,True,111,37.27954148570636,8.0,0.0043600937351584,0.3873823881149292,0.8999404907226562,127,0
baseline,cereal,action_noise,7,400034,True,True,True,126,42.15111126196543,8.0,0.0059093227609992,0.4020917117595672,0.8998792767524719,127,0
baseline,cereal,action_delay,0,400027,False,True,False,260,1.485308746395394,3.0,0.0962040945887565,-0.2252787202596664,0.8946271538734436,127,0
baseline,cereal,action_delay,1,400028,False,True,False,260,1.1401189631508393,5.0,0.1887950599193573,-0.2519259750843048,0.8946348428726196,127,0
baseline,cereal,action_delay,2,400029,False,True,False,260,1.6504639483750507,5.0,0.1314436346292495,-0.4468258917331695,0.8814212679862976,127,0
baseline,cereal,action_delay,3,400030,False,True,False,260,1.477641095247587,3.0,0.0912872999906539,-0.2285525649785995,0.8946349024772644,127,0
baseline,cereal,action_delay,4,400031,True,True,True,143,43.714784550114295,3.0,0.0058674686588346,0.4380794465541839,0.8955414295196533,127,0
baseline,cereal,action_delay,5,400032,False,True,False,260,54.32271205491852,3.0,-0.0361040867865085,0.7204108238220215,0.0149671658873558,127,0
baseline,cereal,action_delay,6,400033,False,True,False,260,1.1710304508233642,5.0,0.1494414359331131,-0.2244300544261932,0.8946301937103271,127,0
baseline,cereal,action_delay,7,400034,False,True,False,260,1.5932936181292376,5.0,0.1858737766742706,-0.2492699772119522,0.8946366906166077,127,0
baseline,cereal,gripper_slip,0,400027,False,True,False,260,10.459482218769368,48.0,0.0282873604446649,-0.1376858204603195,0.8307211995124817,127,0
baseline,cereal,gripper_slip,1,400028,False,True,False,260,7.253151961716059,55.0,0.237027883529663,-0.2493419200181961,0.894625186920166,127,0
baseline,cereal,gripper_slip,2,400029,False,True,False,260,7.383703419132961,56.0,0.0590571910142898,-0.2599646151065826,0.8307270407676697,127,0
baseline,cereal,gripper_slip,3,400030,False,True,False,260,9.395234603011136,48.0,0.1299305111169815,-0.1639322638511657,0.8946266770362854,127,0
baseline,cereal,gripper_slip,4,400031,False,True,False,260,8.631463522720251,49.0,-0.0159684773534536,-0.269927829504013,0.8946250081062317,127,0
baseline,cereal,gripper_slip,5,400032,False,True,False,260,8.015793675775008,58.0,0.1900619864463806,-0.4164564609527588,0.8946287035942078,127,0
baseline,cereal,gripper_slip,6,400033,False,True,False,260,7.921796253795619,50.0,0.2043808251619339,-0.1951039433479309,0.8946263790130615,127,0
baseline,cereal,gripper_slip,7,400034,False,True,False,260,7.476404983169643,54.0,0.2228967100381851,-0.3053732216358185,0.8946292400360107,127,0
more_demos,can,nominal,0,400027,True,False,False,97,38.791011882345245,,0.1822570115327835,0.406900554895401,0.8551982641220093,127,4800
more_demos,can,nominal,1,400028,True,False,False,87,29.71148993843311,,0.1935569643974304,0.3785868883132934,0.8899375796318054,127,4800
more_demos,can,nominal,2,400029,True,False,False,123,39.23150694049125,,0.1709243506193161,0.394989401102066,0.8736892938613892,127,4800
more_demos,can,nominal,3,400030,True,False,False,101,39.455946668490846,,0.1796665042638778,0.4045126438140869,0.8834578990936279,127,4800
more_demos,can,nominal,4,400031,True,False,False,129,40.335228392800346,,0.1976053267717361,0.3810387253761291,0.8556432127952576,127,4800
more_demos,can,nominal,5,400032,True,False,False,88,31.564608670524297,,0.1923537105321884,0.3811806738376617,0.8905221819877625,127,4800
more_demos,can,nominal,6,400033,True,False,False,124,42.68224493878813,,0.1806770414113998,0.4052577316761017,0.8599990606307983,127,4800
more_demos,can,nominal,7,400034,True,False,False,117,43.12334507443283,,0.1875656098127365,0.4084942042827606,0.8609697222709656,127,4800
more_demos,can,object_shift,0,400027,False,True,False,260,0.3622067442196717,14.0,-0.2452678680419922,-0.229887843132019,0.3435441851615906,127,4800
more_demos,can,object_shift,1,400028,True,True,True,102,30.745752060431133,14.0,0.190144807100296,0.3800635933876037,0.8974968194961548,127,4800
more_demos,can,object_shift,2,400029,False,True,False,260,5.010995223396675,14.0,0.1571299284696579,-0.2419589012861251,0.8437656164169312,127,4800
more_demos,can,object_shift,3,400030,False,True,False,260,4.257369320978124,14.0,0.0863557979464531,-0.09987323731184,0.8600432276725769,127,4800
more_demos,can,object_shift,4,400031,True,True,True,144,46.860764397702056,14.0,0.1921227574348449,0.4476422667503357,0.8639278411865234,127,4800
more_demos,can,object_shift,5,400032,False,True,False,260,4.460385022390072,14.0,0.0712248384952545,-0.1834364980459213,0.8600573539733887,127,4800
more_demos,can,object_shift,6,400033,False,True,False,260,5.138974499857282,14.0,0.152181401848793,-0.2879090309143066,0.8600550889968872,127,4800
more_demos,can,object_shift,7,400034,True,True,True,111,32.609967091351834,14.0,0.1681173145771026,0.355597585439682,0.8681219816207886,127,4800
more_demos,can,action_noise,0,400027,False,True,False,260,6.1674336402134555,8.0,-0.01744862832129,-0.1688792109489441,0.8600537180900574,127,4800
more_demos,can,action_noise,1,400028,True,True,True,103,37.97668973505297,8.0,0.1660002619028091,0.3884219229221344,0.8602616190910339,127,4800
more_demos,can,action_noise,2,400029,True,True,True,112,33.774456835472165,8.0,0.1647006869316101,0.3647776246070862,0.8915504217147827,127,4800
more_demos,can,action_noise,3,400030,False,True,False,260,5.113246904606806,8.0,0.0299344938248395,-0.171192929148674,0.8600500822067261,127,4800
more_demos,can,action_noise,4,400031,True,True,True,133,43.883320351737034,8.0,0.1906194984912872,0.3762473464012146,0.8614197373390198,127,4800
more_demos,can,action_noise,5,400032,True,True,True,95,37.356495421000226,8.0,0.1813109666109085,0.3876226842403412,0.8601575493812561,127,4800
more_demos,can,action_noise,6,400033,True,True,True,119,41.02093329723582,8.0,0.1982952952384948,0.367660641670227,0.8615077137947083,127,4800
more_demos,can,action_noise,7,400034,True,True,True,115,39.659329152400936,8.0,0.2123147249221801,0.3729785084724426,0.8564165830612183,127,4800
more_demos,can,action_delay,0,400027,False,True,False,260,6.60610657848388,3.0,0.0422547720372676,-0.18333101272583,0.8437971472740173,127,4800
more_demos,can,action_delay,1,400028,False,True,False,260,3.088818047789474,5.0,0.1056904420256614,-0.1033335179090499,0.8600485324859619,127,4800
more_demos,can,action_delay,2,400029,False,True,False,260,3.993228218710412,5.0,0.2125842571258545,-0.2750056385993957,0.8600506782531738,127,4800
more_demos,can,action_delay,3,400030,False,True,False,260,5.662894620316442,3.0,0.0806131288409233,-0.1742268651723861,0.8437241315841675,127,4800
more_demos,can,action_delay,4,400031,False,True,False,260,3.2183668390741444,3.0,0.0692762657999992,-0.3797436952590942,0.8437540531158447,127,4800
more_demos,can,action_delay,5,400032,False,True,False,260,4.629361488673101,3.0,0.0686147958040237,-0.0918677896261215,0.8600504994392395,127,4800
more_demos,can,action_delay,6,400033,False,True,False,260,3.5804817072549655,5.0,0.066070906817913,-0.3275096416473388,0.8600546717643738,127,4800
more_demos,can,action_delay,7,400034,False,True,False,260,4.195531753401689,5.0,0.0160082168877124,-0.2754105031490326,0.8600567579269409,127,4800
more_demos,can,gripper_slip,0,400027,False,True,False,260,8.758539269950992,36.0,-0.0100847547873854,-0.2007524520158767,0.0247625224292278,127,4800
more_demos,can,gripper_slip,1,400028,False,True,False,260,8.424514338178904,35.0,0.1702020913362503,-0.0861349776387214,0.8600580096244812,127,4800
more_demos,can,gripper_slip,2,400029,False,True,False,260,8.987731098025739,52.0,0.1480161398649215,-0.2381329536437988,0.8600529432296753,127,4800
more_demos,can,gripper_slip,3,400030,False,True,False,260,12.204863333949254,38.0,0.0654554888606071,-0.1028854921460151,0.8600552678108215,127,4800
more_demos,can,gripper_slip,4,400031,False,True,False,260,9.967965088890196,53.0,-0.0589712783694267,-0.3543531894683838,0.8654304146766663,127,4800
more_demos,can,gripper_slip,5,400032,False,True,False,260,10.738698751774894,37.0,0.0718365311622619,-0.1531045585870742,0.8600447177886963,127,4800
more_demos,can,gripper_slip,6,400033,False,True,False,260,10.450913003893437,48.0,0.1263866126537323,-0.293882817029953,0.8600537180900574,127,4800
more_demos,can,gripper_slip,7,400034,False,True,False,260,11.849843529756878,44.0,0.052110731601715,-0.3142834305763244,0.8600503206253052,127,4800
recovery_bc,can,nominal,0,400027,True,False,False,108,44.08517114748075,,0.1871583014726638,0.4063186347484588,0.8606548309326172,127,4800
recovery_bc,can,nominal,1,400028,True,False,False,114,42.37303449293876,,0.1805199086666107,0.4021510779857635,0.8602443337440491,127,4800
recovery_bc,can,nominal,2,400029,True,False,False,147,48.70132052132331,,0.1775218844413757,0.4077531397342682,0.8608294129371643,127,4800
recovery_bc,can,nominal,3,400030,True,False,False,117,48.61567120696116,,0.1852990835905075,0.4038873612880707,0.860058069229126,127,4800
recovery_bc,can,nominal,4,400031,True,False,False,139,42.683003346043655,,0.196015328168869,0.3791456222534179,0.8576752543449402,127,4800
recovery_bc,can,nominal,5,400032,True,False,False,110,42.18453082762374,,0.180377185344696,0.4013058841228485,0.8601135611534119,127,4800
recovery_bc,can,nominal,6,400033,True,False,False,138,49.66446170886161,,0.1894619762897491,0.4022406339645386,0.8600640296936035,127,4800
recovery_bc,can,nominal,7,400034,True,False,False,130,49.135742199224055,,0.1918713748455047,0.4033076465129852,0.8601419925689697,127,4800
recovery_bc,can,object_shift,0,400027,False,True,False,260,0.3834828478620372,14.0,-0.2453008294105529,-0.2299144268035888,0.3435600697994232,127,4800
recovery_bc,can,object_shift,1,400028,True,True,True,136,44.742016460186505,14.0,0.1806518286466598,0.4023629426956177,0.8607642650604248,127,4800
recovery_bc,can,object_shift,2,400029,True,True,True,150,36.353085740130226,14.0,0.1716489493846893,0.3975639045238495,0.898135781288147,127,4800
recovery_bc,can,object_shift,3,400030,True,True,True,137,41.10827636478537,14.0,0.1771267801523208,0.3916712403297424,0.8600755929946899,127,4800
recovery_bc,can,object_shift,4,400031,True,True,True,192,61.191227049738295,14.0,0.1903337836265564,0.3891240656375885,0.8566746115684509,127,4800
recovery_bc,can,object_shift,5,400032,False,True,False,260,7.943940986455059,14.0,0.1330614387989044,-0.1833986490964889,0.843728244304657,127,4800
recovery_bc,can,object_shift,6,400033,True,True,True,144,49.377327525299634,14.0,0.1796843111515045,0.406767338514328,0.8601311445236206,127,4800
recovery_bc,can,object_shift,7,400034,True,True,True,143,49.60507608944483,14.0,0.1874092370271682,0.4021559953689575,0.8603034019470215,127,4800
recovery_bc,can,action_noise,0,400027,True,True,True,99,37.10773923061069,8.0,0.1844483017921447,0.3570024967193603,0.8808889389038086,127,4800
recovery_bc,can,action_noise,1,400028,True,True,True,116,41.33661005191373,8.0,0.1766224354505539,0.390470027923584,0.8595847487449646,127,4800
recovery_bc,can,action_noise,2,400029,True,True,True,131,40.80669384067609,8.0,0.172489583492279,0.3812326788902282,0.8596887588500977,127,4800
recovery_bc,can,action_noise,3,400030,False,True,False,260,7.641196287674596,8.0,0.0467418394982814,-0.0520350597798824,0.84843510389328,127,4800
recovery_bc,can,action_noise,4,400031,True,True,True,145,45.84449784129069,8.0,0.1709581017494201,0.4007822573184967,0.8659408092498779,127,4800
recovery_bc,can,action_noise,5,400032,True,True,True,123,44.40280631187778,8.0,0.1714420765638351,0.370152086019516,0.8600630760192871,127,4800
recovery_bc,can,action_noise,6,400033,True,True,True,121,38.97090284738209,8.0,0.2119619846343994,0.3521570563316345,0.8552814722061157,127,4800
recovery_bc,can,action_noise,7,400034,True,True,True,123,43.733501663169434,8.0,0.2002687305212021,0.3840058147907257,0.8625758290290833,127,4800
recovery_bc,can,action_delay,0,400027,True,True,True,130,49.535665541192536,3.0,0.2206450551748275,0.402234137058258,0.8735871315002441,127,4800
recovery_bc,can,action_delay,1,400028,True,True,True,128,40.53253036015747,5.0,0.2053264826536178,0.4126673638820648,0.8559687733650208,127,4800
recovery_bc,can,action_delay,2,400029,False,True,False,260,9.872713136364007,5.0,0.2385672926902771,-0.306654691696167,0.8437952399253845,127,4800
recovery_bc,can,action_delay,3,400030,True,True,True,214,87.41858568497602,3.0,0.1393764466047287,0.4173425137996673,0.8910024166107178,127,4800
recovery_bc,can,action_delay,4,400031,False,True,False,260,4.673214223303981,3.0,0.068795159459114,-0.4081504642963409,0.8437774777412415,127,4800
recovery_bc,can,action_delay,5,400032,True,True,True,126,45.58997164988919,3.0,0.2019849568605423,0.4591872096061706,0.8633319735527039,127,4800
recovery_bc,can,action_delay,6,400033,False,True,False,260,3.723209157341936,5.0,0.0724754482507705,-0.3253888189792633,0.8600496053695679,127,4800
recovery_bc,can,action_delay,7,400034,False,True,False,260,7.179596415666486,5.0,0.0190800484269857,-0.2670674920082092,0.8600513935089111,127,4800
recovery_bc,can,gripper_slip,0,400027,False,True,False,260,18.74697623979742,43.0,0.0534588620066642,-0.1536455303430557,0.8437734246253967,127,4800
recovery_bc,can,gripper_slip,1,400028,False,True,False,260,72.94451534056701,53.0,0.2294717282056808,-0.0723698958754539,0.8583598732948303,127,4800
recovery_bc,can,gripper_slip,2,400029,False,True,False,260,16.158867640874593,70.0,0.1737222969532013,-0.2209133505821228,0.8600524067878723,127,4800
recovery_bc,can,gripper_slip,3,400030,True,True,True,129,40.918945428913325,43.0,0.1693683117628097,0.3962763845920563,0.8959209322929382,127,4800
recovery_bc,can,gripper_slip,4,400031,True,True,True,195,58.829986685837234,77.0,0.1931833773851394,0.3919865787029266,0.8601675629615784,127,4800
recovery_bc,can,gripper_slip,5,400032,True,True,True,139,41.61759810703645,50.0,0.1941034197807312,0.3809124231338501,0.8566632866859436,127,4800
recovery_bc,can,gripper_slip,6,400033,True,True,True,167,49.937636555250585,57.0,0.1745265573263168,0.3919050991535187,0.8718903660774231,127,4800
recovery_bc,can,gripper_slip,7,400034,True,True,True,153,45.3185123649653,53.0,0.1788031011819839,0.3794876039028168,0.9004777073860168,127,4800
contrastive_recovery,can,nominal,0,400027,True,False,False,197,75.83234802682537,,0.2152758836746215,0.3783170282840729,0.8603174686431885,127,4800
contrastive_recovery,can,nominal,1,400028,True,False,False,216,80.61221327573558,,0.1472820192575454,0.4118883907794952,0.8654965162277222,127,4800
contrastive_recovery,can,nominal,2,400029,False,False,False,260,19.639293968719137,,0.2276107370853424,-0.2739288210868835,0.86005038022995,127,4800
contrastive_recovery,can,nominal,3,400030,True,False,False,198,74.73828475535599,,0.2227240651845932,0.3681720197200775,0.8603239059448242,127,4800
contrastive_recovery,can,nominal,4,400031,True,False,False,146,47.54429510602358,,0.190111368894577,0.4011486172676086,0.8603290915489197,127,4800
contrastive_recovery,can,nominal,5,400032,True,False,False,210,80.9133257382398,,0.1672841608524322,0.4182724952697754,0.8752542734146118,127,4800
contrastive_recovery,can,nominal,6,400033,False,False,False,260,33.643064648849176,,0.191047117114067,-0.3266843259334564,0.8437535166740417,127,4800
contrastive_recovery,can,nominal,7,400034,True,False,False,199,68.77412370893423,,0.2014466226100921,0.3576478362083435,0.8672493696212769,127,4800
contrastive_recovery,can,object_shift,0,400027,False,True,False,260,0.4152630712703082,14.0,-0.2452268302440643,-0.2299085110425949,0.3435130417346954,127,4800
contrastive_recovery,can,object_shift,1,400028,True,True,True,196,67.62517817427475,14.0,0.1630130857229232,0.4200897812843323,0.863049328327179,127,4800
contrastive_recovery,can,object_shift,2,400029,False,True,False,260,6.4063315852467,14.0,0.1815686374902725,-0.2176126986742019,0.8437451720237732,127,4800
contrastive_recovery,can,object_shift,3,400030,True,True,True,195,60.310194577878626,14.0,0.1654938012361526,0.4201005399227142,0.8647438287734985,127,4800
contrastive_recovery,can,object_shift,4,400031,True,True,True,232,78.43056545169114,14.0,0.1599572747945785,0.3798199295997619,0.8790379762649536,127,4800
contrastive_recovery,can,object_shift,5,400032,True,True,True,195,40.62812046386859,14.0,0.1678029000759124,0.375357985496521,0.8586272597312927,127,4800
contrastive_recovery,can,object_shift,6,400033,False,True,False,260,18.7948765797112,14.0,0.2090177983045578,-0.2424571216106414,0.8437294363975525,127,4800
contrastive_recovery,can,object_shift,7,400034,False,True,False,260,35.23741144893421,14.0,0.1935067176818847,-0.3354209363460541,0.8436909317970276,127,4800
contrastive_recovery,can,action_noise,0,400027,True,True,True,156,57.78865843632949,8.0,0.2190652936697006,0.357793778181076,0.8559600710868835,127,4800
contrastive_recovery,can,action_noise,1,400028,True,True,True,198,74.7640438010006,8.0,0.1754851788282394,0.4447676241397857,0.8600636720657349,127,4800
contrastive_recovery,can,action_noise,2,400029,True,True,True,131,39.57177589793504,8.0,0.179548904299736,0.3624452650547027,0.8664045929908752,127,4800
contrastive_recovery,can,action_noise,3,400030,True,True,True,191,73.96723059494346,8.0,0.1690378487110138,0.4422671198844909,0.8795585632324219,127,4800
contrastive_recovery,can,action_noise,4,400031,True,True,True,160,50.39970899618679,8.0,0.1997599303722381,0.3754794597625732,0.8557129502296448,127,4800
contrastive_recovery,can,action_noise,5,400032,True,True,True,186,72.54435754729505,8.0,0.1737474054098129,0.4116894900798797,0.8792134523391724,127,4800
contrastive_recovery,can,action_noise,6,400033,True,True,True,166,58.6740111774304,8.0,0.2066090106964111,0.3814068138599396,0.8610788583755493,127,4800
contrastive_recovery,can,action_noise,7,400034,True,True,True,134,48.03326081604844,8.0,0.2061054408550262,0.377867043018341,0.8601863980293274,127,4800
contrastive_recovery,can,action_delay,0,400027,False,True,False,260,6.9110557102296974,3.0,-0.0327880904078483,-0.1668906658887863,0.8600540161132812,127,4800
contrastive_recovery,can,action_delay,1,400028,False,True,False,260,8.803030041136493,5.0,0.0065882401540875,-0.0948158875107765,0.8600561022758484,127,4800
contrastive_recovery,can,action_delay,2,400029,False,True,False,260,12.9118587965401,5.0,0.2399891912937164,-0.27487313747406,0.8600535988807678,127,4800
contrastive_recovery,can,action_delay,3,400030,False,True,False,260,7.399689608094372,3.0,0.0829333141446113,-0.1624352037906646,0.8437266945838928,127,4800
contrastive_recovery,can,action_delay,4,400031,False,True,False,260,6.059500834849439,3.0,0.0745778456330299,-0.3744595944881439,0.843704104423523,127,4800
contrastive_recovery,can,action_delay,5,400032,True,True,True,218,78.31433800053196,3.0,0.1473950147628784,0.4490990936756134,0.8764933943748474,127,4800
contrastive_recovery,can,action_delay,6,400033,False,True,False,260,4.7596689262541805,5.0,0.0728775784373283,-0.3253667652606964,0.860045850276947,127,4800
contrastive_recovery,can,action_delay,7,400034,False,True,False,260,6.536660889975768,5.0,0.0829836055636406,-0.2633391618728637,0.8437265157699585,127,4800
contrastive_recovery,can,gripper_slip,0,400027,False,True,False,260,43.31514492791525,125.0,-0.0270877741277217,-0.1861680895090103,0.8600473403930664,127,4800
contrastive_recovery,can,gripper_slip,1,400028,False,True,False,260,46.51965609997537,144.0,0.199441373348236,-0.0748859345912933,0.8600503206253052,127,4800
contrastive_recovery,can,gripper_slip,2,400029,False,False,False,260,19.639293968719137,,0.2276107370853424,-0.2739288210868835,0.86005038022995,127,4800
contrastive_recovery,can,gripper_slip,3,400030,False,True,False,260,43.42201600673901,128.0,0.110023982822895,-0.1115837767720222,0.8600449562072754,127,4800
contrastive_recovery,can,gripper_slip,4,400031,False,True,False,260,19.04595473551913,76.0,0.1091715544462204,-0.2936650514602661,0.8437539339065552,127,4800
contrastive_recovery,can,gripper_slip,5,400032,False,True,False,260,45.67562293649057,139.0,0.0885014533996582,-0.1407884508371353,0.8600530624389648,127,4800
contrastive_recovery,can,gripper_slip,6,400033,False,False,False,260,33.643064648849176,,0.191047117114067,-0.3266843259334564,0.8437535166740417,127,4800
contrastive_recovery,can,gripper_slip,7,400034,False,True,False,260,40.465964159875725,130.0,0.1276392638683319,-0.3430948257446289,0.8600505590438843,127,4800
more_demos,milk,nominal,0,400027,True,False,False,63,20.216313580408205,,-0.0273540131747722,0.1417502164840698,0.8885126113891602,127,4800
more_demos,milk,nominal,1,400028,True,False,False,77,24.226344990390768,,-0.0204400047659873,0.1393669098615646,0.8977395296096802,127,4800
more_demos,milk,nominal,2,400029,True,False,False,71,26.292818949490044,,0.0027181000914424,0.1289300620555877,0.899039089679718,127,4800
more_demos,milk,nominal,3,400030,True,False,False,89,26.271197799498783,,-0.0204158127307891,0.1427379250526428,0.8961076140403748,127,4800
more_demos,milk,nominal,4,400031,True,False,False,74,24.838666100345513,,-0.0142020629718899,0.1442606002092361,0.8976759314537048,127,4800
more_demos,milk,nominal,5,400032,True,False,False,82,26.484877571258036,,-0.0151865370571613,0.1368540525436401,0.8918392062187195,127,4800
more_demos,milk,nominal,6,400033,True,False,False,68,24.807560898854348,,-0.0167264286428689,0.1447692662477493,0.8880942463874817,127,4800
more_demos,milk,nominal,7,400034,True,False,False,68,19.71362667868508,,-0.0468096174299716,0.1889326721429824,0.8960049748420715,127,4800
more_demos,milk,object_shift,0,400027,False,True,False,260,2.983428339967947,14.0,0.0090114418417215,-0.1051295176148414,0.8808569312095642,127,4800
more_demos,milk,object_shift,1,400028,True,True,True,84,22.83032316416693,14.0,-0.0274716056883335,0.1558697521686554,0.891307532787323,127,4800
more_demos,milk,object_shift,2,400029,False,True,False,260,2.2968320960737074,14.0,-0.0646562278270721,-0.1096235960721969,0.8808602094650269,127,4800
more_demos,milk,object_shift,3,400030,False,True,False,260,2.2069183041685343,14.0,0.231825903058052,-0.1955484896898269,0.8808613419532776,127,4800
more_demos,milk,object_shift,4,400031,False,True,False,260,3.3864669203682016,14.0,0.007210255600512,-0.185266301035881,0.8808557987213135,127,4800
more_demos,milk,object_shift,5,400032,True,True,True,93,28.17698456910592,14.0,-0.0107386363670229,0.1340055614709854,0.8910121321678162,127,4800
more_demos,milk,object_shift,6,400033,False,True,False,260,1.9250544896120083,14.0,0.1109854131937027,-0.0998531207442283,0.8808563351631165,127,4800
more_demos,milk,object_shift,7,400034,True,True,True,79,21.28390378835589,14.0,-0.0523850731551647,0.1862604320049286,0.8897317051887512,127,4800
more_demos,milk,action_noise,0,400027,True,True,True,62,20.163674088240377,8.0,-0.0247824769467115,0.1380509585142135,0.8937243819236755,127,4800
more_demos,milk,action_noise,1,400028,True,True,True,72,21.663926414349692,8.0,0.0025104864034801,0.1208915784955024,0.8918828368186951,127,4800
more_demos,milk,action_noise,2,400029,True,True,True,73,26.04046196850367,8.0,0.0149028012529015,0.1322492659091949,0.8974642753601074,127,4800
more_demos,milk,action_noise,3,400030,False,True,False,260,11.850716714780658,8.0,0.015466121956706,-0.0538583435118198,0.880852460861206,127,4800
more_demos,milk,action_noise,4,400031,False,True,False,260,2.8113962688176777,8.0,0.0873306319117546,-0.1100407391786575,0.8379389643669128,127,4800
more_demos,milk,action_noise,5,400032,True,True,True,80,25.2732691708337,8.0,-0.0051892935298383,0.1108020395040512,0.8976521492004395,127,4800
more_demos,milk,action_noise,6,400033,True,True,True,71,25.293433588474397,8.0,-0.0405008420348167,0.149953693151474,0.8959625363349915,127,4800
more_demos,milk,action_noise,7,400034,False,True,False,260,2.166880605151825,8.0,0.1760256290435791,-0.0873993411660194,0.8808503150939941,127,4800
more_demos,milk,action_delay,0,400027,False,True,False,260,2.4660422764192993,3.0,0.0124990520998835,-0.1027153804898262,0.8379326462745667,127,4800
more_demos,milk,action_delay,1,400028,False,True,False,260,3.239740017540227,5.0,0.123522900044918,-0.2006359547376632,0.8808591365814209,127,4800
more_demos,milk,action_delay,2,400029,False,True,False,260,2.5503608141285574,5.0,-0.0004237258981447,-0.1635156124830246,0.8808634877204895,127,4800
more_demos,milk,action_delay,3,400030,False,True,False,260,2.3066543333212675,3.0,0.1767311841249466,-0.2835821509361267,0.8808680176734924,127,4800
more_demos,milk,action_delay,4,400031,True,True,True,85,25.25253260762777,3.0,0.0136299533769488,0.1476226150989532,0.8922384977340698,127,4800
more_demos,milk,action_delay,5,400032,False,True,False,260,1.286181563006643,3.0,0.0973913744091987,-0.2457189708948135,0.8808517456054688,127,4800
more_demos,milk,action_delay,6,400033,False,True,False,260,3.194218891734422,5.0,0.0341208465397357,-0.146368533372879,0.8808569312095642,127,4800
more_demos,milk,action_delay,7,400034,False,True,False,260,2.449631558403185,5.0,0.092674471437931,-0.0878740549087524,0.8379378914833069,127,4800
more_demos,milk,gripper_slip,0,400027,False,True,False,260,7.789875406407139,36.0,0.0327449142932891,-0.103656105697155,0.8808521628379822,127,4800
more_demos,milk,gripper_slip,1,400028,False,True,False,260,9.04774037063678,43.0,0.1945783793926239,-0.371798038482666,0.8378644585609436,127,4800
more_demos,milk,gripper_slip,2,400029,False,True,False,260,12.065635349335937,39.0,-0.0637392625212669,-0.1364496201276779,0.8808560967445374,127,4800
more_demos,milk,gripper_slip,3,400030,False,True,False,260,8.324723834792438,48.0,0.1390571147203445,-0.2155929654836654,0.8378592133522034,127,4800
more_demos,milk,gripper_slip,4,400031,False,True,False,260,10.23348253771356,40.0,0.0337968841195106,-0.1895204484462738,0.8808524012565613,127,4800
more_demos,milk,gripper_slip,5,400032,False,True,False,260,9.5489120970793,43.0,0.017246788367629,-0.3228335678577423,0.8379326462745667,127,4800
more_demos,milk,gripper_slip,6,400033,False,True,False,260,11.331099619406125,37.0,0.0909933447837829,-0.1167255938053131,0.8808557987213135,127,4800
more_demos,milk,gripper_slip,7,400034,False,True,False,260,5.7723503193392975,39.0,0.2090834528207779,-0.1342546790838241,0.8808557987213135,127,4800
recovery_bc,milk,nominal,0,400027,False,False,False,260,4.941212643250527,,0.0986039713025093,-0.1006397232413292,0.880852222442627,127,4800
recovery_bc,milk,nominal,1,400028,False,False,False,260,5.395578838448305,,0.1237226501107215,-0.2007330507040023,0.8808490037918091,127,4800
recovery_bc,milk,nominal,2,400029,False,False,False,260,4.668976642310124,,-0.0003719005035236,-0.1635213792324066,0.8808557391166687,127,4800
recovery_bc,milk,nominal,3,400030,True,False,False,154,47.40977449779701,,-0.0104589303955435,0.1266453117132187,0.8928427696228027,127,4800
recovery_bc,milk,nominal,4,400031,True,False,False,123,40.96524229190128,,-0.0142390159890055,0.1365385353565216,0.888522744178772,127,4800
recovery_bc,milk,nominal,5,400032,True,False,False,111,36.70047340833515,,-0.0137896314263343,0.1340754032135009,0.8963857293128967,127,4800
recovery_bc,milk,nominal,6,400033,True,False,False,102,36.60544946649791,,-0.0150030674412846,0.143088012933731,0.8903599977493286,127,4800
recovery_bc,milk,nominal,7,400034,False,False,False,260,5.303974157180545,,0.1756837218999862,-0.0880476459860801,0.880855917930603,127,4800
recovery_bc,milk,object_shift,0,400027,False,True,False,260,4.734298897473472,14.0,0.0088320942595601,-0.1057023704051971,0.8808525204658508,127,4800
recovery_bc,milk,object_shift,1,400028,True,True,True,109,31.56068141603667,14.0,-0.0364274755120277,0.2006550580263137,0.8982344269752502,127,4800
recovery_bc,milk,object_shift,2,400029,False,True,False,260,3.650812389483452,14.0,0.0180904828011989,-0.1069538071751594,0.8379336595535278,127,4800
recovery_bc,milk,object_shift,3,400030,False,True,False,260,5.393300551959627,14.0,0.2150182276964187,-0.108157180249691,0.8808535933494568,127,4800
recovery_bc,milk,object_shift,4,400031,False,True,False,260,5.120104402794678,14.0,0.0072300899773836,-0.1852687448263168,0.8808532953262329,127,4800
recovery_bc,milk,object_shift,5,400032,True,True,True,138,43.60443758101975,14.0,-0.0124305626377463,0.1458574831485748,0.8974543213844299,127,4800
recovery_bc,milk,object_shift,6,400033,False,True,False,260,5.161600758992059,14.0,0.111379936337471,-0.1000467464327812,0.880851149559021,127,4800
recovery_bc,milk,object_shift,7,400034,False,True,False,260,5.5203492890114125,14.0,0.2271744757890701,-0.1565403044223785,0.8808534145355225,127,4800
recovery_bc,milk,action_noise,0,400027,True,True,True,83,25.389309659615947,8.0,-0.0293273963034153,0.1336762756109237,0.8936267495155334,127,4800
recovery_bc,milk,action_noise,1,400028,True,True,True,99,32.240826404318355,8.0,-0.0301814600825309,0.1440872848033905,0.8919223546981812,127,4800
recovery_bc,milk,action_noise,2,400029,True,True,True,78,27.168706111394457,8.0,-0.0033272332511842,0.1192270889878273,0.8977944850921631,127,4800
recovery_bc,milk,action_noise,3,400030,True,True,True,103,32.45642042993746,8.0,-0.0047231940552592,0.1867828518152237,0.8951088190078735,127,4800
recovery_bc,milk,action_noise,4,400031,True,True,True,80,26.73794794079691,8.0,-0.0324606448411941,0.1284214854240417,0.8949228525161743,127,4800
recovery_bc,milk,action_noise,5,400032,True,True,True,69,22.57005905484448,8.0,-0.0204294007271528,0.1214015483856201,0.8898957371711731,127,4800
recovery_bc,milk,action_noise,6,400033,True,True,True,72,24.924670090598937,8.0,-0.0393840335309505,0.1453087627887725,0.8941066265106201,127,4800
recovery_bc,milk,action_noise,7,400034,True,True,True,104,22.787507849952505,8.0,0.0093873459845781,0.1106222346425056,0.894935131072998,127,4800
recovery_bc,milk,action_delay,0,400027,False,True,False,260,65.48552387661609,3.0,0.0840591117739677,0.4883851408958435,0.9373997449874878,127,4800
recovery_bc,milk,action_delay,1,400028,False,True,False,260,64.62286374034292,5.0,0.0391481854021549,0.287503033876419,0.98746520280838,127,4800
recovery_bc,milk,action_delay,2,400029,False,True,False,260,6.061556515980481,5.0,-0.0576327294111251,-0.1763725578784942,0.8829619884490967,127,4800
recovery_bc,milk,action_delay,3,400030,False,True,False,260,70.84290253958257,3.0,0.0583327859640121,0.4020756483078003,1.0287370681762695,127,4800
recovery_bc,milk,action_delay,4,400031,False,True,False,260,35.993852294208025,3.0,0.0573181770741939,-0.0967383310198783,0.8376473784446716,127,4800
recovery_bc,milk,action_delay,5,400032,True,True,True,173,55.93756965367333,3.0,0.050061784684658,0.239600732922554,0.8772386312484741,127,4800
recovery_bc,milk,action_delay,6,400033,False,True,False,260,58.38230770746708,5.0,0.1160574704408645,0.4562218487262726,0.923273503780365,127,4800
recovery_bc,milk,action_delay,7,400034,False,True,False,260,8.08595107062012,5.0,0.1757771223783493,-0.0880993381142616,0.8809364438056946,127,4800
recovery_bc,milk,gripper_slip,0,400027,False,False,False,260,4.941212643250527,,0.0986039713025093,-0.1006397232413292,0.880852222442627,127,4800
recovery_bc,milk,gripper_slip,1,400028,False,False,False,260,5.395578838448305,,0.1237226501107215,-0.2007330507040023,0.8808490037918091,127,4800
recovery_bc,milk,gripper_slip,2,400029,False,False,False,260,4.668976642310124,,-0.0003719005035236,-0.1635213792324066,0.8808557391166687,127,4800
recovery_bc,milk,gripper_slip,3,400030,False,True,False,260,31.32053773450393,114.0,0.2376851588487625,-0.1999782174825668,0.8808558583259583,127,4800
recovery_bc,milk,gripper_slip,4,400031,False,True,False,260,26.423744554998272,88.0,0.036295972764492,-0.1896654069423675,0.8808529376983643,127,4800
recovery_bc,milk,gripper_slip,5,400032,True,True,True,145,42.303322840757176,59.0,-0.0032568003516644,0.1418493092060089,0.8879082202911377,127,4800
recovery_bc,milk,gripper_slip,6,400033,False,True,False,260,23.57527672584249,70.0,0.0897958427667617,-0.1158901676535606,0.8808561563491821,127,4800
recovery_bc,milk,gripper_slip,7,400034,False,False,False,260,5.303974157180545,,0.1756837218999862,-0.0880476459860801,0.880855917930603,127,4800
contrastive_recovery,milk,nominal,0,400027,False,False,False,260,5.4861384539330915,,0.0986039713025093,-0.1006397232413292,0.880852222442627,127,4800
contrastive_recovery,milk,nominal,1,400028,True,False,False,129,41.798856211304035,,-0.0255213715136051,0.153978630900383,0.8989875316619873,127,4800
contrastive_recovery,milk,nominal,2,400029,False,False,False,260,4.941158093805739,,-0.0003719005035236,-0.1635213792324066,0.8808557391166687,127,4800
contrastive_recovery,milk,nominal,3,400030,True,False,False,127,40.15275367227971,,-0.0195680484175682,0.1405297070741653,0.8977504372596741,127,4800
contrastive_recovery,milk,nominal,4,400031,False,False,False,260,5.866041345012913,,0.087352842092514,-0.1927603632211685,0.8808562755584717,127,4800
contrastive_recovery,milk,nominal,5,400032,True,False,False,119,39.914449147704495,,-0.0172970499843359,0.1448838263750076,0.8981912136077881,127,4800
contrastive_recovery,milk,nominal,6,400033,False,False,False,260,5.178662041361056,,0.0346484221518039,-0.1461066752672195,0.8808593153953552,127,4800
contrastive_recovery,milk,nominal,7,400034,True,False,False,187,66.01110102920241,,-0.0461617670953273,0.195468470454216,0.8935506939888,127,4800
contrastive_recovery,milk,object_shift,0,400027,False,True,False,260,4.796698404463219,14.0,-0.0250960923731327,-0.1092215329408645,0.8687716126441956,127,4800
contrastive_recovery,milk,object_shift,1,400028,False,True,False,260,115.7849126498307,14.0,-0.0467445515096187,0.2253065556287765,0.9479077458381652,127,4800
contrastive_recovery,milk,object_shift,2,400029,False,True,False,260,3.731353989505531,14.0,0.0180904828011989,-0.1069538071751594,0.8379336595535278,127,4800
contrastive_recovery,milk,object_shift,3,400030,False,True,False,260,59.313008138240875,14.0,0.0296776182949543,0.3352155387401581,0.8722485303878784,127,4800
contrastive_recovery,milk,object_shift,4,400031,False,True,False,260,4.144168014273465,14.0,-0.0413326658308506,-0.185347631573677,0.8775901794433594,127,4800
contrastive_recovery,milk,object_shift,5,400032,False,True,False,260,43.55942638214175,14.0,0.0318269617855548,-0.0651864558458328,0.8779601454734802,127,4800
contrastive_recovery,milk,object_shift,6,400033,False,True,False,260,5.327460112299897,14.0,0.1949120163917541,-0.1003468036651611,0.8379326462745667,127,4800
contrastive_recovery,milk,object_shift,7,400034,True,True,True,114,34.325349359794295,14.0,-0.0289832726120948,0.2461388558149337,0.8890652656555176,127,4800
contrastive_recovery,milk,action_noise,0,400027,True,True,True,88,27.451488608422636,8.0,-0.0532318316400051,0.1657063066959381,0.8917405009269714,127,4800
contrastive_recovery,milk,action_noise,1,400028,True,True,True,98,33.16911887708999,8.0,-0.0363674648106098,0.17279152572155,0.890068531036377,127,4800
contrastive_recovery,milk,action_noise,2,400029,True,True,True,110,22.60587987710432,8.0,-0.0202947091311216,0.1456608772277832,0.8983018398284912,127,4800
contrastive_recovery,milk,action_noise,3,400030,False,True,False,260,4.851903990238765,8.0,0.2331924438476562,-0.2837780714035034,0.8728090524673462,127,4800
contrastive_recovery,milk,action_noise,4,400031,True,True,True,77,25.140094213572684,8.0,-0.0164533760398626,0.1187482550740242,0.8976672291755676,127,4800
contrastive_recovery,milk,action_noise,5,400032,True,True,True,66,20.896695706349153,8.0,-0.0185276251286268,0.1228839308023452,0.8980734348297119,127,4800
contrastive_recovery,milk,action_noise,6,400033,True,True,True,83,27.19653304071539,8.0,0.0020068797748535,0.1151862815022468,0.8698325753211975,127,4800
contrastive_recovery,milk,action_noise,7,400034,False,True,False,260,5.661321405463464,8.0,0.1751599013805389,-0.0866132006049156,0.8808573484420776,127,4800
contrastive_recovery,milk,action_delay,0,400027,False,True,False,260,52.65057223995205,3.0,0.1458458602428436,0.4363825917243957,0.8818434476852417,127,4800
contrastive_recovery,milk,action_delay,1,400028,False,True,False,260,46.05926172650288,5.0,0.0907524675130844,0.530346691608429,1.0389816761016846,127,4800
contrastive_recovery,milk,action_delay,2,400029,False,True,False,260,63.69767137587943,5.0,0.0003221336228307,0.562587559223175,0.917467474937439,127,4800
contrastive_recovery,milk,action_delay,3,400030,False,True,False,260,5.270427978159342,3.0,0.1769156455993652,-0.2837080061435699,0.8808587193489075,127,4800
contrastive_recovery,milk,action_delay,4,400031,False,True,False,260,30.034881045244425,3.0,0.0247781351208686,0.2285877168178558,1.0141057968139648,127,4800
contrastive_recovery,milk,action_delay,5,400032,True,True,True,122,36.693535968534746,3.0,0.058728389441967,0.2292910516262054,0.8910630941390991,127,4800
contrastive_recovery,milk,action_delay,6,400033,False,True,False,260,47.20500112773677,5.0,0.0320890210568904,0.517926037311554,1.0223616361618042,127,4800
contrastive_recovery,milk,action_delay,7,400034,False,True,False,260,6.636695208027579,5.0,0.2376209944486618,-0.0843790844082832,0.8752859830856323,127,4800
contrastive_recovery,milk,gripper_slip,0,400027,False,False,False,260,5.4861384539330915,,0.0986039713025093,-0.1006397232413292,0.880852222442627,127,4800
contrastive_recovery,milk,gripper_slip,1,400028,False,True,False,260,27.790380178798472,93.0,0.2248208671808242,-0.1981709897518158,0.8808609843254089,127,4800
contrastive_recovery,milk,gripper_slip,2,400029,False,False,False,260,4.941158093805739,,-0.0003719005035236,-0.1635213792324066,0.8808557391166687,127,4800
contrastive_recovery,milk,gripper_slip,3,400030,False,True,False,260,23.929659113224055,85.0,0.2396223545074463,-0.2193770706653595,0.8808520436286926,127,4800
contrastive_recovery,milk,gripper_slip,4,400031,False,False,False,260,5.866041345012913,,0.087352842092514,-0.1927603632211685,0.8808562755584717,127,4800
contrastive_recovery,milk,gripper_slip,5,400032,False,True,False,260,24.462581867732183,77.0,0.1620602756738662,-0.3535219728946686,0.8808562159538269,127,4800
contrastive_recovery,milk,gripper_slip,6,400033,False,False,False,260,5.178662041361056,,0.0346484221518039,-0.1461066752672195,0.8808593153953552,127,4800
contrastive_recovery,milk,gripper_slip,7,400034,False,True,False,260,31.928845049032574,113.0,0.2234533280134201,-0.1438793390989303,0.8808557987213135,127,4800
more_demos,bread,nominal,0,400027,True,False,False,118,44.10467725759228,,0.1914535909891128,0.1605259031057357,0.8421684503555298,127,4800
more_demos,bread,nominal,1,400028,True,False,False,132,45.293181988881905,,0.1780236959457397,0.1533925980329513,0.8421655893325806,127,4800
more_demos,bread,nominal,2,400029,True,False,False,111,42.30450558619856,,0.171322226524353,0.1560891717672348,0.8421643376350403,127,4800
more_demos,bread,nominal,3,400030,True,False,False,119,42.475369534819286,,0.1762741208076477,0.1553969234228134,0.8421738743782043,127,4800
more_demos,bread,nominal,4,400031,True,False,False,137,46.025470757418546,,0.1714358329772949,0.1505232006311416,0.8421919941902161,127,4800
more_demos,bread,nominal,5,400032,True,False,False,126,43.02857981957689,,0.1835388839244842,0.15677110850811,0.8421694040298462,127,4800
more_demos,bread,nominal,6,400033,True,False,False,129,44.81242832808197,,0.1826188266277313,0.1625209748744964,0.8421903252601624,127,4800
more_demos,bread,nominal,7,400034,True,False,False,113,41.36403454853344,,0.1851751655340194,0.1555789560079574,0.8421693444252014,127,4800
more_demos,bread,object_shift,0,400027,True,True,True,124,46.52452545659367,14.0,0.1812138706445694,0.1671058088541031,0.8421635031700134,127,4800
more_demos,bread,object_shift,1,400028,True,True,True,138,45.22818815293502,14.0,0.1729086637496948,0.1585280895233154,0.8421713709831238,127,4800
more_demos,bread,object_shift,2,400029,False,True,False,260,5.24197000953086,14.0,-0.0195728614926338,-0.1046431809663772,0.8421984314918518,127,4800
more_demos,bread,object_shift,3,400030,True,True,True,153,39.83562140414936,14.0,0.1742271780967712,0.1552073210477829,0.8421919345855713,127,4800
more_demos,bread,object_shift,4,400031,True,True,True,120,42.95613087909299,14.0,0.1785152107477188,0.1569509804248809,0.8421903252601624,127,4800
more_demos,bread,object_shift,5,400032,False,True,False,260,5.070143133939529,14.0,0.0110469497740268,-0.4316881597042084,0.8421713709831238,127,4800
more_demos,bread,object_shift,6,400033,True,True,True,125,42.9225602307862,14.0,0.1733970791101455,0.1551889032125473,0.8421949148178101,127,4800
more_demos,bread,object_shift,7,400034,True,True,True,130,45.74713278285437,14.0,0.1756588965654373,0.1555202007293701,0.8421643972396851,127,4800
more_demos,bread,action_noise,0,400027,True,True,True,108,36.095480256079504,8.0,0.1806968748569488,0.1119173839688301,0.8399806022644043,127,4800
more_demos,bread,action_noise,1,400028,True,True,True,131,43.45333808892336,8.0,0.1806706190109253,0.1319992989301681,0.8421630859375,127,4800
more_demos,bread,action_noise,2,400029,False,True,False,260,12.603869931871332,8.0,0.0990772396326065,-0.1212726905941963,0.8386285901069641,127,4800
more_demos,bread,action_noise,3,400030,False,True,False,260,5.839485361566158,8.0,0.1430417895317077,-0.1447056978940963,0.838615357875824,127,4800
more_demos,bread,action_noise,4,400031,True,True,True,111,36.502019639779625,8.0,0.1558220088481903,0.1347439885139465,0.8421655893325806,127,4800
more_demos,bread,action_noise,5,400032,True,True,True,122,42.43656505051275,8.0,0.1960706114768982,0.1595467925071716,0.8421962857246399,127,4800
more_demos,bread,action_noise,6,400033,True,True,True,116,37.72333946123102,8.0,0.2011504620313644,0.164660558104515,0.8438007235527039,127,4800
more_demos,bread,action_noise,7,400034,True,True,True,107,37.00612488335358,8.0,0.185242623090744,0.1983755379915237,0.8408612608909607,127,4800
more_demos,bread,action_delay,0,400027,False,True,False,260,56.914933307587944,3.0,0.2154246121644973,0.4524289965629577,0.8421919941902161,127,4800
more_demos,bread,action_delay,1,400028,False,True,False,260,5.354808884043939,5.0,0.1614773869514465,-0.3672541975975036,0.8421919345855713,127,4800
more_demos,bread,action_delay,2,400029,False,True,False,260,6.684577400354069,5.0,0.0743845477700233,-0.0933686792850494,0.8421880006790161,127,4800
more_demos,bread,action_delay,3,400030,False,True,False,260,46.950186583874405,3.0,0.1913172602653503,0.371500164270401,0.8884000182151794,127,4800
more_demos,bread,action_delay,4,400031,True,True,True,163,50.9468598761676,3.0,0.1970898956060409,0.2258823364973068,0.8421908617019653,127,4800
more_demos,bread,action_delay,5,400032,False,True,False,260,5.7059683245346,3.0,0.0479154326021671,-0.3759083151817322,0.8422163128852844,127,4800
more_demos,bread,action_delay,6,400033,False,True,False,260,7.566051666820774,5.0,-0.0252959188073873,-0.3606889843940735,0.8386346101760864,127,4800
more_demos,bread,action_delay,7,400034,False,True,False,260,6.305467121868646,5.0,0.078506238758564,-0.249369814991951,0.8421684503555298,127,4800
more_demos,bread,gripper_slip,0,400027,True,True,True,203,45.0427155493103,53.0,0.1783975958824157,0.1399721503257751,0.8421929478645325,127,4800
more_demos,bread,gripper_slip,1,400028,False,True,False,260,13.00210647135462,61.0,0.2234120517969131,-0.3501532673835754,0.8421919345855713,127,4800
more_demos,bread,gripper_slip,2,400029,False,True,False,260,17.248659155046298,59.0,0.0069632539525628,-0.0486787147819995,0.8421919345855713,127,4800
more_demos,bread,gripper_slip,3,400030,False,True,False,260,14.322492921900537,61.0,0.1698330342769622,-0.1177481338381767,0.8421964645385742,127,4800
more_demos,bread,gripper_slip,4,400031,False,True,False,260,17.4544342000602,75.0,0.1421288102865219,-0.1959903687238693,0.8386445045471191,127,4800
more_demos,bread,gripper_slip,5,400032,False,True,False,260,10.075234485980214,54.0,-0.0284987054765224,-0.4208343923091888,0.8421770930290222,127,4800
more_demos,bread,gripper_slip,6,400033,True,True,True,190,44.02251299322394,58.0,0.1767084449529647,0.1486180126667022,0.8421429991722107,127,4800
more_demos,bread,gripper_slip,7,400034,False,True,False,260,14.534291565205487,51.0,0.1054695174098014,-0.267922043800354,0.8386229276657104,127,4800
recovery_bc,bread,nominal,0,400027,True,False,False,127,48.01699525533335,,0.1939206719398498,0.1681270748376846,0.8422163724899292,127,4800
recovery_bc,bread,nominal,1,400028,True,False,False,146,50.7078511130782,,0.1769692450761795,0.165140688419342,0.8421684503555298,127,4800
recovery_bc,bread,nominal,2,400029,False,False,False,260,4.69782658301996,,0.0784150063991546,-0.0938248261809349,0.8421903252601624,127,4800
recovery_bc,bread,nominal,3,400030,True,False,False,141,50.54420377514471,,0.1804897040128708,0.1637972891330719,0.8421908617019653,127,4800
recovery_bc,bread,nominal,4,400031,True,False,False,147,50.206623660049374,,0.1762691587209701,0.1624607592821121,0.8421886563301086,127,4800
recovery_bc,bread,nominal,5,400032,True,False,False,138,49.135408391798705,,0.1889033764600753,0.1646270453929901,0.8421903252601624,127,4800
recovery_bc,bread,nominal,6,400033,True,False,False,144,50.91259699133591,,0.1934425681829452,0.1655085831880569,0.842166543006897,127,4800
recovery_bc,bread,nominal,7,400034,True,False,False,125,46.5751611349109,,0.1842061430215835,0.1639789044857025,0.8421645760536194,127,4800
recovery_bc,bread,object_shift,0,400027,True,True,True,128,48.25835560971374,14.0,0.1918699592351913,0.1663411408662796,0.8422145247459412,127,4800
recovery_bc,bread,object_shift,1,400028,True,True,True,148,49.14574352295127,14.0,0.1747231930494308,0.1749244034290313,0.8421908617019653,127,4800
recovery_bc,bread,object_shift,2,400029,False,True,False,260,43.83338562270682,14.0,0.0479602068662643,-0.0557453744113445,0.8422009348869324,127,4800
recovery_bc,bread,object_shift,3,400030,False,True,False,260,10.461765645640828,14.0,0.1856027841567993,-0.1044695153832435,0.8422116637229919,127,4800
recovery_bc,bread,object_shift,4,400031,True,True,True,137,49.99427123979158,14.0,0.1790478527545929,0.1657496243715286,0.8422006368637085,127,4800
recovery_bc,bread,object_shift,5,400032,False,True,False,260,5.809306873438652,14.0,0.0024812037590891,-0.4299820363521576,0.8099642992019653,127,4800
recovery_bc,bread,object_shift,6,400033,False,True,False,260,4.665946410626909,14.0,0.0618735812604427,-0.3083440959453583,0.8421645760536194,127,4800
recovery_bc,bread,object_shift,7,400034,True,True,True,139,48.82691191982843,14.0,0.18039271235466,0.1633471995592117,0.8422021865844727,127,4800
recovery_bc,bread,action_noise,0,400027,True,True,True,119,42.32533031196627,8.0,0.1773160547018051,0.1353840976953506,0.842180609703064,127,4800
recovery_bc,bread,action_noise,1,400028,True,True,True,133,44.83193273931463,8.0,0.1875865161418914,0.1434148401021957,0.8421929478645325,127,4800
recovery_bc,bread,action_noise,2,400029,True,True,True,100,27.354696456582783,8.0,0.1962640732526779,0.1355267912149429,0.8404887914657593,127,4800
recovery_bc,bread,action_noise,3,400030,True,True,True,87,26.928293998923753,8.0,0.2255726456642151,0.1348163485527038,0.8438289761543274,127,4800
recovery_bc,bread,action_noise,4,400031,True,True,True,176,44.5185316237196,8.0,0.2068336308002472,0.1386253088712692,0.8422122001647949,127,4800
recovery_bc,bread,action_noise,5,400032,True,True,True,139,46.49903197457531,8.0,0.1988799721002578,0.1265278756618499,0.8421430587768555,127,4800
recovery_bc,bread,action_noise,6,400033,True,True,True,139,47.678444806455715,8.0,0.1827835291624069,0.1344714909791946,0.8421661853790283,127,4800
recovery_bc,bread,action_noise,7,400034,True,True,True,117,42.22685547762783,8.0,0.1893906742334365,0.1524917036294937,0.842170000076294,127,4800
recovery_bc,bread,action_delay,0,400027,False,True,False,260,76.45385973326816,3.0,0.1456548124551773,0.47945636510849,0.8421684503555298,127,4800
recovery_bc,bread,action_delay,1,400028,False,True,False,260,7.102907888345608,5.0,0.1655959337949752,-0.4205470979213714,0.8441275358200073,127,4800
recovery_bc,bread,action_delay,2,400029,False,True,False,260,10.660961185325,5.0,0.0784150063991546,-0.0938248261809349,0.8421903252601624,127,4800
recovery_bc,bread,action_delay,3,400030,False,True,False,260,55.36211818877532,3.0,0.1741728037595749,0.35129514336586,0.8421684503555298,127,4800
recovery_bc,bread,action_delay,4,400031,False,True,False,260,65.37476448511417,3.0,0.2102396786212921,0.3360895216464996,0.8425663709640503,127,4800
recovery_bc,bread,action_delay,5,400032,True,True,True,167,53.74649879455161,3.0,0.2256213724613189,0.1815269291400909,0.844048798084259,127,4800
recovery_bc,bread,action_delay,6,400033,False,True,False,260,8.272107652952283,5.0,-0.0551990717649459,-0.3418510854244232,0.8418870568275452,127,4800
recovery_bc,bread,action_delay,7,400034,False,True,False,260,10.552166066776628,5.0,0.2390187829732895,-0.146630510687828,0.838620126247406,127,4800
recovery_bc,bread,gripper_slip,0,400027,True,True,True,158,49.8084598222757,59.0,0.1976806670427322,0.1461351960897445,0.8421844840049744,127,4800
recovery_bc,bread,gripper_slip,1,400028,True,True,True,189,62.00455834781439,73.0,0.1781532168388366,0.1626994460821151,0.8421631455421448,127,4800
recovery_bc,bread,gripper_slip,2,400029,False,False,False,260,4.69782658301996,,0.0784150063991546,-0.0938248261809349,0.8421903252601624,127,4800
recovery_bc,bread,gripper_slip,3,400030,False,True,False,260,21.475110049519767,84.0,0.1590420007705688,-0.0756480768322944,0.8421919941902161,127,4800
recovery_bc,bread,gripper_slip,4,400031,False,True,False,260,78.96551517297439,85.0,0.2183065861463546,0.1619454622268676,0.8422356247901917,127,4800
recovery_bc,bread,gripper_slip,5,400032,False,True,False,260,14.80500177507625,62.0,-0.0155998850241303,-0.4078628718852997,0.8514657616615295,127,4800
recovery_bc,bread,gripper_slip,6,400033,True,True,True,221,68.55605369260056,70.0,0.1893946081399917,0.1649388968944549,0.8422026634216309,127,4800
recovery_bc,bread,gripper_slip,7,400034,False,True,False,260,15.643557918507366,61.0,0.1063785627484321,-0.2791946530342102,0.8422163128852844,127,4800
contrastive_recovery,bread,nominal,0,400027,False,False,False,260,111.5434220033176,,0.2436118125915527,0.1584088057279586,0.8425020575523376,127,4800
contrastive_recovery,bread,nominal,1,400028,True,False,False,226,102.09235587140888,,0.1985433548688888,0.1714531034231186,0.8474112749099731,127,4800
contrastive_recovery,bread,nominal,2,400029,False,False,False,260,4.869217071343247,,0.0784150063991546,-0.0938248261809349,0.8421903252601624,127,4800
contrastive_recovery,bread,nominal,3,400030,False,False,False,260,112.49617558283116,,0.1945927888154983,0.186222106218338,0.8383368849754333,127,4800
contrastive_recovery,bread,nominal,4,400031,True,False,False,144,49.70462274382466,,0.1692057400941848,0.160291850566864,0.8421811461448669,127,4800
contrastive_recovery,bread,nominal,5,400032,False,False,False,260,109.42454527861236,,0.2094060778617859,0.1581108421087265,0.8408474326133728,127,4800
contrastive_recovery,bread,nominal,6,400033,False,False,False,260,102.00462253524806,,0.2462405562400818,0.1529972553253173,0.8425464630126953,127,4800
contrastive_recovery,bread,nominal,7,400034,False,False,False,260,111.79391758595492,,0.1934570074081421,0.1708571761846542,0.8384745121002197,127,4800
contrastive_recovery,bread,object_shift,0,400027,True,True,True,209,79.6086343629978,14.0,0.2266451269388198,0.1444006562232971,0.8433447480201721,127,4800
contrastive_recovery,bread,object_shift,1,400028,True,True,True,134,43.04512338593253,14.0,0.1590712666511535,0.1815304160118103,0.8421891331672668,127,4800
contrastive_recovery,bread,object_shift,2,400029,False,True,False,260,2.9906976403447194,14.0,-0.0101149221882224,-0.0999369993805885,0.8421643376350403,127,4800
contrastive_recovery,bread,object_shift,3,400030,False,True,False,260,9.151976595782967,14.0,0.1912832856178283,-0.0960578098893165,0.8421919941902161,127,4800
contrastive_recovery,bread,object_shift,4,400031,False,True,False,260,124.674214112634,14.0,0.2588317692279815,0.1819508671760559,0.837177038192749,127,4800
contrastive_recovery,bread,object_shift,5,400032,False,True,False,260,5.338031937553327,14.0,-0.0088457679376006,-0.4166420102119446,0.8422084450721741,127,4800
contrastive_recovery,bread,object_shift,6,400033,False,True,False,260,4.728757459858255,14.0,0.0618735812604427,-0.3083440959453583,0.8421645760536194,127,4800
contrastive_recovery,bread,object_shift,7,400034,True,True,True,225,79.94514223526795,14.0,0.1730894297361374,0.1835509538650512,0.8421699404716492,127,4800
contrastive_recovery,bread,action_noise,0,400027,True,True,True,194,72.4099265476723,8.0,0.18392975628376,0.1331247091293335,0.8449212908744812,127,4800
contrastive_recovery,bread,action_noise,1,400028,True,True,True,132,42.18810668351772,8.0,0.1784599423408508,0.1317378431558609,0.8421748876571655,127,4800
contrastive_recovery,bread,action_noise,2,400029,True,True,True,107,32.51623289624374,8.0,0.200194850564003,0.1260036826133728,0.8421972990036011,127,4800
contrastive_recovery,bread,action_noise,3,400030,True,True,True,95,31.051523592947554,8.0,0.2045040428638458,0.1986396461725235,0.8531785011291504,127,4800
contrastive_recovery,bread,action_noise,4,400031,True,True,True,216,65.62366243122416,8.0,0.1897015869617462,0.1498010009527206,0.8501531481742859,127,4800
contrastive_recovery,bread,action_noise,5,400032,True,True,True,149,51.40434955051386,8.0,0.2020180821418762,0.1352651864290237,0.8421949148178101,127,4800
contrastive_recovery,bread,action_noise,6,400033,False,True,False,260,106.20673107744982,8.0,0.10150608420372,0.1439608931541443,0.9226305484771729,127,4800
contrastive_recovery,bread,action_noise,7,400034,True,True,True,121,44.46887222092139,8.0,0.1837951093912124,0.1568561792373657,0.8421720862388611,127,4800
contrastive_recovery,bread,action_delay,0,400027,True,True,True,227,73.75003065501059,3.0,0.2070730179548263,0.2140555381774902,0.8421919941902161,127,4800
contrastive_recovery,bread,action_delay,1,400028,False,True,False,260,4.713519462100283,5.0,0.1333492845296859,-0.3342092931270599,0.842522144317627,127,4800
contrastive_recovery,bread,action_delay,2,400029,False,True,False,260,32.35383551514458,5.0,0.1804979592561721,0.2672935128211975,0.9477657079696656,127,4800
contrastive_recovery,bread,action_delay,3,400030,False,True,False,260,52.71329354790838,3.0,0.152905061841011,0.441053032875061,0.8421908617019653,127,4800
contrastive_recovery,bread,action_delay,4,400031,True,True,True,253,96.97133112995893,3.0,0.1580444723367691,0.2250575870275497,0.8421699404716492,127,4800
contrastive_recovery,bread,action_delay,5,400032,False,True,False,260,14.65487558955856,3.0,-0.0161618944257497,-0.3937114775180816,0.8425475358963013,127,4800
contrastive_recovery,bread,action_delay,6,400033,False,True,False,260,71.93154600010351,5.0,0.1123454868793487,0.4767922759056091,0.9320382475852966,127,4800
contrastive_recovery,bread,action_delay,7,400034,False,True,False,260,7.173224932337824,5.0,0.226550355553627,-0.2548853754997253,0.8421903252601624,127,4800
contrastive_recovery,bread,gripper_slip,0,400027,False,True,False,260,38.62111638291659,131.0,-0.0253787990659475,-0.2732950747013092,0.8421919941902161,127,4800
contrastive_recovery,bread,gripper_slip,1,400028,True,True,True,247,82.9385557867876,72.0,0.1705771088600158,0.1916726976633072,0.8421903252601624,127,4800
contrastive_recovery,bread,gripper_slip,2,400029,False,False,False,260,4.869217071343247,,0.0784150063991546,-0.0938248261809349,0.8421903252601624,127,4800
contrastive_recovery,bread,gripper_slip,3,400030,False,True,False,260,36.87497025406145,130.0,0.1377653777599334,-0.131026953458786,0.8421670198440552,127,4800
contrastive_recovery,bread,gripper_slip,4,400031,True,True,True,216,68.50726291711426,62.0,0.1694502383470535,0.187615305185318,0.8421998620033264,127,4800
contrastive_recovery,bread,gripper_slip,5,400032,False,True,False,260,34.96491168654119,131.0,-0.0634940564632415,-0.429726243019104,0.8421655893325806,127,4800
contrastive_recovery,bread,gripper_slip,6,400033,False,True,False,260,39.68979605654929,143.0,0.0013991508167237,-0.3410519361495971,0.8421919345855713,127,4800
contrastive_recovery,bread,gripper_slip,7,400034,False,True,False,260,40.305216433309646,136.0,0.0755359679460525,-0.3347598612308502,0.8421699404716492,127,4800
more_demos,cereal,nominal,0,400027,True,False,False,109,39.90071842286608,,-0.0204286780208349,0.3956665098667145,0.8960325717926025,127,4800
more_demos,cereal,nominal,1,400028,True,False,False,114,37.39116918069684,,-0.017151778563857,0.4038799703121185,0.8983325958251953,127,4800
more_demos,cereal,nominal,2,400029,True,False,False,129,43.037057093334546,,-0.0314543396234512,0.3636031448841095,0.8966529369354248,127,4800
more_demos,cereal,nominal,3,400030,True,False,False,109,39.85953470507607,,-0.0188972540199756,0.3962254226207733,0.8962401747703552,127,4800
more_demos,cereal,nominal,4,400031,True,False,False,114,42.11212942356629,,-0.0157711300998926,0.3949109315872192,0.8971698880195618,127,4800
more_demos,cereal,nominal,5,400032,True,False,False,122,39.7890776579974,,-0.0302598867565393,0.389674037694931,0.8995166420936584,127,4800
more_demos,cereal,nominal,6,400033,True,False,False,110,38.061482935158075,,-0.0174332037568092,0.4031991958618164,0.8956449031829834,127,4800
more_demos,cereal,nominal,7,400034,True,False,False,113,37.114268643755224,,-0.0173770003020763,0.4047653675079345,0.899645209312439,127,4800
more_demos,cereal,object_shift,0,400027,True,True,True,133,13.123533677517518,14.0,0.0277801230549812,0.4102130830287933,0.8922470211982727,127,4800
more_demos,cereal,object_shift,1,400028,True,True,True,122,38.380066754626135,14.0,-0.0307782310992479,0.3687614500522613,0.894400417804718,127,4800
more_demos,cereal,object_shift,2,400029,True,True,True,120,41.94052914777791,14.0,-0.0381241850554943,0.3670138716697693,0.8982635736465454,127,4800
more_demos,cereal,object_shift,3,400030,False,True,False,260,1.4465181591787362,14.0,0.1462744921445846,-0.1395967453718185,0.8946322202682495,127,4800
more_demos,cereal,object_shift,4,400031,False,True,False,260,126.26276440890958,14.0,0.0058982819318771,0.4332896173000335,0.903838276863098,127,4800
more_demos,cereal,object_shift,5,400032,True,True,True,130,40.822221082922624,14.0,-0.031730517745018,0.3866275250911712,0.9000024199485779,127,4800
more_demos,cereal,object_shift,6,400033,True,True,True,111,34.57765051853059,14.0,-0.0197818260639905,0.4007487893104553,0.8997697830200195,127,4800
more_demos,cereal,object_shift,7,400034,True,True,True,126,39.770332309694965,14.0,-0.0314398258924484,0.4002658426761627,0.896814227104187,127,4800
more_demos,cereal,action_noise,0,400027,True,True,True,109,39.47395627004367,8.0,-0.0170349143445491,0.3836485147476196,0.8947424292564392,127,4800
more_demos,cereal,action_noise,1,400028,True,True,True,111,36.65707314750804,8.0,-0.0380191020667552,0.3721748888492584,0.8965125679969788,127,4800
more_demos,cereal,action_noise,2,400029,True,True,True,131,41.340782276537645,8.0,-0.0233558043837547,0.3520789444446563,0.8973522186279297,127,4800
more_demos,cereal,action_noise,3,400030,True,True,True,109,39.64401528101823,8.0,0.0031007691286504,0.3861371278762817,0.8994711637496948,127,4800
more_demos,cereal,action_noise,4,400031,True,True,True,117,42.38076225072691,8.0,-0.0394549891352653,0.367874801158905,0.894247829914093,127,4800
more_demos,cereal,action_noise,5,400032,True,True,True,121,40.27807608002532,8.0,-0.0037245710846036,0.3585590124130249,0.8959294557571411,127,4800
more_demos,cereal,action_noise,6,400033,True,True,True,102,33.23980676018768,8.0,-0.0058002998121082,0.3708776533603668,0.8984551429748535,127,4800
more_demos,cereal,action_noise,7,400034,True,True,True,124,39.6289620132887,8.0,0.0067163296043872,0.3336715996265411,0.8945954442024231,127,4800
more_demos,cereal,action_delay,0,400027,False,True,False,260,0.29999863795826,3.0,0.0960095450282096,-0.2253081649541854,0.8946301937103271,127,4800
more_demos,cereal,action_delay,1,400028,False,True,False,260,1.118832593711064,5.0,0.1885713636875152,-0.2518195807933807,0.8946278691291809,127,4800
more_demos,cereal,action_delay,2,400029,False,True,False,260,1.5555193401229752,5.0,0.1226737275719642,-0.2967723309993744,0.8307322263717651,127,4800
more_demos,cereal,action_delay,3,400030,False,True,False,260,0.3001331774359366,3.0,0.0910638719797134,-0.2286857664585113,0.8946301937103271,127,4800
more_demos,cereal,action_delay,4,400031,True,True,True,129,43.72097884038944,3.0,-0.0208118390291929,0.4154940843582153,0.8946553468704224,127,4800
more_demos,cereal,action_delay,5,400032,False,True,False,260,0.7257451223354154,3.0,0.1892033368349075,-0.3372191488742828,0.8946301937103271,127,4800
more_demos,cereal,action_delay,6,400033,False,True,False,260,1.049338222950556,5.0,0.1494414359331131,-0.2244300544261932,0.8946301937103271,127,4800
more_demos,cereal,action_delay,7,400034,False,True,False,260,1.0317893635712507,5.0,0.1857845038175583,-0.2493664324283599,0.8946370482444763,127,4800
more_demos,cereal,gripper_slip,0,400027,False,True,False,260,8.134112252390029,45.0,0.0274050142616033,-0.1417305171489715,0.8307271003723145,127,4800
more_demos,cereal,gripper_slip,1,400028,False,True,False,260,5.804344004588607,50.0,0.2382786571979522,-0.2452168464660644,0.8946340680122375,127,4800
more_demos,cereal,gripper_slip,2,400029,False,True,False,260,5.5992196813401245,52.0,0.0590123832225799,-0.3489805161952972,0.8946361541748047,127,4800
more_demos,cereal,gripper_slip,3,400030,False,True,False,260,7.571900089735339,45.0,0.1294773519039154,-0.1666712462902069,0.8946348428726196,127,4800
more_demos,cereal,gripper_slip,4,400031,False,True,False,260,8.125566924933093,47.0,-0.0152437835931777,-0.2751585245132446,0.8946330547332764,127,4800
more_demos,cereal,gripper_slip,5,400032,False,True,False,260,6.68312522688596,53.0,0.1881003081798553,-0.4071049690246582,0.8946302533149719,127,4800
more_demos,cereal,gripper_slip,6,400033,False,True,False,260,5.957872780024156,46.0,0.2033306062221527,-0.1954779326915741,0.8946307897567749,127,4800
more_demos,cereal,gripper_slip,7,400034,False,True,False,260,4.99734893097069,49.0,0.2206864207983017,-0.305920660495758,0.8946292996406555,127,4800
recovery_bc,cereal,nominal,0,400027,True,False,False,118,43.887271953382,,-0.018208859488368,0.4122483432292938,0.8961955904960632,127,4800
recovery_bc,cereal,nominal,1,400028,True,False,False,162,56.3742862674223,,-0.0305171869695186,0.4181563556194305,0.8982483744621277,127,4800
recovery_bc,cereal,nominal,2,400029,False,False,False,260,77.1305265445516,,0.2386058866977691,-0.4760052561759949,0.9102445840835572,127,4800
recovery_bc,cereal,nominal,3,400030,True,False,False,118,43.93795665769774,,-0.0155287133529782,0.4118228554725647,0.8964287042617798,127,4800
recovery_bc,cereal,nominal,4,400031,True,False,False,120,44.68164574426271,,-0.0139134526252746,0.4105712175369262,0.8966475129127502,127,4800
recovery_bc,cereal,nominal,5,400032,False,False,False,260,87.07135079629457,,-0.3528448939323425,0.7905458211898804,0.917408525943756,127,4800
recovery_bc,cereal,nominal,6,400033,True,False,False,128,45.21598608166902,,-0.0223148223012685,0.4130401015281677,0.8956959843635559,127,4800
recovery_bc,cereal,nominal,7,400034,True,False,False,162,56.82435151364557,,-0.0369779877364635,0.4191916584968567,0.895158052444458,127,4800
recovery_bc,cereal,object_shift,0,400027,True,True,True,148,50.87111323527374,14.0,-0.0016310242936015,0.4254598617553711,0.8938122987747192,127,4800
recovery_bc,cereal,object_shift,1,400028,True,True,True,170,56.802304437755176,14.0,-0.0324786491692066,0.4154757261276245,0.8979243040084839,127,4800
recovery_bc,cereal,object_shift,2,400029,True,True,True,130,47.174594601269646,14.0,-0.0229014586657285,0.4121046364307403,0.8970555067062378,127,4800
recovery_bc,cereal,object_shift,3,400030,True,True,True,119,40.66068005479609,14.0,-0.019711997359991,0.4147112965583801,0.8994990587234497,127,4800
recovery_bc,cereal,object_shift,4,400031,False,True,False,260,81.67242912567889,14.0,-0.0622281543910503,0.5546826720237732,0.0149751584976911,127,4800
recovery_bc,cereal,object_shift,5,400032,False,True,False,260,76.16041957307925,14.0,0.238061785697937,-0.476096510887146,0.9217074513435364,127,4800
recovery_bc,cereal,object_shift,6,400033,True,True,True,147,48.47219663452076,14.0,-0.0268486011773347,0.4125494062900543,0.8955383896827698,127,4800
recovery_bc,cereal,object_shift,7,400034,True,True,True,184,64.10702965247219,14.0,-0.0005228762165643,0.4485780596733093,0.899296224117279,127,4800
recovery_bc,cereal,action_noise,0,400027,True,True,True,111,40.64303618351889,8.0,-0.0369311682879924,0.3848150074481964,0.893266499042511,127,4800
recovery_bc,cereal,action_noise,1,400028,True,True,True,127,42.84093887405574,8.0,-0.0095114409923553,0.3554686903953552,0.8986092209815979,127,4800
recovery_bc,cereal,action_noise,2,400029,True,True,True,132,43.125070209232504,8.0,-0.0205218456685543,0.3544471263885498,0.8995326161384583,127,4800
recovery_bc,cereal,action_noise,3,400030,True,True,True,120,43.52423354311391,8.0,-0.0205202307552099,0.3615726232528686,0.895654022693634,127,4800
recovery_bc,cereal,action_noise,4,400031,True,True,True,117,41.914660198356366,8.0,-0.0285647213459014,0.380483865737915,0.8928897976875305,127,4800
recovery_bc,cereal,action_noise,5,400032,True,True,True,144,49.57445256322894,8.0,0.0011047277366742,0.3865770697593689,0.8952421545982361,127,4800
recovery_bc,cereal,action_noise,6,400033,True,True,True,117,41.72151197974118,8.0,0.0048940922133624,0.3952758610248565,0.8949549198150635,127,4800
recovery_bc,cereal,action_noise,7,400034,True,True,True,127,42.409100050207904,8.0,-0.0027477473486214,0.3744558095932007,0.8951717615127563,127,4800
recovery_bc,cereal,action_delay,0,400027,True,True,True,139,46.33000536256394,3.0,0.0030049767810851,0.5052720308303833,0.8968920707702637,127,4800
recovery_bc,cereal,action_delay,1,400028,False,True,False,260,58.61250164123079,5.0,0.1238873675465583,0.685390055179596,0.0149671733379364,127,4800
recovery_bc,cereal,action_delay,2,400029,False,True,False,260,81.21620430106378,5.0,-0.3568828403949737,0.8606985807418823,1.0346184968948364,127,4800
recovery_bc,cereal,action_delay,3,400030,True,True,True,139,46.30419195486437,3.0,0.0013613374903798,0.5044830441474915,0.8971678018569946,127,4800
recovery_bc,cereal,action_delay,4,400031,True,True,True,140,47.29549369308991,3.0,-0.0090183587744832,0.4796379506587982,0.8958465456962585,127,4800
recovery_bc,cereal,action_delay,5,400032,False,True,False,260,79.64241836410987,3.0,-0.3619905412197113,0.8241770267486572,0.961528480052948,127,4800
recovery_bc,cereal,action_delay,6,400033,False,True,False,260,53.32455038372904,5.0,-0.0320636518299579,0.7719404697418213,0.0149751519784331,127,4800
recovery_bc,cereal,action_delay,7,400034,False,True,False,260,4.796431103700027,5.0,0.2088632434606552,-0.3554310202598572,0.8308206796646118,127,4800
recovery_bc,cereal,gripper_slip,0,400027,True,True,True,152,48.16773566325422,53.0,-0.0045528043992817,0.4026961624622345,0.8979089260101318,127,4800
recovery_bc,cereal,gripper_slip,1,400028,True,True,True,186,56.5653374853172,88.0,-0.0213232077658176,0.3886899650096893,0.8959211707115173,127,4800
recovery_bc,cereal,gripper_slip,2,400029,False,False,False,260,77.1305265445516,,0.2386058866977691,-0.4760052561759949,0.9102445840835572,127,4800
recovery_bc,cereal,gripper_slip,3,400030,True,True,True,142,44.080537467495795,53.0,-0.0224252883344888,0.4037552177906036,0.8961004614830017,127,4800
recovery_bc,cereal,gripper_slip,4,400031,True,True,True,168,52.45441532807931,52.0,0.0111220590770244,0.3757768869400024,0.8966166973114014,127,4800
recovery_bc,cereal,gripper_slip,5,400032,False,True,False,260,26.757629529104396,121.0,0.2145470529794693,-0.4259624183177948,0.8946303725242615,127,4800
recovery_bc,cereal,gripper_slip,6,400033,True,True,True,145,41.21525182279142,63.0,-0.0253874212503433,0.3829264640808105,0.9001719951629639,127,4800
recovery_bc,cereal,gripper_slip,7,400034,True,True,True,190,58.8455710429159,88.0,-0.031890582293272,0.4049699902534485,0.8953593969345093,127,4800
contrastive_recovery,cereal,nominal,0,400027,True,False,False,149,55.19986800250381,,-0.0282081700861454,0.4266709685325622,0.899672269821167,127,4800
contrastive_recovery,cereal,nominal,1,400028,True,False,False,148,50.02062695549072,,-0.0369227901101112,0.4350694119930267,0.8933687806129456,127,4800
contrastive_recovery,cereal,nominal,2,400029,True,False,False,162,55.62332119651642,,-0.0323175489902496,0.4221155047416687,0.8986437916755676,127,4800
contrastive_recovery,cereal,nominal,3,400030,True,False,False,151,56.21395938772705,,-0.020574577152729,0.4222777485847473,0.8950455188751221,127,4800
contrastive_recovery,cereal,nominal,4,400031,True,False,False,169,61.36406317220681,,-0.0288751292973756,0.4064628779888153,0.8912315964698792,127,4800
contrastive_recovery,cereal,nominal,5,400032,False,False,False,260,115.47210992344446,,-0.0001070148209691,0.4959110021591186,0.9038546681404114,127,4800
contrastive_recovery,cereal,nominal,6,400033,True,False,False,160,55.36862745237045,,-0.0262634195387363,0.4154906570911407,0.8997349739074707,127,4800
contrastive_recovery,cereal,nominal,7,400034,True,False,False,148,50.11016288220792,,-0.0318455100059509,0.4323222935199737,0.8937851786613464,127,4800
contrastive_recovery,cereal,object_shift,0,400027,True,True,True,164,57.785734019244565,14.0,-0.0377002544701099,0.3774012923240661,0.8984941840171814,127,4800
contrastive_recovery,cereal,object_shift,1,400028,False,True,False,260,111.93159300849204,14.0,-2.856111495930236e-05,0.5027886629104614,0.9040693640708924,127,4800
contrastive_recovery,cereal,object_shift,2,400029,True,True,True,182,65.66762241617168,14.0,-0.02362254075706,0.4109069406986236,0.8931883573532104,127,4800
contrastive_recovery,cereal,object_shift,3,400030,True,True,True,172,50.48390947001423,14.0,-0.0065412675030529,0.3967713713645935,0.8962651491165161,127,4800
contrastive_recovery,cereal,object_shift,4,400031,True,True,True,211,78.0920712456958,14.0,0.0009621094795875,0.4202765226364136,0.8996083736419678,127,4800
contrastive_recovery,cereal,object_shift,5,400032,False,True,False,260,75.92692520586866,14.0,-0.2856505215167999,0.8522305488586426,0.7807605266571045,127,4800
contrastive_recovery,cereal,object_shift,6,400033,True,True,True,140,46.80569673769161,14.0,0.0019268413307145,0.4669847190380096,0.8964888453483582,127,4800
contrastive_recovery,cereal,object_shift,7,400034,False,True,False,260,50.49312992366523,14.0,-0.1708468645811081,0.6633849740028381,0.014967150054872,127,4800
contrastive_recovery,cereal,action_noise,0,400027,True,True,True,151,51.932262418036835,8.0,-0.0226720534265041,0.3646057546138763,0.8953022956848145,127,4800
contrastive_recovery,cereal,action_noise,1,400028,False,True,False,260,7.343541331693848,8.0,0.1699922829866409,-0.1752502173185348,0.830751359462738,127,4800
contrastive_recovery,cereal,action_noise,2,400029,True,True,True,140,48.251386557345874,8.0,-0.0153717612847685,0.4040391445159912,0.898230254650116,127,4800
contrastive_recovery,cereal,action_noise,3,400030,True,True,True,112,38.44274931703769,8.0,-0.0146020781248807,0.3348923027515411,0.8992521166801453,127,4800
contrastive_recovery,cereal,action_noise,4,400031,True,True,True,118,41.937675341707546,8.0,-0.0369103699922561,0.3658308982849121,0.8922392725944519,127,4800
contrastive_recovery,cereal,action_noise,5,400032,True,True,True,151,49.88051030830667,8.0,0.0094520291313529,0.3716411292552948,0.8958349823951721,127,4800
contrastive_recovery,cereal,action_noise,6,400033,True,True,True,150,49.37756539738925,8.0,-0.0364112816751003,0.3952530920505523,0.8992268443107605,127,4800
contrastive_recovery,cereal,action_noise,7,400034,True,True,True,128,43.66273020948693,8.0,-0.0150714525952935,0.3895528018474579,0.8939683437347412,127,4800
contrastive_recovery,cereal,action_delay,0,400027,False,True,False,260,47.12773326749021,3.0,-0.076723538339138,0.6315509080886841,0.0149751594290137,127,4800
contrastive_recovery,cereal,action_delay,1,400028,False,True,False,260,3.2146735003315423,5.0,0.1930756121873855,-0.3512028455734253,0.830762505531311,127,4800
contrastive_recovery,cereal,action_delay,2,400029,False,True,False,260,74.30744647743343,5.0,-0.2417246252298355,0.8520248532295227,1.206629753112793,127,4800
contrastive_recovery,cereal,action_delay,3,400030,False,True,False,260,4.625604737194886,3.0,0.0146828666329383,-0.111634686589241,0.8307895660400391,127,4800
contrastive_recovery,cereal,action_delay,4,400031,False,True,False,260,17.196634209075228,3.0,0.1188328117132186,-0.2514374852180481,0.8307484984397888,127,4800
contrastive_recovery,cereal,action_delay,5,400032,False,True,False,260,5.256850043485568,3.0,0.193878173828125,-0.410568505525589,0.8307660818099976,127,4800
contrastive_recovery,cereal,action_delay,6,400033,False,True,False,260,4.5083156174274155,5.0,0.1397208571434021,-0.1555578857660293,0.830747663974762,127,4800
contrastive_recovery,cereal,action_delay,7,400034,False,True,False,260,4.170173328140487,5.0,0.1825119853019714,-0.1422514021396637,0.8307316899299622,127,4800
contrastive_recovery,cereal,gripper_slip,0,400027,False,True,False,260,24.14074189146924,82.0,0.0952814072370529,-0.1404945701360702,0.8307886123657227,127,4800
contrastive_recovery,cereal,gripper_slip,1,400028,False,True,False,260,17.884216892515898,79.0,0.235066145658493,-0.2544892728328705,0.8946309089660645,127,4800
contrastive_recovery,cereal,gripper_slip,2,400029,False,True,False,260,19.891959350470977,82.0,0.0443997681140899,-0.2749021649360657,0.8307510614395142,127,4800
contrastive_recovery,cereal,gripper_slip,3,400030,False,True,False,260,24.694845218676043,83.0,0.1793620437383651,-0.1877740770578384,0.894637942314148,127,4800
contrastive_recovery,cereal,gripper_slip,4,400031,False,True,False,260,27.414696481536364,97.0,0.1158675476908683,-0.3198736906051636,0.894631028175354,127,4800
contrastive_recovery,cereal,gripper_slip,5,400032,False,True,False,260,86.96925595876262,62.0,-0.8211092352867126,0.7674598097801208,0.9118024706840516,127,4800
contrastive_recovery,cereal,gripper_slip,6,400033,False,True,False,260,25.30215623675782,95.0,0.2056203037500381,-0.1280491650104522,0.8308060765266418,127,4800
contrastive_recovery,cereal,gripper_slip,7,400034,False,True,False,260,18.509774867684815,80.0,0.2293150722980499,-0.3130108714103699,0.8946282267570496,127,4800
baseline,can,nominal,0,400027,True,False,False,106,44.150997636065355,,0.1923269480466842,0.4059351682662964,0.86077481508255,227,0
baseline,can,nominal,1,400028,True,False,False,112,44.183179492092314,,0.1851318329572677,0.3891246616840362,0.8600589632987976,227,0
baseline,can,nominal,2,400029,False,False,False,260,9.486601626289003,,0.160040944814682,-0.148399993777275,0.8600480556488037,227,0
baseline,can,nominal,3,400030,True,False,False,102,39.98189546396091,,0.1861290633678436,0.3912329971790313,0.8614038228988647,227,0
baseline,can,nominal,4,400031,True,False,False,127,40.7055639786261,,0.1939260810613632,0.3732710778713226,0.8686076402664185,227,0
baseline,can,nominal,5,400032,True,False,False,101,39.283184392917,,0.1856963187456131,0.3962537944316864,0.8601828217506409,227,0
baseline,can,nominal,6,400033,True,False,False,119,40.114473560475744,,0.1872611343860626,0.376861035823822,0.8653774857521057,227,0
baseline,can,nominal,7,400034,True,False,False,113,40.714823873101025,,0.192295491695404,0.3807505965232849,0.8661139607429504,227,0
baseline,can,object_shift,0,400027,False,True,False,260,0.3766669917549871,14.0,-0.245252713561058,-0.2298722267150879,0.3435278236865997,227,0
baseline,can,object_shift,1,400028,True,True,True,115,38.28978682848139,14.0,0.1812310516834259,0.3977413773536682,0.8600919842720032,227,0
baseline,can,object_shift,2,400029,True,True,True,117,41.101788526834135,14.0,0.1795889139175415,0.3909990489482879,0.862561821937561,227,0
baseline,can,object_shift,3,400030,False,True,False,260,4.5260690533992785,14.0,0.0874867588281631,-0.0990412682294845,0.8600589632987976,227,0
baseline,can,object_shift,4,400031,True,True,True,155,56.64544980394886,14.0,0.2117557078599929,0.3813141584396362,0.8601057529449463,227,0
baseline,can,object_shift,5,400032,True,True,True,239,37.95820592504607,14.0,0.2038347423076629,0.3613449037075043,0.8609292507171631,227,0
baseline,can,object_shift,6,400033,False,True,False,260,4.971097480585544,14.0,0.1530716866254806,-0.2808060050010681,0.860062837600708,227,0
baseline,can,object_shift,7,400034,True,True,True,121,39.8540882209135,14.0,0.1821236908435821,0.381661981344223,0.8640961647033691,227,0
baseline,can,action_noise,0,400027,False,True,False,260,17.777545240312275,8.0,0.173416718840599,-0.0798737853765487,0.843809187412262,227,0
baseline,can,action_noise,1,400028,True,True,True,102,37.41833295608156,8.0,0.1903300136327743,0.384525865316391,0.8600949048995972,227,0
baseline,can,action_noise,2,400029,False,True,False,260,4.074291400140565,8.0,0.2076358795166015,-0.2743265032768249,0.8600577712059021,227,0
baseline,can,action_noise,3,400030,False,True,False,260,13.915528867900482,8.0,0.1811009496450424,0.1565123945474624,0.8600577116012573,227,0
baseline,can,action_noise,4,400031,True,True,True,134,43.98476657516391,8.0,0.1791470646858215,0.3726046681404114,0.8684406280517578,227,0
baseline,can,action_noise,5,400032,True,True,True,100,39.36062223921225,8.0,0.1898681372404098,0.3635287880897522,0.8600730895996094,227,0
baseline,can,action_noise,6,400033,True,True,True,126,44.489158160379525,8.0,0.1915322840213775,0.343264490365982,0.8622869253158569,227,0
baseline,can,action_noise,7,400034,True,True,True,108,37.27027949292452,8.0,0.2006331235170364,0.3790609538555145,0.8651143312454224,227,0
baseline,can,action_delay,0,400027,True,True,True,187,58.011140692462206,3.0,0.1814929246902465,0.4211426079273224,0.8633767366409302,227,0
baseline,can,action_delay,1,400028,True,True,True,147,49.970865590920546,5.0,0.2099218517541885,0.4568496644496918,0.87619549036026,227,0
baseline,can,action_delay,2,400029,False,True,False,260,4.053158144488056,5.0,0.2389997839927673,-0.2192949205636978,0.8436911702156067,227,0
baseline,can,action_delay,3,400030,True,True,True,132,44.37480581923566,3.0,0.1714593768119812,0.4180761277675628,0.8631296157836914,227,0
baseline,can,action_delay,4,400031,True,True,True,168,58.105875995328006,3.0,0.1498531401157379,0.3923416435718536,0.8783621788024902,227,0
baseline,can,action_delay,5,400032,True,True,True,127,46.62570866418671,3.0,0.1844982951879501,0.442507803440094,0.8619318008422852,227,0
baseline,can,action_delay,6,400033,True,True,True,165,58.25086895102832,5.0,0.1746900230646133,0.4510568082332611,0.872975766658783,227,0
baseline,can,action_delay,7,400034,False,True,False,260,17.78943441429061,5.0,0.2806426882743835,-0.1017623543739318,1.036549091339111,227,0
baseline,can,gripper_slip,0,400027,False,True,False,260,13.785096826451529,37.0,0.0460745058953762,-0.1741395890712738,0.8437754511833191,227,0
baseline,can,gripper_slip,1,400028,False,True,False,260,9.935787064614036,39.0,0.1697196513414383,-0.0909996554255485,0.8600461483001709,227,0
baseline,can,gripper_slip,2,400029,False,True,False,260,6.337600599321751,43.0,0.1434031277894973,-0.2400413602590561,0.8600519895553589,227,0
baseline,can,gripper_slip,3,400030,False,True,False,260,12.741607352429485,37.0,0.0652622207999229,-0.1040495559573173,0.8600574135780334,227,0
baseline,can,gripper_slip,4,400031,True,True,True,170,47.62388966198269,47.0,0.1635623723268509,0.3917237222194671,0.8635669946670532,227,0
baseline,can,gripper_slip,5,400032,True,True,True,244,45.15701803193044,38.0,0.2050934731960296,0.3618643879890442,0.8600953221321106,227,0
baseline,can,gripper_slip,6,400033,False,True,False,260,8.357195878946973,43.0,0.1217242553830146,-0.2882061600685119,0.8600462079048157,227,0
baseline,can,gripper_slip,7,400034,True,True,True,139,37.613534256027805,42.0,0.1589859277009964,0.3878407776355743,0.8948933482170105,227,0
baseline,milk,nominal,0,400027,True,False,False,67,21.494011311727725,,-0.0146360928192734,0.1301794201135635,0.887645423412323,227,0
baseline,milk,nominal,1,400028,True,False,False,78,24.648766460066263,,-0.0189015381038188,0.1375978589057922,0.896511971950531,227,0
baseline,milk,nominal,2,400029,True,False,False,65,23.533626484706673,,-0.0115950647741556,0.1159708648920059,0.8892011046409607,227,0
baseline,milk,nominal,3,400030,True,False,False,90,26.76581874673183,,-0.020785104483366,0.1258568465709686,0.8877440690994263,227,0
baseline,milk,nominal,4,400031,True,False,False,76,25.584964042227774,,-0.0218909960240125,0.1304067522287368,0.8917858600616455,227,0
baseline,milk,nominal,5,400032,True,False,False,83,26.873304696339037,,-0.0213250983506441,0.1403091698884964,0.8939748406410217,227,0
baseline,milk,nominal,6,400033,True,False,False,65,23.0937698299089,,-0.0130857797339558,0.1239916160702705,0.8926768898963928,227,0
baseline,milk,nominal,7,400034,True,False,False,72,19.63792184303232,,-0.0179401021450757,0.1569050997495651,0.8936944603919983,227,0
baseline,milk,object_shift,0,400027,False,True,False,260,2.5333576227106684,14.0,0.0088320942595601,-0.1057023704051971,0.8808525204658508,227,0
baseline,milk,object_shift,1,400028,True,True,True,80,20.81212230276859,14.0,-0.0349873565137386,0.1612252444028854,0.8918474316596985,227,0
baseline,milk,object_shift,2,400029,False,True,False,260,1.991569413474669,14.0,-0.064729057252407,-0.1096278131008148,0.8808602690696716,227,0
baseline,milk,object_shift,3,400030,True,True,True,80,20.72168398029905,14.0,-0.0379256568849086,0.1590671837329864,0.8963518142700195,227,0
baseline,milk,object_shift,4,400031,False,True,False,260,1.797165920064001,14.0,0.007210255600512,-0.185266301035881,0.8808557987213135,227,0
baseline,milk,object_shift,5,400032,True,True,True,94,28.130386906557213,14.0,-0.0150007167831063,0.146298199892044,0.8876062631607056,227,0
baseline,milk,object_shift,6,400033,False,True,False,260,1.7901555953023736,14.0,0.1940007507801056,-0.100062720477581,0.8379343748092651,227,0
baseline,milk,object_shift,7,400034,True,True,True,80,20.939861899082153,14.0,-0.0399101115763187,0.1799337267875671,0.8972027897834778,227,0
baseline,milk,action_noise,0,400027,True,True,True,62,19.266837366847707,8.0,-0.0233897697180509,0.1373174339532852,0.8873341083526611,227,0
baseline,milk,action_noise,1,400028,True,True,True,70,20.88570534859165,8.0,0.0034674343187361,0.0980267599225044,0.8976377844810486,227,0
baseline,milk,action_noise,2,400029,True,True,True,73,27.324663509022113,8.0,-0.0027365756686776,0.160273477435112,0.8969982266426086,227,0
baseline,milk,action_noise,3,400030,True,True,True,84,22.208657353656957,8.0,0.012398388236761,0.1268598586320877,0.8984693884849548,227,0
baseline,milk,action_noise,4,400031,False,True,False,260,1.619519686182258,8.0,0.0861489996314048,-0.2065860629081726,0.8808582425117493,227,0
baseline,milk,action_noise,5,400032,True,True,True,85,27.459326006302565,8.0,-0.0186601895838975,0.1183416098356247,0.8958726525306702,227,0
baseline,milk,action_noise,6,400033,True,True,True,67,23.92532028400005,8.0,-0.042635828256607,0.112541563808918,0.8890038132667542,227,0
baseline,milk,action_noise,7,400034,True,True,True,79,23.037758556943597,8.0,-0.0268816798925399,0.182118147611618,0.8914130330085754,227,0
baseline,milk,action_delay,0,400027,False,True,False,260,1.2392732615135171,3.0,-0.0312651582062244,-0.1033376306295394,0.8719183802604675,227,0
baseline,milk,action_delay,1,400028,False,True,False,260,1.4094777111383363,5.0,0.0124139748513698,-0.2001326233148574,0.8378611207008362,227,0
baseline,milk,action_delay,2,400029,False,True,False,260,4.829735853199411,5.0,-0.0450362898409366,-0.1389292329549789,0.8800587058067322,227,0
baseline,milk,action_delay,3,400030,True,True,True,136,27.72730017743439,3.0,-0.0207872465252876,0.1683950126171112,0.8891187906265259,227,0
baseline,milk,action_delay,4,400031,False,True,False,260,2.5545197649984046,3.0,0.1697978079319,-0.192687451839447,0.8379326462745667,227,0
baseline,milk,action_delay,5,400032,False,True,False,260,3.4504220028324033,3.0,0.0757490471005439,-0.1594537645578384,0.8377193808555603,227,0
baseline,milk,action_delay,6,400033,True,True,True,86,18.449349436389003,5.0,-0.0591557919979095,0.0637684389948844,0.8998133540153503,227,0
baseline,milk,action_delay,7,400034,False,True,False,260,2.201442883943659,5.0,0.1785978078842163,-0.0460880398750305,0.8825722336769104,227,0
baseline,milk,gripper_slip,0,400027,False,True,False,260,16.810129811890427,41.0,-0.0346714369952678,-0.070326991379261,0.8742247819900513,227,0
baseline,milk,gripper_slip,1,400028,False,True,False,260,10.238573239204491,44.0,0.1858676224946975,-0.1895646303892135,0.8808538913726807,227,0
baseline,milk,gripper_slip,2,400029,False,True,False,260,10.670993301972404,34.0,0.0311258845031261,-0.1253827363252639,0.8378873467445374,227,0
baseline,milk,gripper_slip,3,400030,False,True,False,260,8.11793723288375,48.0,0.2182374447584152,-0.220617726445198,0.8808525204658508,227,0
baseline,milk,gripper_slip,4,400031,False,True,False,260,11.801452435760016,42.0,0.0352352708578109,-0.1199925914406776,0.8377060294151306,227,0
baseline,milk,gripper_slip,5,400032,False,True,False,260,10.96258131243035,44.0,0.0921801030635833,-0.3161883950233459,0.8808567523956299,227,0
baseline,milk,gripper_slip,6,400033,False,True,False,260,20.402357476800713,36.0,0.2051807045936584,-0.0681268796324729,0.8379336595535278,227,0
baseline,milk,gripper_slip,7,400034,False,True,False,260,8.49750936748326,46.0,0.2577215731143951,-0.118707574903965,0.8835747241973877,227,0
baseline,bread,nominal,0,400027,True,False,False,115,43.20124221606987,,0.1991523951292038,0.1535139828920364,0.8421428203582764,227,0
baseline,bread,nominal,1,400028,True,False,False,137,46.58754651118027,,0.18332439661026,0.1463879644870758,0.8421908617019653,227,0
baseline,bread,nominal,2,400029,False,False,False,260,12.227329924478813,,0.0811702683568,-0.1115278527140617,0.842199981212616,227,0
baseline,bread,nominal,3,400030,True,False,False,109,37.773552264694544,,0.1855701804161071,0.1350571513175964,0.8421878814697266,227,0
baseline,bread,nominal,4,400031,True,False,False,137,46.62524545474202,,0.1822386384010315,0.1537864059209823,0.8421646952629089,227,0
baseline,bread,nominal,5,400032,True,False,False,126,41.95139764640903,,0.1900325268507003,0.1357887089252472,0.8422026634216309,227,0
baseline,bread,nominal,6,400033,True,False,False,128,43.31865089505146,,0.1933948248624801,0.1687129735946655,0.8421828746795654,227,0
baseline,bread,nominal,7,400034,True,False,False,110,40.60173971336707,,0.1889118105173111,0.1447239071130752,0.8421915173530579,227,0
baseline,bread,object_shift,0,400027,True,True,True,123,46.729050050276925,14.0,0.187789037823677,0.1605108380317688,0.8421662449836731,227,0
baseline,bread,object_shift,1,400028,False,True,False,260,5.911389098462135,14.0,0.2481514811515808,-0.3351777493953705,0.8421684503555298,227,0
baseline,bread,object_shift,2,400029,False,True,False,260,2.707740901748165,14.0,-0.0101149221882224,-0.0999369993805885,0.8421643376350403,227,0
baseline,bread,object_shift,3,400030,True,True,True,172,44.11296841809859,14.0,0.1707296371459961,0.1522986441850662,0.8421738147735596,227,0
baseline,bread,object_shift,4,400031,True,True,True,122,44.57810492691102,14.0,0.1807809323072433,0.1507017612457275,0.8421899080276489,227,0
baseline,bread,object_shift,5,400032,False,True,False,260,4.02276927279427,14.0,0.008551207371056,-0.4337536692619324,0.8421699404716492,227,0
baseline,bread,object_shift,6,400033,True,True,True,122,42.33378830184566,14.0,0.1830991059541702,0.1467842161655426,0.8421908617019653,227,0
baseline,bread,object_shift,7,400034,True,True,True,130,45.306425689137555,14.0,0.180099070072174,0.152283489704132,0.8421720862388611,227,0
baseline,bread,action_noise,0,400027,True,True,True,102,36.7713648936808,8.0,0.1794742494821548,0.1252463310956955,0.8417040705680847,227,0
baseline,bread,action_noise,1,400028,True,True,True,131,43.34735474727528,8.0,0.1944410949945449,0.1307046264410019,0.8421427607536316,227,0
baseline,bread,action_noise,2,400029,False,True,False,260,10.83146069046661,8.0,0.0927489101886749,-0.0926433131098747,0.8421713709831238,227,0
baseline,bread,action_noise,3,400030,False,True,False,260,6.3339463137222305,8.0,0.1421129554510116,-0.1858071386814117,0.8421738743782043,227,0
baseline,bread,action_noise,4,400031,False,True,False,260,3.307567181673807,8.0,0.2114935517311096,-0.2539586722850799,0.8421980738639832,227,0
baseline,bread,action_noise,5,400032,True,True,True,121,41.54725344557107,8.0,0.2027837187051773,0.1541353464126587,0.8421635031700134,227,0
baseline,bread,action_noise,6,400033,True,True,True,120,38.68845935331045,8.0,0.1932119578123092,0.1336697489023208,0.8421787023544312,227,0
baseline,bread,action_noise,7,400034,False,True,False,260,8.957150308559969,8.0,0.0730475112795829,-0.2812820374965668,0.838627278804779,227,0
baseline,bread,action_delay,0,400027,False,True,False,260,7.605573189865682,3.0,-0.0265735350549221,-0.2605513334274292,0.8421699404716492,227,0
baseline,bread,action_delay,1,400028,False,True,False,260,37.51749761920993,5.0,0.1993514150381088,0.3381118178367615,0.8421919941902161,227,0
baseline,bread,action_delay,2,400029,False,True,False,260,12.57892087570716,5.0,0.0746920555830001,-0.0956182181835174,0.8421720862388611,227,0
baseline,bread,action_delay,3,400030,False,True,False,260,4.375242398560717,3.0,0.1216433569788932,-0.178527370095253,0.8422145247459412,227,0
baseline,bread,action_delay,4,400031,False,True,False,260,6.056263693197153,3.0,0.1874472796916961,-0.2748469710350036,0.8386164903640747,227,0
baseline,bread,action_delay,5,400032,False,True,False,260,41.562091814947024,3.0,0.2102946192026138,0.3266879022121429,0.8422065377235413,227,0
baseline,bread,action_delay,6,400033,False,True,False,260,9.309007307843409,5.0,-0.0209394451230764,-0.3305965065956116,0.842189610004425,227,0
baseline,bread,action_delay,7,400034,False,True,False,260,75.73418493988852,5.0,0.1745542883872985,0.4955260753631592,0.926257312297821,227,0
baseline,bread,gripper_slip,0,400027,False,True,False,260,10.1808891468381,49.0,-0.0465769693255424,-0.2673051655292511,0.8421643376350403,227,0
baseline,bread,gripper_slip,1,400028,False,True,False,260,12.880161065906115,63.0,0.2395649403333664,-0.3791619837284088,0.8422009348869324,227,0
baseline,bread,gripper_slip,2,400029,False,False,False,260,12.227329924478813,,0.0811702683568,-0.1115278527140617,0.842199981212616,227,0
baseline,bread,gripper_slip,3,400030,False,True,False,260,12.017039858043772,54.0,0.1887897849082946,-0.1116648688912391,0.8421919941902161,227,0
baseline,bread,gripper_slip,4,400031,False,True,False,260,15.668786606774104,73.0,0.1741832047700882,-0.2545060813426971,0.8421720862388611,227,0
baseline,bread,gripper_slip,5,400032,False,True,False,260,7.275954044667737,53.0,0.0060342107899487,-0.430519551038742,0.8421635031700134,227,0
baseline,bread,gripper_slip,6,400033,False,True,False,260,13.092234696555431,60.0,0.0322495065629482,-0.3302213251590729,0.8421655893325806,227,0
baseline,bread,gripper_slip,7,400034,False,True,False,260,9.42497181670586,47.0,0.1230558454990387,-0.3028380870819092,0.8421908617019653,227,0
baseline,cereal,nominal,0,400027,True,False,False,110,41.400446077472104,,-0.0227675233036279,0.4093557894229889,0.8961248397827148,227,0
baseline,cereal,nominal,1,400028,True,False,False,118,40.72953660345613,,-0.0260599218308925,0.4112208783626556,0.8954905271530151,227,0
baseline,cereal,nominal,2,400029,True,False,False,125,42.589498847836985,,-0.0146105820313096,0.4212530851364136,0.8999872207641602,227,0
baseline,cereal,nominal,3,400030,True,False,False,110,41.49382567074168,,-0.0222287531942129,0.4085741341114044,0.8980053067207336,227,0
baseline,cereal,nominal,4,400031,True,False,False,113,42.633552636152544,,-0.0128602562472224,0.4084846377372741,0.8970593810081482,227,0
baseline,cereal,nominal,5,400032,True,False,False,123,41.34807539005986,,-0.0188123807311058,0.4130574464797973,0.8990359306335449,227,0
baseline,cereal,nominal,6,400033,True,False,False,113,40.34563746941728,,-0.0227776393294334,0.4112479090690613,0.8957077264785767,227,0
baseline,cereal,nominal,7,400034,True,False,False,117,40.30602849626961,,-0.0258685909211635,0.4128217697143554,0.8960109949111938,227,0
baseline,cereal,object_shift,0,400027,False,True,False,260,2.6509318085125915,14.0,0.1269226819276809,-0.2237794697284698,0.8689916729927063,227,0
baseline,cereal,object_shift,1,400028,True,True,True,111,34.45484904652436,14.0,-0.0242242943495512,0.4162502586841583,0.8992246985435486,227,0
baseline,cereal,object_shift,2,400029,True,True,True,125,44.5038784376119,14.0,-0.0338875129818916,0.3974288403987884,0.8957724571228027,227,0
baseline,cereal,object_shift,3,400030,False,True,False,260,1.8152395814341684,14.0,0.1879111379384994,-0.2464542388916015,0.8308207392692566,227,0
baseline,cereal,object_shift,4,400031,False,True,False,260,114.34518837363332,14.0,-0.0571974888443946,0.5170760154724121,0.928268015384674,227,0
baseline,cereal,object_shift,5,400032,True,True,True,127,40.568534270811305,14.0,-0.0332779772579669,0.4331526756286621,0.8977164030075073,227,0
baseline,cereal,object_shift,6,400033,True,True,True,114,37.118540839916456,14.0,-0.019662445411086,0.414652407169342,0.9000887274742126,227,0
baseline,cereal,object_shift,7,400034,True,True,True,128,42.66314048036336,14.0,-0.0386097952723503,0.4209831953048706,0.8950347900390625,227,0
baseline,cereal,action_noise,0,400027,True,True,True,105,39.08813489851954,8.0,-0.0369875207543373,0.3756898641586303,0.8952575325965881,227,0
baseline,cereal,action_noise,1,400028,True,True,True,113,36.394466043966005,8.0,-0.0323761813342571,0.3939936459064483,0.8956955075263977,227,0
baseline,cereal,action_noise,2,400029,True,True,True,128,44.11906124293287,8.0,-0.019551146775484,0.3725159764289856,0.8959534168243408,227,0
baseline,cereal,action_noise,3,400030,True,True,True,112,42.91127577869773,8.0,0.0091659873723983,0.437451034784317,0.8944967985153198,227,0
baseline,cereal,action_noise,4,400031,True,True,True,116,42.966218992167974,8.0,-0.0384226515889167,0.3835323452949524,0.8971673846244812,227,0
baseline,cereal,action_noise,5,400032,True,True,True,122,41.83731372190476,8.0,-0.0145281041041016,0.3645996749401092,0.8945274353027344,227,0
baseline,cereal,action_noise,6,400033,True,True,True,104,35.36888829256036,8.0,-0.0159431546926498,0.3875958621501922,0.8959389925003052,227,0
baseline,cereal,action_noise,7,400034,True,True,True,113,36.43073215190722,8.0,-0.0268613658845424,0.3920115232467651,0.8967294692993164,227,0
baseline,cereal,action_delay,0,400027,False,True,False,260,0.3873596828972631,3.0,0.0960095450282096,-0.2253081649541854,0.8946301937103271,227,0
baseline,cereal,action_delay,1,400028,False,True,False,260,1.9020589063034656,5.0,0.1885444372892379,-0.1574424803256988,0.8307477235794067,227,0
baseline,cereal,action_delay,2,400029,False,True,False,260,1.6243219884214166,5.0,0.130369558930397,-0.4157132804393768,0.865153431892395,227,0
baseline,cereal,action_delay,3,400030,False,True,False,260,0.5099623802005084,3.0,0.0910638719797134,-0.2286857664585113,0.8946301937103271,227,0
baseline,cereal,action_delay,4,400031,True,True,True,130,44.073997411366705,3.0,-0.0031911188270896,0.4506298303604126,0.896371603012085,227,0
baseline,cereal,action_delay,5,400032,False,True,False,260,0.3148214014533299,3.0,0.1892033368349075,-0.3372191488742828,0.8946301937103271,227,0
baseline,cereal,action_delay,6,400033,False,True,False,260,2.531544640026713,5.0,0.1443938016891479,-0.1346484273672104,0.8308060765266418,227,0
baseline,cereal,action_delay,7,400034,False,True,False,260,1.795494466295376,5.0,0.1856983453035354,-0.155597373843193,0.8307178020477295,227,0
baseline,cereal,gripper_slip,0,400027,False,True,False,260,10.25064388420311,45.0,0.0297503732144832,-0.1393319815397262,0.8308060765266418,227,0
baseline,cereal,gripper_slip,1,400028,False,True,False,260,7.354965607351289,51.0,0.2394134551286697,-0.2396878451108932,0.8946291208267212,227,0
baseline,cereal,gripper_slip,2,400029,False,True,False,260,5.8770133158136435,48.0,0.055350873619318,-0.3503099977970123,0.8946413993835449,227,0
baseline,cereal,gripper_slip,3,400030,False,True,False,260,9.652006894825131,45.0,0.1297116875648498,-0.1672488152980804,0.8946295976638794,227,0
baseline,cereal,gripper_slip,4,400031,False,True,False,260,8.736702371241321,45.0,-0.0229289755225181,-0.2092120945453643,0.8307271599769592,227,0
baseline,cereal,gripper_slip,5,400032,False,True,False,260,7.189715397265061,52.0,0.1865503489971161,-0.4051823019981384,0.8946312069892883,227,0
baseline,cereal,gripper_slip,6,400033,True,True,True,155,42.84838619535474,48.0,0.0079289693385362,0.4335265159606933,0.8986479640007019,227,0
baseline,cereal,gripper_slip,7,400034,False,True,False,260,7.397767058105335,50.0,0.2216539829969406,-0.2981986403465271,0.8946300148963928,227,0
more_demos,can,nominal,0,400027,True,False,False,104,40.96299096638209,,0.1854743957519531,0.3907762765884399,0.8584890365600586,227,4800
more_demos,can,nominal,1,400028,True,False,False,115,46.12659815258763,,0.1736765950918197,0.3995553255081177,0.8600585460662842,227,4800
more_demos,can,nominal,2,400029,False,False,False,260,3.956683981993786,,0.2450560182332992,-0.2639095783233642,0.8634832501411438,227,4800
more_demos,can,nominal,3,400030,True,False,False,114,47.15599905383328,,0.1727555096149444,0.4037618041038513,0.8600614666938782,227,4800
more_demos,can,nominal,4,400031,True,False,False,132,42.853353718377775,,0.1909105628728866,0.3865464627742767,0.8594502210617065,227,4800
more_demos,can,nominal,5,400032,True,False,False,75,23.90819952623993,,0.1673599630594253,0.353190541267395,0.8659493923187256,227,4800
more_demos,can,nominal,6,400033,True,False,False,126,44.62234274542936,,0.1798641085624694,0.4086988568305969,0.8604931831359863,227,4800
more_demos,can,nominal,7,400034,True,False,False,114,40.69993404440452,,0.1856282502412796,0.389027327299118,0.8625605702400208,227,4800
more_demos,can,object_shift,0,400027,False,True,False,260,0.3398191204292595,14.0,-0.2452509552240371,-0.2298848628997802,0.3435359597206116,227,4800
more_demos,can,object_shift,1,400028,True,True,True,95,27.87741008356224,14.0,0.1698631942272186,0.3852483332157135,0.8669417500495911,227,4800
more_demos,can,object_shift,2,400029,False,True,False,260,36.11868623541124,14.0,0.2222831696271896,0.3720780611038208,0.8833163976669312,227,4800
more_demos,can,object_shift,3,400030,False,True,False,260,4.608388882192178,14.0,0.0829790458083152,-0.1128716915845871,0.8600544929504395,227,4800
more_demos,can,object_shift,4,400031,True,True,True,166,62.24196385857531,14.0,0.1620857566595077,0.415712296962738,0.888097882270813,227,4800
more_demos,can,object_shift,5,400032,False,True,False,260,4.9716323490750565,14.0,0.1246115267276763,-0.2545233070850372,0.8436482548713684,227,4800
more_demos,can,object_shift,6,400033,False,True,False,260,28.48615993073749,14.0,0.2509961128234863,0.3305037021636963,0.9931466579437256,227,4800
more_demos,can,object_shift,7,400034,True,True,True,134,47.53301363311969,14.0,0.1479045748710632,0.4182661771774292,0.8598621487617493,227,4800
more_demos,can,action_noise,0,400027,False,True,False,260,6.558289244516795,8.0,-0.0123478667810559,-0.1846333742141723,0.8600533604621887,227,4800
more_demos,can,action_noise,1,400028,True,True,True,102,37.36983109939864,8.0,0.1808909773826599,0.387005478143692,0.86048424243927,227,4800
more_demos,can,action_noise,2,400029,False,True,False,260,3.237311368333919,8.0,0.2129410654306411,-0.2752074599266052,0.8600531816482544,227,4800
more_demos,can,action_noise,3,400030,True,True,True,200,33.48145550742673,8.0,0.1553902179002761,0.3783129751682281,0.862450897693634,227,4800
more_demos,can,action_noise,4,400031,True,True,True,134,43.344951921197946,8.0,0.1600590050220489,0.3816448450088501,0.8581692576408386,227,4800
more_demos,can,action_noise,5,400032,True,True,True,106,42.98574141324135,8.0,0.1859848648309707,0.3550874590873718,0.8600568175315857,227,4800
more_demos,can,action_noise,6,400033,True,True,True,122,42.35056988676274,8.0,0.1845783144235611,0.3639893233776092,0.8590139150619507,227,4800
more_demos,can,action_noise,7,400034,True,True,True,107,37.1952128211964,8.0,0.1933002918958664,0.3884459435939789,0.8900388479232788,227,4800
more_demos,can,action_delay,0,400027,True,True,True,116,36.62304277809463,3.0,0.1667726039886474,0.4268562793731689,0.878689706325531,227,4800
more_demos,can,action_delay,1,400028,False,True,False,260,4.030505760368055,5.0,0.1053871214389801,-0.102034144103527,0.8600522875785828,227,4800
more_demos,can,action_delay,2,400029,False,True,False,260,2.790631133333377,5.0,0.2105723172426223,-0.2798364758491516,0.8600597381591797,227,4800
more_demos,can,action_delay,3,400030,False,True,False,260,8.921153089968966,3.0,0.1899642050266266,-0.0841521546244621,0.8438583016395569,227,4800
more_demos,can,action_delay,4,400031,True,True,True,159,51.89073150499065,3.0,0.1715704053640365,0.4248349368572235,0.8598670363426208,227,4800
more_demos,can,action_delay,5,400032,True,True,True,125,44.07281426863918,3.0,0.1505065262317657,0.4455722868442535,0.8899950981140137,227,4800
more_demos,can,action_delay,6,400033,False,True,False,260,4.500461371489161,5.0,0.1019412577152252,-0.3874237835407257,0.8438096046447754,227,4800
more_demos,can,action_delay,7,400034,False,True,False,260,3.6895904503855506,5.0,0.0778952240943908,-0.2757365107536316,0.843712568283081,227,4800
more_demos,can,gripper_slip,0,400027,False,True,False,260,23.069061811384255,39.0,0.2045178562402725,-0.0015972513938322,0.928434193134308,227,4800
more_demos,can,gripper_slip,1,400028,True,True,True,215,33.28396356304169,41.0,0.1592544913291931,0.3873684406280517,0.9023720026016236,227,4800
more_demos,can,gripper_slip,2,400029,False,False,False,260,3.956683981993786,,0.2450560182332992,-0.2639095783233642,0.8634832501411438,227,4800
more_demos,can,gripper_slip,3,400030,False,True,False,260,12.404850863974016,40.0,0.1186455264687538,-0.0942971929907798,0.84369957447052,227,4800
more_demos,can,gripper_slip,4,400031,True,True,True,178,49.48378387404969,52.0,0.1430518180131912,0.4260168373584747,0.8673830032348633,227,4800
more_demos,can,gripper_slip,5,400032,False,True,False,260,27.79936815539102,32.0,0.2189068496227264,0.3333696722984314,0.9720353484153748,227,4800
more_demos,can,gripper_slip,6,400033,True,True,True,246,50.06572722985083,47.0,0.1476737409830093,0.3843879699707031,0.8601219058036804,227,4800
more_demos,can,gripper_slip,7,400034,True,True,True,147,40.92255057599772,44.0,0.1416124105453491,0.4044036865234375,0.8567328453063965,227,4800
recovery_bc,can,nominal,0,400027,True,False,False,124,53.067545214350794,,0.1843646764755249,0.4050618410110473,0.8600777983665466,227,4800
recovery_bc,can,nominal,1,400028,True,False,False,131,50.5368297081439,,0.1748837828636169,0.4026483595371246,0.8600690960884094,227,4800
recovery_bc,can,nominal,2,400029,True,False,False,165,57.8854399255701,,0.1751137524843216,0.4041377604007721,0.8600673079490662,227,4800
recovery_bc,can,nominal,3,400030,True,False,False,124,51.044964666035234,,0.1765279620885849,0.3968717157840729,0.8600712418556213,227,4800
recovery_bc,can,nominal,4,400031,True,False,False,168,55.402068942650224,,0.1985508203506469,0.3893689513206482,0.8617262840270996,227,4800
recovery_bc,can,nominal,5,400032,True,False,False,116,44.97144482394515,,0.1784514188766479,0.4121668636798858,0.8602027893066406,227,4800
recovery_bc,can,nominal,6,400033,True,False,False,132,43.971239250083094,,0.178729847073555,0.3896791338920593,0.856182873249054,227,4800
recovery_bc,can,nominal,7,400034,True,False,False,122,42.50583269951319,,0.177076444029808,0.3828456699848175,0.8651992678642273,227,4800
recovery_bc,can,object_shift,0,400027,False,True,False,260,0.3755354569363855,14.0,-0.2452456504106521,-0.2299057394266128,0.3435007929801941,227,4800
recovery_bc,can,object_shift,1,400028,True,True,True,140,47.03288059298687,14.0,0.176828384399414,0.4118159413337707,0.8607112765312195,227,4800
recovery_bc,can,object_shift,2,400029,True,True,True,127,44.32671996913111,14.0,0.1809139847755432,0.3883874416351318,0.8602157235145569,227,4800
recovery_bc,can,object_shift,3,400030,True,True,True,109,32.36321760050596,14.0,0.1795618534088134,0.3838151097297668,0.8905608654022217,227,4800
recovery_bc,can,object_shift,4,400031,True,True,True,182,63.81683086881439,14.0,0.1991235464811325,0.4040329158306122,0.862153172492981,227,4800
recovery_bc,can,object_shift,5,400032,True,True,True,133,47.10187961379835,14.0,0.1380341351032257,0.4153002202510834,0.8746500611305237,227,4800
recovery_bc,can,object_shift,6,400033,True,True,True,138,44.30668491539112,14.0,0.170805424451828,0.3960476219654083,0.8544273972511292,227,4800
recovery_bc,can,object_shift,7,400034,True,True,True,142,47.84108925779939,14.0,0.1928045153617859,0.3960187435150146,0.8598685264587402,227,4800
recovery_bc,can,action_noise,0,400027,False,True,False,260,24.941786665455332,8.0,0.2041267156600952,-0.0787982940673828,0.8438140153884888,227,4800
recovery_bc,can,action_noise,1,400028,True,True,True,119,41.12495764694222,8.0,0.1860803961753845,0.3571396172046661,0.8588160276412964,227,4800
recovery_bc,can,action_noise,2,400029,True,True,True,131,41.547284436956105,8.0,0.1764408349990844,0.3888381719589233,0.8586030602455139,227,4800
recovery_bc,can,action_noise,3,400030,True,True,True,112,43.972300589918966,8.0,0.184712067246437,0.4068346619606018,0.869045615196228,227,4800
recovery_bc,can,action_noise,4,400031,True,True,True,156,53.30672657452009,8.0,0.1650488674640655,0.4293017387390136,0.8624978065490723,227,4800
recovery_bc,can,action_noise,5,400032,True,True,True,110,43.094383395173175,8.0,0.1937873512506485,0.3944410681724548,0.8607220649719238,227,4800
recovery_bc,can,action_noise,6,400033,True,True,True,147,53.63381985345234,8.0,0.1552269160747528,0.4243549406528473,0.8601517677307129,227,4800
recovery_bc,can,action_noise,7,400034,True,True,True,123,41.40533090817839,8.0,0.1945088058710098,0.3813781142234802,0.8623443841934204,227,4800
recovery_bc,can,action_delay,0,400027,True,True,True,196,62.32801309428102,3.0,0.2064132541418075,0.4516432583332062,0.8601066470146179,227,4800
recovery_bc,can,action_delay,1,400028,False,True,False,260,10.110932498604075,5.0,0.1399509459733963,-0.1225249916315078,0.8602192401885986,227,4800
recovery_bc,can,action_delay,2,400029,True,True,True,209,62.60659867299504,5.0,0.1802420169115066,0.4793849587440491,0.8634061217308044,227,4800
recovery_bc,can,action_delay,3,400030,True,True,True,152,57.50148932188577,3.0,0.1698397248983383,0.440112292766571,0.8966032862663269,227,4800
recovery_bc,can,action_delay,4,400031,False,True,False,260,79.00441495801915,3.0,0.2273633331060409,0.1219298169016838,1.0198891162872314,227,4800
recovery_bc,can,action_delay,5,400032,True,True,True,140,50.86088077887071,3.0,0.1853082329034805,0.4497572779655456,0.8637035489082336,227,4800
recovery_bc,can,action_delay,6,400033,False,True,False,260,79.41440370391364,5.0,0.254026859998703,-0.1100537627935409,1.0368914604187012,227,4800
recovery_bc,can,action_delay,7,400034,False,True,False,260,5.763853797717084,5.0,0.0165105257183313,-0.2601539194583893,0.8600519299507141,227,4800
recovery_bc,can,gripper_slip,0,400027,True,True,True,147,51.696363289062354,47.0,0.1836262941360473,0.4050924479961395,0.8602167367935181,227,4800
recovery_bc,can,gripper_slip,1,400028,True,True,True,145,42.55803227120083,60.0,0.1763592809438705,0.3815336227416992,0.8569990396499634,227,4800
recovery_bc,can,gripper_slip,2,400029,True,True,True,184,55.77012723313637,80.0,0.1853605657815933,0.4125925898551941,0.8604598641395569,227,4800
recovery_bc,can,gripper_slip,3,400030,True,True,True,146,51.1192634230547,47.0,0.1824109852313995,0.4014220237731933,0.860065221786499,227,4800
recovery_bc,can,gripper_slip,4,400031,True,True,True,228,72.53617283756385,82.0,0.1821204572916031,0.4058639407157898,0.8605142831802368,227,4800
recovery_bc,can,gripper_slip,5,400032,True,True,True,143,44.056614989419586,52.0,0.1715954542160034,0.3975551128387451,0.8541799187660217,227,4800
recovery_bc,can,gripper_slip,6,400033,True,True,True,176,56.532474268075156,61.0,0.1784437596797943,0.407992273569107,0.8600524067878723,227,4800
recovery_bc,can,gripper_slip,7,400034,True,True,True,169,56.90756928643218,57.0,0.1770822405815124,0.4059094190597534,0.8600810170173645,227,4800
contrastive_recovery,can,nominal,0,400027,True,False,False,154,57.904732630889434,,0.2055048644542694,0.3810198903083801,0.8585026860237122,227,4800
contrastive_recovery,can,nominal,1,400028,True,False,False,148,52.919355104378496,,0.1887345016002655,0.3719672858715057,0.8598922491073608,227,4800
contrastive_recovery,can,nominal,2,400029,True,False,False,191,64.03654999135287,,0.1974669843912124,0.3668211102485657,0.8605205416679382,227,4800
contrastive_recovery,can,nominal,3,400030,True,False,False,195,69.20422157818662,,0.2085285782814026,0.3785446882247925,0.8581044673919678,227,4800
contrastive_recovery,can,nominal,4,400031,False,False,False,260,15.020111383362124,,0.1423594206571579,-0.41219562292099,0.843774676322937,227,4800
contrastive_recovery,can,nominal,5,400032,True,False,False,221,79.44022085423184,,0.2229798436164856,0.3614519238471985,0.8615625500679016,227,4800
contrastive_recovery,can,nominal,6,400033,False,False,False,260,61.46534306566053,,0.2618907988071441,-0.1128871366381645,0.8437678217887878,227,4800
contrastive_recovery,can,nominal,7,400034,False,False,False,260,42.10804313456849,,0.2156938463449478,0.0261701121926307,0.940159797668457,227,4800
contrastive_recovery,can,object_shift,0,400027,False,True,False,260,0.3283447659131112,14.0,-0.2452842146158218,-0.2298561036586761,0.3435632586479187,227,4800
contrastive_recovery,can,object_shift,1,400028,True,True,True,167,54.76967244654403,14.0,0.1876098811626434,0.3676804900169372,0.8597189784049988,227,4800
contrastive_recovery,can,object_shift,2,400029,False,True,False,260,9.106231531062615,14.0,0.1769522577524185,-0.2620034217834472,0.8437871932983398,227,4800
contrastive_recovery,can,object_shift,3,400030,False,True,False,260,5.567181051442033,14.0,0.0855665653944015,-0.0999535918235778,0.8600566983222961,227,4800
contrastive_recovery,can,object_shift,4,400031,False,True,False,260,8.839727755151058,14.0,-0.0649792701005935,-0.384760320186615,0.8600552082061768,227,4800
contrastive_recovery,can,object_shift,5,400032,False,True,False,260,7.172303766879714,14.0,0.1358487755060196,-0.1927567422389984,0.8437743186950684,227,4800
contrastive_recovery,can,object_shift,6,400033,True,True,True,201,67.47179437222485,14.0,0.2125438153743744,0.3764561712741852,0.8602725267410278,227,4800
contrastive_recovery,can,object_shift,7,400034,True,True,True,229,77.15252682015628,14.0,0.2312444448471069,0.3636379539966583,0.8629152178764343,227,4800
contrastive_recovery,can,action_noise,0,400027,False,True,False,260,8.03348885833678,8.0,0.0531725883483886,-0.1003883406519889,0.8437519669532776,227,4800
contrastive_recovery,can,action_noise,1,400028,True,True,True,146,56.13416353517466,8.0,0.203258603811264,0.3453140556812286,0.8600528240203857,227,4800
contrastive_recovery,can,action_noise,2,400029,True,True,True,132,41.9431477165614,8.0,0.1842777281999588,0.3541390299797058,0.8685601353645325,227,4800
contrastive_recovery,can,action_noise,3,400030,True,True,True,137,39.51290285421763,8.0,0.1870241165161132,0.3371019959449768,0.8600504398345947,227,4800
contrastive_recovery,can,action_noise,4,400031,True,True,True,208,72.32694270722409,8.0,0.2087952196598053,0.3834781646728515,0.8743228316307068,227,4800
contrastive_recovery,can,action_noise,5,400032,True,True,True,134,50.76447070286244,8.0,0.1949356645345688,0.3582825362682342,0.8601109981536865,227,4800
contrastive_recovery,can,action_noise,6,400033,True,True,True,178,65.44219399970706,8.0,0.2072077989578247,0.4142110049724579,0.8630373477935791,227,4800
contrastive_recovery,can,action_noise,7,400034,False,True,False,260,42.514414751306354,8.0,0.219412699341774,0.1694428920745849,0.8455996513366699,227,4800
contrastive_recovery,can,action_delay,0,400027,False,True,False,260,31.808478331498083,3.0,0.2496934980154037,-0.2170920073986053,0.903050184249878,227,4800
contrastive_recovery,can,action_delay,1,400028,True,True,True,246,86.39506578357663,5.0,0.1759011000394821,0.4357104897499084,0.8943749666213989,227,4800
contrastive_recovery,can,action_delay,2,400029,False,True,False,260,4.7237397372758405,5.0,0.134146437048912,-0.3241610527038574,0.8437945246696472,227,4800
contrastive_recovery,can,action_delay,3,400030,False,True,False,260,66.39802836104025,3.0,0.2373633533716201,-0.2359267324209213,0.844646692276001,227,4800
contrastive_recovery,can,action_delay,4,400031,False,True,False,260,81.46385514703269,3.0,0.2375691831111908,0.3483113348484039,0.9942793250083924,227,4800
contrastive_recovery,can,action_delay,5,400032,False,True,False,260,84.21924875952972,3.0,0.297616958618164,-0.0365460813045501,1.0393893718719482,227,4800
contrastive_recovery,can,action_delay,6,400033,False,True,False,260,63.8273730174354,5.0,0.5951197147369385,-0.1769035905599594,0.0247853863984346,227,4800
contrastive_recovery,can,action_delay,7,400034,False,True,False,260,78.59936084128218,5.0,0.3298884630203247,-0.0089089879766106,1.0436456203460691,227,4800
contrastive_recovery,can,gripper_slip,0,400027,False,True,False,260,41.66968721018583,94.0,0.1924558132886886,0.2066582143306732,0.8437979221343994,227,4800
contrastive_recovery,can,gripper_slip,1,400028,False,True,False,260,29.81227416046008,90.0,0.2256107330322265,-0.0595400370657444,0.8600656390190125,227,4800
contrastive_recovery,can,gripper_slip,2,400029,False,True,False,260,32.39367115605075,116.0,0.2366396337747573,-0.2590133845806122,0.8401975631713867,227,4800
contrastive_recovery,can,gripper_slip,3,400030,False,True,False,260,49.51010314680157,144.0,0.2311268299818039,-0.0547122284770011,0.8600571155548096,227,4800
contrastive_recovery,can,gripper_slip,4,400031,False,False,False,260,15.020111383362124,,0.1423594206571579,-0.41219562292099,0.843774676322937,227,4800
contrastive_recovery,can,gripper_slip,5,400032,True,True,True,214,70.67346595199345,112.0,0.1783193945884704,0.3676601648330688,0.8601822853088379,227,4800
contrastive_recovery,can,gripper_slip,6,400033,False,True,False,260,46.081547603511936,151.0,0.23826764523983,-0.2217321693897247,0.8603235483169556,227,4800
contrastive_recovery,can,gripper_slip,7,400034,False,True,False,260,34.708658511883534,110.0,0.1258980929851532,-0.2856228351593017,0.8600547313690186,227,4800
more_demos,milk,nominal,0,400027,True,False,False,65,21.071795525818487,,-0.0219277683645486,0.1556593924760818,0.8979570269584656,227,4800
more_demos,milk,nominal,1,400028,True,False,False,78,24.941551818650595,,-0.0221113208681345,0.1443380117416381,0.8959755897521973,227,4800
more_demos,milk,nominal,2,400029,True,False,False,67,24.81139290386895,,-0.0190039370208978,0.144610196352005,0.8972792625427246,227,4800
more_demos,milk,nominal,3,400030,True,False,False,91,27.486353566496778,,-0.0312702916562557,0.1570990532636642,0.8878570795059204,227,4800
more_demos,milk,nominal,4,400031,True,False,False,76,25.94903668498215,,-0.0248952470719814,0.1563893854618072,0.8916193842887878,227,4800
more_demos,milk,nominal,5,400032,True,False,False,82,27.26853507998079,,-0.0207124706357717,0.1547714471817016,0.8908796310424805,227,4800
more_demos,milk,nominal,6,400033,True,False,False,67,24.94651859099963,,-0.0224890988320112,0.1457356065511703,0.8937710523605347,227,4800
more_demos,milk,nominal,7,400034,True,False,False,77,22.6753238424137,,-0.0297424104064703,0.1827601790428161,0.897848904132843,227,4800
more_demos,milk,object_shift,0,400027,False,True,False,260,2.475152054685801,14.0,0.0088320942595601,-0.1057023704051971,0.8808525204658508,227,4800
more_demos,milk,object_shift,1,400028,True,True,True,80,21.399741715535427,14.0,-0.0447844788432121,0.1776618212461471,0.8983110785484314,227,4800
more_demos,milk,object_shift,2,400029,False,True,False,260,2.011992711264865,14.0,-0.0646649673581123,-0.1095335409045219,0.8808594942092896,227,4800
more_demos,milk,object_shift,3,400030,True,True,True,81,22.384910162354775,14.0,-0.0376739539206028,0.1706379950046539,0.8909916877746582,227,4800
more_demos,milk,object_shift,4,400031,False,True,False,260,2.0193061426610757,14.0,0.007210255600512,-0.185266301035881,0.8808557987213135,227,4800
more_demos,milk,object_shift,5,400032,True,True,True,91,27.173135708171372,14.0,-0.0200101155787706,0.1411774605512619,0.8925833106040955,227,4800
more_demos,milk,object_shift,6,400033,False,True,False,260,1.533734973265299,14.0,0.1939148604869842,-0.1000933498144149,0.8379269242286682,227,4800
more_demos,milk,object_shift,7,400034,True,True,True,84,22.88739428875593,14.0,-0.0490927509963512,0.1972579956054687,0.8901902437210083,227,4800
more_demos,milk,action_noise,0,400027,True,True,True,61,19.38469306479294,8.0,-0.0179309956729412,0.1430593430995941,0.8938952684402466,227,4800
more_demos,milk,action_noise,1,400028,True,True,True,71,21.757968116724623,8.0,-0.0075291721150279,0.1119040176272392,0.8927298188209534,227,4800
more_demos,milk,action_noise,2,400029,True,True,True,65,23.528908861296575,8.0,-0.0139522515237331,0.1460232436656952,0.8957317471504211,227,4800
more_demos,milk,action_noise,3,400030,True,True,True,86,23.571995568032825,8.0,0.0091652283445,0.1406661421060562,0.8990805149078369,227,4800
more_demos,milk,action_noise,4,400031,True,True,True,72,24.09898686669032,8.0,-0.0445461794734001,0.1829975098371505,0.8948109149932861,227,4800
more_demos,milk,action_noise,5,400032,True,True,True,87,28.87411946322422,8.0,-0.0167280975729227,0.1494097709655761,0.8917099237442017,227,4800
more_demos,milk,action_noise,6,400033,True,True,True,79,28.573553419672344,8.0,-0.0452510565519332,0.1478006392717361,0.8922139406204224,227,4800
more_demos,milk,action_noise,7,400034,True,True,True,79,23.441055962632593,8.0,-0.0292758997529745,0.2013355791568756,0.8883188366889954,227,4800
more_demos,milk,action_delay,0,400027,False,True,False,260,4.744374285593856,3.0,0.0944287106394767,-0.1115805208683013,0.8808580040931702,227,4800
more_demos,milk,action_delay,1,400028,False,True,False,260,66.66614190773235,5.0,0.0418543443083763,0.2776827216148376,0.9315950274467468,227,4800
more_demos,milk,action_delay,2,400029,False,True,False,260,1.5723602931496778,5.0,-0.0513215661048889,-0.1634889096021652,0.8809887170791626,227,4800
more_demos,milk,action_delay,3,400030,False,True,False,260,2.2222270717644084,3.0,0.0935949608683586,-0.2857876121997833,0.8379378914833069,227,4800
more_demos,milk,action_delay,4,400031,False,True,False,260,1.256539680662084,3.0,-0.0119817908853292,-0.1923945099115371,0.859828770160675,227,4800
more_demos,milk,action_delay,5,400032,True,True,True,91,25.996757509280485,3.0,-0.0128974271938204,0.1532501727342605,0.8914980292320251,227,4800
more_demos,milk,action_delay,6,400033,False,True,False,260,2.3818652028661553,5.0,0.1972159445285797,-0.1468975394964218,0.8378517031669617,227,4800
more_demos,milk,action_delay,7,400034,False,True,False,260,2.0794000250973736,5.0,0.1759256273508072,-0.0483954846858978,0.8810718655586243,227,4800
more_demos,milk,gripper_slip,0,400027,True,True,True,116,23.855190576420384,38.0,-0.0175229161977767,0.14119753241539,0.8942213654518127,227,4800
more_demos,milk,gripper_slip,1,400028,False,True,False,260,10.312860394325568,43.0,0.1863837391138076,-0.1879632472991943,0.8808509111404419,227,4800
more_demos,milk,gripper_slip,2,400029,False,True,False,260,10.745204772103971,35.0,0.0271160118281841,-0.1266287267208099,0.8378720283508301,227,4800
more_demos,milk,gripper_slip,3,400030,False,True,False,260,7.910880300564137,48.0,0.2193726152181625,-0.218148723244667,0.8808562159538269,227,4800
more_demos,milk,gripper_slip,4,400031,False,True,False,260,62.25217178838145,41.0,0.1107071116566658,-0.0320045165717601,0.9326586723327636,227,4800
more_demos,milk,gripper_slip,5,400032,True,True,True,119,29.445310166370103,43.0,-0.0015741465613245,0.1304017305374145,0.8986188769340515,227,4800
more_demos,milk,gripper_slip,6,400033,False,True,False,260,26.549959561398104,36.0,0.0519796833395957,-0.0274043399840593,0.9181299805641174,227,4800
more_demos,milk,gripper_slip,7,400034,False,True,False,260,8.809559042755483,48.0,0.2117315679788589,-0.217800959944725,0.8379389643669128,227,4800
recovery_bc,milk,nominal,0,400027,True,False,False,81,26.697627830264544,,-0.0244618505239486,0.1414741277694702,0.897438645362854,227,4800
recovery_bc,milk,nominal,1,400028,True,False,False,88,28.737520587665916,,-0.0218079648911952,0.1496187001466751,0.8913612365722656,227,4800
recovery_bc,milk,nominal,2,400029,True,False,False,78,29.59526190211218,,-0.0190054215490818,0.1462157070636749,0.887963593006134,227,4800
recovery_bc,milk,nominal,3,400030,True,False,False,97,29.614737188257983,,-0.0268650148063898,0.139630988240242,0.8927866816520691,227,4800
recovery_bc,milk,nominal,4,400031,True,False,False,80,26.750271114299245,,-0.0231984406709671,0.1474649608135223,0.899352490901947,227,4800
recovery_bc,milk,nominal,5,400032,True,False,False,86,28.00486129399299,,-0.0212977547198534,0.144632950425148,0.898716390132904,227,4800
recovery_bc,milk,nominal,6,400033,True,False,False,72,26.3306469325558,,-0.0233106315135955,0.1381147354841232,0.8927383422851562,227,4800
recovery_bc,milk,nominal,7,400034,True,False,False,89,26.763341153055876,,-0.0323915667831897,0.1768805682659149,0.8901299834251404,227,4800
recovery_bc,milk,object_shift,0,400027,False,True,False,260,7.547355921768553,14.0,0.0091000888496637,-0.1043242216110229,0.8811631202697754,227,4800
recovery_bc,milk,object_shift,1,400028,True,True,True,88,24.19010153259187,14.0,-0.0388524271547794,0.148805633187294,0.8895655870437622,227,4800
recovery_bc,milk,object_shift,2,400029,False,True,False,260,6.6218014816637485,14.0,-0.0569912567734718,-0.1073057129979133,0.8808587193489075,227,4800
recovery_bc,milk,object_shift,3,400030,True,True,True,88,23.67881616584984,14.0,-0.0410686954855918,0.154739037156105,0.8897475004196167,227,4800
recovery_bc,milk,object_shift,4,400031,False,True,False,260,10.519545524512637,14.0,0.037151250988245,-0.0996468663215637,0.8614680767059326,227,4800
recovery_bc,milk,object_shift,5,400032,True,True,True,107,32.277663752037455,14.0,-0.0168418493121862,0.1406501084566116,0.8975334763526917,227,4800
recovery_bc,milk,object_shift,6,400033,False,True,False,260,4.285355125671669,14.0,0.1968755275011062,-0.108610600233078,0.8379343748092651,227,4800
recovery_bc,milk,object_shift,7,400034,True,True,True,88,23.695695502362412,14.0,-0.0388718768954277,0.1637164056301117,0.8987141251564026,227,4800
recovery_bc,milk,action_noise,0,400027,True,True,True,69,20.969172403884684,8.0,-0.0185320917516946,0.1291088163852691,0.8977040648460388,227,4800
recovery_bc,milk,action_noise,1,400028,True,True,True,98,32.2382761774722,8.0,-0.0182815641164779,0.1427448689937591,0.8979277610778809,227,4800
recovery_bc,milk,action_noise,2,400029,True,True,True,73,27.367754907407463,8.0,-0.0078429765999317,0.1477403342723846,0.8928659558296204,227,4800
recovery_bc,milk,action_noise,3,400030,True,True,True,97,29.09441359849197,8.0,0.0037893808912485,0.1555289626121521,0.8947060704231262,227,4800
recovery_bc,milk,action_noise,4,400031,True,True,True,80,26.355235498626445,8.0,-0.0352816842496395,0.1212245896458625,0.8987640142440796,227,4800
recovery_bc,milk,action_noise,5,400032,True,True,True,86,28.493672496105237,8.0,-0.0147362714633345,0.1369239389896392,0.8913261890411377,227,4800
recovery_bc,milk,action_noise,6,400033,True,True,True,74,26.21264194676978,8.0,-0.0506306141614913,0.1359679847955703,0.898145318031311,227,4800
recovery_bc,milk,action_noise,7,400034,True,True,True,80,22.75934238882991,8.0,-0.0287911556661129,0.1636071056127548,0.8927114009857178,227,4800
recovery_bc,milk,action_delay,0,400027,False,True,False,260,6.283856150209412,3.0,0.2085157483816146,-0.1010932326316833,0.851437509059906,227,4800
recovery_bc,milk,action_delay,1,400028,False,True,False,260,3.4546229896392404,5.0,0.1230492517352104,-0.2012869566679,0.8808557987213135,227,4800
recovery_bc,milk,action_delay,2,400029,False,True,False,260,5.686711167053972,5.0,-0.0539681017398834,-0.1782956570386886,0.8819922208786011,227,4800
recovery_bc,milk,action_delay,3,400030,False,True,False,260,21.236080798922885,3.0,0.021066827699542,-0.092853158712387,0.850525438785553,227,4800
recovery_bc,milk,action_delay,4,400031,True,True,True,122,36.183373130478785,3.0,0.0110566392540931,0.1179347112774849,0.8912256360054016,227,4800
recovery_bc,milk,action_delay,5,400032,False,True,False,260,68.0044804082712,3.0,-0.0245323032140731,-0.2556322813034057,0.8666195273399353,227,4800
recovery_bc,milk,action_delay,6,400033,False,True,False,260,3.892665174397079,5.0,0.0346027165651321,-0.1463590711355209,0.8808544874191284,227,4800
recovery_bc,milk,action_delay,7,400034,False,True,False,260,1.398662642345564,5.0,0.0846708044409751,-0.0886756777763366,0.8379326462745667,227,4800
recovery_bc,milk,gripper_slip,0,400027,False,True,False,260,33.314312049535786,54.0,0.0546253025531768,-0.0659778416156768,0.8760699033737183,227,4800
recovery_bc,milk,gripper_slip,1,400028,True,True,True,115,31.62655575359822,52.0,-0.0152065521106123,0.1392499953508377,0.8876978754997253,227,4800
recovery_bc,milk,gripper_slip,2,400029,False,True,False,260,19.650919853605348,45.0,0.0285374093800783,-0.1288606375455856,0.8379378914833069,227,4800
recovery_bc,milk,gripper_slip,3,400030,False,True,False,260,12.855319351184257,54.0,0.136427104473114,-0.2175439596176147,0.8378755450248718,227,4800
recovery_bc,milk,gripper_slip,4,400031,False,True,False,260,29.412851163067664,45.0,0.0745576471090316,-0.0518741458654403,0.8730798363685608,227,4800
recovery_bc,milk,gripper_slip,5,400032,True,True,True,124,35.17632200101816,47.0,-0.0099853929132223,0.1393554955720901,0.9001986980438232,227,4800
recovery_bc,milk,gripper_slip,6,400033,True,True,True,98,29.253939480590763,40.0,-0.0072082984261214,0.1286748647689819,0.8955957293510437,227,4800
recovery_bc,milk,gripper_slip,7,400034,True,True,True,121,31.38169026166877,60.0,-0.017433239147067,0.1505135744810104,0.8952364921569824,227,4800
contrastive_recovery,milk,nominal,0,400027,True,False,False,102,33.64474675596701,,-0.0096976738423109,0.1358461529016494,0.888745903968811,227,4800
contrastive_recovery,milk,nominal,1,400028,True,False,False,116,38.22573789330586,,-0.0086701791733503,0.1384904235601425,0.8921220898628235,227,4800
contrastive_recovery,milk,nominal,2,400029,True,False,False,119,42.715563478126384,,-0.0180061142891645,0.135538175702095,0.8996418714523315,227,4800
contrastive_recovery,milk,nominal,3,400030,True,False,False,137,43.447052406051455,,-0.0184475593268871,0.135516807436943,0.8928118348121643,227,4800
contrastive_recovery,milk,nominal,4,400031,True,False,False,114,39.04438221505231,,-0.0137324398383498,0.1289892792701721,0.8963635563850403,227,4800
contrastive_recovery,milk,nominal,5,400032,True,False,False,123,40.95138172244346,,-0.0093634221702814,0.1382856667041778,0.8989191651344299,227,4800
contrastive_recovery,milk,nominal,6,400033,True,False,False,111,39.25161814123125,,-0.0088140293955802,0.1383829563856125,0.8938968777656555,227,4800
contrastive_recovery,milk,nominal,7,400034,True,False,False,115,34.96015770533598,,-0.0124810459092259,0.1630020141601562,0.8960283994674683,227,4800
contrastive_recovery,milk,object_shift,0,400027,False,True,False,260,6.479037601872546,14.0,0.0088320942595601,-0.1057023704051971,0.8808525204658508,227,4800
contrastive_recovery,milk,object_shift,1,400028,True,True,True,128,37.21014968180401,14.0,-0.0191233400255441,0.129391998052597,0.8895664215087891,227,4800
contrastive_recovery,milk,object_shift,2,400029,False,True,False,260,4.315289013126041,14.0,-0.0646931231021881,-0.1095866784453392,0.8808521628379822,227,4800
contrastive_recovery,milk,object_shift,3,400030,True,True,True,132,38.18834225287328,14.0,-0.0175887066870927,0.1340722441673278,0.8912404179573059,227,4800
contrastive_recovery,milk,object_shift,4,400031,False,True,False,260,6.564271036003156,14.0,0.0071479375474154,-0.1852155774831771,0.8808526396751404,227,4800
contrastive_recovery,milk,object_shift,5,400032,False,True,False,260,82.44163711464299,14.0,0.0210124626755714,-0.0275982562452554,0.8777100443840027,227,4800
contrastive_recovery,milk,object_shift,6,400033,False,True,False,260,3.0198352030500497,14.0,0.1940319836139679,-0.1001371145248413,0.8379336595535278,227,4800
contrastive_recovery,milk,object_shift,7,400034,True,True,True,127,36.7903614052275,14.0,-0.0180130787193775,0.1505206972360611,0.8919910788536072,227,4800
contrastive_recovery,milk,action_noise,0,400027,True,True,True,85,26.837577411951457,8.0,-0.0214874614030122,0.1312170624732971,0.8946965932846069,227,4800
contrastive_recovery,milk,action_noise,1,400028,True,True,True,105,33.91712370818398,8.0,-0.0226868242025375,0.1300289034843444,0.8960421085357666,227,4800
contrastive_recovery,milk,action_noise,2,400029,True,True,True,97,36.25923091266625,8.0,-0.0070267780683934,0.152402177453041,0.8963897824287415,227,4800
contrastive_recovery,milk,action_noise,3,400030,True,True,True,106,32.923020060257855,8.0,-0.0038443345110863,0.1744970083236694,0.8985608816146851,227,4800
contrastive_recovery,milk,action_noise,4,400031,True,True,True,86,28.68799436701275,8.0,-0.0447368659079074,0.1402126848697662,0.8938234448432922,227,4800
contrastive_recovery,milk,action_noise,5,400032,True,True,True,101,33.381511232220156,8.0,-0.0262044984847307,0.1598843336105346,0.8905262351036072,227,4800
contrastive_recovery,milk,action_noise,6,400033,True,True,True,122,43.84867387947381,8.0,-0.0316981971263885,0.1119654700160026,0.8964115977287292,227,4800
contrastive_recovery,milk,action_noise,7,400034,True,True,True,109,32.80888833530456,8.0,-0.0233971048146486,0.1623684018850326,0.890590488910675,227,4800
contrastive_recovery,milk,action_delay,0,400027,False,True,False,260,6.117188078311558,3.0,0.184430330991745,-0.1026650220155716,0.8378701210021973,227,4800
contrastive_recovery,milk,action_delay,1,400028,False,True,False,260,1.035771584404881,5.0,0.0247985422611236,-0.2008385956287384,0.8379378914833069,227,4800
contrastive_recovery,milk,action_delay,2,400029,False,True,False,260,6.866196325990476,5.0,0.0812541767954826,-0.1373451501131057,0.8379336595535278,227,4800
contrastive_recovery,milk,action_delay,3,400030,False,True,False,260,61.47860969660611,3.0,-0.0626010298728942,-0.0619008652865886,0.884032666683197,227,4800
contrastive_recovery,milk,action_delay,4,400031,True,True,True,131,36.28237116695483,3.0,-0.0181674007326364,0.1228387728333473,0.8879485130310059,227,4800
contrastive_recovery,milk,action_delay,5,400032,False,True,False,260,3.5358511034136484,3.0,0.235887810587883,-0.248311847448349,0.8743054866790771,227,4800
contrastive_recovery,milk,action_delay,6,400033,False,True,False,260,1.265281285192966,5.0,-0.0510255843400955,-0.1512860804796219,0.8814665675163269,227,4800
contrastive_recovery,milk,action_delay,7,400034,False,True,False,260,1.482431564405844,5.0,0.0930551812052726,-0.0880576744675636,0.8379336595535278,227,4800
contrastive_recovery,milk,gripper_slip,0,400027,False,True,False,260,18.927291015357103,71.0,0.0535496659576892,-0.1352495700120926,0.8808563947677612,227,4800
contrastive_recovery,milk,gripper_slip,1,400028,False,True,False,260,20.519371226571312,77.0,0.2459510862827301,-0.1984219253063202,0.88099205493927,227,4800
contrastive_recovery,milk,gripper_slip,2,400029,False,True,False,260,25.426320506169716,83.0,-0.021206809207797,-0.1635434776544571,0.8808562159538269,227,4800
contrastive_recovery,milk,gripper_slip,3,400030,False,True,False,260,22.75553148081967,89.0,0.156067356467247,-0.2687644958496094,0.8379378914833069,227,4800
contrastive_recovery,milk,gripper_slip,4,400031,False,True,False,260,20.63945763776071,75.0,-0.0109814256429672,-0.2226523607969284,0.8582196235656738,227,4800
contrastive_recovery,milk,gripper_slip,5,400032,False,True,False,260,78.00276212075943,80.0,0.1208027079701423,-0.4444600641727447,0.8854061365127563,227,4800
contrastive_recovery,milk,gripper_slip,6,400033,True,True,True,137,41.48709967628925,77.0,-0.0199579130858182,0.135155901312828,0.894586980342865,227,4800
contrastive_recovery,milk,gripper_slip,7,400034,False,True,False,260,21.45136851871392,85.0,0.1527668386697769,-0.1594961881637573,0.8378520011901855,227,4800
more_demos,bread,nominal,0,400027,True,False,False,115,44.236091169830694,,0.1993933618068695,0.1616798639297485,0.8421920537948608,227,4800
more_demos,bread,nominal,1,400028,True,False,False,129,44.223547997594686,,0.1818732470273971,0.1630591005086898,0.8421725034713745,227,4800
more_demos,bread,nominal,2,400029,False,False,False,260,14.42975383750294,,0.0820447504520416,-0.0858870819211006,0.8421904444694519,227,4800
more_demos,bread,nominal,3,400030,True,False,False,114,41.619590671281024,,0.178090363740921,0.1590282917022705,0.8421910405158997,227,4800
more_demos,bread,nominal,4,400031,True,False,False,149,51.350066641396026,,0.1744101047515869,0.1685948818922042,0.8421904444694519,227,4800
more_demos,bread,nominal,5,400032,True,False,False,130,45.13003850143394,,0.1801834851503372,0.1579567939043045,0.8421684503555298,227,4800
more_demos,bread,nominal,6,400033,True,False,False,124,40.874779744771345,,0.1886764466762542,0.1795870065689087,0.8421481251716614,227,4800
more_demos,bread,nominal,7,400034,True,False,False,111,41.49454006439446,,0.1872648298740387,0.1506204605102539,0.8421929478645325,227,4800
more_demos,bread,object_shift,0,400027,True,True,True,118,43.3056252385363,14.0,0.1886308938264846,0.1794153451919555,0.8421855568885803,227,4800
more_demos,bread,object_shift,1,400028,True,True,True,168,58.93179318190794,14.0,0.1672748029232025,0.1630829423666,0.8421670198440552,227,4800
more_demos,bread,object_shift,2,400029,False,True,False,260,3.059671671630804,14.0,-0.0101149221882224,-0.0999369993805885,0.8421643376350403,227,4800
more_demos,bread,object_shift,3,400030,False,True,False,260,7.503393912059197,14.0,0.1951955556869506,-0.0978019461035728,0.8421919345855713,227,4800
more_demos,bread,object_shift,4,400031,False,True,False,260,5.623003983923318,14.0,0.1288320124149322,-0.2297605723142624,0.8421939015388489,227,4800
more_demos,bread,object_shift,5,400032,False,True,False,260,7.196011641589598,14.0,0.0119445296004414,-0.4254890382289886,0.8421630859375,227,4800
more_demos,bread,object_shift,6,400033,True,True,True,123,43.41711708192368,14.0,0.1769477576017379,0.1592327803373336,0.842190682888031,227,4800
more_demos,bread,object_shift,7,400034,False,True,False,260,6.067644127817757,14.0,0.1357281655073166,-0.3142344951629638,0.8421908617019653,227,4800
more_demos,bread,action_noise,0,400027,True,True,True,100,35.923782127121164,8.0,0.1822668313980102,0.1224598065018653,0.8407032489776611,227,4800
more_demos,bread,action_noise,1,400028,True,True,True,131,43.83117422633512,8.0,0.1893852204084396,0.1226819604635238,0.842171311378479,227,4800
more_demos,bread,action_noise,2,400029,False,True,False,260,12.21800278270984,8.0,0.0857091769576072,-0.0836811363697052,0.8421684503555298,227,4800
more_demos,bread,action_noise,3,400030,False,True,False,260,7.239518310213469,8.0,0.1413457691669464,-0.1869628131389618,0.8421643376350403,227,4800
more_demos,bread,action_noise,4,400031,False,True,False,260,6.795084660051758,8.0,0.2120586782693863,-0.2614032626152038,0.8421919941902161,227,4800
more_demos,bread,action_noise,5,400032,True,True,True,115,36.79607835214631,8.0,0.2040082514286041,0.1891897916793823,0.843029797077179,227,4800
more_demos,bread,action_noise,6,400033,True,True,True,119,38.62279348179677,8.0,0.1894772201776504,0.1494652181863784,0.8421895503997803,227,4800
more_demos,bread,action_noise,7,400034,False,True,False,260,4.887377633680592,8.0,0.0791689604520797,-0.2355125397443771,0.8421910405158997,227,4800
more_demos,bread,action_delay,0,400027,False,True,False,260,7.640270721967135,3.0,-0.0049976422451436,-0.2537839412689209,0.8421635031700134,227,4800
more_demos,bread,action_delay,1,400028,False,True,False,260,5.12038813507519,5.0,0.165652722120285,-0.357459008693695,0.8422002792358398,227,4800
more_demos,bread,action_delay,2,400029,True,True,True,121,34.96403063177231,5.0,0.2366682738065719,0.1544965356588363,0.8571150302886963,227,4800
more_demos,bread,action_delay,3,400030,False,True,False,260,8.29910317963009,3.0,0.1038600504398346,-0.1700173318386078,0.8421953916549683,227,4800
more_demos,bread,action_delay,4,400031,False,True,False,260,4.827560428007854,3.0,0.1802905797958374,-0.2408365309238433,0.8421800136566162,227,4800
more_demos,bread,action_delay,5,400032,False,True,False,260,45.96424674062243,3.0,0.2640393674373626,0.4479343891143799,0.8421713709831238,227,4800
more_demos,bread,action_delay,6,400033,False,True,False,260,6.4235499674298495,5.0,-0.0529182739555835,-0.3393466472625732,0.8421904444694519,227,4800
more_demos,bread,action_delay,7,400034,False,True,False,260,65.71595762208965,5.0,0.2425865232944488,0.4936341345310211,0.8508993983268738,227,4800
more_demos,bread,gripper_slip,0,400027,False,True,False,260,12.610154752885409,49.0,-0.054947342723608,-0.2634536623954773,0.8421794176101685,227,4800
more_demos,bread,gripper_slip,1,400028,False,True,False,260,11.933338222391436,58.0,0.2419344335794448,-0.3582422733306885,0.8422163724899292,227,4800
more_demos,bread,gripper_slip,2,400029,False,False,False,260,14.42975383750294,,0.0820447504520416,-0.0858870819211006,0.8421904444694519,227,4800
more_demos,bread,gripper_slip,3,400030,False,True,False,260,12.660907689447924,55.0,0.1862536519765854,-0.1082754954695701,0.8421878814697266,227,4800
more_demos,bread,gripper_slip,4,400031,False,True,False,260,15.089488613665688,73.0,0.1675247400999069,-0.2378353923559188,0.8421645760536194,227,4800
more_demos,bread,gripper_slip,5,400032,False,True,False,260,7.876965317527177,55.0,0.0042146015912294,-0.4303846657276153,0.8421919941902161,227,4800
more_demos,bread,gripper_slip,6,400033,False,True,False,260,12.746444038300307,58.0,0.0323706604540348,-0.3302667140960693,0.8421999216079712,227,4800
more_demos,bread,gripper_slip,7,400034,False,True,False,260,12.098348015651489,47.0,0.1221291199326515,-0.299716591835022,0.8421937227249146,227,4800
recovery_bc,bread,nominal,0,400027,True,False,False,119,44.49054523556886,,0.1986599564552307,0.1669519990682602,0.8421919345855713,227,4800
recovery_bc,bread,nominal,1,400028,True,False,False,233,83.63772375427709,,0.187239408493042,0.1576272100210189,0.8421699404716492,227,4800
recovery_bc,bread,nominal,2,400029,True,False,False,199,57.75803407112291,,0.1727460026741027,0.1515217870473861,0.8421910405158997,227,4800
recovery_bc,bread,nominal,3,400030,True,False,False,149,53.34073322559444,,0.1763995736837387,0.1625901609659195,0.8422163724899292,227,4800
recovery_bc,bread,nominal,4,400031,True,False,False,159,54.743076742446654,,0.1733791381120681,0.1630668640136718,0.8421908617019653,227,4800
recovery_bc,bread,nominal,5,400032,True,False,False,131,45.71753945378855,,0.1874140202999115,0.1525200456380844,0.8422023057937622,227,4800
recovery_bc,bread,nominal,6,400033,True,False,False,133,44.47296611123494,,0.1979325860738754,0.1771551072597503,0.8420132398605347,227,4800
recovery_bc,bread,nominal,7,400034,True,False,False,120,44.870094765905165,,0.1838974952697754,0.16293366253376,0.8421839475631714,227,4800
recovery_bc,bread,object_shift,0,400027,True,True,True,123,46.30029911300019,14.0,0.1977123916149139,0.1688978672027588,0.8421720862388611,227,4800
recovery_bc,bread,object_shift,1,400028,True,True,True,182,59.367769286202126,14.0,0.1477261185646057,0.1940254867076873,0.8430886268615723,227,4800
recovery_bc,bread,object_shift,2,400029,False,True,False,260,8.138437371358137,14.0,-0.0101149221882224,-0.0999369993805885,0.8421643376350403,227,4800
recovery_bc,bread,object_shift,3,400030,True,True,True,214,59.18437634683379,14.0,0.1750041246414184,0.1502892225980758,0.8421885371208191,227,4800
recovery_bc,bread,object_shift,4,400031,True,True,True,141,51.20496099785565,14.0,0.1790638864040374,0.1658908724784851,0.8421972393989563,227,4800
recovery_bc,bread,object_shift,5,400032,False,True,False,260,8.531036296800647,14.0,0.0106510296463966,-0.433173269033432,0.8421655893325806,227,4800
recovery_bc,bread,object_shift,6,400033,True,True,True,129,44.97338993136616,14.0,0.181307852268219,0.1564278900623321,0.842177152633667,227,4800
recovery_bc,bread,object_shift,7,400034,True,True,True,193,68.80347007640995,14.0,0.1825427561998367,0.1556912064552307,0.8421904444694519,227,4800
recovery_bc,bread,action_noise,0,400027,True,True,True,119,41.6953440257085,8.0,0.1684506386518478,0.1077302321791648,0.8421890139579773,227,4800
recovery_bc,bread,action_noise,1,400028,True,True,True,132,41.98602678637218,8.0,0.1933128535747528,0.1253494471311569,0.8421995639801025,227,4800
recovery_bc,bread,action_noise,2,400029,True,True,True,131,28.16381128856879,8.0,0.1543766260147094,0.1390687972307205,0.8406304121017456,227,4800
recovery_bc,bread,action_noise,3,400030,True,True,True,97,32.57935080539521,8.0,0.2068376392126083,0.1680409759283065,0.8421857953071594,227,4800
recovery_bc,bread,action_noise,4,400031,True,True,True,111,36.34442294907286,8.0,0.1642797142267227,0.1294099539518356,0.8421929478645325,227,4800
recovery_bc,bread,action_noise,5,400032,True,True,True,118,37.98443547288093,8.0,0.2062024921178817,0.1810522824525833,0.842344343662262,227,4800
recovery_bc,bread,action_noise,6,400033,True,True,True,122,38.4489719646915,8.0,0.1901650726795196,0.1241798996925354,0.8455230593681335,227,4800
recovery_bc,bread,action_noise,7,400034,True,True,True,123,45.99038263259019,8.0,0.1882422417402267,0.1501427441835403,0.8421904444694519,227,4800
recovery_bc,bread,action_delay,0,400027,False,True,False,260,50.65088798944148,3.0,0.2011912018060684,0.489068865776062,0.8421958684921265,227,4800
recovery_bc,bread,action_delay,1,400028,False,True,False,260,75.29572044588373,5.0,0.223861739039421,0.0690314397215843,0.9529957175254822,227,4800
recovery_bc,bread,action_delay,2,400029,False,True,False,260,62.5895153117803,5.0,0.2478067576885223,-0.0937997549772262,0.8584723472595215,227,4800
recovery_bc,bread,action_delay,3,400030,False,True,False,260,54.23046460155187,3.0,0.231448084115982,0.4909526705741882,0.8421684503555298,227,4800
recovery_bc,bread,action_delay,4,400031,False,True,False,260,54.934538528420305,3.0,0.1429402530193328,-0.2675005495548248,0.879701554775238,227,4800
recovery_bc,bread,action_delay,5,400032,False,True,False,260,66.83609478958364,3.0,0.258673757314682,0.4609410762786865,0.8421684503555298,227,4800
recovery_bc,bread,action_delay,6,400033,False,True,False,260,31.465711195263967,5.0,0.0010201749391853,-0.2049802988767624,0.9244391918182372,227,4800
recovery_bc,bread,action_delay,7,400034,False,True,False,260,10.145605105251612,5.0,0.0941016748547554,-0.2318042516708374,0.8421908617019653,227,4800
recovery_bc,bread,gripper_slip,0,400027,False,True,False,260,14.010684727431668,54.0,-0.0436371862888336,-0.2639900743961334,0.8421655893325806,227,4800
recovery_bc,bread,gripper_slip,1,400028,True,True,True,234,73.30868671523118,75.0,0.1775011122226715,0.1610402911901474,0.8421720862388611,227,4800
recovery_bc,bread,gripper_slip,2,400029,False,True,False,260,31.212837667821113,146.0,0.1237038075923919,-0.0779976397752761,0.8421670198440552,227,4800
recovery_bc,bread,gripper_slip,3,400030,False,True,False,260,25.204089404182625,87.0,0.2005572319030761,-0.1162011176347732,0.8421670198440552,227,4800
recovery_bc,bread,gripper_slip,4,400031,False,True,False,260,23.359962189655615,89.0,0.167811170220375,-0.2504369616508484,0.8421655893325806,227,4800
recovery_bc,bread,gripper_slip,5,400032,False,True,False,260,15.59815117004491,57.0,0.0023173354566097,-0.4306376874446869,0.8421738743782043,227,4800
recovery_bc,bread,gripper_slip,6,400033,False,True,False,260,17.74612400693773,67.0,0.0333871319890022,-0.3277458846569061,0.8421630859375,227,4800
recovery_bc,bread,gripper_slip,7,400034,True,True,True,185,60.14228385593589,56.0,0.1833256334066391,0.1597204357385635,0.8422163128852844,227,4800
contrastive_recovery,bread,nominal,0,400027,True,False,False,196,69.01980820161732,,0.1964726895093917,0.2122045010328292,0.8415664434432983,227,4800
contrastive_recovery,bread,nominal,1,400028,False,False,False,260,79.2276842579508,,0.1221941411495208,-0.391042947769165,0.8417335748672485,227,4800
contrastive_recovery,bread,nominal,2,400029,False,False,False,260,52.457631551349095,,0.0790339708328247,-0.0375264100730419,0.8388576507568359,227,4800
contrastive_recovery,bread,nominal,3,400030,False,False,False,260,81.8879406165488,,0.1694168001413345,-0.1579502373933792,0.940773606300354,227,4800
contrastive_recovery,bread,nominal,4,400031,False,False,False,260,78.92219986489013,,0.0750777125358581,-0.3873520493507385,0.8418267369270325,227,4800
contrastive_recovery,bread,nominal,5,400032,False,False,False,260,78.9388724250127,,0.1248233541846275,-0.1982216387987136,0.9351054430007936,227,4800
contrastive_recovery,bread,nominal,6,400033,True,False,False,214,73.83067605825886,,0.1989866495132446,0.2018381506204605,0.8421910405158997,227,4800
contrastive_recovery,bread,nominal,7,400034,False,False,False,260,82.40545217763379,,0.0228155385702848,-0.3280620276927948,0.954321026802063,227,4800
contrastive_recovery,bread,object_shift,0,400027,True,True,True,216,77.77160303666273,14.0,0.1865496188402176,0.2105492800474167,0.8421362638473511,227,4800
contrastive_recovery,bread,object_shift,1,400028,False,True,False,260,77.54399612250232,14.0,0.2061526775360107,-0.3893578052520752,0.8420602679252625,227,4800
contrastive_recovery,bread,object_shift,2,400029,False,True,False,260,5.077550495734436,14.0,-0.0101149221882224,-0.0999369993805885,0.8421643376350403,227,4800
contrastive_recovery,bread,object_shift,3,400030,False,True,False,260,63.40383093979133,14.0,0.1986427903175354,-0.074104718863964,0.8449557423591614,227,4800
contrastive_recovery,bread,object_shift,4,400031,False,True,False,260,81.61243284623188,14.0,-0.034070149064064,-0.3879016935825348,0.8434050679206848,227,4800
contrastive_recovery,bread,object_shift,5,400032,False,True,False,260,21.93018952957261,14.0,0.020917261019349,-0.4406758248806,0.8421910405158997,227,4800
contrastive_recovery,bread,object_shift,6,400033,False,True,False,260,79.25675524534635,14.0,-0.0295005645602941,-0.388599157333374,0.8439621925354004,227,4800
contrastive_recovery,bread,object_shift,7,400034,False,True,False,260,79.7532782645876,14.0,0.0511579811573028,-0.3887082040309906,0.8419048190116882,227,4800
contrastive_recovery,bread,action_noise,0,400027,True,True,True,152,50.91041136773936,8.0,0.1859339624643325,0.1229711696505546,0.8458454608917236,227,4800
contrastive_recovery,bread,action_noise,1,400028,True,True,True,180,61.58853839671679,8.0,0.1670558750629425,0.1858459413051605,0.8421699404716492,227,4800
contrastive_recovery,bread,action_noise,2,400029,True,True,True,107,35.17158162883567,8.0,0.1629181802272796,0.104302130639553,0.8404654264450073,227,4800
contrastive_recovery,bread,action_noise,3,400030,False,True,False,260,6.919485858095172,8.0,0.1243707984685897,-0.1912905573844909,0.8422163128852844,227,4800
contrastive_recovery,bread,action_noise,4,400031,True,True,True,101,29.926591303613996,8.0,0.1545999944210052,0.1325371712446212,0.8402629494667053,227,4800
contrastive_recovery,bread,action_noise,5,400032,False,True,False,260,80.70323148548209,8.0,0.1392024904489517,-0.3259923756122589,0.986962914466858,227,4800
contrastive_recovery,bread,action_noise,6,400033,True,True,True,211,72.24766995922735,8.0,0.2153812944889068,0.1382063031196594,0.8421942591667175,227,4800
contrastive_recovery,bread,action_noise,7,400034,True,True,True,187,63.73025346809207,8.0,0.198506012558937,0.1085391342639923,0.8421840071678162,227,4800
contrastive_recovery,bread,action_delay,0,400027,False,True,False,260,82.73601826561945,3.0,0.0643138885498046,-0.2762245535850525,0.9279356598854064,227,4800
contrastive_recovery,bread,action_delay,1,400028,False,True,False,260,72.1363378630608,5.0,0.0318668819963932,-0.3867648541927337,0.8446230888366699,227,4800
contrastive_recovery,bread,action_delay,2,400029,False,True,False,260,57.81883647591938,5.0,0.0734350681304931,-0.0654529109597206,0.8455199003219604,227,4800
contrastive_recovery,bread,action_delay,3,400030,False,True,False,260,5.033204984107355,3.0,0.1593985110521316,-0.1548787504434585,0.8421645760536194,227,4800
contrastive_recovery,bread,action_delay,4,400031,False,True,False,260,6.470381937720297,3.0,0.2172114104032516,-0.2285417020320892,0.8421919941902161,227,4800
contrastive_recovery,bread,action_delay,5,400032,False,True,False,260,60.99411328250304,3.0,0.0688844621181488,-0.4002099633216858,0.8421655893325806,227,4800
contrastive_recovery,bread,action_delay,6,400033,False,True,False,260,11.928118075332922,5.0,-0.0441289395093917,-0.3581890761852264,0.8420790433883667,227,4800
contrastive_recovery,bread,action_delay,7,400034,False,True,False,260,76.90681259060219,5.0,-0.0377250052988529,-0.3873180150985718,0.85744309425354,227,4800
contrastive_recovery,bread,gripper_slip,0,400027,False,True,False,260,35.14899292617126,126.0,-0.3188581168651581,-0.3348534107208252,0.3411873877048492,227,4800
contrastive_recovery,bread,gripper_slip,1,400028,False,False,False,260,79.2276842579508,,0.1221941411495208,-0.391042947769165,0.8417335748672485,227,4800
contrastive_recovery,bread,gripper_slip,2,400029,False,False,False,260,52.457631551349095,,0.0790339708328247,-0.0375264100730419,0.8388576507568359,227,4800
contrastive_recovery,bread,gripper_slip,3,400030,False,True,False,260,71.99488852703507,231.0,0.0100633520632982,-0.3253743052482605,0.8421903252601624,227,4800
contrastive_recovery,bread,gripper_slip,4,400031,False,False,False,260,78.92219986489013,,0.0750777125358581,-0.3873520493507385,0.8418267369270325,227,4800
contrastive_recovery,bread,gripper_slip,5,400032,False,True,False,260,70.51911818435623,235.0,-0.0488696284592151,-0.4310823380947113,0.8421972990036011,227,4800
contrastive_recovery,bread,gripper_slip,6,400033,False,True,False,260,38.92736891203589,137.0,0.0041929292492568,-0.3525370955467224,0.8421655893325806,227,4800
contrastive_recovery,bread,gripper_slip,7,400034,False,True,False,260,77.31045125020809,245.0,-0.0086619248613715,-0.4313930571079254,0.8421908020973206,227,4800
more_demos,cereal,nominal,0,400027,True,False,False,108,40.417699449468586,,-0.0181179903447628,0.4076146781444549,0.8986525535583496,227,4800
more_demos,cereal,nominal,1,400028,True,False,False,109,35.901085640696856,,-0.017737166956067,0.401541531085968,0.8992577791213989,227,4800
more_demos,cereal,nominal,2,400029,True,False,False,125,42.312847175578405,,-0.0105623146519064,0.4090029895305633,0.8973203897476196,227,4800
more_demos,cereal,nominal,3,400030,True,False,False,108,40.49246239484433,,-0.0224481262266635,0.413527250289917,0.8976360559463501,227,4800
more_demos,cereal,nominal,4,400031,True,False,False,113,42.273339097691384,,-0.0025939457118511,0.4048565626144409,0.8963061571121216,227,4800
more_demos,cereal,nominal,5,400032,True,False,False,120,39.881632577048826,,-0.020508149638772,0.4006097614765167,0.899927020072937,227,4800
more_demos,cereal,nominal,6,400033,True,False,False,108,38.09911179058154,,-0.0158707462251186,0.4123893082141876,0.8957982659339905,227,4800
more_demos,cereal,nominal,7,400034,True,False,False,109,36.00329113431066,,-0.0181520078331232,0.4065786898136139,0.8997568488121033,227,4800
more_demos,cereal,object_shift,0,400027,False,True,False,260,2.5168757104539856,14.0,0.1298252195119857,-0.2266950607299804,0.8689994215965271,227,4800
more_demos,cereal,object_shift,1,400028,False,True,False,260,1.6131679326775512,14.0,0.2391864359378814,-0.2288806587457656,0.8946452736854553,227,4800
more_demos,cereal,object_shift,2,400029,True,True,True,123,43.68942138096113,14.0,-0.0303624458611011,0.3704333305358886,0.8967639207839966,227,4800
more_demos,cereal,object_shift,3,400030,False,True,False,260,2.164194131033127,14.0,0.1513896733522415,-0.240051195025444,0.8308033347129822,227,4800
more_demos,cereal,object_shift,4,400031,True,True,True,120,41.45962119492312,14.0,-0.039100494235754,0.3662625551223755,0.8999603986740112,227,4800
more_demos,cereal,object_shift,5,400032,False,True,False,260,2.415635484077471,14.0,0.1855095326900482,-0.3412583768367767,0.8307222127914429,227,4800
more_demos,cereal,object_shift,6,400033,True,True,True,107,33.20629202933487,14.0,-0.0148694878444075,0.40889373421669,0.8994024395942688,227,4800
more_demos,cereal,object_shift,7,400034,False,True,False,260,43.47845411721127,14.0,-0.1606365442276001,0.6775854229927063,0.0749371871352195,227,4800
more_demos,cereal,action_noise,0,400027,True,True,True,106,39.41613369277933,8.0,-0.0241027288138866,0.3700666427612304,0.8956655859947205,227,4800
more_demos,cereal,action_noise,1,400028,True,True,True,113,36.56531912106723,8.0,-0.0302626863121986,0.385906845331192,0.8952570557594299,227,4800
more_demos,cereal,action_noise,2,400029,True,True,True,121,39.45612798859476,8.0,-0.0168062094599008,0.3784550428390503,0.8979924321174622,227,4800
more_demos,cereal,action_noise,3,400030,True,True,True,108,40.930672056189366,8.0,0.0218514595180749,0.4298747479915619,0.8941375613212585,227,4800
more_demos,cereal,action_noise,4,400031,True,True,True,116,43.6877518776143,8.0,-0.0375679954886436,0.3782112896442413,0.8944061994552612,227,4800
more_demos,cereal,action_noise,5,400032,True,True,True,117,38.02931950183929,8.0,-0.0073018614202737,0.3572940826416015,0.8958213329315186,227,4800
more_demos,cereal,action_noise,6,400033,True,True,True,102,33.55832896952822,8.0,-0.0062844613566994,0.3777652680873871,0.8999021649360657,227,4800
more_demos,cereal,action_noise,7,400034,True,True,True,116,37.76343920574123,8.0,-0.0163980480283498,0.3949121832847595,0.8954955339431763,227,4800
more_demos,cereal,action_delay,0,400027,False,True,False,260,0.4373440332779569,3.0,0.0960095450282096,-0.2253081649541854,0.8946301937103271,227,4800
more_demos,cereal,action_delay,1,400028,False,True,False,260,0.7907639378476312,5.0,0.1887874752283096,-0.1578646153211593,0.8307477235794067,227,4800
more_demos,cereal,action_delay,2,400029,False,True,False,260,1.4801898061930423,5.0,0.1284893304109573,-0.4161789119243622,0.8670197129249573,227,4800
more_demos,cereal,action_delay,3,400030,False,True,False,260,0.4219885030498845,3.0,0.0910638719797134,-0.2286857664585113,0.8946301937103271,227,4800
more_demos,cereal,action_delay,4,400031,True,True,True,129,43.28059574459377,3.0,0.0040429811924695,0.4444111883640289,0.8958383798599243,227,4800
more_demos,cereal,action_delay,5,400032,False,True,False,260,0.3094139674422387,3.0,0.1892033368349075,-0.3372191488742828,0.8946301937103271,227,4800
more_demos,cereal,action_delay,6,400033,False,True,False,260,0.8932012529209209,5.0,0.1494414359331131,-0.2244300544261932,0.8946301937103271,227,4800
more_demos,cereal,action_delay,7,400034,False,True,False,260,1.2927376773636354,5.0,0.1843997538089752,-0.1552974730730056,0.8307211995124817,227,4800
more_demos,cereal,gripper_slip,0,400027,False,True,False,260,8.842836369534295,44.0,0.0266970749944448,-0.235799640417099,0.8946377038955688,227,4800
more_demos,cereal,gripper_slip,1,400028,False,True,False,260,4.716603464121472,45.0,0.2394956350326538,-0.237367182970047,0.894628643989563,227,4800
more_demos,cereal,gripper_slip,2,400029,False,True,False,260,5.18489247780084,48.0,0.0536768659949302,-0.3529298603534698,0.8946356177330017,227,4800
more_demos,cereal,gripper_slip,3,400030,False,True,False,260,7.785176515330461,42.0,0.1273405849933624,-0.1733318865299224,0.8946269750595093,227,4800
more_demos,cereal,gripper_slip,4,400031,False,True,False,260,8.477964209458182,45.0,-0.0196819454431533,-0.2801153361797333,0.8946312665939331,227,4800
more_demos,cereal,gripper_slip,5,400032,False,True,False,260,5.631396474015555,49.0,0.1854346841573715,-0.4079077839851379,0.8946319818496704,227,4800
more_demos,cereal,gripper_slip,6,400033,False,True,False,260,6.513311615561997,43.0,0.2007791399955749,-0.1003671213984489,0.8307462930679321,227,4800
more_demos,cereal,gripper_slip,7,400034,False,True,False,260,4.814734124356394,45.0,0.2182405740022659,-0.2982557713985443,0.8946320414543152,227,4800
recovery_bc,cereal,nominal,0,400027,True,False,False,114,43.27241851760434,,-0.014690812677145,0.3947962522506714,0.8958097100257874,227,4800
recovery_bc,cereal,nominal,1,400028,True,False,False,124,42.22679018118187,,-0.0196346063166856,0.3982196748256683,0.8952334523200989,227,4800
recovery_bc,cereal,nominal,2,400029,True,False,False,133,45.195400966634736,,-0.0125401308760046,0.4203355014324188,0.8961995840072632,227,4800
recovery_bc,cereal,nominal,3,400030,True,False,False,114,43.0998085833417,,-0.0216529332101345,0.4235546588897705,0.8951908946037292,227,4800
recovery_bc,cereal,nominal,4,400031,True,False,False,118,43.995680969341194,,-0.0068998527713119,0.4200563430786133,0.8958984613418579,227,4800
recovery_bc,cereal,nominal,5,400032,True,False,False,132,44.79943743156097,,-0.0160085782408714,0.4239758849143982,0.8959851861000061,227,4800
recovery_bc,cereal,nominal,6,400033,True,False,False,120,42.64513210038886,,-0.0264391526579856,0.4241638779640198,0.8964002132415771,227,4800
recovery_bc,cereal,nominal,7,400034,True,False,False,123,42.15666503782592,,-0.020401882007718,0.4144157469272613,0.8954634070396423,227,4800
recovery_bc,cereal,object_shift,0,400027,True,True,True,112,36.79484822151505,14.0,-0.0328383333981037,0.383459061384201,0.8971332907676697,227,4800
recovery_bc,cereal,object_shift,1,400028,True,True,True,132,43.92468817468839,14.0,-0.0202346965670585,0.4105370342731476,0.894848644733429,227,4800
recovery_bc,cereal,object_shift,2,400029,True,True,True,120,42.62743356092011,14.0,-0.0175100602209568,0.3950545191764831,0.8981593251228333,227,4800
recovery_bc,cereal,object_shift,3,400030,False,True,False,260,1.1099108366817707,14.0,0.1479557603597641,-0.2341895401477813,0.8307610154151917,227,4800
recovery_bc,cereal,object_shift,4,400031,True,True,True,140,48.546986617847416,14.0,-0.0021140242461115,0.4076979756355285,0.8984987735748291,227,4800
recovery_bc,cereal,object_shift,5,400032,True,True,True,138,45.754794774530424,14.0,-0.0285264141857624,0.4054012298583984,0.899530827999115,227,4800
recovery_bc,cereal,object_shift,6,400033,True,True,True,123,40.25594919788316,14.0,-0.0196378901600837,0.419609785079956,0.8993455171585083,227,4800
recovery_bc,cereal,object_shift,7,400034,True,True,True,132,43.99285135376082,14.0,-0.0330227799713611,0.4026921689510345,0.8948928713798523,227,4800
recovery_bc,cereal,action_noise,0,400027,True,True,True,111,42.028256926355105,8.0,-0.0216887164860963,0.4041359424591064,0.8942856192588806,227,4800
recovery_bc,cereal,action_noise,1,400028,True,True,True,127,40.92888974390862,8.0,-0.0190177951008081,0.3554036021232605,0.894125759601593,227,4800
recovery_bc,cereal,action_noise,2,400029,True,True,True,133,43.93358706972282,8.0,-0.0168841090053319,0.3675985336303711,0.897736668586731,227,4800
recovery_bc,cereal,action_noise,3,400030,True,True,True,118,39.280563814970535,8.0,-0.0147947501391172,0.3973046541213989,0.8938495516777039,227,4800
recovery_bc,cereal,action_noise,4,400031,True,True,True,116,43.2236517556816,8.0,-0.0384612753987312,0.4050999581813812,0.8939622044563293,227,4800
recovery_bc,cereal,action_noise,5,400032,True,True,True,121,41.3011226780786,8.0,-0.0065367673523724,0.3700459897518158,0.8938496708869934,227,4800
recovery_bc,cereal,action_noise,6,400033,True,True,True,117,40.626972069927746,8.0,0.0006220981595106,0.4063149094581604,0.8943009376525879,227,4800
recovery_bc,cereal,action_noise,7,400034,True,True,True,116,35.912707030110084,8.0,-0.0201946441084146,0.3920219540596008,0.8987367749214172,227,4800
recovery_bc,cereal,action_delay,0,400027,True,True,True,138,44.094414844312944,3.0,-0.0087473653256893,0.458157479763031,0.8949825167655945,227,4800
recovery_bc,cereal,action_delay,1,400028,False,True,False,260,6.701492230040056,5.0,0.1931788325309753,-0.3425533473491668,0.8307657837867737,227,4800
recovery_bc,cereal,action_delay,2,400029,False,True,False,260,68.40596468377758,5.0,0.0343421697616577,0.5385884046554565,0.0149751650169491,227,4800
recovery_bc,cereal,action_delay,3,400030,True,True,True,161,51.94969544120262,3.0,-0.0001544999395264,0.4265685677528381,0.8951767683029175,227,4800
recovery_bc,cereal,action_delay,4,400031,True,True,True,137,46.24527367866091,3.0,0.0007932297303341,0.4508495032787323,0.895863950252533,227,4800
recovery_bc,cereal,action_delay,5,400032,False,True,False,260,71.88550007660375,3.0,0.2383960783481598,-0.3201425671577453,0.9328845739364624,227,4800
recovery_bc,cereal,action_delay,6,400033,False,True,False,260,6.173666622377092,5.0,0.1447044312953949,-0.2906761169433594,0.8307633399963379,227,4800
recovery_bc,cereal,action_delay,7,400034,False,True,False,260,6.814962312549646,5.0,0.190047025680542,-0.3398879170417785,0.8307632803916931,227,4800
recovery_bc,cereal,gripper_slip,0,400027,True,True,True,145,46.4576004643437,48.0,0.0044877151958644,0.4084856808185577,0.8970929980278015,227,4800
recovery_bc,cereal,gripper_slip,1,400028,True,True,True,150,41.34189940161925,56.0,-0.02861849963665,0.4017797112464905,0.8981546759605408,227,4800
recovery_bc,cereal,gripper_slip,2,400029,True,True,True,157,44.55883564951314,55.0,0.0019791703671216,0.4209016263484955,0.8991403579711914,227,4800
recovery_bc,cereal,gripper_slip,3,400030,True,True,True,140,43.10904470632966,47.0,-0.0131913283839821,0.4200915098190307,0.8960291147232056,227,4800
recovery_bc,cereal,gripper_slip,4,400031,True,True,True,151,48.22376691508004,49.0,0.0098273735493421,0.4033713638782501,0.8978385329246521,227,4800
recovery_bc,cereal,gripper_slip,5,400032,True,True,True,166,46.57686683880607,58.0,-0.0231372416019439,0.4225429594516754,0.8973968029022217,227,4800
recovery_bc,cereal,gripper_slip,6,400033,True,True,True,148,43.831254055002866,53.0,-0.0155517123639583,0.4176791608333587,0.8953725695610046,227,4800
recovery_bc,cereal,gripper_slip,7,400034,True,True,True,159,46.1391147793887,55.0,-0.0202254820615053,0.4181118309497833,0.8944740891456604,227,4800
contrastive_recovery,cereal,nominal,0,400027,True,False,False,163,59.989711219656186,,-0.0046079736202955,0.3960550427436828,0.895758330821991,227,4800
contrastive_recovery,cereal,nominal,1,400028,True,False,False,193,66.2083483965817,,-0.0129987727850675,0.3908984363079071,0.8933875560760498,227,4800
contrastive_recovery,cereal,nominal,2,400029,True,False,False,247,86.43082495861535,,0.0030717414338141,0.381458044052124,0.8946144580841064,227,4800
contrastive_recovery,cereal,nominal,3,400030,True,False,False,163,60.0735379681565,,-0.0009845417225733,0.3997879922389984,0.8956477046012878,227,4800
contrastive_recovery,cereal,nominal,4,400031,True,False,False,176,63.72943897993328,,0.002987373387441,0.3959800899028778,0.8940567970275879,227,4800
contrastive_recovery,cereal,nominal,5,400032,False,False,False,260,90.26498717653163,,-0.0127599881961941,0.3807765543460846,0.9346818923950196,227,4800
contrastive_recovery,cereal,nominal,6,400033,True,False,False,177,63.24410317914783,,-0.0155724612995982,0.3854400217533111,0.8945410251617432,227,4800
contrastive_recovery,cereal,nominal,7,400034,True,False,False,194,66.5665709353347,,-0.0203476231545209,0.388776034116745,0.8935157656669617,227,4800
contrastive_recovery,cereal,object_shift,0,400027,False,True,False,260,87.13024245967156,14.0,-0.0027479194104671,0.1705093830823898,1.0586971044540403,227,4800
contrastive_recovery,cereal,object_shift,1,400028,True,True,True,193,64.50993882036695,14.0,-0.016817457973957,0.3947254419326782,0.8940078616142273,227,4800
contrastive_recovery,cereal,object_shift,2,400029,False,True,False,260,88.24026232617841,14.0,-0.0154985347762703,0.3547348976135254,1.0224554538726809,227,4800
contrastive_recovery,cereal,object_shift,3,400030,False,True,False,260,2.666452092257374,14.0,0.1987087428569793,-0.2432132065296173,0.8308204412460327,227,4800
contrastive_recovery,cereal,object_shift,4,400031,False,True,False,260,22.565285411716136,14.0,0.1167824864387512,-0.298256367444992,0.8689709901809692,227,4800
contrastive_recovery,cereal,object_shift,5,400032,True,True,True,258,89.390383190557,14.0,-0.0400609597563743,0.4418265223503113,0.8955362439155579,227,4800
contrastive_recovery,cereal,object_shift,6,400033,True,True,True,183,61.1599268006001,14.0,-0.0140808438882231,0.4041311144828796,0.892572820186615,227,4800
contrastive_recovery,cereal,object_shift,7,400034,False,True,False,260,85.85028747895674,14.0,-0.0134975872933864,0.3613693714141845,1.022160530090332,227,4800
contrastive_recovery,cereal,action_noise,0,400027,True,True,True,122,44.68393358460123,8.0,-0.0169657878577709,0.383788913488388,0.8945016860961914,227,4800
contrastive_recovery,cereal,action_noise,1,400028,True,True,True,170,58.71571603087828,8.0,-0.0308696273714303,0.4389118552207947,0.8961331844329834,227,4800
contrastive_recovery,cereal,action_noise,2,400029,True,True,True,186,64.349714860767,8.0,-0.015765756368637,0.3547542095184326,0.8949131369590759,227,4800
contrastive_recovery,cereal,action_noise,3,400030,True,True,True,126,47.33984556677171,8.0,-0.0148493750020861,0.391025185585022,0.8976523876190186,227,4800
contrastive_recovery,cereal,action_noise,4,400031,True,True,True,151,56.134370594473424,8.0,-0.0156066976487636,0.411612868309021,0.8934130668640137,227,4800
contrastive_recovery,cereal,action_noise,5,400032,True,True,True,147,48.737086301426295,8.0,-0.0220451317727565,0.3607459962368011,0.8957542181015015,227,4800
contrastive_recovery,cereal,action_noise,6,400033,True,True,True,161,57.02015843670569,8.0,-0.0095710605382919,0.4052407145500183,0.8937230706214905,227,4800
contrastive_recovery,cereal,action_noise,7,400034,True,True,True,157,52.75804570689302,8.0,-0.0381923988461494,0.371116429567337,0.8938260674476624,227,4800
contrastive_recovery,cereal,action_delay,0,400027,True,True,True,202,57.16773453182692,3.0,0.0057699880562722,0.460431694984436,0.8987809419631958,227,4800
contrastive_recovery,cereal,action_delay,1,400028,False,True,False,260,6.374217337029111,5.0,0.1887345910072326,-0.1556464582681656,0.8307213187217712,227,4800
contrastive_recovery,cereal,action_delay,2,400029,False,True,False,260,65.77456517369885,5.0,-0.0004916767938993,0.5283088684082031,0.9767522811889648,227,4800
contrastive_recovery,cereal,action_delay,3,400030,True,True,True,201,58.793795682266435,3.0,0.0095853917300701,0.466007649898529,0.8992784023284912,227,4800
contrastive_recovery,cereal,action_delay,4,400031,False,True,False,260,87.47416028052645,3.0,0.0061834119260311,0.4043867588043213,1.0236049890518188,227,4800
contrastive_recovery,cereal,action_delay,5,400032,True,True,True,230,76.27018381073096,3.0,0.0131421610713005,0.474248468875885,0.8996881246566772,227,4800
contrastive_recovery,cereal,action_delay,6,400033,True,True,True,198,61.78314422418878,5.0,-0.0004181497497484,0.467609703540802,0.8997198939323425,227,4800
contrastive_recovery,cereal,action_delay,7,400034,False,True,False,260,4.785473430915322,5.0,0.1953911930322647,-0.1469745934009552,0.830805778503418,227,4800
contrastive_recovery,cereal,gripper_slip,0,400027,True,True,True,196,60.03262296560751,94.0,0.0086578773334622,0.3860476911067962,0.8952227830886841,227,4800
contrastive_recovery,cereal,gripper_slip,1,400028,False,True,False,260,35.248481374629435,124.0,0.2378709614276886,-0.1947050243616104,0.8307213187217712,227,4800
contrastive_recovery,cereal,gripper_slip,2,400029,False,True,False,260,75.21408849164389,165.0,-0.0217777695506811,0.357796162366867,0.9929999113082886,227,4800
contrastive_recovery,cereal,gripper_slip,3,400030,True,True,True,189,55.70286969224955,94.0,-0.0202562566846609,0.3721977472305298,0.8939719200134277,227,4800
contrastive_recovery,cereal,gripper_slip,4,400031,True,True,True,208,63.55334239779816,107.0,0.0052253766916692,0.379648894071579,0.8970825672149658,227,4800
contrastive_recovery,cereal,gripper_slip,5,400032,False,True,False,260,52.65650194343932,181.0,0.1671530902385711,-0.3308550417423248,0.8307178020477295,227,4800
contrastive_recovery,cereal,gripper_slip,6,400033,False,True,False,260,28.46300207137953,107.0,0.1895645856857299,-0.1646938621997833,0.8307270407676697,227,4800
contrastive_recovery,cereal,gripper_slip,7,400034,False,True,False,260,35.72641659337981,125.0,0.2232827991247177,-0.2428536862134933,0.8307322263717651,227,4800
baseline,can,nominal,0,400027,False,False,False,260,6.87176339809042,,0.0194369778037071,-0.1532761752605438,0.8600494861602783,327,0
baseline,can,nominal,1,400028,True,False,False,112,43.36006044833036,,0.1838756650686264,0.4008816182613373,0.8600742816925049,327,0
baseline,can,nominal,2,400029,True,False,False,135,46.56021463242191,,0.1795931309461593,0.4064813554286957,0.8601890206336975,327,0
baseline,can,nominal,3,400030,True,False,False,110,44.21905304900586,,0.1901054084300995,0.4093356430530548,0.8607969880104065,327,0
baseline,can,nominal,4,400031,True,False,False,139,45.25124610099357,,0.1886449456214904,0.4047255218029022,0.8591917753219604,327,0
baseline,can,nominal,5,400032,True,False,False,109,44.53263936129178,,0.1853756457567215,0.4042024314403534,0.8600690960884094,327,0
baseline,can,nominal,6,400033,True,False,False,130,45.5216901116928,,0.1870803385972976,0.4045021831989288,0.8599042892456055,327,0
baseline,can,nominal,7,400034,True,False,False,121,41.8678606755971,,0.1915551424026489,0.4033021032810211,0.8957908153533936,327,0
baseline,can,object_shift,0,400027,False,True,False,260,0.3224054099497416,14.0,-0.2452443689107895,-0.2298794835805893,0.3435258567333221,327,0
baseline,can,object_shift,1,400028,True,True,True,124,43.42717308546998,14.0,0.1789577603340149,0.399003118276596,0.8600745797157288,327,0
baseline,can,object_shift,2,400029,False,True,False,260,1.5074265455365716,14.0,0.13615782558918,-0.2292650192975998,0.8437991142272949,327,0
baseline,can,object_shift,3,400030,False,True,False,260,4.21697173790649,14.0,0.1519438177347183,-0.0904196873307228,0.8437269330024719,327,0
baseline,can,object_shift,4,400031,False,True,False,260,4.588616657488589,14.0,-0.0614148639142513,-0.3959480226039886,0.8600543141365051,327,0
baseline,can,object_shift,5,400032,False,True,False,260,3.7384785312588416,14.0,0.070751704275608,-0.181440457701683,0.8600580096244812,327,0
baseline,can,object_shift,6,400033,True,True,True,116,36.59874116021062,14.0,0.1741336733102798,0.3776334524154663,0.8639833927154541,327,0
baseline,can,object_shift,7,400034,True,True,True,139,50.01938236363789,14.0,0.18172587454319,0.3992605209350586,0.8600806593894958,327,0
baseline,can,action_noise,0,400027,False,True,False,260,5.866306795038248,8.0,0.0162880774587392,-0.1704552471637725,0.8600571751594543,327,0
baseline,can,action_noise,1,400028,True,True,True,104,36.90387339654666,8.0,0.1496673226356506,0.415575623512268,0.8715819716453552,327,0
baseline,can,action_noise,2,400029,True,True,True,131,42.661659024353185,8.0,0.1699344664812088,0.3764452934265136,0.881675124168396,327,0
baseline,can,action_noise,3,400030,False,True,False,260,3.7860997809575503,8.0,0.030722726136446,-0.1714959293603897,0.8600528240203857,327,0
baseline,can,action_noise,4,400031,True,True,True,136,43.72982720917046,8.0,0.1761844456195831,0.3761040568351745,0.8664734959602356,327,0
baseline,can,action_noise,5,400032,True,True,True,106,41.00254614991098,8.0,0.1754970252513885,0.3891847133636474,0.8601184487342834,327,0
baseline,can,action_noise,6,400033,True,True,True,137,49.935499179565944,8.0,0.1526905000209808,0.367535799741745,0.8599247336387634,327,0
baseline,can,action_noise,7,400034,False,True,False,260,9.452397924077568,8.0,-0.0024561560712754,-0.3053301274776459,0.8438125848770142,327,0
baseline,can,action_delay,0,400027,False,True,False,260,6.745438201274634,3.0,-0.032748345285654,-0.2393309921026229,0.8437808752059937,327,0
baseline,can,action_delay,1,400028,False,True,False,260,2.285806974982643,5.0,0.1056904420256614,-0.1033335179090499,0.8600485324859619,327,0
baseline,can,action_delay,2,400029,False,True,False,260,5.016638691380224,5.0,0.2129616290330886,-0.2751955986022949,0.8600528836250305,327,0
baseline,can,action_delay,3,400030,True,True,True,177,45.77118973787951,3.0,0.1596963852643966,0.3759752511978149,0.8421557545661926,327,0
baseline,can,action_delay,4,400031,False,True,False,260,5.117709428989576,3.0,-0.0476410761475563,-0.3837166428565979,0.8436931371688843,327,0
baseline,can,action_delay,5,400032,False,True,False,260,5.588766097449073,3.0,0.0773191452026367,-0.0905563160777092,0.8600558042526245,327,0
baseline,can,action_delay,6,400033,False,True,False,260,2.5398033613534703,5.0,0.073695957660675,-0.3262088894844055,0.8600484728813171,327,0
baseline,can,action_delay,7,400034,False,True,False,260,2.5348321696245995,5.0,0.0219323560595512,-0.2702743113040924,0.8600561618804932,327,0
baseline,can,gripper_slip,0,400027,False,False,False,260,6.87176339809042,,0.0194369778037071,-0.1532761752605438,0.8600494861602783,327,0
baseline,can,gripper_slip,1,400028,False,True,False,260,10.195707850538644,42.0,0.1724866181612014,-0.0968025475740432,0.8600547909736633,327,0
baseline,can,gripper_slip,2,400029,False,True,False,260,9.946852208390524,54.0,0.1486062407493591,-0.2427588552236557,0.8600587248802185,327,0
baseline,can,gripper_slip,3,400030,False,True,False,260,12.085356321334546,40.0,0.070995956659317,-0.1110465303063392,0.8600509166717529,327,0
baseline,can,gripper_slip,4,400031,False,True,False,260,11.286346735398508,58.0,-0.0473789423704147,-0.3961673080921173,0.8600483536720276,327,0
baseline,can,gripper_slip,5,400032,False,True,False,260,11.410484521637224,39.0,0.0705008804798126,-0.1625511944293975,0.8600507378578186,327,0
baseline,can,gripper_slip,6,400033,False,True,False,260,11.44920068777918,51.0,0.1279095560312271,-0.3015625774860382,0.86005038022995,327,0
baseline,can,gripper_slip,7,400034,False,True,False,260,13.765322315491266,52.0,0.0575206987559795,-0.329138845205307,0.8600468039512634,327,0
baseline,milk,nominal,0,400027,True,False,False,64,20.416064173386072,,-0.0143115650862455,0.1372837275266647,0.8981239795684814,327,0
baseline,milk,nominal,1,400028,True,False,False,77,24.218007771912617,,-0.0057674245908856,0.1229433342814445,0.8956990242004395,327,0
baseline,milk,nominal,2,400029,True,False,False,68,25.66286013506241,,0.0008569509955123,0.1331793516874313,0.8880537152290344,327,0
baseline,milk,nominal,3,400030,True,False,False,89,25.82040711316777,,-0.0193478073924779,0.1466185897588729,0.8982929587364197,327,0
baseline,milk,nominal,4,400031,True,False,False,74,24.823784754910193,,-0.0203418526798486,0.1316080093383789,0.8980086445808411,327,0
baseline,milk,nominal,5,400032,True,False,False,81,26.144943330549857,,-0.0115318028256297,0.1431788057088852,0.8887171745300293,327,0
baseline,milk,nominal,6,400033,True,False,False,66,24.55815212947475,,-0.0164469592273235,0.1534087657928466,0.8921130299568176,327,0
baseline,milk,nominal,7,400034,True,False,False,79,22.512660894677374,,-0.0295087452977895,0.179793044924736,0.89406818151474,327,0
baseline,milk,object_shift,0,400027,False,True,False,260,1.6386087080921252,14.0,0.0088320942595601,-0.1057023704051971,0.8808525204658508,327,0
baseline,milk,object_shift,1,400028,True,True,True,86,22.614237144104408,14.0,-0.0151327196508646,0.1351140439510345,0.889312207698822,327,0
baseline,milk,object_shift,2,400029,False,True,False,260,1.5038169198807043,14.0,-0.0646834447979927,-0.1095796823501586,0.880855917930603,327,0
baseline,milk,object_shift,3,400030,True,True,True,93,20.926157244786125,14.0,-0.0490932241082191,0.1857474446296692,0.8926514387130737,327,0
baseline,milk,object_shift,4,400031,False,True,False,260,1.0552569146386224,14.0,0.007210255600512,-0.185266301035881,0.8808557987213135,327,0
baseline,milk,object_shift,5,400032,True,True,True,93,27.7788567241116,14.0,-0.0084328697994351,0.1386596262454986,0.8896371126174927,327,0
baseline,milk,object_shift,6,400033,False,True,False,260,1.1418182630385196,14.0,0.1939221769571304,-0.1000725328922271,0.8378639221191406,327,0
baseline,milk,object_shift,7,400034,True,True,True,89,23.419192142606697,14.0,-0.0214832257479429,0.1661361008882522,0.8944742679595947,327,0
baseline,milk,action_noise,0,400027,True,True,True,61,20.038316995405093,8.0,-0.0162971820682287,0.1231020763516426,0.8914005160331726,327,0
baseline,milk,action_noise,1,400028,True,True,True,72,21.58672469820367,8.0,0.0054308171384036,0.1338497698307037,0.8944758176803589,327,0
baseline,milk,action_noise,2,400029,True,True,True,67,24.323909099109457,8.0,0.0085157649591565,0.1179766505956649,0.8999928832054138,327,0
baseline,milk,action_noise,3,400030,True,True,True,81,23.219663317872936,8.0,-0.0030169170349836,0.1316145807504654,0.8929575681686401,327,0
baseline,milk,action_noise,4,400031,True,True,True,72,24.290125791254336,8.0,-0.0462624952197074,0.1758913546800613,0.8893197178840637,327,0
baseline,milk,action_noise,5,400032,False,True,False,260,1.8242078970575184,8.0,0.0150232901796698,-0.2436816245317459,0.8379336595535278,327,0
baseline,milk,action_noise,6,400033,True,True,True,62,22.371131476935613,8.0,-0.0476727858185768,0.147804319858551,0.8916642665863037,327,0
baseline,milk,action_noise,7,400034,True,True,True,64,18.069730465208337,8.0,-0.0317258536815643,0.1578357219696045,0.8978900909423828,327,0
baseline,milk,action_delay,0,400027,False,True,False,260,1.5123860847053827,3.0,-0.0070377942174673,-0.1004023998975753,0.8414427638053894,327,0
baseline,milk,action_delay,1,400028,False,True,False,260,1.1965574266368109,5.0,0.0412411577999591,-0.2006908059120178,0.8379123210906982,327,0
baseline,milk,action_delay,2,400029,False,True,False,260,0.6767360626509347,5.0,-0.0003719005035236,-0.1635213792324066,0.8808557391166687,327,0
baseline,milk,action_delay,3,400030,False,True,False,260,1.4435057752411584,3.0,0.084010049700737,-0.2826084494590759,0.8379343748092651,327,0
baseline,milk,action_delay,4,400031,False,True,False,260,1.2534154178643893,3.0,0.0874008387327194,-0.1927319467067718,0.8808596730232239,327,0
baseline,milk,action_delay,5,400032,True,True,True,97,27.092906802575204,3.0,-0.002060689497739,0.1932155042886734,0.8910094499588013,327,0
baseline,milk,action_delay,6,400033,False,True,False,260,1.21649475001912,5.0,0.0346788950264453,-0.1461487114429474,0.880856454372406,327,0
baseline,milk,action_delay,7,400034,False,True,False,260,2.6616619819455716,5.0,0.071110114455223,-0.0659735351800918,0.8379343748092651,327,0
baseline,milk,gripper_slip,0,400027,False,True,False,260,7.780686098039161,38.0,-0.046467401087284,-0.1000209003686904,0.8795368075370789,327,0
baseline,milk,gripper_slip,1,400028,False,True,False,260,10.49019134840181,44.0,0.1097205504775047,-0.1970113962888717,0.8378629088401794,327,0
baseline,milk,gripper_slip,2,400029,False,True,False,260,9.572939913908025,36.0,-0.067107655107975,-0.1263873726129531,0.8808562159538269,327,0
baseline,milk,gripper_slip,3,400030,False,True,False,260,9.532285442943394,48.0,0.131480798125267,-0.2190463840961456,0.8378869295120239,327,0
baseline,milk,gripper_slip,4,400031,False,True,False,260,9.853274817114116,40.0,0.1150894612073898,-0.1890417337417602,0.8378592133522034,327,0
baseline,milk,gripper_slip,5,400032,False,True,False,260,10.030967457472244,43.0,0.1789210736751556,-0.3111801445484161,0.8378689885139465,327,0
baseline,milk,gripper_slip,6,400033,False,True,False,260,11.153170772567664,35.0,0.1750857383012771,-0.122863158583641,0.8378608226776123,327,0
baseline,milk,gripper_slip,7,400034,False,True,False,260,10.189865173748984,51.0,0.1440806835889816,-0.142526626586914,0.8379123210906982,327,0
baseline,bread,nominal,0,400027,True,False,False,111,41.80362253310646,,0.1978239864110946,0.1607450246810913,0.8421908020973206,327,0
baseline,bread,nominal,1,400028,False,False,False,260,7.314412498228002,,0.1523286551237106,-0.3658447861671448,0.8421904444694519,327,0
baseline,bread,nominal,2,400029,False,False,False,260,6.27330789049595,,0.077127993106842,-0.0941478163003921,0.8421903252601624,327,0
baseline,bread,nominal,3,400030,False,False,False,260,6.3954885899585525,,0.1349509358406067,-0.1778364926576614,0.8421908617019653,327,0
baseline,bread,nominal,4,400031,False,False,False,260,8.780265446025583,,0.2040355801582336,-0.2428417652845382,0.8421630859375,327,0
baseline,bread,nominal,5,400032,False,False,False,260,6.774215876988124,,-0.0148817626759409,-0.3257753551006317,0.8421635031700134,327,0
baseline,bread,nominal,6,400033,True,False,False,114,36.78176559495976,,0.1841420084238052,0.1906345188617706,0.8421444892883301,327,0
baseline,bread,nominal,7,400034,False,False,False,260,6.639775852886491,,0.0677789449691772,-0.2267138957977295,0.8421932458877563,327,0
baseline,bread,object_shift,0,400027,True,True,True,122,46.450103900043864,14.0,0.1819278448820114,0.169879138469696,0.8421908617019653,327,0
baseline,bread,object_shift,1,400028,True,True,True,199,65.47023611881555,14.0,0.1572391539812088,0.1778090447187423,0.8421421647071838,327,0
baseline,bread,object_shift,2,400029,False,True,False,260,4.756280544319264,14.0,-0.0101149221882224,-0.0999369993805885,0.8421643376350403,327,0
baseline,bread,object_shift,3,400030,False,True,False,260,10.86873428041738,14.0,0.1940713971853256,-0.0999370068311691,0.8421643376350403,327,0
baseline,bread,object_shift,4,400031,False,True,False,260,6.097956693538096,14.0,0.1132778152823448,-0.2262745499610901,0.8421860337257385,327,0
baseline,bread,object_shift,5,400032,False,True,False,260,6.916874808528007,14.0,-0.0133815165609121,-0.4203013777732849,0.8421966433525085,327,0
baseline,bread,object_shift,6,400033,False,True,False,260,6.680298126075434,14.0,0.0734296217560768,-0.2687140107154846,0.8425118923187256,327,0
baseline,bread,object_shift,7,400034,False,True,False,260,7.187639896591966,14.0,0.1284026503562927,-0.3179223239421844,0.8421693444252014,327,0
baseline,bread,action_noise,0,400027,True,True,True,96,33.375351940977794,8.0,0.1823096722364425,0.1352596133947372,0.8416491150856018,327,0
baseline,bread,action_noise,1,400028,False,True,False,260,6.206815307590726,8.0,0.161252960562706,-0.3491047322750091,0.8421738743782043,327,0
baseline,bread,action_noise,2,400029,False,True,False,260,5.674675262510529,8.0,0.0742865875363349,-0.091798186302185,0.8421655893325806,327,0
baseline,bread,action_noise,3,400030,False,True,False,260,4.791867741038265,8.0,0.139096051454544,-0.1771729886531829,0.8421903252601624,327,0
baseline,bread,action_noise,4,400031,False,True,False,260,4.9098469048045965,8.0,0.2074013352394104,-0.2376874536275863,0.8421655893325806,327,0
baseline,bread,action_noise,5,400032,True,True,True,123,42.98192108371814,8.0,0.1846114993095398,0.152240440249443,0.8421635627746582,327,0
baseline,bread,action_noise,6,400033,True,True,True,124,45.541952454745115,8.0,0.1973608285188675,0.1616627126932144,0.8421670198440552,327,0
baseline,bread,action_noise,7,400034,False,True,False,260,6.6449724009702775,8.0,0.0400085374712944,-0.201649323105812,0.8421643376350403,327,0
baseline,bread,action_delay,0,400027,False,True,False,260,68.12964832111507,3.0,0.1386715024709701,0.4852393865585327,0.8728954792022705,327,0
baseline,bread,action_delay,1,400028,False,True,False,260,4.949986335846907,5.0,0.1642455011606216,-0.3638670146465301,0.8421670198440552,327,0
baseline,bread,action_delay,2,400029,False,True,False,260,6.6041841344161005,5.0,0.0784150063991546,-0.0938248261809349,0.8421903252601624,327,0
baseline,bread,action_delay,3,400030,False,True,False,260,7.294470260098334,3.0,0.1213798448443412,-0.1775586456060409,0.8421910405158997,327,0
baseline,bread,action_delay,4,400031,False,True,False,260,6.930493082087132,3.0,0.1889437586069107,-0.242775022983551,0.8421903252601624,327,0
baseline,bread,action_delay,5,400032,False,True,False,260,54.74967709520504,3.0,0.1366889625787735,0.3612675964832306,0.8421655893325806,327,0
baseline,bread,action_delay,6,400033,False,True,False,260,6.7845975594682555,5.0,-0.0228008087724447,-0.3531064391136169,0.8421630859375,327,0
baseline,bread,action_delay,7,400034,False,True,False,260,6.116215200962091,5.0,0.074516125023365,-0.2462634742259979,0.8421908617019653,327,0
baseline,bread,gripper_slip,0,400027,True,True,True,168,50.62862425959441,46.0,0.1661995351314544,0.1655250340700149,0.8421939015388489,327,0
baseline,bread,gripper_slip,1,400028,False,False,False,260,7.314412498228002,,0.1523286551237106,-0.3658447861671448,0.8421904444694519,327,0
baseline,bread,gripper_slip,2,400029,False,False,False,260,6.27330789049595,,0.077127993106842,-0.0941478163003921,0.8421903252601624,327,0
baseline,bread,gripper_slip,3,400030,False,False,False,260,6.3954885899585525,,0.1349509358406067,-0.1778364926576614,0.8421908617019653,327,0
baseline,bread,gripper_slip,4,400031,False,False,False,260,8.780265446025583,,0.2040355801582336,-0.2428417652845382,0.8421630859375,327,0
baseline,bread,gripper_slip,5,400032,False,False,False,260,6.774215876988124,,-0.0148817626759409,-0.3257753551006317,0.8421635031700134,327,0
baseline,bread,gripper_slip,6,400033,True,True,True,229,44.39996530063539,48.0,0.1635267883539199,0.1552382111549377,0.8421738743782043,327,0
baseline,bread,gripper_slip,7,400034,False,False,False,260,6.639775852886491,,0.0677789449691772,-0.2267138957977295,0.8421932458877563,327,0
baseline,cereal,nominal,0,400027,True,False,False,109,40.08475897772443,,-0.0125035578384995,0.3694230318069458,0.8957894444465637,327,0
baseline,cereal,nominal,1,400028,True,False,False,117,38.75467057098801,,-0.0167305897921323,0.3801209926605224,0.8948115706443787,327,0
baseline,cereal,nominal,2,400029,True,False,False,128,42.06713886202244,,-0.0152315013110637,0.3625055253505707,0.8982820510864258,327,0
baseline,cereal,nominal,3,400030,True,False,False,107,39.012975516350195,,-0.0121869416907429,0.38241708278656,0.8961405754089355,327,0
baseline,cereal,nominal,4,400031,True,False,False,112,40.50032977723238,,-0.0113726397976279,0.3588199913501739,0.8971866369247437,327,0
baseline,cereal,nominal,5,400032,True,False,False,125,41.114613907362674,,-0.0175173468887805,0.3777267634868622,0.8995473384857178,327,0
baseline,cereal,nominal,6,400033,True,False,False,111,38.09558958741307,,-0.0174097493290901,0.3835644125938415,0.8962517976760864,327,0
baseline,cereal,nominal,7,400034,True,False,False,116,38.10227472546635,,-0.0132751474156975,0.3701718151569366,0.8994407057762146,327,0
baseline,cereal,object_shift,0,400027,False,True,False,260,112.15611812176653,14.0,-0.0474855192005634,0.3226685225963592,0.9142974019050598,327,0
baseline,cereal,object_shift,1,400028,True,True,True,116,7.186855246521538,14.0,-0.0291766747832298,0.3709174692630768,0.900623083114624,327,0
baseline,cereal,object_shift,2,400029,False,True,False,260,1.682048228691003,14.0,0.0390617959201335,-0.3366444110870361,0.8946288824081421,327,0
baseline,cereal,object_shift,3,400030,False,True,False,260,2.6615714389984406,14.0,0.145982414484024,-0.0714925974607467,0.8752339482307434,327,0
baseline,cereal,object_shift,4,400031,False,True,False,260,21.810703255777774,14.0,-0.0403286069631576,0.0058290921151638,0.9146561622619628,327,0
baseline,cereal,object_shift,5,400032,True,True,True,132,41.02893924576462,14.0,-0.0186727214604616,0.3779779374599457,0.900152862071991,327,0
baseline,cereal,object_shift,6,400033,False,True,False,260,5.320931714833798,14.0,-0.0237509291619062,0.2400568723678589,0.8873665928840637,327,0
baseline,cereal,object_shift,7,400034,True,True,True,124,38.70159423731273,14.0,-0.0188529752194881,0.3853442668914795,0.8990129828453064,327,0
baseline,cereal,action_noise,0,400027,True,True,True,108,38.84684443557351,8.0,-0.0274111311882734,0.3364315629005432,0.8954285383224487,327,0
baseline,cereal,action_noise,1,400028,True,True,True,122,38.52547220208476,8.0,-0.0169708374887704,0.361066073179245,0.8947587013244629,327,0
baseline,cereal,action_noise,2,400029,True,True,True,130,41.76482540265781,8.0,-0.0256139133125543,0.3515109121799469,0.8960458040237427,327,0
baseline,cereal,action_noise,3,400030,False,True,False,260,2.9582103108305846,8.0,0.0913784056901931,-0.2285111397504806,0.8946269750595093,327,0
baseline,cereal,action_noise,4,400031,True,True,True,107,21.44498048651821,8.0,-0.014838877134025,0.3160969614982605,0.896631121635437,327,0
baseline,cereal,action_noise,5,400032,True,True,True,121,39.8548520387595,8.0,0.0087942155078053,0.3656146228313446,0.8944013118743896,327,0
baseline,cereal,action_noise,6,400033,True,True,True,109,36.04053406052995,8.0,-0.0092312740162014,0.4008405208587646,0.8954282402992249,327,0
baseline,cereal,action_noise,7,400034,False,True,False,260,26.698809377985988,8.0,0.0078979600220918,0.1671249717473983,0.830751359462738,327,0
baseline,cereal,action_delay,0,400027,True,True,True,132,17.079436211583843,3.0,-0.007773992139846,0.4599678814411163,0.8984905481338501,327,0
baseline,cereal,action_delay,1,400028,False,True,False,260,1.2970047361335566,5.0,0.1885244250297546,-0.2521315515041351,0.8946331143379211,327,0
baseline,cereal,action_delay,2,400029,False,True,False,260,3.085147182615175,5.0,0.1237852796912193,-0.4364719986915588,0.8777073621749878,327,0
baseline,cereal,action_delay,3,400030,True,True,True,127,40.66765173601611,3.0,0.0277304574847221,0.4353707432746887,0.8960946202278137,327,0
baseline,cereal,action_delay,4,400031,True,True,True,126,44.16723556326704,3.0,0.0067845256999135,0.4229343831539154,0.896358847618103,327,0
baseline,cereal,action_delay,5,400032,False,True,False,260,2.2004402951883018,3.0,0.1894189119338989,-0.3375040888786316,0.8946276903152466,327,0
baseline,cereal,action_delay,6,400033,False,True,False,260,1.337149073426939,5.0,0.1488402187824249,-0.2244728058576584,0.894625186920166,327,0
baseline,cereal,action_delay,7,400034,False,True,False,260,1.3073166556669942,5.0,0.1854499578475952,-0.2493318170309066,0.8946347236633301,327,0
baseline,cereal,gripper_slip,0,400027,False,True,False,260,7.663763773051072,44.0,0.0333582796156406,-0.2311997413635254,0.894630491733551,327,0
baseline,cereal,gripper_slip,1,400028,False,True,False,260,7.725258022798422,52.0,0.234940156340599,-0.2355227023363113,0.8946331143379211,327,0
baseline,cereal,gripper_slip,2,400029,False,True,False,260,6.605213174789861,53.0,0.0626877471804618,-0.3487358689308166,0.8946274518966675,327,0
baseline,cereal,gripper_slip,3,400030,False,True,False,260,8.602174176576472,44.0,0.1351699382066726,-0.1637446880340576,0.8946306705474854,327,0
baseline,cereal,gripper_slip,4,400031,False,True,False,260,7.858706201624552,45.0,-0.0096482671797275,-0.1818166822195053,0.8307223320007324,327,0
baseline,cereal,gripper_slip,5,400032,False,True,False,260,7.273319278471146,54.0,0.1915253549814224,-0.3082839548587799,0.8307462334632874,327,0
baseline,cereal,gripper_slip,6,400033,False,True,False,260,8.282980625056465,48.0,0.2098545879125595,-0.1912919282913208,0.8946336507797241,327,0
baseline,cereal,gripper_slip,7,400034,False,True,False,260,7.746189931996409,52.0,0.2275533527135849,-0.296524316072464,0.8946362137794495,327,0
more_demos,can,nominal,0,400027,False,False,False,260,6.641166621592076,,0.0194147545844316,-0.156441181898117,0.8600554466247559,327,4800
more_demos,can,nominal,1,400028,True,False,False,100,36.22242664878144,,0.1834450811147689,0.3943517506122589,0.8727821111679077,327,4800
more_demos,can,nominal,2,400029,True,False,False,122,38.065797929982274,,0.176273763179779,0.3717215359210968,0.8987158536911011,327,4800
more_demos,can,nominal,3,400030,True,False,False,99,36.572140068965744,,0.1778520941734314,0.3792331516742706,0.8622341752052307,327,4800
more_demos,can,nominal,4,400031,True,False,False,144,47.52153165788281,,0.1779720485210418,0.4237503409385681,0.8725451231002808,327,4800
more_demos,can,nominal,5,400032,True,False,False,97,36.759282226615895,,0.1799942702054977,0.4039698839187622,0.8607727289199829,327,4800
more_demos,can,nominal,6,400033,True,False,False,128,44.47267742186108,,0.1826290786266327,0.4097673892974853,0.8669102787971497,327,4800
more_demos,can,nominal,7,400034,True,False,False,117,38.688680234781614,,0.2151332944631576,0.4334980249404907,0.8562309145927429,327,4800
more_demos,can,object_shift,0,400027,False,True,False,260,0.3035225589811496,14.0,-0.2452819049358368,-0.2298883199691772,0.3435410857200622,327,4800
more_demos,can,object_shift,1,400028,True,True,True,128,46.11512807267214,14.0,0.1748051047325134,0.3954789638519287,0.8600655198097229,327,4800
more_demos,can,object_shift,2,400029,False,True,False,260,1.9649651143042457,14.0,0.1454468965530395,-0.2234754115343094,0.8437485098838806,327,4800
more_demos,can,object_shift,3,400030,False,True,False,260,3.786351417996604,14.0,0.1556974202394485,-0.0963950306177139,0.8437521457672119,327,4800
more_demos,can,object_shift,4,400031,True,True,True,153,52.48315099264384,14.0,0.1808380633592605,0.4068778753280639,0.8826796412467957,327,4800
more_demos,can,object_shift,5,400032,False,True,False,260,3.915921325703045,14.0,0.070751704275608,-0.181440457701683,0.8600580096244812,327,4800
more_demos,can,object_shift,6,400033,False,True,False,260,5.2014044568771745,14.0,0.2004075348377227,-0.3153287768363952,0.843790590763092,327,4800
more_demos,can,object_shift,7,400034,True,True,True,128,42.6727819456776,14.0,0.1831181496381759,0.3913718461990356,0.859859824180603,327,4800
more_demos,can,action_noise,0,400027,False,True,False,260,8.39082908405357,8.0,0.0270800124853849,-0.1639268100261688,0.8600538969039917,327,4800
more_demos,can,action_noise,1,400028,True,True,True,92,30.790547837922684,8.0,0.1761866062879562,0.3834553956985473,0.8972436785697937,327,4800
more_demos,can,action_noise,2,400029,True,True,True,130,41.46307275070373,8.0,0.1713825762271881,0.3663858473300934,0.8579680323600769,327,4800
more_demos,can,action_noise,3,400030,False,True,False,260,4.52734113931648,8.0,0.0303650368005037,-0.171678751707077,0.8600557446479797,327,4800
more_demos,can,action_noise,4,400031,True,True,True,136,43.82771810733998,8.0,0.178314059972763,0.3802080154418945,0.8634110689163208,327,4800
more_demos,can,action_noise,5,400032,True,True,True,87,30.90782181607617,8.0,0.1788474172353744,0.3463684618473053,0.8600255846977234,327,4800
more_demos,can,action_noise,6,400033,True,True,True,122,40.350416694034536,8.0,0.1872660815715789,0.3401713371276855,0.8693529963493347,327,4800
more_demos,can,action_noise,7,400034,False,True,False,260,12.92160155357417,8.0,0.1346081793308258,-0.2010467648506164,0.8438397645950317,327,4800
more_demos,can,action_delay,0,400027,True,True,True,166,42.6925876075629,3.0,0.1495694518089294,0.3932919502258301,0.8694286942481995,327,4800
more_demos,can,action_delay,1,400028,False,True,False,260,2.699782648220938,5.0,0.1056904420256614,-0.1033335179090499,0.8600485324859619,327,4800
more_demos,can,action_delay,2,400029,False,True,False,260,5.3460685984462515,5.0,0.2117155939340591,-0.2757567167282104,0.86005038022995,327,4800
more_demos,can,action_delay,3,400030,False,True,False,260,2.0818840076009155,3.0,0.086526371538639,-0.1954383701086044,0.8437666893005371,327,4800
more_demos,can,action_delay,4,400031,True,True,True,165,51.90280425029377,3.0,0.1469321250915527,0.4366186857223511,0.8641868233680725,327,4800
more_demos,can,action_delay,5,400032,True,True,True,136,49.13785085462011,3.0,0.1548490971326828,0.4635250568389892,0.863616943359375,327,4800
more_demos,can,action_delay,6,400033,False,True,False,260,5.585904423670479,5.0,0.056727934628725,-0.3311488032341003,0.8600591421127319,327,4800
more_demos,can,action_delay,7,400034,False,True,False,260,6.003260757113555,5.0,0.0236726719886064,-0.2736655175685882,0.8600534200668335,327,4800
more_demos,can,gripper_slip,0,400027,False,False,False,260,6.641166621592076,,0.0194147545844316,-0.156441181898117,0.8600554466247559,327,4800
more_demos,can,gripper_slip,1,400028,False,True,False,260,9.479825818981752,41.0,0.1715842932462692,-0.0941864624619484,0.8600476980209351,327,4800
more_demos,can,gripper_slip,2,400029,False,True,False,260,9.1292460713128,53.0,0.1463113576173782,-0.2394664585590362,0.8600504398345947,327,4800
more_demos,can,gripper_slip,3,400030,False,True,False,260,11.506060414848443,39.0,0.0707854256033897,-0.1093930453062057,0.8600525856018066,327,4800
more_demos,can,gripper_slip,4,400031,False,True,False,260,11.688336358614976,61.0,-0.0460438206791877,-0.3910499215126037,0.8600363731384277,327,4800
more_demos,can,gripper_slip,5,400032,False,True,False,260,10.448858923664734,38.0,0.069164365530014,-0.1602577716112136,0.8600563406944275,327,4800
more_demos,can,gripper_slip,6,400033,False,True,False,260,10.556625219840432,50.0,0.12859807908535,-0.2983520328998565,0.86005038022995,327,4800
more_demos,can,gripper_slip,7,400034,False,True,False,260,13.927427265043049,54.0,0.0604561157524585,-0.3246242702007293,0.8600453734397888,327,4800
recovery_bc,can,nominal,0,400027,False,False,False,260,6.7568239310144405,,-0.0064813555218279,-0.1694918870925903,0.8525950312614441,327,4800
recovery_bc,can,nominal,1,400028,True,False,False,104,38.197500526447506,,0.1770294904708862,0.4053075015544891,0.8607938885688782,327,4800
recovery_bc,can,nominal,2,400029,True,False,False,156,51.153317827546495,,0.1712756156921386,0.3938841521739959,0.8599485158920288,327,4800
recovery_bc,can,nominal,3,400030,True,False,False,98,36.19207750681089,,0.1767984479665756,0.3826522529125213,0.8735558390617371,327,4800
recovery_bc,can,nominal,4,400031,True,False,False,140,46.31506089637024,,0.1843480467796325,0.4074765145778656,0.8606378436088562,327,4800
recovery_bc,can,nominal,5,400032,True,False,False,95,35.823538179530715,,0.1780861318111419,0.407390147447586,0.8611857295036316,327,4800
recovery_bc,can,nominal,6,400033,True,False,False,129,44.62427773990374,,0.1804164946079254,0.3999250829219818,0.8609338402748108,327,4800
recovery_bc,can,nominal,7,400034,True,False,False,129,46.58832153440933,,0.1822456419467926,0.425085961818695,0.8600752949714661,327,4800
recovery_bc,can,object_shift,0,400027,False,True,False,260,0.2554681622011659,14.0,-0.2452084571123123,-0.2298363000154495,0.3435276746749878,327,4800
recovery_bc,can,object_shift,1,400028,False,True,False,260,78.95855355915944,14.0,0.2606493234634399,-0.0567920245230197,0.8611088991165161,327,4800
recovery_bc,can,object_shift,2,400029,False,True,False,260,1.809744325616489,14.0,0.1434480547904968,-0.2320909351110458,0.8437662124633789,327,4800
recovery_bc,can,object_shift,3,400030,False,True,False,260,6.164652613115626,14.0,0.0940385535359382,-0.0993903055787086,0.8600596785545349,327,4800
recovery_bc,can,object_shift,4,400031,False,True,False,260,6.028639856670124,14.0,-0.0649415627121925,-0.3846677839756012,0.8600509762763977,327,4800
recovery_bc,can,object_shift,5,400032,True,True,True,108,31.66697985128939,14.0,0.1691893190145492,0.3715878129005432,0.8717093467712402,327,4800
recovery_bc,can,object_shift,6,400033,True,True,True,118,37.168614979358445,14.0,0.1707220375537872,0.3843567371368408,0.868280827999115,327,4800
recovery_bc,can,object_shift,7,400034,True,True,True,143,52.02582544978331,14.0,0.1783723384141922,0.4074778258800506,0.8600544929504395,327,4800
recovery_bc,can,action_noise,0,400027,True,True,True,106,41.070170853236775,8.0,0.177301749587059,0.428073912858963,0.8854390382766724,327,4800
recovery_bc,can,action_noise,1,400028,True,True,True,103,35.778343985595306,8.0,0.1521006226539611,0.4110208451747894,0.859521746635437,327,4800
recovery_bc,can,action_noise,2,400029,True,True,True,119,37.09678077981585,8.0,0.1562898904085159,0.3937970697879791,0.8733985424041748,327,4800
recovery_bc,can,action_noise,3,400030,True,True,True,120,32.296352821558436,8.0,0.1534555256366729,0.3335274457931518,0.899884045124054,327,4800
recovery_bc,can,action_noise,4,400031,True,True,True,134,42.22866953377642,8.0,0.1759134232997894,0.3878288865089416,0.8769035339355469,327,4800
recovery_bc,can,action_noise,5,400032,True,True,True,86,30.550044478999695,8.0,0.1766033768653869,0.3559980094432831,0.8604497909545898,327,4800
recovery_bc,can,action_noise,6,400033,True,True,True,120,37.89555479416066,8.0,0.1884474605321884,0.3476976454257965,0.8807835578918457,327,4800
recovery_bc,can,action_noise,7,400034,True,True,True,110,37.5662430296494,8.0,0.1868793815374374,0.3672797381877899,0.8901861310005188,327,4800
recovery_bc,can,action_delay,0,400027,True,True,True,224,60.47757061284945,3.0,0.1621855646371841,0.4151971638202667,0.8606022596359253,327,4800
recovery_bc,can,action_delay,1,400028,False,True,False,260,2.5861472655694517,5.0,0.1042004823684692,-0.1039073169231414,0.8600547909736633,327,4800
recovery_bc,can,action_delay,2,400029,False,True,False,260,7.731473752812919,5.0,0.216942086815834,-0.2838419377803802,0.8461600542068481,327,4800
recovery_bc,can,action_delay,3,400030,False,True,False,260,1.8741377173128164,3.0,0.0648295804858207,-0.1758330762386322,0.8437514305114746,327,4800
recovery_bc,can,action_delay,4,400031,False,True,False,260,5.055278258115597,3.0,0.0107610812410712,-0.3891069293022156,0.8600534796714783,327,4800
recovery_bc,can,action_delay,5,400032,True,True,True,147,56.29976116015327,3.0,0.1551488488912582,0.4430805444717407,0.8582939505577087,327,4800
recovery_bc,can,action_delay,6,400033,False,True,False,260,2.8047032322443757,5.0,0.0720966532826423,-0.3260983824729919,0.8600497245788574,327,4800
recovery_bc,can,action_delay,7,400034,False,True,False,260,2.517261984147369,5.0,0.0256462302058935,-0.2679898142814636,0.8600563406944275,327,4800
recovery_bc,can,gripper_slip,0,400027,False,False,False,260,6.7568239310144405,,-0.0064813555218279,-0.1694918870925903,0.8525950312614441,327,4800
recovery_bc,can,gripper_slip,1,400028,False,True,False,260,13.629220518400606,43.0,0.1760539263486862,-0.0939050316810607,0.8600528836250305,327,4800
recovery_bc,can,gripper_slip,2,400029,False,True,False,260,17.53873893728501,81.0,0.0385907031595706,-0.2801076769828796,0.8437229990959167,327,4800
recovery_bc,can,gripper_slip,3,400030,True,True,True,124,37.47909668649327,39.0,0.1723395884037017,0.3791265487670898,0.8702129125595093,327,4800
recovery_bc,can,gripper_slip,4,400031,False,True,False,260,13.10346746995224,59.0,-0.0547575168311595,-0.3910285532474518,0.8600534796714783,327,4800
recovery_bc,can,gripper_slip,5,400032,True,True,True,132,41.92532385868902,37.0,0.1825999468564987,0.4067075550556183,0.8597778081893921,327,4800
recovery_bc,can,gripper_slip,6,400033,False,True,False,260,12.262953646145874,52.0,0.1477680802345276,-0.3102553486824035,0.8437528610229492,327,4800
recovery_bc,can,gripper_slip,7,400034,True,True,True,166,52.01396043854062,55.0,0.1829085350036621,0.4049632549285888,0.860449492931366,327,4800
contrastive_recovery,can,nominal,0,400027,False,False,False,260,5.412088636773406,,-0.0180679727345705,-0.1685011982917785,0.8600506782531738,327,4800
contrastive_recovery,can,nominal,1,400028,False,False,False,260,28.255269681713745,,0.0151444105431437,-0.1100435405969619,0.8437649011611938,327,4800
contrastive_recovery,can,nominal,2,400029,False,False,False,260,30.532725879279752,,0.2289460301399231,-0.2797029912471771,0.86005699634552,327,4800
contrastive_recovery,can,nominal,3,400030,False,False,False,260,5.159259594340473,,0.0309938993304967,-0.1712508499622345,0.860053300857544,327,4800
contrastive_recovery,can,nominal,4,400031,False,False,False,260,4.509519142639932,,0.0140657480806112,-0.3922144174575805,0.8600541353225708,327,4800
contrastive_recovery,can,nominal,5,400032,True,False,False,172,64.27495485917586,,0.1964257359504699,0.3401978611946106,0.8601322174072266,327,4800
contrastive_recovery,can,nominal,6,400033,False,False,False,260,30.85775674335065,,0.0625331327319145,-0.3031840622425079,0.8437491059303284,327,4800
contrastive_recovery,can,nominal,7,400034,False,False,False,260,5.497755571534551,,0.022321468219161,-0.2673500478267669,0.8600480556488037,327,4800
contrastive_recovery,can,object_shift,0,400027,False,True,False,260,0.2405990335423769,14.0,-0.2453008294105529,-0.2299077063798904,0.3435636758804321,327,4800
contrastive_recovery,can,object_shift,1,400028,False,True,False,260,60.55743212660688,14.0,0.2208904027938842,-0.0758965536952018,0.8600443601608276,327,4800
contrastive_recovery,can,object_shift,2,400029,False,True,False,260,1.6345379935713575,14.0,0.1500672399997711,-0.2275332808494568,0.8437747955322266,327,4800
contrastive_recovery,can,object_shift,3,400030,False,True,False,260,29.385812677811476,14.0,-0.0444605648517608,-0.1447921097278595,0.8590099811553955,327,4800
contrastive_recovery,can,object_shift,4,400031,False,True,False,260,4.308349600829341,14.0,-0.0649792701005935,-0.384760320186615,0.8600552082061768,327,4800
contrastive_recovery,can,object_shift,5,400032,False,True,False,260,25.73034911168247,14.0,0.1354440450668335,-0.1805758774280548,0.8600558042526245,327,4800
contrastive_recovery,can,object_shift,6,400033,False,True,False,260,32.47379838220904,14.0,0.2392302751541137,-0.2873670756816864,0.8563156127929688,327,4800
contrastive_recovery,can,object_shift,7,400034,False,True,False,260,33.24233930761566,14.0,0.1794477850198745,-0.3455055952072143,0.8437764048576355,327,4800
contrastive_recovery,can,action_noise,0,400027,True,True,True,96,36.02402823846527,8.0,0.1776832193136215,0.3526440560817718,0.8969722390174866,327,4800
contrastive_recovery,can,action_noise,1,400028,False,True,False,260,37.46275051453125,8.0,0.048414010554552,-0.1255027949810028,0.8437165021896362,327,4800
contrastive_recovery,can,action_noise,2,400029,True,True,True,131,40.89135832445953,8.0,0.1579600721597671,0.377862811088562,0.8741067051887512,327,4800
contrastive_recovery,can,action_noise,3,400030,False,True,False,260,8.150204607236995,8.0,0.2463348805904388,0.1250849813222885,0.8521078824996948,327,4800
contrastive_recovery,can,action_noise,4,400031,False,True,False,260,20.58699090624517,8.0,0.1372643262147903,-0.3668734729290008,0.8437461256980896,327,4800
contrastive_recovery,can,action_noise,5,400032,True,True,True,194,71.96442257851906,8.0,0.1450658738613128,0.4034832715988159,0.8628163933753967,327,4800
contrastive_recovery,can,action_noise,6,400033,True,True,True,137,46.134524095447894,8.0,0.1704547107219696,0.3746530413627624,0.8699069619178772,327,4800
contrastive_recovery,can,action_noise,7,400034,True,True,True,109,36.14891666799141,8.0,0.1745032668113708,0.3799184262752533,0.899225652217865,327,4800
contrastive_recovery,can,action_delay,0,400027,True,True,True,92,22.39807535260275,3.0,0.1737571209669113,0.3453077375888824,0.8638812303543091,327,4800
contrastive_recovery,can,action_delay,1,400028,False,True,False,260,4.456497187172784,5.0,0.1041448339819908,-0.10385113209486,0.8600554466247559,327,4800
contrastive_recovery,can,action_delay,2,400029,False,True,False,260,5.706730448339945,5.0,0.2129616290330886,-0.2751955986022949,0.8600528836250305,327,4800
contrastive_recovery,can,action_delay,3,400030,False,True,False,260,2.2552326096349984,3.0,0.0684316009283065,-0.1835226863622665,0.843747079372406,327,4800
contrastive_recovery,can,action_delay,4,400031,False,True,False,260,4.539685537138049,3.0,-0.0259609650820493,-0.4436351656913757,0.8437678813934326,327,4800
contrastive_recovery,can,action_delay,5,400032,False,True,False,260,28.573589144235257,3.0,0.2175156474113464,-0.1743265837430954,0.8600473999977112,327,4800
contrastive_recovery,can,action_delay,6,400033,False,True,False,260,5.282101775084463,5.0,0.0727699324488639,-0.3262299299240112,0.8600536584854126,327,4800
contrastive_recovery,can,action_delay,7,400034,False,True,False,260,3.277636446818276,5.0,0.0174221508204936,-0.2806413769721985,0.8600580096244812,327,4800
contrastive_recovery,can,gripper_slip,0,400027,False,False,False,260,5.412088636773406,,-0.0180679727345705,-0.1685011982917785,0.8600506782531738,327,4800
contrastive_recovery,can,gripper_slip,1,400028,False,False,False,260,28.255269681713745,,0.0151444105431437,-0.1100435405969619,0.8437649011611938,327,4800
contrastive_recovery,can,gripper_slip,2,400029,False,False,False,260,30.532725879279752,,0.2289460301399231,-0.2797029912471771,0.86005699634552,327,4800
contrastive_recovery,can,gripper_slip,3,400030,False,False,False,260,5.159259594340473,,0.0309938993304967,-0.1712508499622345,0.860053300857544,327,4800
contrastive_recovery,can,gripper_slip,4,400031,False,False,False,260,4.509519142639932,,0.0140657480806112,-0.3922144174575805,0.8600541353225708,327,4800
contrastive_recovery,can,gripper_slip,5,400032,False,True,False,260,32.293230086640385,106.0,0.1046132892370224,-0.1304643601179123,0.8600430488586426,327,4800
contrastive_recovery,can,gripper_slip,6,400033,False,False,False,260,30.85775674335065,,0.0625331327319145,-0.3031840622425079,0.8437491059303284,327,4800
contrastive_recovery,can,gripper_slip,7,400034,False,False,False,260,5.497755571534551,,0.022321468219161,-0.2673500478267669,0.8600480556488037,327,4800
more_demos,milk,nominal,0,400027,True,False,False,68,22.317057444376243,,-0.0125029757618904,0.1285261660814285,0.8882405757904053,327,4800
more_demos,milk,nominal,1,400028,True,False,False,79,25.52307420583084,,-0.0275220312178134,0.1469436287879943,0.8913735151290894,327,4800
more_demos,milk,nominal,2,400029,True,False,False,69,26.36882105938627,,-0.0095777213573455,0.1361868381500244,0.8910309672355652,327,4800
more_demos,milk,nominal,3,400030,True,False,False,91,27.552641325095554,,-0.0248401928693056,0.1454324573278427,0.8921627402305603,327,4800
more_demos,milk,nominal,4,400031,True,False,False,76,26.16373096299263,,-0.026762107387185,0.1566603928804397,0.8926670551300049,327,4800
more_demos,milk,nominal,5,400032,True,False,False,83,27.29347812400618,,-0.022393025457859,0.144214779138565,0.8918651938438416,327,4800
more_demos,milk,nominal,6,400033,True,False,False,68,25.441626252190197,,-0.0254870355129241,0.1481983214616775,0.8974850177764893,327,4800
more_demos,milk,nominal,7,400034,True,False,False,78,22.95979799459588,,-0.0411598719656467,0.1843210011720657,0.8944588899612427,327,4800
more_demos,milk,object_shift,0,400027,False,True,False,260,1.8551176132605296,14.0,0.0088320942595601,-0.1057023704051971,0.8808525204658508,327,4800
more_demos,milk,object_shift,1,400028,True,True,True,83,22.60456705337682,14.0,-0.0417383983731269,0.1683723479509353,0.89366614818573,327,4800
more_demos,milk,object_shift,2,400029,False,True,False,260,1.6597956269458345,14.0,-0.0477043353021144,-0.1074525564908981,0.8808656334877014,327,4800
more_demos,milk,object_shift,3,400030,True,True,True,96,20.837278839200053,14.0,-0.0493352897465229,0.175034761428833,0.8914738297462463,327,4800
more_demos,milk,object_shift,4,400031,False,True,False,260,1.1563922128981172,14.0,0.007210255600512,-0.185266301035881,0.8808557987213135,327,4800
more_demos,milk,object_shift,5,400032,True,True,True,95,29.256008440379222,14.0,-0.0182338021695613,0.1366334706544876,0.8922122716903687,327,4800
more_demos,milk,object_shift,6,400033,False,True,False,260,1.2825286549143522,14.0,0.1940066814422607,-0.1000108942389488,0.8379326462745667,327,4800
more_demos,milk,object_shift,7,400034,True,True,True,86,23.3431331500158,14.0,-0.0379393026232719,0.1787081360816955,0.8962188363075256,327,4800
more_demos,milk,action_noise,0,400027,True,True,True,62,19.333802558349593,8.0,-0.0338242091238498,0.1397953182458877,0.8877739906311035,327,4800
more_demos,milk,action_noise,1,400028,True,True,True,76,24.10566125533053,8.0,-0.0072543323040008,0.1604071259498596,0.8970105051994324,327,4800
more_demos,milk,action_noise,2,400029,True,True,True,74,27.93681822984591,8.0,-0.008719746954739,0.1601808369159698,0.8987399935722351,327,4800
more_demos,milk,action_noise,3,400030,True,True,True,88,25.08498862519296,8.0,-0.0150912320241332,0.185632899403572,0.8919459581375122,327,4800
more_demos,milk,action_noise,4,400031,True,True,True,72,24.00458906117815,8.0,-0.0544000454246997,0.1766730844974517,0.8966138362884521,327,4800
more_demos,milk,action_noise,5,400032,False,True,False,260,2.1427195514779207,8.0,0.0171014107763767,-0.24897500872612,0.8379326462745667,327,4800
more_demos,milk,action_noise,6,400033,True,True,True,62,21.87803048858499,8.0,-0.0418323241174221,0.1515394151210785,0.8958761692047119,327,4800
more_demos,milk,action_noise,7,400034,False,True,False,260,22.88113597337089,8.0,-0.1886610686779022,0.2865344583988189,0.0198340117931365,327,4800
more_demos,milk,action_delay,0,400027,False,True,False,260,1.4567941367930377,3.0,-0.0011919827666133,-0.10088562220335,0.8379378914833069,327,4800
more_demos,milk,action_delay,1,400028,False,True,False,260,1.6815323644955755,5.0,0.0409822836518287,-0.2004660218954086,0.8379378914833069,327,4800
more_demos,milk,action_delay,2,400029,False,True,False,260,0.8922365363233163,5.0,-0.0003719005035236,-0.1635213792324066,0.8808557391166687,327,4800
more_demos,milk,action_delay,3,400030,False,True,False,260,2.9715730507191287,3.0,0.1757427155971527,-0.1946776807308197,0.8379126191139221,327,4800
more_demos,milk,action_delay,4,400031,False,True,False,260,2.309292248782288,3.0,0.0874087363481521,-0.1101795136928558,0.8379389643669128,327,4800
more_demos,milk,action_delay,5,400032,False,True,False,260,0.9235760647488304,3.0,-0.007036383729428,-0.2464098930358886,0.8411445617675781,327,4800
more_demos,milk,action_delay,6,400033,False,True,False,260,1.844475740297573,5.0,0.0346979834139347,-0.1461521089076995,0.8808516263961792,327,4800
more_demos,milk,action_delay,7,400034,False,True,False,260,4.009547790006154,5.0,0.1758742183446884,-0.088092602789402,0.8808541297912598,327,4800
more_demos,milk,gripper_slip,0,400027,False,True,False,260,10.303598027328473,41.0,0.1338819414377212,-0.105020523071289,0.8378744721412659,327,4800
more_demos,milk,gripper_slip,1,400028,False,True,False,260,10.075980981570272,43.0,0.1056680977344513,-0.1834450215101242,0.837866485118866,327,4800
more_demos,milk,gripper_slip,2,400029,False,True,False,260,10.687665272815584,36.0,0.025564270094037,-0.1260034888982772,0.8379326462745667,327,4800
more_demos,milk,gripper_slip,3,400030,False,True,False,260,8.824217005705147,48.0,0.1377075314521789,-0.2221598625183105,0.8379343748092651,327,4800
more_demos,milk,gripper_slip,4,400031,False,True,False,260,10.014982586498569,40.0,-0.0285866018384695,-0.1904936879873275,0.8703634142875671,327,4800
more_demos,milk,gripper_slip,5,400032,True,True,True,117,30.438791659520028,43.0,-0.0122212581336498,0.1202617660164833,0.8949541449546814,327,4800
more_demos,milk,gripper_slip,6,400033,False,True,False,260,11.185304905905532,36.0,0.0297202840447425,-0.0941007286310195,0.862634539604187,327,4800
more_demos,milk,gripper_slip,7,400034,False,True,False,260,9.993739457190916,48.0,0.1347192227840423,-0.1396185457706451,0.8379071950912476,327,4800
recovery_bc,milk,nominal,0,400027,True,False,False,91,29.607548260610848,,-0.0068630948662757,0.1320795565843582,0.8984339237213135,327,4800
recovery_bc,milk,nominal,1,400028,True,False,False,101,32.37602811415909,,-0.0108901504427194,0.1330515444278717,0.8980855941772461,327,4800
recovery_bc,milk,nominal,2,400029,True,False,False,100,20.707558175170444,,-0.0093283848837018,0.1346689909696579,0.8973516225814819,327,4800
recovery_bc,milk,nominal,3,400030,True,False,False,100,30.26226738929273,,-0.020135311409831,0.1462050527334213,0.897979736328125,327,4800
recovery_bc,milk,nominal,4,400031,True,False,False,94,31.695867060942152,,-0.0089939143508672,0.1394671648740768,0.8875014781951904,327,4800
recovery_bc,milk,nominal,5,400032,True,False,False,93,30.919187435013537,,-0.0114667378365993,0.1419579684734344,0.8875644207000732,327,4800
recovery_bc,milk,nominal,6,400033,True,False,False,76,27.30956540326995,,-0.0076157837174832,0.1444429606199264,0.8890014290809631,327,4800
recovery_bc,milk,nominal,7,400034,True,False,False,110,33.58567868905873,,-0.0138298692181706,0.1596187502145767,0.8911001086235046,327,4800
recovery_bc,milk,object_shift,0,400027,True,True,True,108,19.69425998074752,14.0,-0.0043661668896675,0.1447241753339767,0.8986308574676514,327,4800
recovery_bc,milk,object_shift,1,400028,True,True,True,118,33.45531913945105,14.0,-0.0090630920603871,0.1284574568271637,0.8971182703971863,327,4800
recovery_bc,milk,object_shift,2,400029,False,True,False,260,1.2369189156099825,14.0,-0.06468266248703,-0.1096225380897522,0.8808528780937195,327,4800
recovery_bc,milk,object_shift,3,400030,True,True,True,133,38.50644061386297,14.0,-0.0096151214092969,0.1355119794607162,0.8973047733306885,327,4800
recovery_bc,milk,object_shift,4,400031,True,True,True,124,22.13684184912601,14.0,-0.0082749174907803,0.1417559385299682,0.8985822796821594,327,4800
recovery_bc,milk,object_shift,5,400032,True,True,True,101,29.452849559321976,14.0,-0.0133820176124572,0.1231230273842811,0.8956630229949951,327,4800
recovery_bc,milk,object_shift,6,400033,True,True,True,136,18.944616457849357,14.0,-0.0041801971383392,0.1259047240018844,0.8986812233924866,327,4800
recovery_bc,milk,object_shift,7,400034,True,True,True,103,28.88137068591762,14.0,-0.0128645310178399,0.1358848214149475,0.8928993940353394,327,4800
recovery_bc,milk,action_noise,0,400027,True,True,True,61,18.201582915133223,8.0,-0.0175389777868986,0.1295996755361557,0.8969824314117432,327,4800
recovery_bc,milk,action_noise,1,400028,True,True,True,98,31.538356835080492,8.0,-0.0266161616891622,0.1384088993072509,0.8927032947540283,327,4800
recovery_bc,milk,action_noise,2,400029,True,True,True,74,26.246299915723796,8.0,0.0067824996076524,0.1225228086113929,0.8993937373161316,327,4800
recovery_bc,milk,action_noise,3,400030,True,True,True,104,32.625125019317586,8.0,-0.0183299221098423,0.1834618300199508,0.8988803625106812,327,4800
recovery_bc,milk,action_noise,4,400031,True,True,True,68,21.78106577533334,8.0,-0.0389843620359897,0.1430530697107315,0.8942294120788574,327,4800
recovery_bc,milk,action_noise,5,400032,True,True,True,84,26.530627488530897,8.0,-0.0119747295975685,0.1088624447584152,0.8918689489364624,327,4800
recovery_bc,milk,action_noise,6,400033,True,True,True,72,25.750495853534023,8.0,-0.0351729951798915,0.1428587734699249,0.8942083120346069,327,4800
recovery_bc,milk,action_noise,7,400034,True,True,True,85,25.012987104872945,8.0,-0.0309475678950548,0.1483955681324005,0.8993850946426392,327,4800
recovery_bc,milk,action_delay,0,400027,True,True,True,91,26.750377252784276,3.0,-0.0087007991969585,0.2501985430717468,0.8977702260017395,327,4800
recovery_bc,milk,action_delay,1,400028,False,True,False,260,0.9689555231399676,5.0,0.007013046182692,-0.2009029239416122,0.8379428386688232,327,4800
recovery_bc,milk,action_delay,2,400029,False,True,False,260,2.6602051932233057,5.0,-0.0489409901201725,-0.1609070003032684,0.88014817237854,327,4800
recovery_bc,milk,action_delay,3,400030,False,True,False,260,67.16036942149763,3.0,0.0373145751655101,0.388600617647171,0.9702650308609008,327,4800
recovery_bc,milk,action_delay,4,400031,False,True,False,260,1.6987569185038889,3.0,-0.0097525706514716,-0.1923983991146087,0.8551444411277771,327,4800
recovery_bc,milk,action_delay,5,400032,False,True,False,260,8.00370815668812,3.0,0.0057640201412141,-0.2682116031646728,0.8378785252571106,327,4800
recovery_bc,milk,action_delay,6,400033,False,True,False,260,1.4857907835341655,5.0,-0.0281952861696481,-0.148319587111473,0.8701993823051453,327,4800
recovery_bc,milk,action_delay,7,400034,False,True,False,260,5.317108173806928,5.0,0.0815917700529098,-0.12568299472332,0.0198337100446224,327,4800
recovery_bc,milk,gripper_slip,0,400027,True,True,True,123,33.48176191169157,64.0,0.0253216307610273,0.1176793873310089,0.8975912928581238,327,4800
recovery_bc,milk,gripper_slip,1,400028,True,True,True,133,35.58773473429098,66.0,-0.0092359622940421,0.1344881057739257,0.8971511125564575,327,4800
recovery_bc,milk,gripper_slip,2,400029,False,True,False,260,9.31776155429921,67.0,0.0274723675101995,-0.123965747654438,0.8379326462745667,327,4800
recovery_bc,milk,gripper_slip,3,400030,True,True,True,143,39.32009000517314,58.0,0.0092447930946946,0.1207204908132553,0.8982630968093872,327,4800
recovery_bc,milk,gripper_slip,4,400031,True,True,True,223,68.93517712039727,59.0,-0.0017295818543061,0.1265614032745361,0.896677553653717,327,4800
recovery_bc,milk,gripper_slip,5,400032,True,True,True,171,50.57802237123286,54.0,-0.0112369712442159,0.1277344226837158,0.899745523929596,327,4800
recovery_bc,milk,gripper_slip,6,400033,True,True,True,123,29.39619325915279,45.0,-0.00650180503726,0.1205777078866958,0.8963273167610168,327,4800
recovery_bc,milk,gripper_slip,7,400034,False,True,False,260,75.10101757228985,80.0,-0.1890887022018432,0.7085156440734863,0.799944281578064,327,4800
contrastive_recovery,milk,nominal,0,400027,True,False,False,175,60.29209037564552,,-0.0414586551487445,0.1996444165706634,0.8897209167480469,327,4800
contrastive_recovery,milk,nominal,1,400028,True,False,False,99,32.42410071849534,,-0.0179589670151472,0.1346301585435867,0.8900001645088196,327,4800
contrastive_recovery,milk,nominal,2,400029,True,False,False,151,24.338421051231304,,-0.0417038649320602,0.1730758994817733,0.8959300518035889,327,4800
contrastive_recovery,milk,nominal,3,400030,True,False,False,94,28.77133054393491,,-0.0218410976231098,0.141976922750473,0.8892371654510498,327,4800
contrastive_recovery,milk,nominal,4,400031,True,False,False,159,55.618239290049615,,-0.0398297794163227,0.1719865500926971,0.8867766857147217,327,4800
contrastive_recovery,milk,nominal,5,400032,True,False,False,150,51.70306809873751,,-0.0383317582309246,0.1798854917287826,0.898935079574585,327,4800
contrastive_recovery,milk,nominal,6,400033,True,False,False,152,54.73025804982238,,-0.037755150347948,0.1581260859966278,0.8966739773750305,327,4800
contrastive_recovery,milk,nominal,7,400034,True,False,False,82,23.624785722394147,,-0.0403630286455154,0.1904609203338623,0.8990283608436584,327,4800
contrastive_recovery,milk,object_shift,0,400027,False,True,False,260,2.0377161430857504,14.0,-0.0405148118734359,-0.1056576296687126,0.8770704865455627,327,4800
contrastive_recovery,milk,object_shift,1,400028,True,True,True,83,21.899093180297115,14.0,-0.0300968196243047,0.154912382364273,0.8954052329063416,327,4800
contrastive_recovery,milk,object_shift,2,400029,False,True,False,260,1.6184948104248589,14.0,-0.0640834793448448,-0.1099198088049888,0.8810277581214905,327,4800
contrastive_recovery,milk,object_shift,3,400030,True,True,True,83,21.27639299687688,14.0,-0.0316737107932567,0.1525241136550903,0.8929819464683533,327,4800
contrastive_recovery,milk,object_shift,4,400031,False,True,False,260,1.4173986576078517,14.0,-0.0474480241537094,-0.0565969869494438,0.8850021958351135,327,4800
contrastive_recovery,milk,object_shift,5,400032,False,True,False,260,87.0265256764338,14.0,-0.022446222603321,0.4753227829933166,0.8857855796813965,327,4800
contrastive_recovery,milk,object_shift,6,400033,True,True,True,175,23.70261407056156,14.0,-0.0290745664387941,0.1686978191137313,0.8961384892463684,327,4800
contrastive_recovery,milk,object_shift,7,400034,True,True,True,81,21.272145196608285,14.0,-0.0461189150810241,0.1715982407331466,0.8978660702705383,327,4800
contrastive_recovery,milk,action_noise,0,400027,True,True,True,62,19.249581185034145,8.0,-0.0232246499508619,0.1374321430921554,0.8933319449424744,327,4800
contrastive_recovery,milk,action_noise,1,400028,True,True,True,81,26.6186748163081,8.0,-0.0013788107316941,0.1602925360202789,0.8979861736297607,327,4800
contrastive_recovery,milk,action_noise,2,400029,True,True,True,98,35.9252393609523,8.0,-0.0423136427998542,0.1677808314561844,0.8924122452735901,327,4800
contrastive_recovery,milk,action_noise,3,400030,True,True,True,88,27.246765161637864,8.0,-0.0194533132016658,0.2259484380483627,0.8924435377120972,327,4800
contrastive_recovery,milk,action_noise,4,400031,True,True,True,111,29.16087130400101,8.0,-0.0223952513188123,0.1553233712911605,0.893988847732544,327,4800
contrastive_recovery,milk,action_noise,5,400032,True,True,True,123,29.815268265811632,8.0,-0.0356538072228431,0.1179239526391029,0.896777868270874,327,4800
contrastive_recovery,milk,action_noise,6,400033,True,True,True,83,29.63420375815831,8.0,-0.0195626020431518,0.1426903903484344,0.8907732367515564,327,4800
contrastive_recovery,milk,action_noise,7,400034,True,True,True,80,21.408260281097313,8.0,-0.0092840064316988,0.1529254913330078,0.8994751572608948,327,4800
contrastive_recovery,milk,action_delay,0,400027,False,True,False,260,86.07661354305094,3.0,0.0563812479376792,0.3534236848354339,0.8794146776199341,327,4800
contrastive_recovery,milk,action_delay,1,400028,False,True,False,260,0.9705698225352094,5.0,-0.0246154684573411,-0.1991335302591323,0.8686067461967468,327,4800
contrastive_recovery,milk,action_delay,2,400029,False,True,False,260,3.2084037464984285,5.0,-0.0467765368521213,-0.1637202352285385,0.8794447779655457,327,4800
contrastive_recovery,milk,action_delay,3,400030,False,True,False,260,1.695006867192999,3.0,0.0929222330451011,-0.2842020094394684,0.837889552116394,327,4800
contrastive_recovery,milk,action_delay,4,400031,False,True,False,260,1.2594627308596724,3.0,0.0037875741254538,-0.1927484273910522,0.8379336595535278,327,4800
contrastive_recovery,milk,action_delay,5,400032,False,True,False,260,0.9851609403045752,3.0,0.0099273202940821,-0.2455010712146759,0.8379343748092651,327,4800
contrastive_recovery,milk,action_delay,6,400033,False,True,False,260,0.8475304451500193,5.0,-0.0508619099855423,-0.1452952772378921,0.8809049129486084,327,4800
contrastive_recovery,milk,action_delay,7,400034,False,True,False,260,60.76495635602898,5.0,0.091979332268238,-0.0693656653165817,0.9690078496932985,327,4800
contrastive_recovery,milk,gripper_slip,0,400027,False,True,False,260,44.66351233064984,142.0,0.1730667054653167,-0.1161869019269943,0.8379343748092651,327,4800
contrastive_recovery,milk,gripper_slip,1,400028,False,True,False,260,22.963405745698203,62.0,0.2608692646026611,-0.1333947926759719,0.8379398584365845,327,4800
contrastive_recovery,milk,gripper_slip,2,400029,False,True,False,260,5.1620491791460985,111.0,-0.0399260148406028,-0.1614481955766677,0.8808557391166687,327,4800
contrastive_recovery,milk,gripper_slip,3,400030,True,True,True,120,30.751308926073925,50.0,-0.0329440496861934,0.1482667773962021,0.8995295763015747,327,4800
contrastive_recovery,milk,gripper_slip,4,400031,False,True,False,260,38.043347325412384,119.0,0.1091291680932045,-0.2664848268032074,0.8376597762107849,327,4800
contrastive_recovery,milk,gripper_slip,5,400032,False,True,False,260,31.356554404427996,105.0,0.0719738975167274,-0.3419968783855438,0.8379343748092651,327,4800
contrastive_recovery,milk,gripper_slip,6,400033,False,True,False,260,44.13598708811258,116.0,0.1872875392436981,-0.2179588377475738,0.8378899097442627,327,4800
contrastive_recovery,milk,gripper_slip,7,400034,True,True,True,128,31.08161184429341,53.0,-0.0305661018937826,0.1822896897792816,0.8953039646148682,327,4800
more_demos,bread,nominal,0,400027,True,False,False,110,40.50131900785448,,0.1960604339838028,0.1542015373706817,0.8422163724899292,327,4800
more_demos,bread,nominal,1,400028,True,False,False,124,42.838767598460976,,0.1735433638095855,0.1534716784954071,0.8421919941902161,327,4800
more_demos,bread,nominal,2,400029,False,False,False,260,4.92216939633822,,0.0649657920002937,-0.0823871120810508,0.8421630859375,327,4800
more_demos,bread,nominal,3,400030,True,False,False,101,36.442050483729645,,0.1757775694131851,0.1463028192520141,0.84218829870224,327,4800
more_demos,bread,nominal,4,400031,True,False,False,123,42.82303706857515,,0.1696780920028686,0.1531739383935928,0.8421876430511475,327,4800
more_demos,bread,nominal,5,400032,True,False,False,117,39.216280200341075,,0.1825632750988006,0.1499358862638473,0.8421908617019653,327,4800
more_demos,bread,nominal,6,400033,True,False,False,132,46.22519068887232,,0.1788508594036102,0.1629075407981872,0.8421643376350403,327,4800
more_demos,bread,nominal,7,400034,True,False,False,107,39.92058563954183,,0.1830422580242157,0.1469340920448303,0.8421919941902161,327,4800
more_demos,bread,object_shift,0,400027,True,True,True,124,47.38159628239907,14.0,0.1722765564918518,0.1669143736362457,0.8421699404716492,327,4800
more_demos,bread,object_shift,1,400028,True,True,True,204,70.49857203207985,14.0,0.1592915505170822,0.1554692089557647,0.8421964645385742,327,4800
more_demos,bread,object_shift,2,400029,False,True,False,260,3.688447876251338,14.0,-0.0101149221882224,-0.0999369993805885,0.8421643376350403,327,4800
more_demos,bread,object_shift,3,400030,False,True,False,260,7.922478351230407,14.0,0.1936948597431183,-0.1000024527311325,0.8421904444694519,327,4800
more_demos,bread,object_shift,4,400031,True,True,True,116,43.044860821114106,14.0,0.172015368938446,0.1554571837186813,0.842179000377655,327,4800
more_demos,bread,object_shift,5,400032,False,True,False,260,7.435970899473204,14.0,0.003708538133651,-0.4339883625507355,0.8421699404716492,327,4800
more_demos,bread,object_shift,6,400033,True,True,True,125,43.993388948348624,14.0,0.1710753291845321,0.1542933881282806,0.8422163724899292,327,4800
more_demos,bread,object_shift,7,400034,True,True,True,119,41.61555202316337,14.0,0.171909675002098,0.1539844125509262,0.8421684503555298,327,4800
more_demos,bread,action_noise,0,400027,True,True,True,103,35.05733052848166,8.0,0.1753297746181488,0.1099995970726013,0.8422330021858215,327,4800
more_demos,bread,action_noise,1,400028,True,True,True,139,48.52790986697522,8.0,0.1656795442104339,0.1438254117965698,0.8421699404716492,327,4800
more_demos,bread,action_noise,2,400029,False,True,False,260,10.531082056375611,8.0,0.0875808596611023,-0.0826871991157531,0.8421635031700134,327,4800
more_demos,bread,action_noise,3,400030,False,True,False,260,7.847062855847969,8.0,0.1352657228708267,-0.1794530600309372,0.8421670198440552,327,4800
more_demos,bread,action_noise,4,400031,True,True,True,115,38.76929411533399,8.0,0.1496427506208419,0.1456568241119384,0.842187225818634,327,4800
more_demos,bread,action_noise,5,400032,True,True,True,124,43.246338267269664,8.0,0.1799157112836837,0.1450983583927154,0.8421972393989563,327,4800
more_demos,bread,action_noise,6,400033,True,True,True,126,43.24018668431541,8.0,0.1893817782402038,0.1476632505655288,0.8421863913536072,327,4800
more_demos,bread,action_noise,7,400034,False,True,False,260,5.94753836154806,8.0,0.0675951465964317,-0.207548514008522,0.8421655893325806,327,4800
more_demos,bread,action_delay,0,400027,False,True,False,260,8.225378998258156,3.0,-0.0274892635643482,-0.239421471953392,0.8421972990036011,327,4800
more_demos,bread,action_delay,1,400028,False,True,False,260,4.410041845181596,5.0,0.1642455011606216,-0.3638670146465301,0.8421670198440552,327,4800
more_demos,bread,action_delay,2,400029,False,True,False,260,4.232998440988336,5.0,0.0784150063991546,-0.0938248261809349,0.8421903252601624,327,4800
more_demos,bread,action_delay,3,400030,False,True,False,260,6.678872239641346,3.0,0.120461530983448,-0.174278438091278,0.8421635031700134,327,4800
more_demos,bread,action_delay,4,400031,False,True,False,260,6.811691914812318,3.0,0.1893728971481323,-0.2431118041276931,0.8421919941902161,327,4800
more_demos,bread,action_delay,5,400032,True,True,True,168,59.609325855548114,3.0,0.1849157959222793,0.2169726490974426,0.8421904444694519,327,4800
more_demos,bread,action_delay,6,400033,False,True,False,260,5.769780204783602,5.0,-0.0148549145087599,-0.3554004728794098,0.8421655893325806,327,4800
more_demos,bread,action_delay,7,400034,False,True,False,260,3.210343475964656,5.0,0.0726977586746215,-0.2494722455739975,0.8421908617019653,327,4800
more_demos,bread,gripper_slip,0,400027,True,True,True,173,50.41578277594,47.0,0.1687290519475937,0.1513446271419525,0.8421919345855713,327,4800
more_demos,bread,gripper_slip,1,400028,False,True,False,260,7.855449560608881,50.0,0.2337101697921753,-0.3501403629779815,0.8421900868415833,327,4800
more_demos,bread,gripper_slip,2,400029,False,False,False,260,4.92216939633822,,0.0649657920002937,-0.0823871120810508,0.8421630859375,327,4800
more_demos,bread,gripper_slip,3,400030,False,True,False,260,6.162835860794923,42.0,0.1815586239099502,-0.1075643673539161,0.8421670198440552,327,4800
more_demos,bread,gripper_slip,4,400031,False,True,False,260,10.382337744122824,56.0,0.1631544232368469,-0.2259408682584762,0.8421713709831238,327,4800
more_demos,bread,gripper_slip,5,400032,False,True,False,260,9.106798423594611,46.0,-0.0152872400358319,-0.407984584569931,0.8421645760536194,327,4800
more_demos,bread,gripper_slip,6,400033,False,True,False,260,53.56935017264003,59.0,0.1558107584714889,0.1273714154958725,0.8988075256347656,327,4800
more_demos,bread,gripper_slip,7,400034,False,True,False,260,10.385932647560583,43.0,0.1172267124056816,-0.2977516949176788,0.8421693444252014,327,4800
recovery_bc,bread,nominal,0,400027,True,False,False,131,45.89498351802855,,0.1779135167598724,0.1603694856166839,0.8421908617019653,327,4800
recovery_bc,bread,nominal,1,400028,True,False,False,123,43.58296164887276,,0.1754401475191116,0.1518831402063369,0.842176616191864,327,4800
recovery_bc,bread,nominal,2,400029,True,False,False,148,35.39353856323173,,0.1725956350564956,0.1365234702825546,0.842165470123291,327,4800
recovery_bc,bread,nominal,3,400030,True,False,False,107,40.42771903356884,,0.1810220927000045,0.1453862935304641,0.8422163128852844,327,4800
recovery_bc,bread,nominal,4,400031,True,False,False,120,43.02615591787963,,0.1763772517442703,0.1501193791627884,0.8421699404716492,327,4800
recovery_bc,bread,nominal,5,400032,True,False,False,202,43.610644034042934,,0.1847827136516571,0.154649332165718,0.8421933650970459,327,4800
recovery_bc,bread,nominal,6,400033,True,False,False,113,36.26332889182514,,0.1935447603464126,0.176502987742424,0.8439744710922241,327,4800
recovery_bc,bread,nominal,7,400034,True,False,False,105,40.3603551684594,,0.1895411908626556,0.1396091878414154,0.8421684503555298,327,4800
recovery_bc,bread,object_shift,0,400027,True,True,True,124,48.26989411977576,14.0,0.1814410388469696,0.1602707654237747,0.8421643376350403,327,4800
recovery_bc,bread,object_shift,1,400028,True,True,True,202,72.7267157412804,14.0,0.1654686331748962,0.1632900834083557,0.8421924114227295,327,4800
recovery_bc,bread,object_shift,2,400029,False,True,False,260,5.495170610627966,14.0,-0.0101149221882224,-0.0999369993805885,0.8421643376350403,327,4800
recovery_bc,bread,object_shift,3,400030,False,True,False,260,62.439701691027224,14.0,0.2090124785900116,-0.0819133669137954,0.8366129398345947,327,4800
recovery_bc,bread,object_shift,4,400031,True,True,True,115,44.183965450090334,14.0,0.178078144788742,0.1500477343797683,0.8421903252601624,327,4800
recovery_bc,bread,object_shift,5,400032,False,True,False,260,11.264707756929322,14.0,0.0103236297145485,-0.4342207610607147,0.842192530632019,327,4800
recovery_bc,bread,object_shift,6,400033,True,True,True,119,42.34665405840511,14.0,0.1809684038162231,0.1439584642648697,0.8421713709831238,327,4800
recovery_bc,bread,object_shift,7,400034,True,True,True,120,43.53073984281816,14.0,0.1783490031957626,0.1487087905406952,0.8421908617019653,327,4800
recovery_bc,bread,action_noise,0,400027,True,True,True,114,39.93538132668745,8.0,0.1807988584041595,0.091133527457714,0.8421996235847473,327,4800
recovery_bc,bread,action_noise,1,400028,True,True,True,221,54.28052193582297,8.0,0.1917779445648193,0.1471519321203231,0.8421852588653564,327,4800
recovery_bc,bread,action_noise,2,400029,True,True,True,159,29.431444022415644,8.0,0.1996050477027893,0.1134122982621193,0.841958224773407,327,4800
recovery_bc,bread,action_noise,3,400030,True,True,True,207,44.24640615694248,8.0,0.188508078455925,0.1408100575208664,0.8421670198440552,327,4800
recovery_bc,bread,action_noise,4,400031,True,True,True,114,38.70681184079013,8.0,0.1515526622533798,0.1483950763940811,0.8421738743782043,327,4800
recovery_bc,bread,action_noise,5,400032,True,True,True,124,42.62508986458665,8.0,0.1854757666587829,0.1450569182634353,0.8421972990036011,327,4800
recovery_bc,bread,action_noise,6,400033,True,True,True,148,41.079542356822714,8.0,0.1566673666238784,0.1612037420272827,0.8422098755836487,327,4800
recovery_bc,bread,action_noise,7,400034,True,True,True,207,39.92860368870129,8.0,0.1902972310781479,0.1188972666859626,0.8421843647956848,327,4800
recovery_bc,bread,action_delay,0,400027,False,True,False,260,69.22925372612899,3.0,0.1529969274997711,0.4587918221950531,0.8904951214790344,327,4800
recovery_bc,bread,action_delay,1,400028,False,True,False,260,44.06689115795346,5.0,0.2064649313688278,0.3292310535907745,0.8421630859375,327,4800
recovery_bc,bread,action_delay,2,400029,False,True,False,260,33.31628828397361,5.0,0.0725422576069831,-0.0860977619886398,0.8392137289047241,327,4800
recovery_bc,bread,action_delay,3,400030,False,True,False,260,39.46245868979816,3.0,0.0813329666852951,-0.1582513004541397,0.8413751125335693,327,4800
recovery_bc,bread,action_delay,4,400031,False,True,False,260,43.15633191271238,3.0,0.1894476264715194,-0.2363296896219253,0.8387094140052795,327,4800
recovery_bc,bread,action_delay,5,400032,False,True,False,260,24.02766705930483,3.0,0.2408839762210846,-0.1599713414907455,0.8884031772613525,327,4800
recovery_bc,bread,action_delay,6,400033,False,True,False,260,21.466076252563813,5.0,0.2048376649618148,-0.2224567979574203,0.9530774354934692,327,4800
recovery_bc,bread,action_delay,7,400034,False,True,False,260,2.725334033814729,5.0,0.083832137286663,-0.2478181570768356,0.8421630859375,327,4800
recovery_bc,bread,gripper_slip,0,400027,True,True,True,178,50.08758518990957,60.0,0.1894460320472717,0.1342733651399612,0.8421655893325806,327,4800
recovery_bc,bread,gripper_slip,1,400028,True,True,True,246,81.30063804949219,46.0,0.1625789403915405,0.185503289103508,0.8421904444694519,327,4800
recovery_bc,bread,gripper_slip,2,400029,False,True,False,260,14.908904487619743,98.0,0.0022628421429544,-0.0466691479086875,0.8421643376350403,327,4800
recovery_bc,bread,gripper_slip,3,400030,True,True,True,135,40.146852455166695,42.0,0.1768547743558883,0.1394762992858886,0.8421904444694519,327,4800
recovery_bc,bread,gripper_slip,4,400031,True,True,True,164,42.72541670512581,50.0,0.1853419244289398,0.1429274678230285,0.8421903252601624,327,4800
recovery_bc,bread,gripper_slip,5,400032,False,True,False,260,12.3997043605852,131.0,-0.0016219513490796,-0.4309127032756805,0.8357937335968018,327,4800
recovery_bc,bread,gripper_slip,6,400033,True,True,True,202,50.9855616479548,50.0,0.1830422431230545,0.1558480113744735,0.8421720862388611,327,4800
recovery_bc,bread,gripper_slip,7,400034,True,True,True,218,50.25390956281629,37.0,0.192040741443634,0.1411945074796676,0.8421643376350403,327,4800
contrastive_recovery,bread,nominal,0,400027,False,False,False,260,5.765795205542847,,-0.0041246660985052,-0.2539527714252472,0.8421908617019653,327,4800
contrastive_recovery,bread,nominal,1,400028,True,False,False,133,47.260183776231784,,0.1731233149766922,0.1586340814828872,0.8421932458877563,327,4800
contrastive_recovery,bread,nominal,2,400029,False,False,False,260,13.81700684020971,,0.0784150063991546,-0.0938248261809349,0.8421903252601624,327,4800
contrastive_recovery,bread,nominal,3,400030,False,False,False,260,82.50088163463353,,0.2167676240205764,0.0923015102744102,0.9564985632896424,327,4800
contrastive_recovery,bread,nominal,4,400031,True,False,False,198,77.80652838457308,,0.1614019572734832,0.1428557336330413,0.8426968455314636,327,4800
contrastive_recovery,bread,nominal,5,400032,False,False,False,260,5.850813722190358,,0.0100497873499989,-0.3794372975826263,0.8421670198440552,327,4800
contrastive_recovery,bread,nominal,6,400033,False,False,False,260,5.45997783847266,,-0.0148688731715083,-0.3553621768951416,0.8421908617019653,327,4800
contrastive_recovery,bread,nominal,7,400034,True,False,False,115,43.905574642685856,,0.1788531690835952,0.1483001112937927,0.8421918749809265,327,4800
contrastive_recovery,bread,object_shift,0,400027,True,True,True,122,44.611964173862155,14.0,0.1794484257698059,0.134253591299057,0.8422020673751831,327,4800
contrastive_recovery,bread,object_shift,1,400028,True,True,True,175,64.83147460650991,14.0,0.1570023149251938,0.1713587492704391,0.8421713709831238,327,4800
contrastive_recovery,bread,object_shift,2,400029,False,True,False,260,6.023175642831961,14.0,-0.0101149221882224,-0.0999369993805885,0.8421643376350403,327,4800
contrastive_recovery,bread,object_shift,3,400030,False,True,False,260,14.113671957176496,14.0,0.1935045719146728,-0.0962304323911666,0.8417341709136963,327,4800
contrastive_recovery,bread,object_shift,4,400031,True,True,True,139,52.551618291527475,14.0,0.1718053370714187,0.1541423052549362,0.8421738743782043,327,4800
contrastive_recovery,bread,object_shift,5,400032,False,True,False,260,5.746073677135123,14.0,0.0081710731610655,-0.4300232529640198,0.8421904444694519,327,4800
contrastive_recovery,bread,object_shift,6,400033,False,True,False,260,116.3746041021198,14.0,0.1808008849620819,0.1449478417634964,0.84210205078125,327,4800
contrastive_recovery,bread,object_shift,7,400034,True,True,True,126,45.415276041547926,14.0,0.175402283668518,0.1562714129686355,0.8421903848648071,327,4800
contrastive_recovery,bread,action_noise,0,400027,True,True,True,121,41.62935467986909,8.0,0.1651562601327896,0.1288231462240219,0.8421716690063477,327,4800
contrastive_recovery,bread,action_noise,1,400028,True,True,True,125,43.60294563864935,8.0,0.1600170731544494,0.1723214983940124,0.8421908617019653,327,4800
contrastive_recovery,bread,action_noise,2,400029,False,True,False,260,75.67323839962887,8.0,0.2060008645057678,0.1445232033729553,0.9260132908821106,327,4800
contrastive_recovery,bread,action_noise,3,400030,True,True,True,93,30.99000122330681,8.0,0.1921384185552597,0.1533323228359222,0.8421969413757324,327,4800
contrastive_recovery,bread,action_noise,4,400031,True,True,True,119,36.82246256010402,8.0,0.1425201445817947,0.1555429399013519,0.8422130942344666,327,4800
contrastive_recovery,bread,action_noise,5,400032,False,True,False,260,98.0233295361547,8.0,0.1946791559457779,0.1019838526844978,0.8422162532806396,327,4800
contrastive_recovery,bread,action_noise,6,400033,True,True,True,115,35.47685595676214,8.0,0.2085076570510864,0.1618948131799698,0.8444203734397888,327,4800
contrastive_recovery,bread,action_noise,7,400034,True,True,True,115,41.1119319579429,8.0,0.1718605309724807,0.1813516169786453,0.8421768546104431,327,4800
contrastive_recovery,bread,action_delay,0,400027,False,True,False,260,4.246071570004871,3.0,-0.0010905170347541,-0.2557876408100128,0.8421908617019653,327,4800
contrastive_recovery,bread,action_delay,1,400028,False,True,False,260,9.013989337316064,5.0,0.2075485438108444,-0.3441404998302459,0.8483638167381287,327,4800
contrastive_recovery,bread,action_delay,2,400029,False,True,False,260,8.782652842463166,5.0,0.0784150063991546,-0.0938248261809349,0.8421903252601624,327,4800
contrastive_recovery,bread,action_delay,3,400030,False,True,False,260,11.987411961816688,3.0,0.1473911255598068,-0.1568796187639236,0.8425424695014954,327,4800
contrastive_recovery,bread,action_delay,4,400031,False,True,False,260,46.05593908414109,3.0,0.2474851012229919,-0.3047398626804352,0.8373726606369019,327,4800
contrastive_recovery,bread,action_delay,5,400032,False,True,False,260,45.59363647216354,3.0,0.1807374954223632,0.3116705417633056,0.8421742916107178,327,4800
contrastive_recovery,bread,action_delay,6,400033,False,True,False,260,13.814666104714602,5.0,-0.1212087571620941,-0.3426792919635772,0.979518711566925,327,4800
contrastive_recovery,bread,action_delay,7,400034,False,True,False,260,3.434195549637368,5.0,0.0729226693511009,-0.2486637830734253,0.8421957492828369,327,4800
contrastive_recovery,bread,gripper_slip,0,400027,False,False,False,260,5.765795205542847,,-0.0041246660985052,-0.2539527714252472,0.8421908617019653,327,4800
contrastive_recovery,bread,gripper_slip,1,400028,False,True,False,260,93.74487198056976,54.0,0.1569220274686813,0.219033345580101,0.842196524143219,327,4800
contrastive_recovery,bread,gripper_slip,2,400029,False,False,False,260,13.81700684020971,,0.0784150063991546,-0.0938248261809349,0.8421903252601624,327,4800
contrastive_recovery,bread,gripper_slip,3,400030,False,True,False,260,70.24453069826374,228.0,0.1923170685768127,-0.1473952680826187,0.8421635031700134,327,4800
contrastive_recovery,bread,gripper_slip,4,400031,False,True,False,260,65.5106417783085,100.0,0.2398735582828521,-0.2055932432413101,0.8418517112731934,327,4800
contrastive_recovery,bread,gripper_slip,5,400032,False,False,False,260,5.850813722190358,,0.0100497873499989,-0.3794372975826263,0.8421670198440552,327,4800
contrastive_recovery,bread,gripper_slip,6,400033,False,False,False,260,5.45997783847266,,-0.0148688731715083,-0.3553621768951416,0.8421908617019653,327,4800
contrastive_recovery,bread,gripper_slip,7,400034,False,True,False,260,87.97243056496323,46.0,0.1952094584703445,0.1113184466958046,0.8421670198440552,327,4800
more_demos,cereal,nominal,0,400027,True,False,False,110,41.166367902108085,,-0.018313905224204,0.3682098090648651,0.8962015509605408,327,4800
more_demos,cereal,nominal,1,400028,True,False,False,114,36.91325997260198,,-0.0227912589907646,0.3718277513980865,0.899043083190918,327,4800
more_demos,cereal,nominal,2,400029,True,False,False,127,41.47580117730858,,-0.0186501648277044,0.3668969869613647,0.8992729187011719,327,4800
more_demos,cereal,nominal,3,400030,True,False,False,111,41.906750379640954,,-0.020621158182621,0.3734375834465027,0.8970441222190857,327,4800
more_demos,cereal,nominal,4,400031,True,False,False,115,42.83959065798047,,-0.0147798461839556,0.4002708792686462,0.8944435119628906,327,4800
more_demos,cereal,nominal,5,400032,True,False,False,121,38.80951593861199,,-0.0208458714187145,0.3757560849189758,0.8985459208488464,327,4800
more_demos,cereal,nominal,6,400033,True,False,False,111,38.50354573170677,,-0.0176407732069492,0.3914656937122345,0.8964726328849792,327,4800
more_demos,cereal,nominal,7,400034,True,False,False,115,37.835015604724866,,-0.0225765537470579,0.378485232591629,0.8999103307723999,327,4800
more_demos,cereal,object_shift,0,400027,False,True,False,260,2.130494327761241,14.0,0.0061848131008446,-0.2303727716207504,0.8946303129196167,327,4800
more_demos,cereal,object_shift,1,400028,False,True,False,260,2.8439665372761924,14.0,0.2386912703514099,-0.1404251754283905,0.8307884931564331,327,4800
more_demos,cereal,object_shift,2,400029,False,True,False,260,1.6615912353982765,14.0,0.0392923280596733,-0.3367634117603302,0.8946314454078674,327,4800
more_demos,cereal,object_shift,3,400030,False,True,False,260,3.1527194792742135,14.0,0.1471128612756729,-0.0713081806898117,0.8753011226654053,327,4800
more_demos,cereal,object_shift,4,400031,True,True,True,118,35.555385397697556,14.0,-0.0305183697491884,0.314749538898468,0.896838366985321,327,4800
more_demos,cereal,object_shift,5,400032,True,True,True,133,42.32598320877463,14.0,-0.0276767518371343,0.3728481233119964,0.8952024579048157,327,4800
more_demos,cereal,object_shift,6,400033,False,True,False,260,2.6452561625181907,14.0,0.2259530127048492,-0.0858214050531387,0.830785870552063,327,4800
more_demos,cereal,object_shift,7,400034,True,True,True,125,14.072616215799044,14.0,-0.0019304532324895,0.4003168642520904,0.8957175016403198,327,4800
more_demos,cereal,action_noise,0,400027,True,True,True,107,38.57380919767957,8.0,-0.0381387025117874,0.3521932363510132,0.8937073945999146,327,4800
more_demos,cereal,action_noise,1,400028,True,True,True,121,38.34151951017237,8.0,-0.0261529870331287,0.3851147294044494,0.8979885578155518,327,4800
more_demos,cereal,action_noise,2,400029,True,True,True,130,42.11168250345238,8.0,-0.0322385765612125,0.3507261872291565,0.894767701625824,327,4800
more_demos,cereal,action_noise,3,400030,False,True,False,260,2.396547108934739,8.0,0.0912982150912284,-0.1353129595518112,0.8307222127914429,327,4800
more_demos,cereal,action_noise,4,400031,True,True,True,101,24.491860528598902,8.0,-0.0139037854969501,0.3723885416984558,0.8922892212867737,327,4800
more_demos,cereal,action_noise,5,400032,True,True,True,118,38.40334255513395,8.0,-0.0004563924740068,0.3554283380508423,0.8973163962364197,327,4800
more_demos,cereal,action_noise,6,400033,True,True,True,105,34.4766444280966,8.0,-0.0122422110289335,0.3586611151695251,0.89467853307724,327,4800
more_demos,cereal,action_noise,7,400034,False,True,False,260,2.158829493780438,8.0,0.1852398067712783,-0.1554123312234878,0.8308060765266418,327,4800
more_demos,cereal,action_delay,0,400027,True,True,True,126,17.939062905209866,3.0,0.0132021773606538,0.4473883509635925,0.8942897319793701,327,4800
more_demos,cereal,action_delay,1,400028,False,True,False,260,1.3582761389358378,5.0,0.188872292637825,-0.2519131600856781,0.8946303725242615,327,4800
more_demos,cereal,action_delay,2,400029,False,True,False,260,2.259548574428415,5.0,0.1280782967805862,-0.3904470205307007,0.8946359753608704,327,4800
more_demos,cereal,action_delay,3,400030,False,True,False,260,3.3083438731187065,3.0,-0.019636757671833,0.1175246089696884,0.8350760340690613,327,4800
more_demos,cereal,action_delay,4,400031,True,True,True,127,45.8261836436714,3.0,-0.0112595790997147,0.401915431022644,0.8965425491333008,327,4800
more_demos,cereal,action_delay,5,400032,False,True,False,260,3.123441125330285,3.0,0.1892689764499664,-0.4145484566688537,0.8596569299697876,327,4800
more_demos,cereal,action_delay,6,400033,False,True,False,260,21.40151728449549,5.0,-0.0853994861245155,0.549624502658844,0.0149751659482717,327,4800
more_demos,cereal,action_delay,7,400034,False,True,False,260,1.1475938351931818,5.0,0.1860336065292358,-0.2495407164096832,0.8946356773376465,327,4800
more_demos,cereal,gripper_slip,0,400027,False,True,False,260,8.725256152333154,45.0,0.0294869020581245,-0.1347160786390304,0.8307477235794067,327,4800
more_demos,cereal,gripper_slip,1,400028,False,True,False,260,8.208433767567755,52.0,0.2357902973890304,-0.2356128394603729,0.8946393132209778,327,4800
more_demos,cereal,gripper_slip,2,400029,False,True,False,260,6.57737904069688,54.0,0.0572565272450447,-0.3431724905967712,0.8946305513381958,327,4800
more_demos,cereal,gripper_slip,3,400030,False,True,False,260,9.406696979535512,45.0,0.1308974474668502,-0.0848921537399292,0.8631436824798584,327,4800
more_demos,cereal,gripper_slip,4,400031,False,True,False,260,9.159880445398926,47.0,-0.0165178216993808,-0.1790321767330169,0.8307895660400391,327,4800
more_demos,cereal,gripper_slip,5,400032,False,True,False,260,7.473592849063337,53.0,0.1894153505563736,-0.4014137089252472,0.8946400880813599,327,4800
more_demos,cereal,gripper_slip,6,400033,False,True,False,260,8.120245595920595,48.0,0.2068063616752624,-0.0942435339093208,0.8307240605354309,327,4800
more_demos,cereal,gripper_slip,7,400034,False,True,False,260,8.246258490196766,52.0,0.2239251583814621,-0.2927978932857513,0.8946325778961182,327,4800
recovery_bc,cereal,nominal,0,400027,True,False,False,114,43.358653948046246,,-0.0215005110949277,0.3828323483467102,0.8968187570571899,327,4800
recovery_bc,cereal,nominal,1,400028,True,False,False,126,42.910678016038425,,-0.0225702077150344,0.3802922666072845,0.8960209488868713,327,4800
recovery_bc,cereal,nominal,2,400029,True,False,False,205,70.12712232673105,,-0.026522371917963,0.3932852745056152,0.8983384966850281,327,4800
recovery_bc,cereal,nominal,3,400030,True,False,False,104,36.80531093498594,,-0.0269641429185867,0.4200108647346496,0.8949708342552185,327,4800
recovery_bc,cereal,nominal,4,400031,True,False,False,120,45.36096890317433,,-0.0299051012843847,0.4079785048961639,0.8971605896949768,327,4800
recovery_bc,cereal,nominal,5,400032,True,False,False,160,55.86502417217965,,-0.033057514578104,0.4162826240062713,0.8991848230361938,327,4800
recovery_bc,cereal,nominal,6,400033,True,False,False,118,41.50261264984142,,-0.0194000881165266,0.3899436593055725,0.8956230282783508,327,4800
recovery_bc,cereal,nominal,7,400034,True,False,False,124,42.12388862697451,,-0.0201593618839979,0.3932302892208099,0.8962424993515015,327,4800
recovery_bc,cereal,object_shift,0,400027,False,True,False,260,5.890913947173739,14.0,0.0542667172849178,-0.1069808825850486,0.8307477235794067,327,4800
recovery_bc,cereal,object_shift,1,400028,True,True,True,140,44.11483143609342,14.0,-0.0290394835174083,0.3834927082061767,0.899299681186676,327,4800
recovery_bc,cereal,object_shift,2,400029,False,True,False,260,89.47218278394635,14.0,-0.3352023363113403,0.7327460646629333,0.5820739269256592,327,4800
recovery_bc,cereal,object_shift,3,400030,True,True,True,110,36.48811669398663,14.0,-0.0246347077190876,0.3958546817302704,0.8997737765312195,327,4800
recovery_bc,cereal,object_shift,4,400031,True,True,True,155,52.42737932023892,14.0,-0.036978606134653,0.3892074525356293,0.8999313116073608,327,4800
recovery_bc,cereal,object_shift,5,400032,False,True,False,260,90.1934657621212,14.0,-0.0489365719258785,0.650661289691925,0.9429707527160645,327,4800
recovery_bc,cereal,object_shift,6,400033,True,True,True,128,39.94477833422895,14.0,-0.0230630934238433,0.3770676553249359,0.8972437977790833,327,4800
recovery_bc,cereal,object_shift,7,400034,False,True,False,260,117.36724877703804,14.0,0.0031429068185389,0.4317628145217895,0.9031689167022704,327,4800
recovery_bc,cereal,action_noise,0,400027,True,True,True,109,39.6360200599066,8.0,-0.0316680632531642,0.3657622039318084,0.8959861397743225,327,4800
recovery_bc,cereal,action_noise,1,400028,True,True,True,128,41.76371459385334,8.0,-0.0202377382665872,0.3954145908355713,0.8967921733856201,327,4800
recovery_bc,cereal,action_noise,2,400029,True,True,True,131,42.454688259182475,8.0,-0.0198627468198537,0.3579105138778686,0.8986968994140625,327,4800
recovery_bc,cereal,action_noise,3,400030,True,True,True,109,34.96803395073706,8.0,-0.0070333373732864,0.4212400913238525,0.8934014439582825,327,4800
recovery_bc,cereal,action_noise,4,400031,False,True,False,260,6.767030929322307,8.0,0.0593232475221157,-0.3747880160808563,0.8307657837867737,327,4800
recovery_bc,cereal,action_noise,5,400032,True,True,True,120,39.7815415430674,8.0,-0.0050861602649092,0.3623219132423401,0.8954881429672241,327,4800
recovery_bc,cereal,action_noise,6,400033,True,True,True,110,35.71024547350312,8.0,-0.0047134454362094,0.3862560987472534,0.8961117267608643,327,4800
recovery_bc,cereal,action_noise,7,400034,True,True,True,114,36.160569892433514,8.0,-0.0101746516302227,0.397501677274704,0.8957500457763672,327,4800
recovery_bc,cereal,action_delay,0,400027,True,True,True,128,44.04693283717239,3.0,-0.0252904575318098,0.4169141948223114,0.8994592428207397,327,4800
recovery_bc,cereal,action_delay,1,400028,True,True,True,156,49.69048111546339,5.0,0.002104147337377,0.4741306602954864,0.8974799513816833,327,4800
recovery_bc,cereal,action_delay,2,400029,True,True,True,180,23.38886034721689,5.0,0.0191507320851087,0.4848377704620361,0.8964009881019592,327,4800
recovery_bc,cereal,action_delay,3,400030,True,True,True,129,44.79873260085145,3.0,-0.0267168506979942,0.4028184711933136,0.8956418633460999,327,4800
recovery_bc,cereal,action_delay,4,400031,True,True,True,137,49.43888272299185,3.0,-0.0009309212910011,0.4164037108421325,0.8956883549690247,327,4800
recovery_bc,cereal,action_delay,5,400032,True,True,True,177,46.868989622149414,3.0,-0.0194018632173538,0.4424595534801483,0.8990219235420227,327,4800
recovery_bc,cereal,action_delay,6,400033,True,True,True,145,46.11008994863517,5.0,-0.0245961751788854,0.4674534499645233,0.8949770331382751,327,4800
recovery_bc,cereal,action_delay,7,400034,True,True,True,156,50.00964012147803,5.0,3.171513890265487e-05,0.4766140282154083,0.8944146037101746,327,4800
recovery_bc,cereal,gripper_slip,0,400027,True,True,True,149,47.50269532032283,46.0,-0.0213625077158212,0.4032307267189026,0.8969388604164124,327,4800
recovery_bc,cereal,gripper_slip,1,400028,True,True,True,181,51.45513384338791,58.0,-0.0325132869184017,0.3852201104164123,0.8978678584098816,327,4800
recovery_bc,cereal,gripper_slip,2,400029,False,True,False,260,70.10062424984204,127.0,0.0002521121932659,0.1674012690782547,1.0161079168319702,327,4800
recovery_bc,cereal,gripper_slip,3,400030,True,True,True,132,39.20427415571024,46.0,-0.0207113772630691,0.3788971900939941,0.8972557187080383,327,4800
recovery_bc,cereal,gripper_slip,4,400031,True,True,True,157,49.048330812393274,47.0,0.0069439164362847,0.3869479298591614,0.8994600176811218,327,4800
recovery_bc,cereal,gripper_slip,5,400032,False,True,False,260,83.80590756938138,84.0,-0.2581307888031006,0.7592587471008301,0.8716686964035034,327,4800
recovery_bc,cereal,gripper_slip,6,400033,True,True,True,144,40.71775841143942,53.0,-0.0234759487211704,0.3916977047920227,0.8979337215423584,327,4800
recovery_bc,cereal,gripper_slip,7,400034,False,True,False,260,99.30982498035416,57.0,0.0030023499857634,0.4212668240070343,0.903367280960083,327,4800
contrastive_recovery,cereal,nominal,0,400027,False,False,False,260,35.61192254984563,,0.1255543828010559,-0.2871981859207153,0.8272918462753296,327,4800
contrastive_recovery,cereal,nominal,1,400028,False,False,False,260,24.34887202735113,,0.2361947745084762,-0.3536716997623443,0.8031774163246155,327,4800
contrastive_recovery,cereal,nominal,2,400029,False,False,False,260,69.82001831401914,,-0.0404706224799156,0.4441458284854889,0.9957922101020812,327,4800
contrastive_recovery,cereal,nominal,3,400030,True,False,False,177,63.08973820068578,,-0.0382787026464939,0.3745827972888946,0.8994818329811096,327,4800
contrastive_recovery,cereal,nominal,4,400031,True,False,False,204,66.87327920379938,,-0.0336054787039756,0.3664400279521942,0.8956842422485352,327,4800
contrastive_recovery,cereal,nominal,5,400032,False,False,False,260,70.305968915193,,-0.3195430338382721,0.8339871764183044,0.9415684342384338,327,4800
contrastive_recovery,cereal,nominal,6,400033,False,False,False,260,28.150794698465265,,0.2002246230840683,-0.2878371179103851,0.8307605981826782,327,4800
contrastive_recovery,cereal,nominal,7,400034,False,False,False,260,28.80445557011548,,0.2177244126796722,-0.3384957313537597,0.8171225190162659,327,4800
contrastive_recovery,cereal,object_shift,0,400027,False,True,False,260,109.50374336051294,14.0,0.0021137665025889,0.5046244263648987,0.9021787643432616,327,4800
contrastive_recovery,cereal,object_shift,1,400028,False,True,False,260,80.17857202831969,14.0,-0.2149990946054458,0.7700064778327942,0.033457227051258,327,4800
contrastive_recovery,cereal,object_shift,2,400029,False,True,False,260,3.9988009609454074,14.0,0.1239838674664497,-0.3369869887828827,0.8687459826469421,327,4800
contrastive_recovery,cereal,object_shift,3,400030,True,True,True,144,48.08796039325688,14.0,-0.0027740509249269,0.4337277710437774,0.8927375078201294,327,4800
contrastive_recovery,cereal,object_shift,4,400031,True,True,True,165,59.44873801278372,14.0,-0.0359013602137565,0.3867899775505066,0.8944629430770874,327,4800
contrastive_recovery,cereal,object_shift,5,400032,False,True,False,260,85.18581686553794,14.0,-0.3286645114421844,0.8172147870063782,1.0808286666870115,327,4800
contrastive_recovery,cereal,object_shift,6,400033,False,True,False,260,70.27928165801089,14.0,-0.2942084670066833,0.8306933045387268,0.0149671658873558,327,4800
contrastive_recovery,cereal,object_shift,7,400034,False,True,False,260,82.6539827453405,14.0,-0.3211671411991119,0.8042452335357666,0.0139060728251934,327,4800
contrastive_recovery,cereal,action_noise,0,400027,True,True,True,125,45.301866363128525,8.0,-0.0359956286847591,0.3973652720451355,0.8963040709495544,327,4800
contrastive_recovery,cereal,action_noise,1,400028,True,True,True,178,52.47265962038922,8.0,0.0054515502415597,0.4770854711532593,0.8684257864952087,327,4800
contrastive_recovery,cereal,action_noise,2,400029,False,True,False,260,21.967888294682936,8.0,0.1660261452198028,-0.4257627725601196,0.8752942681312561,327,4800
contrastive_recovery,cereal,action_noise,3,400030,True,True,True,148,43.12142423275679,8.0,0.0002332968142582,0.4403082430362701,0.8874256610870361,327,4800
contrastive_recovery,cereal,action_noise,4,400031,True,True,True,110,40.422370456049,8.0,-0.0297250971198081,0.3755980134010315,0.896496057510376,327,4800
contrastive_recovery,cereal,action_noise,5,400032,False,True,False,260,81.4863567145966,8.0,0.0015401368727907,0.5144295692443848,0.9046611189842224,327,4800
contrastive_recovery,cereal,action_noise,6,400033,True,True,True,187,58.42079618825794,8.0,-0.0037404692266136,0.4586076140403747,0.8890846967697144,327,4800
contrastive_recovery,cereal,action_noise,7,400034,False,True,False,260,24.060066433073654,8.0,0.2362482398748397,-0.2838061451911926,0.8307625651359558,327,4800
contrastive_recovery,cereal,action_delay,0,400027,False,True,False,260,22.922868247144173,3.0,0.1786154359579086,-0.2648353576660156,0.8307657837867737,327,4800
contrastive_recovery,cereal,action_delay,1,400028,False,True,False,260,21.147534923036307,5.0,0.233465626835823,-0.378311425447464,0.8611355423927307,327,4800
contrastive_recovery,cereal,action_delay,2,400029,False,True,False,260,3.98505323057373,5.0,0.1604881882667541,-0.325283944606781,0.8307458162307739,327,4800
contrastive_recovery,cereal,action_delay,3,400030,False,True,False,260,24.04356625393485,3.0,0.1924090683460235,-0.3086917996406555,0.014975169673562,327,4800
contrastive_recovery,cereal,action_delay,4,400031,False,True,False,260,18.551911042509424,3.0,0.081150472164154,-0.3514765202999115,0.8306495547294617,327,4800
contrastive_recovery,cereal,action_delay,5,400032,False,True,False,260,4.352498089268672,3.0,0.1873635649681091,-0.2426303029060363,0.8307462334632874,327,4800
contrastive_recovery,cereal,action_delay,6,400033,False,True,False,260,17.212135658136248,5.0,0.1885243058204651,-0.326507031917572,0.8308207392692566,327,4800
contrastive_recovery,cereal,action_delay,7,400034,False,True,False,260,16.569938511954515,5.0,0.2348969578742981,-0.3521949350833893,0.8307992219924927,327,4800
contrastive_recovery,cereal,gripper_slip,0,400027,False,False,False,260,35.61192254984563,,0.1255543828010559,-0.2871981859207153,0.8272918462753296,327,4800
contrastive_recovery,cereal,gripper_slip,1,400028,False,False,False,260,24.34887202735113,,0.2361947745084762,-0.3536716997623443,0.8031774163246155,327,4800
contrastive_recovery,cereal,gripper_slip,2,400029,False,True,False,260,36.20924023247975,183.0,0.060827974230051,-0.4124339520931244,0.8587512373924255,327,4800
contrastive_recovery,cereal,gripper_slip,3,400030,False,True,False,260,33.63312808049889,106.0,0.2234907746315002,-0.1335230618715286,0.8307931423187256,327,4800
contrastive_recovery,cereal,gripper_slip,4,400031,False,True,False,260,33.371860463102536,127.0,0.0378364212810993,-0.4003258943557739,0.8203722238540649,327,4800
contrastive_recovery,cereal,gripper_slip,5,400032,False,True,False,260,28.32046351989341,149.0,0.2017956525087356,-0.4335249960422516,0.8767704367637634,327,4800
contrastive_recovery,cereal,gripper_slip,6,400033,False,False,False,260,28.150794698465265,,0.2002246230840683,-0.2878371179103851,0.8307605981826782,327,4800
contrastive_recovery,cereal,gripper_slip,7,400034,False,False,False,260,28.80445557011548,,0.2177244126796722,-0.3384957313537597,0.8171225190162659,327,4800
baseline,can,nominal,0,400027,True,False,False,115,48.16147014973304,,0.1957374364137649,0.3964488804340362,0.8600562214851379,427,0
baseline,can,nominal,1,400028,True,False,False,98,32.65652703411344,,0.1701183021068573,0.3672488629817962,0.8666434288024902,427,0
baseline,can,nominal,2,400029,True,False,False,133,44.30625174645045,,0.172504186630249,0.400569349527359,0.8601092100143433,427,0
baseline,can,nominal,3,400030,True,False,False,122,51.09984330902789,,0.1880849003791809,0.3931511044502258,0.8600704669952393,427,0
baseline,can,nominal,4,400031,True,False,False,141,46.628830441247665,,0.1828583329916,0.3903023302555084,0.8607549667358398,427,0
baseline,can,nominal,5,400032,True,False,False,119,49.66935077619337,,0.1822217106819152,0.3889268934726715,0.8600518703460693,427,0
baseline,can,nominal,6,400033,True,False,False,122,39.053555720071415,,0.1726363152265548,0.3837680518627167,0.8980587124824524,427,0
baseline,can,nominal,7,400034,True,False,False,135,52.55387360270972,,0.1916132420301437,0.3964725732803345,0.8600687980651855,427,0
baseline,can,object_shift,0,400027,False,True,False,260,0.3233301785584694,14.0,-0.2452688366174698,-0.2299008667469024,0.3435315787792206,427,0
baseline,can,object_shift,1,400028,True,True,True,128,46.157588430498315,14.0,0.1795847117900848,0.3950315713882446,0.8600605130195618,427,0
baseline,can,object_shift,2,400029,False,True,False,260,3.682964061217202,14.0,0.1228173673152923,-0.2238271236419677,0.860054612159729,427,0
baseline,can,object_shift,3,400030,False,True,False,260,1.2257284685577072,14.0,0.2466986030340194,-0.1015096604824066,0.865793764591217,427,0
baseline,can,object_shift,4,400031,True,True,True,134,41.40773703775107,14.0,0.1546238511800766,0.4203299283981323,0.8894547820091248,427,0
baseline,can,object_shift,5,400032,False,True,False,260,3.371608710327734,14.0,0.1196998581290245,-0.0952096208930015,0.8436461091041565,427,0
baseline,can,object_shift,6,400033,True,True,True,118,37.03571087919504,14.0,0.1678824722766876,0.3817916214466095,0.8982038497924805,427,0
baseline,can,object_shift,7,400034,True,True,True,142,51.36109999615453,14.0,0.1843619346618652,0.4034257233142853,0.8600710034370422,427,0
baseline,can,action_noise,0,400027,True,True,True,107,40.61395750569211,8.0,0.1699125617742538,0.3450033664703369,0.8781412243843079,427,0
baseline,can,action_noise,1,400028,True,True,True,103,36.26185445895712,8.0,0.1619501858949661,0.4047339558601379,0.8598620891571045,427,0
baseline,can,action_noise,2,400029,True,True,True,131,41.38252580665377,8.0,0.1735678315162658,0.3804044723510742,0.8591266870498657,427,0
baseline,can,action_noise,3,400030,False,True,False,260,9.781857343183304,8.0,0.0165239889174699,-0.1272471100091934,0.8600564002990723,427,0
baseline,can,action_noise,4,400031,True,True,True,134,41.795222468716254,8.0,0.1763581037521362,0.3831548988819122,0.8738039135932922,427,0
baseline,can,action_noise,5,400032,True,True,True,109,41.410254102667416,8.0,0.1629365682601928,0.383980244398117,0.8600261211395264,427,0
baseline,can,action_noise,6,400033,True,True,True,123,41.01054422353536,8.0,0.1750630587339401,0.3745995759963989,0.8558463454246521,427,0
baseline,can,action_noise,7,400034,True,True,True,122,42.246670662001826,8.0,0.1892005354166031,0.3776935636997223,0.8616345524787903,427,0
baseline,can,action_delay,0,400027,True,True,True,164,68.6171031227785,3.0,0.144158661365509,0.4884302914142608,0.8911088109016418,427,0
baseline,can,action_delay,1,400028,True,True,True,180,73.20426682392018,5.0,0.1782252490520477,0.4871986210346222,0.8647592067718506,427,0
baseline,can,action_delay,2,400029,False,True,False,260,2.6785754832972803,5.0,0.2077684700489044,-0.2716690599918365,0.8600590229034424,427,0
baseline,can,action_delay,3,400030,False,True,False,260,86.74267800221133,3.0,0.0164543185383081,0.7075854539871216,0.0402633249759674,427,0
baseline,can,action_delay,4,400031,False,True,False,260,2.780864089248502,3.0,0.0768508613109588,-0.4067784249782562,0.8437454104423523,427,0
baseline,can,action_delay,5,400032,False,True,False,260,4.628107995476866,3.0,0.2393168359994888,0.1423840522766113,0.8436650037765503,427,0
baseline,can,action_delay,6,400033,True,True,True,168,59.91542542709724,5.0,0.2246354669332504,0.4474100470542907,0.864179790019989,427,0
baseline,can,action_delay,7,400034,True,True,True,163,59.59045327527305,5.0,0.2294089049100875,0.4341556429862976,0.8654156923294067,427,0
baseline,can,gripper_slip,0,400027,False,True,False,260,14.086960054212645,42.0,-0.032811127603054,-0.1787047237157821,0.8600543141365051,427,0
baseline,can,gripper_slip,1,400028,False,True,False,260,9.944358494770173,44.0,0.1705235987901687,-0.0930698215961456,0.8600515127182007,427,0
baseline,can,gripper_slip,2,400029,False,True,False,260,8.063562468675451,54.0,0.1468329429626464,-0.239188015460968,0.8600502014160156,427,0
baseline,can,gripper_slip,3,400030,False,True,False,260,11.729782793008424,42.0,0.0769134983420372,-0.070638507604599,0.8600520491600037,427,0
baseline,can,gripper_slip,4,400031,False,True,False,260,9.729758248028672,56.0,-0.0536894164979457,-0.3945964872837066,0.8600456118583679,427,0
baseline,can,gripper_slip,5,400032,False,True,False,260,11.292070099571315,41.0,0.0701116174459457,-0.1617421060800552,0.8600603938102722,427,0
baseline,can,gripper_slip,6,400033,False,True,False,260,9.657753525370357,51.0,0.1264249384403228,-0.3004486560821533,0.8600465655326843,427,0
baseline,can,gripper_slip,7,400034,False,True,False,260,12.05570159401187,49.0,0.0540340580046176,-0.3235822916030884,0.8600473999977112,427,0
baseline,milk,nominal,0,400027,True,False,False,67,20.89775183381027,,-0.0233170986175537,0.1310149431228637,0.8934909105300903,427,0
baseline,milk,nominal,1,400028,True,False,False,79,24.42628467627626,,-0.0178971029818058,0.1327883601188659,0.8981799483299255,427,0
baseline,milk,nominal,2,400029,True,False,False,69,25.16810119296821,,-0.0136473607271909,0.1409272700548172,0.8910723924636841,427,0
baseline,milk,nominal,3,400030,True,False,False,94,27.346551838940453,,-0.0220358092337846,0.1395307034254074,0.8885024785995483,427,0
baseline,milk,nominal,4,400031,True,False,False,76,24.995378229526064,,-0.0182406585663557,0.140628695487976,0.8998555541038513,427,0
baseline,milk,nominal,5,400032,True,False,False,82,25.77928611796253,,-0.0168211217969656,0.1399153620004654,0.8984944224357605,427,0
baseline,milk,nominal,6,400033,True,False,False,67,24.290875411040897,,-0.021219091489911,0.138528287410736,0.8884234428405762,427,0
baseline,milk,nominal,7,400034,True,False,False,74,19.959233121081724,,-0.0295953620225191,0.1568125635385513,0.8963708281517029,427,0
baseline,milk,object_shift,0,400027,True,True,True,94,18.419529015459897,14.0,-0.0051720980554819,0.1701429039239883,0.8918468356132507,427,0
baseline,milk,object_shift,1,400028,True,True,True,87,22.533268253605005,14.0,-0.0246889740228652,0.1309399455785751,0.8884428143501282,427,0
baseline,milk,object_shift,2,400029,False,True,False,260,3.926403061184826,14.0,0.0729538947343826,-0.1222317293286323,0.8379378914833069,427,0
baseline,milk,object_shift,3,400030,False,True,False,260,9.271643232976306,14.0,0.2471664547920227,-0.1891257464885711,0.8798578977584839,427,0
baseline,milk,object_shift,4,400031,True,True,True,103,20.83657035199999,14.0,0.0104084433987736,0.1648774743080139,0.8936945199966431,427,0
baseline,milk,object_shift,5,400032,True,True,True,96,28.29798432569446,14.0,-0.0170265920460224,0.1340402364730835,0.8971933722496033,427,0
baseline,milk,object_shift,6,400033,False,True,False,260,3.518716220326611,14.0,0.1916005313396453,-0.1008084118366241,0.8378720879554749,427,0
baseline,milk,object_shift,7,400034,True,True,True,86,21.855652739056367,14.0,-0.0359559431672096,0.1452661007642746,0.8941689133644104,427,0
baseline,milk,action_noise,0,400027,True,True,True,65,21.136143232410767,8.0,-0.0243275910615921,0.1290919631719589,0.8965266346931458,427,0
baseline,milk,action_noise,1,400028,True,True,True,80,25.19846106713582,8.0,0.0025683550629764,0.1252997070550918,0.8939171433448792,427,0
baseline,milk,action_noise,2,400029,True,True,True,74,26.50375857510183,8.0,0.0049387593753635,0.1263333559036255,0.8876675367355347,427,0
baseline,milk,action_noise,3,400030,True,True,True,97,28.5910295157696,8.0,0.0030354782938957,0.1626011580228805,0.8922032713890076,427,0
baseline,milk,action_noise,4,400031,True,True,True,74,22.865693336849812,8.0,-0.0307708736509084,0.1011519134044647,0.8939989805221558,427,0
baseline,milk,action_noise,5,400032,True,True,True,79,23.38311863091778,8.0,-0.025938045233488,0.077948935329914,0.8911985158920288,427,0
baseline,milk,action_noise,6,400033,True,True,True,66,23.49314195538461,8.0,-0.0398409180343151,0.1096574440598487,0.887403666973114,427,0
baseline,milk,action_noise,7,400034,True,True,True,74,19.85881183722932,8.0,-0.0262713376432657,0.1393018811941146,0.8946436643600464,427,0
baseline,milk,action_delay,0,400027,False,True,False,260,3.05035029923938,3.0,0.2321282923221588,-0.0993292480707168,0.8722043037414551,427,0
baseline,milk,action_delay,1,400028,False,True,False,260,72.20501576051936,5.0,0.0774487257003784,0.2167821377515792,0.9449238181114196,427,0
baseline,milk,action_delay,2,400029,False,True,False,260,4.133591982326621,5.0,-0.0476736426353454,-0.1692847609519958,0.8826970458030701,427,0
baseline,milk,action_delay,3,400030,False,True,False,260,3.796116578394975,3.0,0.2017368823289871,-0.3522994220256805,0.8375368118286133,427,0
baseline,milk,action_delay,4,400031,True,True,True,92,25.48071109643862,3.0,-0.0264133736491203,0.2009610384702682,0.8915659189224243,427,0
baseline,milk,action_delay,5,400032,False,True,False,260,2.7246263754439535,3.0,0.2335337400436401,-0.2440057098865509,0.873091995716095,427,0
baseline,milk,action_delay,6,400033,False,True,False,260,63.31508185882332,5.0,0.0323945507407188,0.4769823551177978,0.8667966723442078,427,0
baseline,milk,action_delay,7,400034,False,True,False,260,1.6396737993836858,5.0,0.0592791363596916,-0.1135412752628326,0.0198340117931365,427,0
baseline,milk,gripper_slip,0,400027,False,True,False,260,10.529357025643751,41.0,0.1221282258629798,-0.1294742226600647,0.8379326462745667,427,0
baseline,milk,gripper_slip,1,400028,False,True,False,260,10.909992972466547,45.0,0.2300295680761337,-0.1875264048576355,0.871694803237915,427,0
baseline,milk,gripper_slip,2,400029,True,True,True,109,28.241376666263072,37.0,-0.011439936235547,0.1372497826814651,0.8901945352554321,427,0
baseline,milk,gripper_slip,3,400030,True,True,True,117,26.62483569065186,52.0,-0.0037515056319534,0.1231266930699348,0.8915509581565857,427,0
baseline,milk,gripper_slip,4,400031,False,True,False,260,11.45217676474167,42.0,0.10752684623003,-0.2092572450637817,0.8378608226776123,427,0
baseline,milk,gripper_slip,5,400032,True,True,True,199,33.3604422787455,44.0,-0.0132992826402187,0.1528290659189224,0.8937008380889893,427,0
baseline,milk,gripper_slip,6,400033,True,True,True,94,19.26862738663539,36.0,-0.0279799979180097,0.151562213897705,0.8924402594566345,427,0
baseline,milk,gripper_slip,7,400034,False,True,False,260,8.142747253694719,47.0,0.1102401837706565,-0.1676272600889206,0.8379386067390442,427,0
baseline,bread,nominal,0,400027,True,False,False,116,42.51530026582331,,0.2020636945962906,0.1744072437286377,0.8421877026557922,427,0
baseline,bread,nominal,1,400028,True,False,False,130,44.29783377256675,,0.1765970289707183,0.1625720560550689,0.84217369556427,427,0
baseline,bread,nominal,2,400029,False,False,False,260,12.74658830923771,,0.1247904002666473,-0.0801476389169693,0.8386433720588684,427,0
baseline,bread,nominal,3,400030,True,False,False,117,41.684735972554634,,0.1729763299226761,0.1576217859983444,0.8422038555145264,427,0
baseline,bread,nominal,4,400031,True,False,False,131,44.32921152304459,,0.170571967959404,0.1530619412660598,0.842198371887207,427,0
baseline,bread,nominal,5,400032,True,False,False,131,44.903524302055246,,0.1953974068164825,0.1621921956539154,0.8421927094459534,427,0
baseline,bread,nominal,6,400033,True,False,False,138,46.96981031480858,,0.2062212824821472,0.189507320523262,0.8421684503555298,427,0
baseline,bread,nominal,7,400034,True,False,False,113,41.56778601208837,,0.1817476153373718,0.1667112857103347,0.8422040939331055,427,0
baseline,bread,object_shift,0,400027,True,True,True,124,44.832631766767335,14.0,0.1897226423025131,0.1998514235019683,0.8421684503555298,427,0
baseline,bread,object_shift,1,400028,True,True,True,147,48.78861476031537,14.0,0.1539379954338073,0.1836561262607574,0.8421874046325684,427,0
baseline,bread,object_shift,2,400029,False,True,False,260,4.50616165789182,14.0,-0.0101149221882224,-0.0999369993805885,0.8421643376350403,427,0
baseline,bread,object_shift,3,400030,True,True,True,141,47.58430139857314,14.0,0.1674739420413971,0.1547099500894546,0.8421896696090698,427,0
baseline,bread,object_shift,4,400031,True,True,True,124,45.01402331662915,14.0,0.1732460856437683,0.1672808825969696,0.8421645760536194,427,0
baseline,bread,object_shift,5,400032,False,True,False,260,2.6200888768674453,14.0,0.0081710731610655,-0.4300232529640198,0.8421904444694519,427,0
baseline,bread,object_shift,6,400033,True,True,True,127,43.64360985530063,14.0,0.1747731268405914,0.1660558134317398,0.8421908617019653,427,0
baseline,bread,object_shift,7,400034,True,True,True,124,43.456564529408205,14.0,0.1769938617944717,0.1591677069664001,0.8421684503555298,427,0
baseline,bread,action_noise,0,400027,True,True,True,108,35.815981229473365,8.0,0.1846543401479721,0.0935814008116722,0.8415340185165405,427,0
baseline,bread,action_noise,1,400028,True,True,True,133,45.80575361527483,8.0,0.1898573487997055,0.1453575193881988,0.8421904444694519,427,0
baseline,bread,action_noise,2,400029,False,True,False,260,12.26132119740443,8.0,0.0848821923136711,-0.0783628895878791,0.8421720862388611,427,0
baseline,bread,action_noise,3,400030,False,True,False,260,7.678048339208613,8.0,0.1715138852596283,-0.1678683757781982,0.8425341844558716,427,0
baseline,bread,action_noise,4,400031,True,True,True,127,41.95706879693115,8.0,0.1407413035631179,0.1508356481790542,0.8421643376350403,427,0
baseline,bread,action_noise,5,400032,True,True,True,124,42.042684173760385,8.0,0.1876023858785629,0.1739544719457626,0.8421427607536316,427,0
baseline,bread,action_noise,6,400033,True,True,True,131,43.73796148456742,8.0,0.1925299763679504,0.122352011501789,0.8422027230262756,427,0
baseline,bread,action_noise,7,400034,True,True,True,124,47.04618497278269,8.0,0.1747070550918579,0.2074571251869201,0.8422003984451294,427,0
baseline,bread,action_delay,0,400027,False,True,False,260,5.638967632019298,3.0,-0.0493511669337749,-0.2532036900520324,0.8421630859375,427,0
baseline,bread,action_delay,1,400028,False,True,False,260,41.17189749729786,5.0,0.2011810392141342,0.3242952227592468,0.8421713709831238,427,0
baseline,bread,action_delay,2,400029,False,True,False,260,23.71694209545542,5.0,0.1689308583736419,0.129850372672081,0.9190534949302672,427,0
baseline,bread,action_delay,3,400030,False,True,False,260,7.884382388967417,3.0,0.1303296983242035,-0.1787456572055816,0.8421846628189087,427,0
baseline,bread,action_delay,4,400031,True,True,True,146,46.74033881235852,3.0,0.17923104763031,0.1930850148200988,0.8421903848648071,427,0
baseline,bread,action_delay,5,400032,False,True,False,260,6.456845021938077,3.0,0.0246053878217935,-0.3617339730262756,0.8383194208145142,427,0
baseline,bread,action_delay,6,400033,False,True,False,260,5.1135138881317665,5.0,-0.029055843129754,-0.3585054576396942,0.8421904444694519,427,0
baseline,bread,action_delay,7,400034,False,True,False,260,13.993980142251637,5.0,0.1078130230307579,-0.2503589391708374,0.8421919941902161,427,0
baseline,bread,gripper_slip,0,400027,False,True,False,260,10.794959601659228,53.0,-0.0538665167987346,-0.2624977231025696,0.8421670198440552,427,0
baseline,bread,gripper_slip,1,400028,False,True,False,260,12.430749731533268,59.0,0.2400473356246948,-0.342008113861084,0.842200756072998,427,0
baseline,bread,gripper_slip,2,400029,False,False,False,260,12.74658830923771,,0.1247904002666473,-0.0801476389169693,0.8386433720588684,427,0
baseline,bread,gripper_slip,3,400030,False,True,False,260,15.744486236933056,60.0,0.1933137774467468,-0.09784946590662,0.8421908617019653,427,0
baseline,bread,gripper_slip,4,400031,False,True,False,260,16.209946774497446,70.0,0.1686047166585922,-0.2190296202898025,0.8421643376350403,427,0
baseline,bread,gripper_slip,5,400032,False,True,False,260,12.608309813454197,57.0,0.0031134707387536,-0.4304609000682831,0.8421670198440552,427,0
baseline,bread,gripper_slip,6,400033,False,True,False,260,11.163191811212304,65.0,0.0385698191821575,-0.3254050612449646,0.8421908617019653,427,0
baseline,bread,gripper_slip,7,400034,False,True,False,260,12.809702608832255,51.0,0.1265555173158645,-0.2916220724582672,0.8421713709831238,427,0
baseline,cereal,nominal,0,400027,True,False,False,116,43.37350925072092,,0.0129199465736746,0.4180038869380951,0.8941929340362549,427,0
baseline,cereal,nominal,1,400028,True,False,False,125,43.859643309007154,,0.0043638395145535,0.4230688214302063,0.8944346904754639,427,0
baseline,cereal,nominal,2,400029,True,False,False,133,45.58826815146163,,-0.0027952757664024,0.4109598100185394,0.8949282765388489,427,0
baseline,cereal,nominal,3,400030,True,False,False,115,43.72957079476508,,-0.0042781974188983,0.4100796282291412,0.894852876663208,427,0
baseline,cereal,nominal,4,400031,True,False,False,121,45.58552807784988,,0.0014909880701452,0.407137393951416,0.8958970904350281,427,0
baseline,cereal,nominal,5,400032,True,False,False,131,45.03615644707109,,-0.0031180952209979,0.4155052006244659,0.8957480192184448,427,0
baseline,cereal,nominal,6,400033,True,False,False,118,42.36894627771094,,-0.001315320841968,0.4147476553916931,0.8953185081481934,427,0
baseline,cereal,nominal,7,400034,True,False,False,122,42.26919166524298,,-0.0020827958360314,0.414515346288681,0.8946295380592346,427,0
baseline,cereal,object_shift,0,400027,False,True,False,260,3.4632509685964825,14.0,0.0041684848256409,-0.2285741716623306,0.8946362137794495,427,0
baseline,cereal,object_shift,1,400028,True,True,True,125,41.028098623549425,14.0,-0.0125835603103041,0.4110882580280304,0.8943753838539124,427,0
baseline,cereal,object_shift,2,400029,False,True,False,260,3.357013632105161,14.0,0.0369778648018837,-0.3359523117542267,0.8946296572685242,427,0
baseline,cereal,object_shift,3,400030,False,True,False,260,3.7437891433535064,14.0,0.1044943407177925,-0.0575875602662563,0.8844199776649475,427,0
baseline,cereal,object_shift,4,400031,False,True,False,260,3.4210725672887454,14.0,-0.0148970559239387,-0.2659756243228912,0.8946341872215271,427,0
baseline,cereal,object_shift,5,400032,True,True,True,135,43.41064513746515,14.0,-0.0298871118575334,0.409892737865448,0.8982431292533875,427,0
baseline,cereal,object_shift,6,400033,True,True,True,122,40.91517121440818,14.0,-0.0050313966348767,0.4179833829402923,0.895313024520874,427,0
baseline,cereal,object_shift,7,400034,True,True,True,132,43.88051455512787,14.0,-0.0255403257906436,0.4104706645011902,0.8950994610786438,427,0
baseline,cereal,action_noise,0,400027,True,True,True,109,40.208099311064615,8.0,-0.0203093141317367,0.397304356098175,0.8933005332946777,427,0
baseline,cereal,action_noise,1,400028,True,True,True,122,40.01866989391375,8.0,-0.0234399829059839,0.3687414824962616,0.8936605453491211,427,0
baseline,cereal,action_noise,2,400029,True,True,True,131,42.15301391361521,8.0,-0.0007353195687755,0.3519965708255768,0.8982707858085632,427,0
baseline,cereal,action_noise,3,400030,True,True,True,119,44.69542579569083,8.0,-0.0096266428008675,0.3794732093811035,0.8959396481513977,427,0
baseline,cereal,action_noise,4,400031,True,True,True,115,43.10528100664421,8.0,-0.0385340042412281,0.3787205815315246,0.8960834741592407,427,0
baseline,cereal,action_noise,5,400032,True,True,True,122,41.06889398074514,8.0,0.0078507289290428,0.3635609745979309,0.8951322436332703,427,0
baseline,cereal,action_noise,6,400033,True,True,True,111,36.45921478051448,8.0,-0.0030631807167083,0.3875093758106231,0.8995540738105774,427,0
baseline,cereal,action_noise,7,400034,True,True,True,109,35.167507071112446,8.0,-0.022602530196309,0.3743575513362884,0.8971464037895203,427,0
baseline,cereal,action_delay,0,400027,False,True,False,260,52.93201201153912,3.0,-0.0751975923776626,0.6970469355583191,0.0149751603603363,427,0
baseline,cereal,action_delay,1,400028,False,True,False,260,1.7107148102772542,5.0,0.189212292432785,-0.251755952835083,0.8946302533149719,427,0
baseline,cereal,action_delay,2,400029,False,True,False,260,1.8010536585902328,5.0,0.1252319514751434,-0.2960729897022247,0.8307222127914429,427,0
baseline,cereal,action_delay,3,400030,False,True,False,260,55.799982789902366,3.0,-0.0865053832530975,0.7068741917610168,0.0149751659482717,427,0
baseline,cereal,action_delay,4,400031,True,True,True,134,45.633374778615426,3.0,-0.0038099181838333,0.4273213446140289,0.8986506462097168,427,0
baseline,cereal,action_delay,5,400032,False,True,False,260,1.5142914405725536,3.0,0.1890037357807159,-0.2426226735115051,0.8307843804359436,427,0
baseline,cereal,action_delay,6,400033,False,True,False,260,1.9634059894275984,5.0,0.1493127793073654,-0.224306583404541,0.8946276307106018,427,0
baseline,cereal,action_delay,7,400034,False,True,False,260,1.7080779691135446,5.0,0.1863010078668594,-0.2493398934602737,0.8946422934532166,427,0
baseline,cereal,gripper_slip,0,400027,False,True,False,260,11.35457551388282,51.0,0.0244929026812315,-0.2322533577680587,0.8946278095245361,427,0
baseline,cereal,gripper_slip,1,400028,False,True,False,260,9.18426849797574,56.0,0.2340652048587799,-0.2470752894878387,0.8946298956871033,427,0
baseline,cereal,gripper_slip,2,400029,False,True,False,260,8.509050268305893,56.0,0.0566554255783557,-0.352888822555542,0.8946387767791748,427,0
baseline,cereal,gripper_slip,3,400030,False,True,False,260,11.492321734314729,50.0,0.122836597263813,-0.2570004165172577,0.8307605981826782,427,0
baseline,cereal,gripper_slip,4,400031,False,True,False,260,12.115398559789195,53.0,-0.019636670127511,-0.2685629725456238,0.8946269154548645,427,0
baseline,cereal,gripper_slip,5,400032,False,True,False,260,8.721031647063976,57.0,0.1850044131278991,-0.4114289581775665,0.8946382999420166,427,0
baseline,cereal,gripper_slip,6,400033,False,True,False,260,9.882940879045169,53.0,0.1979943364858627,-0.195230022072792,0.8946329355239868,427,0
baseline,cereal,gripper_slip,7,400034,False,True,False,260,8.931425619646213,55.0,0.2172435522079467,-0.3032566905021667,0.8946313858032227,427,0
more_demos,can,nominal,0,400027,True,False,False,102,40.41009666336576,,0.1798499375581741,0.3898302018642425,0.8735476136207581,427,4800
more_demos,can,nominal,1,400028,True,False,False,118,47.857415467404365,,0.1742447316646576,0.3972990810871124,0.8600677251815796,427,4800
more_demos,can,nominal,2,400029,False,False,False,260,7.211763662274067,,0.1805316358804702,-0.2180102318525314,0.8600483536720276,427,4800
more_demos,can,nominal,3,400030,True,False,False,104,40.6118279127345,,0.1825699806213379,0.4011641442775726,0.8600407242774963,427,4800
more_demos,can,nominal,4,400031,True,False,False,156,57.26628672602115,,0.1713046431541443,0.3866418302059173,0.8600616455078125,427,4800
more_demos,can,nominal,5,400032,True,False,False,98,37.49689868868925,,0.1768249273300171,0.3943315148353576,0.8605761528015137,427,4800
more_demos,can,nominal,6,400033,True,False,False,127,44.24847686887411,,0.1768273562192917,0.4055913686752319,0.8607451319694519,427,4800
more_demos,can,nominal,7,400034,True,False,False,140,56.419961432896635,,0.1760457754135131,0.3787050545215606,0.860054075717926,427,4800
more_demos,can,object_shift,0,400027,False,True,False,260,0.3589672596589593,14.0,-0.2452478408813476,-0.2298898845911026,0.3435667157173157,427,4800
more_demos,can,object_shift,1,400028,True,True,True,102,30.44863889922304,14.0,0.1641567051410675,0.3681656718254089,0.8647795915603638,427,4800
more_demos,can,object_shift,2,400029,False,True,False,260,3.974813307222255,14.0,0.1718094199895858,-0.2658098340034485,0.8437451720237732,427,4800
more_demos,can,object_shift,3,400030,False,True,False,260,0.9325182982238512,14.0,0.2442117482423782,-0.0999948903918266,0.8585628271102905,427,4800
more_demos,can,object_shift,4,400031,True,True,True,135,43.68263456655553,14.0,0.1787348389625549,0.3997702300548553,0.8842841982841492,427,4800
more_demos,can,object_shift,5,400032,False,True,False,260,3.8261965977486536,14.0,0.1546694785356521,-0.0883523970842361,0.8438157439231873,427,4800
more_demos,can,object_shift,6,400033,True,True,True,151,57.93660565302374,14.0,0.1601069867610931,0.3812384009361267,0.8613706231117249,427,4800
more_demos,can,object_shift,7,400034,True,True,True,128,43.10190479295981,14.0,0.177662655711174,0.4112372696399688,0.8602255582809448,427,4800
more_demos,can,action_noise,0,400027,False,True,False,260,4.735419182152919,8.0,0.0526162460446357,-0.1557709723711013,0.843770444393158,427,4800
more_demos,can,action_noise,1,400028,True,True,True,106,38.27853392547268,8.0,0.1533746570348739,0.4086795747280121,0.8675129413604736,427,4800
more_demos,can,action_noise,2,400029,False,True,False,260,3.4974407409991572,8.0,0.2130387127399444,-0.2751196920871734,0.8600534200668335,427,4800
more_demos,can,action_noise,3,400030,False,True,False,260,3.550621304051868,8.0,0.0347782336175441,-0.1671748161315918,0.8600462079048157,427,4800
more_demos,can,action_noise,4,400031,True,True,True,132,42.62001466841741,8.0,0.1758045852184295,0.3885787427425384,0.8595969080924988,427,4800
more_demos,can,action_noise,5,400032,True,True,True,109,45.41073525063048,8.0,0.1787016689777374,0.3884625732898712,0.8600473403930664,427,4800
more_demos,can,action_noise,6,400033,True,True,True,119,39.94115572161991,8.0,0.1766210347414016,0.3598658740520477,0.8987937569618225,427,4800
more_demos,can,action_noise,7,400034,True,True,True,124,46.00084475427661,8.0,0.1987499296665191,0.4053750336170196,0.8610571622848511,427,4800
more_demos,can,action_delay,0,400027,True,True,True,171,74.75913784182221,3.0,0.1403335034847259,0.4877234995365143,0.8842243552207947,427,4800
more_demos,can,action_delay,1,400028,False,True,False,260,2.5696764344078193,5.0,0.1062056496739387,-0.1030434593558311,0.8600500226020813,427,4800
more_demos,can,action_delay,2,400029,False,True,False,260,2.4029796987887986,5.0,0.2112154513597488,-0.2781768441200256,0.8600561022758484,427,4800
more_demos,can,action_delay,3,400030,True,True,True,226,105.10658686466192,3.0,0.1668440997600555,0.4779435098171234,0.8659148216247559,427,4800
more_demos,can,action_delay,4,400031,False,True,False,260,91.50824804493404,3.0,0.0730125159025192,0.5920802354812622,0.905083954334259,427,4800
more_demos,can,action_delay,5,400032,True,True,True,116,39.99451715213798,3.0,0.1581102311611175,0.464520514011383,0.8621814250946045,427,4800
more_demos,can,action_delay,6,400033,False,True,False,260,3.5906079458672973,5.0,0.1027758568525314,-0.31353959441185,0.8600502610206604,427,4800
more_demos,can,action_delay,7,400034,True,True,True,178,70.10114665797964,5.0,0.1933745145797729,0.4900496304035187,0.8871688842773438,427,4800
more_demos,can,gripper_slip,0,400027,False,True,False,260,13.059850572125482,40.0,0.0377315431833267,-0.1670898199081421,0.8437215685844421,427,4800
more_demos,can,gripper_slip,1,400028,False,True,False,260,9.956597412122717,42.0,0.1716664582490921,-0.090580940246582,0.8600516319274902,427,4800
more_demos,can,gripper_slip,2,400029,False,True,False,260,6.716078916462843,52.0,0.1556150764226913,-0.2390093654394149,0.8600480556488037,427,4800
more_demos,can,gripper_slip,3,400030,False,True,False,260,11.92867636730162,40.0,0.0675702020525932,-0.1033326238393783,0.8600485324859619,427,4800
more_demos,can,gripper_slip,4,400031,False,True,False,260,8.827345790553542,53.0,-0.0499588586390018,-0.3892834186553955,0.8600513339042664,427,4800
more_demos,can,gripper_slip,5,400032,False,True,False,260,10.668690486571856,39.0,0.0684697329998016,-0.1553018391132354,0.8600574731826782,427,4800
more_demos,can,gripper_slip,6,400033,False,True,False,260,9.710539381286784,49.0,0.1246847882866859,-0.2964932918548584,0.8600465655326843,427,4800
more_demos,can,gripper_slip,7,400034,False,True,False,260,11.986337699991031,46.0,0.0504431501030921,-0.3173530399799347,0.8600576519966125,427,4800
recovery_bc,can,nominal,0,400027,True,False,False,101,38.671109949686006,,0.180125817656517,0.3701355457305908,0.8696172833442688,427,4800
recovery_bc,can,nominal,1,400028,True,False,False,101,34.08856985609004,,0.1669167131185531,0.3648328781127929,0.8652881979942322,427,4800
recovery_bc,can,nominal,2,400029,True,False,False,146,46.432277922603966,,0.1639165431261062,0.379111111164093,0.8780999779701233,427,4800
recovery_bc,can,nominal,3,400030,True,False,False,104,39.445545092024005,,0.1751661598682403,0.3792594373226166,0.8657881617546082,427,4800
recovery_bc,can,nominal,4,400031,True,False,False,139,44.49778019309581,,0.1770193874835968,0.3882830440998077,0.8909648060798645,427,4800
recovery_bc,can,nominal,5,400032,True,False,False,95,33.72466090546207,,0.1704457551240921,0.3660634160041809,0.8623692393302917,427,4800
recovery_bc,can,nominal,6,400033,True,False,False,127,41.724032029898815,,0.1742496043443679,0.3799192309379577,0.8909211158752441,427,4800
recovery_bc,can,nominal,7,400034,True,False,False,119,41.31439767567379,,0.1769898384809494,0.3667515814304352,0.8657645583152771,427,4800
recovery_bc,can,object_shift,0,400027,False,True,False,260,0.3534202098016012,14.0,-0.2453081458806991,-0.2299043387174606,0.3435601890087127,427,4800
recovery_bc,can,object_shift,1,400028,True,True,True,119,36.33243784525476,14.0,0.1648528575897216,0.3725174069404602,0.8793141841888428,427,4800
recovery_bc,can,object_shift,2,400029,True,True,True,175,32.12317548182824,14.0,0.1750006377696991,0.3661137223243713,0.8923227190971375,427,4800
recovery_bc,can,object_shift,3,400030,False,True,False,260,1.3073459590260326,14.0,0.2191331833600998,-0.0978389754891395,0.8437709212303162,427,4800
recovery_bc,can,object_shift,4,400031,True,True,True,158,52.21282357764464,14.0,0.1929535865783691,0.4098080694675445,0.8978368043899536,427,4800
recovery_bc,can,object_shift,5,400032,False,True,False,260,16.02066208558173,14.0,0.1708879470825195,0.1083632856607437,0.8600478768348694,427,4800
recovery_bc,can,object_shift,6,400033,True,True,True,132,42.326448870834014,14.0,0.1653972417116165,0.3835621476173401,0.8909749388694763,427,4800
recovery_bc,can,object_shift,7,400034,True,True,True,130,42.20814890543392,14.0,0.170721173286438,0.3810622096061706,0.8891723155975342,427,4800
recovery_bc,can,action_noise,0,400027,True,True,True,111,43.64645386542343,8.0,0.1600814759731292,0.3462267220020294,0.8655358552932739,427,4800
recovery_bc,can,action_noise,1,400028,True,True,True,91,31.218529335858783,8.0,0.1773668676614761,0.3493051528930664,0.8797742128372192,427,4800
recovery_bc,can,action_noise,2,400029,True,True,True,129,39.66124391136226,8.0,0.1636576205492019,0.3581409454345703,0.8872504830360413,427,4800
recovery_bc,can,action_noise,3,400030,False,True,False,260,17.47203736257412,8.0,0.1662347167730331,0.199148803949356,0.8436351418495178,427,4800
recovery_bc,can,action_noise,4,400031,True,True,True,132,43.369982227322254,8.0,0.1715005785226822,0.3951411843299866,0.8600947260856628,427,4800
recovery_bc,can,action_noise,5,400032,True,True,True,111,42.83538437113,8.0,0.1690491288900375,0.371306300163269,0.8602010011672974,427,4800
recovery_bc,can,action_noise,6,400033,True,True,True,125,41.645019725484886,8.0,0.1749114990234375,0.3768717646598816,0.8769934177398682,427,4800
recovery_bc,can,action_noise,7,400034,True,True,True,129,47.04715212746342,8.0,0.1854101866483688,0.3610784709453583,0.8596660494804382,427,4800
recovery_bc,can,action_delay,0,400027,True,True,True,130,50.81824453182673,3.0,0.1747132092714309,0.4320248961448669,0.860895574092865,427,4800
recovery_bc,can,action_delay,1,400028,False,True,False,260,7.763785465682462,5.0,0.0690766498446464,-0.1838246136903762,0.8437932133674622,427,4800
recovery_bc,can,action_delay,2,400029,True,True,True,209,44.7607294219277,5.0,0.1909015476703643,0.4333747923374176,0.8840703964233398,427,4800
recovery_bc,can,action_delay,3,400030,True,True,True,133,47.372266342375866,3.0,0.1455000042915344,0.4266670048236847,0.8619306087493896,427,4800
recovery_bc,can,action_delay,4,400031,False,True,False,260,14.865514743778336,3.0,0.0821324959397316,-0.3631651997566223,1.002614974975586,427,4800
recovery_bc,can,action_delay,5,400032,True,True,True,138,52.16336466503489,3.0,0.1464923918247223,0.4623194336891174,0.8589483499526978,427,4800
recovery_bc,can,action_delay,6,400033,True,True,True,244,60.463747853255015,5.0,0.1534490287303924,0.4268260598182678,0.8448187708854675,427,4800
recovery_bc,can,action_delay,7,400034,False,True,False,260,6.793269632137993,5.0,-0.0398091226816177,-0.2892664074897766,0.8434716463088989,427,4800
recovery_bc,can,gripper_slip,0,400027,True,True,True,141,44.94736248765914,42.0,0.1775857508182525,0.3657794594764709,0.877877414226532,427,4800
recovery_bc,can,gripper_slip,1,400028,False,True,False,260,18.085123267205898,48.0,0.1631395369768142,0.1068507209420204,0.8435932993888855,427,4800
recovery_bc,can,gripper_slip,2,400029,False,True,False,260,19.85956519612973,76.0,0.13841313123703,-0.2442957758903503,0.8600517511367798,427,4800
recovery_bc,can,gripper_slip,3,400030,True,True,True,125,38.69243284799451,43.0,0.1676739454269409,0.3720347881317138,0.8997535109519958,427,4800
recovery_bc,can,gripper_slip,4,400031,True,True,True,173,47.95895343002051,62.0,0.1702476143836975,0.3990691602230072,0.8635905981063843,427,4800
recovery_bc,can,gripper_slip,5,400032,True,True,True,133,39.7946202286805,42.0,0.1720513105392456,0.3774737119674682,0.900022029876709,427,4800
recovery_bc,can,gripper_slip,6,400033,False,True,False,260,30.8739396416424,56.0,0.1762237101793289,0.1796264499425888,0.8436610102653503,427,4800
recovery_bc,can,gripper_slip,7,400034,True,True,True,160,48.415103948770955,53.0,0.1786370426416397,0.3774900138378143,0.8933503031730652,427,4800
contrastive_recovery,can,nominal,0,400027,True,False,False,116,45.8493379227574,,0.1818110942840576,0.3774894475936889,0.8577365875244141,427,4800
contrastive_recovery,can,nominal,1,400028,False,False,False,260,31.633422271640825,,0.2368815839290619,-0.0974992364645004,0.8639307618141174,427,4800
contrastive_recovery,can,nominal,2,400029,True,False,False,167,53.255948391928634,,0.1698266714811325,0.3709188401699066,0.8987897038459778,427,4800
contrastive_recovery,can,nominal,3,400030,True,False,False,127,46.775498247764574,,0.1753087937831878,0.3660106360912323,0.8678582906723022,427,4800
contrastive_recovery,can,nominal,4,400031,True,False,False,189,61.52540703196244,,0.1852475255727768,0.3668757975101471,0.8865722417831421,427,4800
contrastive_recovery,can,nominal,5,400032,True,False,False,160,57.47409711153677,,0.1655982434749603,0.3745193779468536,0.8932334184646606,427,4800
contrastive_recovery,can,nominal,6,400033,True,False,False,168,56.48926475174748,,0.1793349534273147,0.3671993911266327,0.882996678352356,427,4800
contrastive_recovery,can,nominal,7,400034,True,False,False,165,58.66871818220992,,0.1804179698228836,0.3750255703926086,0.8643971085548401,427,4800
contrastive_recovery,can,object_shift,0,400027,False,True,False,260,0.3646783296012035,14.0,-0.2453081458806991,-0.2299043387174606,0.3435601890087127,427,4800
contrastive_recovery,can,object_shift,1,400028,False,True,False,260,31.733064425149056,14.0,0.2277916818857193,-0.1150040477514267,0.8600603342056274,427,4800
contrastive_recovery,can,object_shift,2,400029,False,True,False,260,7.117606499714494,14.0,0.1659418940544128,-0.2529139816761017,0.8437054753303528,427,4800
contrastive_recovery,can,object_shift,3,400030,False,True,False,260,1.051681416663813,14.0,0.15025195479393,-0.1154178753495216,0.8437060117721558,427,4800
contrastive_recovery,can,object_shift,4,400031,True,True,True,217,78.09139767435373,14.0,0.2144654393196106,0.3762758672237396,0.8600765466690063,427,4800
contrastive_recovery,can,object_shift,5,400032,False,True,False,260,8.346040647669447,14.0,0.0687280744314193,-0.1753710061311721,0.8600499629974365,427,4800
contrastive_recovery,can,object_shift,6,400033,True,True,True,170,55.252280291649825,14.0,0.1709844172000885,0.3703114986419678,0.8923714756965637,427,4800
contrastive_recovery,can,object_shift,7,400034,True,True,True,172,57.077639106910254,14.0,0.1791834384202957,0.3647083044052124,0.8768661618232727,427,4800
contrastive_recovery,can,action_noise,0,400027,True,True,True,122,46.934987316149815,8.0,0.1886191964149475,0.3738533854484558,0.8667463660240173,427,4800
contrastive_recovery,can,action_noise,1,400028,True,True,True,190,69.60959730004502,8.0,0.1464759111404419,0.4589203596115112,0.8611418604850769,427,4800
contrastive_recovery,can,action_noise,2,400029,True,True,True,131,40.38859862916014,8.0,0.171250969171524,0.3742341995239258,0.8764796853065491,427,4800
contrastive_recovery,can,action_noise,3,400030,True,True,True,153,60.72594342941529,8.0,0.190270110964775,0.4110195636749267,0.8604657053947449,427,4800
contrastive_recovery,can,action_noise,4,400031,True,True,True,167,59.183407629093544,8.0,0.1988062560558319,0.4412437081336975,0.860867977142334,427,4800
contrastive_recovery,can,action_noise,5,400032,True,True,True,193,72.795220261421,8.0,0.1501142531633377,0.3993293642997741,0.8602967858314514,427,4800
contrastive_recovery,can,action_noise,6,400033,True,True,True,172,63.17731067257366,8.0,0.2090160548686981,0.3781424462795257,0.8600683808326721,427,4800
contrastive_recovery,can,action_noise,7,400034,True,True,True,134,46.27968824504244,8.0,0.1839108169078827,0.355069488286972,0.8645668625831604,427,4800
contrastive_recovery,can,action_delay,0,400027,True,True,True,147,58.61231152723761,3.0,0.1673353314399719,0.4205063879489898,0.8603630661964417,427,4800
contrastive_recovery,can,action_delay,1,400028,True,True,True,179,70.49354792288153,5.0,0.2030138075351715,0.4803552031517029,0.8619014024734497,427,4800
contrastive_recovery,can,action_delay,2,400029,False,True,False,260,5.764460807664655,5.0,0.2000578045845031,-0.2889344692230224,0.8600486516952515,427,4800
contrastive_recovery,can,action_delay,3,400030,False,True,False,260,32.737017101553484,3.0,0.153616651892662,-0.1762990802526474,0.8437721729278564,427,4800
contrastive_recovery,can,action_delay,4,400031,False,True,False,260,7.12455135271926,3.0,0.0023660624865442,-0.4465286135673523,0.8515934348106384,427,4800
contrastive_recovery,can,action_delay,5,400032,True,True,True,155,60.54997939817529,3.0,0.2309482544660568,0.425557792186737,0.8637668490409851,427,4800
contrastive_recovery,can,action_delay,6,400033,False,True,False,260,5.256873950800515,5.0,-0.0440832301974296,-0.323331207036972,0.8596236705780029,427,4800
contrastive_recovery,can,action_delay,7,400034,False,True,False,260,5.247309329229625,5.0,0.0179102569818496,-0.2669099867343902,0.8600528240203857,427,4800
contrastive_recovery,can,gripper_slip,0,400027,False,True,False,260,24.138156137249776,52.0,-0.0567809604108333,-0.1850540041923523,0.8600634336471558,427,4800
contrastive_recovery,can,gripper_slip,1,400028,False,False,False,260,31.633422271640825,,0.2368815839290619,-0.0974992364645004,0.8639307618141174,427,4800
contrastive_recovery,can,gripper_slip,2,400029,False,True,False,260,25.07889576925581,97.0,0.1579712182283401,-0.2468974292278289,0.8600580096244812,427,4800
contrastive_recovery,can,gripper_slip,3,400030,False,True,False,260,31.998552161861365,68.0,0.1033954173326492,-0.0894354730844497,0.8437903523445129,427,4800
contrastive_recovery,can,gripper_slip,4,400031,False,True,False,260,30.70957581275854,111.0,-0.0304876118898391,-0.4041981101036072,0.8600509762763977,427,4800
contrastive_recovery,can,gripper_slip,5,400032,False,True,False,260,35.22592823051214,105.0,0.1625673174858093,-0.1536514610052108,0.8437982797622681,427,4800
contrastive_recovery,can,gripper_slip,6,400033,False,True,False,260,26.68939194460009,93.0,0.1554943025112152,-0.3276924788951874,0.8600693345069885,427,4800
contrastive_recovery,can,gripper_slip,7,400034,False,True,False,260,30.052746962556014,93.0,0.0929340422153472,-0.3294896185398102,0.8600687384605408,427,4800
more_demos,milk,nominal,0,400027,True,False,False,67,21.49914855427121,,-0.0210294350981712,0.1393755227327346,0.8999007940292358,427,4800
more_demos,milk,nominal,1,400028,True,False,False,78,24.93208649765558,,-0.0253348965197801,0.1465110182762146,0.8886821269989014,427,4800
more_demos,milk,nominal,2,400029,True,False,False,67,24.69528681434158,,-0.0152716320008039,0.1395549178123474,0.8975197076797485,427,4800
more_demos,milk,nominal,3,400030,True,False,False,89,26.921107444100357,,-0.0273034870624542,0.1365780085325241,0.8909278512001038,427,4800
more_demos,milk,nominal,4,400031,True,False,False,73,24.54124780974143,,-0.0178972259163856,0.1322101056575775,0.8890447616577148,427,4800
more_demos,milk,nominal,5,400032,True,False,False,79,25.657870203247143,,-0.0166170503944158,0.1312961876392364,0.8908779621124268,427,4800
more_demos,milk,nominal,6,400033,True,False,False,65,23.47856436815661,,-0.0204081460833549,0.1368643343448639,0.8926572799682617,427,4800
more_demos,milk,nominal,7,400034,True,False,False,75,22.023638682459563,,-0.0348502397537231,0.1734322756528854,0.8960906863212585,427,4800
more_demos,milk,object_shift,0,400027,True,True,True,93,17.065413742305694,14.0,-0.004443799611181,0.1589981913566589,0.8995012044906616,427,4800
more_demos,milk,object_shift,1,400028,True,True,True,79,20.663742114020064,14.0,-0.0370342060923576,0.145205557346344,0.8978415131568909,427,4800
more_demos,milk,object_shift,2,400029,False,True,False,260,3.998069341891437,14.0,0.0233251452445983,-0.1097541600465774,0.8379378914833069,427,4800
more_demos,milk,object_shift,3,400030,True,True,True,125,18.495580323766063,14.0,-0.0125877978280186,0.130734384059906,0.8960607647895813,427,4800
more_demos,milk,object_shift,4,400031,False,True,False,260,5.029426345376996,14.0,-0.031443927437067,-0.1878638714551925,0.8717894554138184,427,4800
more_demos,milk,object_shift,5,400032,True,True,True,94,28.65529304962995,14.0,-0.0162753909826278,0.1375268995761871,0.8946851491928101,427,4800
more_demos,milk,object_shift,6,400033,False,True,False,260,4.014816173839483,14.0,0.1134150028228759,-0.1011247485876083,0.8766974210739136,427,4800
more_demos,milk,object_shift,7,400034,True,True,True,85,23.293878946018115,14.0,-0.0449775420129299,0.1674424558877945,0.892339825630188,427,4800
more_demos,milk,action_noise,0,400027,True,True,True,61,18.814519780357667,8.0,-0.0313303768634796,0.1330610662698745,0.8920226097106934,427,4800
more_demos,milk,action_noise,1,400028,True,True,True,80,24.935121585585794,8.0,-0.0062782107852399,0.1438428163528442,0.8971396088600159,427,4800
more_demos,milk,action_noise,2,400029,True,True,True,72,26.414917655947228,8.0,0.0097555890679359,0.142903134226799,0.8964646458625793,427,4800
more_demos,milk,action_noise,3,400030,True,True,True,93,27.66244203676121,8.0,0.0080180186778306,0.1421113014221191,0.8896645307540894,427,4800
more_demos,milk,action_noise,4,400031,True,True,True,84,27.997361449335163,8.0,-0.0414444245398044,0.1279823780059814,0.8949986696243286,427,4800
more_demos,milk,action_noise,5,400032,True,True,True,80,25.093991045561353,8.0,-0.0118918605148792,0.1048470884561538,0.8992071151733398,427,4800
more_demos,milk,action_noise,6,400033,True,True,True,60,20.97709349735162,8.0,-0.0247011799365282,0.1208584904670715,0.8963106274604797,427,4800
more_demos,milk,action_noise,7,400034,True,True,True,67,19.39396887009747,8.0,-0.0634233355522155,0.1777427345514297,0.8912412524223328,427,4800
more_demos,milk,action_delay,0,400027,True,True,True,76,18.06794278670215,3.0,-0.0385723337531089,0.0840095058083534,0.8868235945701599,427,4800
more_demos,milk,action_delay,1,400028,False,True,False,260,52.83445743385438,5.0,0.1648949533700943,0.2137384563684463,0.8808891177177429,427,4800
more_demos,milk,action_delay,2,400029,False,True,False,260,5.802198598954906,5.0,-0.0533459819853305,-0.1843857765197754,0.8818531632423401,427,4800
more_demos,milk,action_delay,3,400030,False,True,False,260,3.6423114198349658,3.0,0.233790323138237,-0.276466816663742,0.8741492033004761,427,4800
more_demos,milk,action_delay,4,400031,True,True,True,90,25.865244047028476,3.0,-0.0279048141092062,0.1813429445028305,0.8907771706581116,427,4800
more_demos,milk,action_delay,5,400032,False,True,False,260,4.323080661834839,3.0,0.1664246618747711,-0.2653899192810058,0.8379378914833069,427,4800
more_demos,milk,action_delay,6,400033,True,True,True,204,51.84630760459272,5.0,0.031926691532135,0.1338478624820709,0.8510093092918396,427,4800
more_demos,milk,action_delay,7,400034,False,True,False,260,77.94177071310774,5.0,0.0296579003334045,0.2065635323524475,0.8541942238807678,427,4800
more_demos,milk,gripper_slip,0,400027,True,True,True,109,23.735656050872453,41.0,-0.0088679809123277,0.1484789103269577,0.8958141803741455,427,4800
more_demos,milk,gripper_slip,1,400028,True,True,True,139,24.520594140037232,43.0,-0.0051434189081192,0.1110906600952148,0.8990247249603271,427,4800
more_demos,milk,gripper_slip,2,400029,False,True,False,260,14.95029761620608,36.0,0.0349249765276908,-0.1183013096451759,0.8379380106925964,427,4800
more_demos,milk,gripper_slip,3,400030,False,True,False,260,9.946438225335402,47.0,0.2514261603355407,-0.2207009941339492,0.8809400796890259,427,4800
more_demos,milk,gripper_slip,4,400031,False,True,False,260,10.76393675197608,39.0,0.1088773310184478,-0.1885512769222259,0.8379343748092651,427,4800
more_demos,milk,gripper_slip,5,400032,False,True,False,260,10.56667853795323,41.0,0.0934296548366546,-0.3162107169628143,0.8808653950691223,427,4800
more_demos,milk,gripper_slip,6,400033,False,True,False,260,10.80615513411317,35.0,0.1702953428030014,-0.1227864995598793,0.8378610610961914,427,4800
more_demos,milk,gripper_slip,7,400034,False,True,False,260,10.152622955744604,47.0,0.2498072534799575,-0.1380033791065216,0.880419135093689,427,4800
recovery_bc,milk,nominal,0,400027,True,False,False,119,38.98592157689629,,-0.0130199957638978,0.1260219812393188,0.8958203792572021,427,4800
recovery_bc,milk,nominal,1,400028,True,False,False,131,42.68938531559266,,-0.0137115158140659,0.1190896332263946,0.8995445966720581,427,4800
recovery_bc,milk,nominal,2,400029,True,False,False,98,35.41559074078605,,-0.0199837647378444,0.1353259831666946,0.8998432159423828,427,4800
recovery_bc,milk,nominal,3,400030,True,False,False,119,37.04111392718509,,-0.0226473715156316,0.1428125500679016,0.8991132378578186,427,4800
recovery_bc,milk,nominal,4,400031,True,False,False,106,35.734698240030866,,-0.0194364711642265,0.1315549165010452,0.8973960876464844,427,4800
recovery_bc,milk,nominal,5,400032,True,False,False,96,30.998974928473988,,-0.0155577110126614,0.1256224662065506,0.8995997905731201,427,4800
recovery_bc,milk,nominal,6,400033,True,False,False,110,39.71468891307259,,-0.0203679203987121,0.1283267885446548,0.8991127610206604,427,4800
recovery_bc,milk,nominal,7,400034,True,False,False,100,29.944667965387264,,-0.0281770043075084,0.1640300303697586,0.8946128487586975,427,4800
recovery_bc,milk,object_shift,0,400027,False,True,False,260,110.39607200271696,14.0,0.0295444671064615,0.1731290370225906,0.8579975962638855,427,4800
recovery_bc,milk,object_shift,1,400028,True,True,True,106,29.91649358775612,14.0,-0.0224432758986949,0.1321240663528442,0.8895809054374695,427,4800
recovery_bc,milk,object_shift,2,400029,False,True,False,260,7.865487748663023,14.0,-0.0648322626948356,-0.1369434744119644,0.8808614015579224,427,4800
recovery_bc,milk,object_shift,3,400030,True,True,True,105,29.059997972637504,14.0,-0.019566586241126,0.1339101493358612,0.8961507678031921,427,4800
recovery_bc,milk,object_shift,4,400031,False,True,False,260,97.16712483297812,14.0,0.0283789746463298,0.1725498139858245,0.8567653298377991,427,4800
recovery_bc,milk,object_shift,5,400032,True,True,True,115,34.34482218494177,14.0,-0.0158579517155885,0.1274344325065612,0.8930091261863708,427,4800
recovery_bc,milk,object_shift,6,400033,False,True,False,260,2.7010139281940715,14.0,0.111379936337471,-0.1000467464327812,0.880851149559021,427,4800
recovery_bc,milk,object_shift,7,400034,True,True,True,101,28.32756193799345,14.0,-0.0269912388175725,0.1495222449302673,0.8950326442718506,427,4800
recovery_bc,milk,action_noise,0,400027,True,True,True,82,25.60420825505318,8.0,-0.0272479895502328,0.1274755001068115,0.8938402533531189,427,4800
recovery_bc,milk,action_noise,1,400028,True,True,True,104,33.395998728386246,8.0,-0.0339333340525627,0.1279883086681366,0.8996713757514954,427,4800
recovery_bc,milk,action_noise,2,400029,True,True,True,74,26.033102087028663,8.0,-0.0009016182739287,0.1194625273346901,0.8937334418296814,427,4800
recovery_bc,milk,action_noise,3,400030,True,True,True,104,32.97156342326444,8.0,-0.0075983572751283,0.1740026026964187,0.8988209366798401,427,4800
recovery_bc,milk,action_noise,4,400031,True,True,True,80,26.60298063976188,8.0,-0.0292905680835247,0.1301218867301941,0.8904054760932922,427,4800
recovery_bc,milk,action_noise,5,400032,True,True,True,110,36.8751295349218,8.0,-0.0236886516213417,0.1442036628723144,0.8895263075828552,427,4800
recovery_bc,milk,action_noise,6,400033,True,True,True,72,24.86373277696551,8.0,-0.0338413454592227,0.1233238503336906,0.8938084840774536,427,4800
recovery_bc,milk,action_noise,7,400034,True,True,True,82,22.785346142006915,8.0,-0.0123251220211386,0.1480510979890823,0.8997764587402344,427,4800
recovery_bc,milk,action_delay,0,400027,False,True,False,260,5.597286621993355,3.0,0.1886546015739441,-0.1325299739837646,0.8378933072090149,427,4800
recovery_bc,milk,action_delay,1,400028,False,True,False,260,4.564350316952645,5.0,0.0058504277840256,-0.2046717852354049,0.0198335256427526,427,4800
recovery_bc,milk,action_delay,2,400029,False,True,False,260,8.651168945427441,5.0,-0.0578726194798946,-0.1636530458927154,0.882963240146637,427,4800
recovery_bc,milk,action_delay,3,400030,False,True,False,260,29.03509478155113,3.0,-0.0369470827281475,0.0897342637181282,1.008397102355957,427,4800
recovery_bc,milk,action_delay,4,400031,True,True,True,139,45.25824951689192,3.0,-0.0366651937365531,0.1649264842271804,0.8936269283294678,427,4800
recovery_bc,milk,action_delay,5,400032,False,True,False,260,3.6608727951153672,3.0,0.2287481278181076,-0.2474119365215301,0.8664666414260864,427,4800
recovery_bc,milk,action_delay,6,400033,False,True,False,260,76.40400735848277,5.0,-0.0027330182492733,0.3917186558246612,0.8378499150276184,427,4800
recovery_bc,milk,action_delay,7,400034,False,True,False,260,4.0271791961048224,5.0,0.026645628735423,-0.088204339146614,0.8379336595535278,427,4800
recovery_bc,milk,gripper_slip,0,400027,True,True,True,173,50.71785051303563,94.0,-0.0352596044540405,0.1377989798784256,0.8989711999893188,427,4800
recovery_bc,milk,gripper_slip,1,400028,False,True,False,260,30.41999789499323,98.0,0.1141727864742279,-0.1806968003511428,0.8379336595535278,427,4800
recovery_bc,milk,gripper_slip,2,400029,True,True,True,131,39.792171202867365,65.0,-0.02434067055583,0.147581547498703,0.8989391922950745,427,4800
recovery_bc,milk,gripper_slip,3,400030,False,True,False,260,22.093923513854893,78.0,0.1402437388896942,-0.2151021510362625,0.8379378914833069,427,4800
recovery_bc,milk,gripper_slip,4,400031,True,True,True,156,46.852383872710995,74.0,-0.0144126610830426,0.1382868289947509,0.8957242369651794,427,4800
recovery_bc,milk,gripper_slip,5,400032,True,True,True,165,48.78174815103454,59.0,-0.0188371911644935,0.1314403712749481,0.8884688019752502,427,4800
recovery_bc,milk,gripper_slip,6,400033,True,True,True,121,36.721927485365015,67.0,-0.0166357550770044,0.1282823532819748,0.8965866565704346,427,4800
recovery_bc,milk,gripper_slip,7,400034,True,True,True,132,33.526441077528595,73.0,-0.0255523491650819,0.1441259235143661,0.895927369594574,427,4800
contrastive_recovery,milk,nominal,0,400027,True,False,False,123,41.34547058540189,,-0.0283739510923624,0.1606786102056503,0.8986647725105286,427,4800
contrastive_recovery,milk,nominal,1,400028,True,False,False,143,48.73080755698828,,-0.0421398542821407,0.1516684293746948,0.8906272053718567,427,4800
contrastive_recovery,milk,nominal,2,400029,True,False,False,122,44.48441844665808,,-0.0156963095068931,0.1267812252044677,0.8941594362258911,427,4800
contrastive_recovery,milk,nominal,3,400030,True,False,False,154,50.90037711347894,,-0.0395955182611942,0.1790284067392349,0.8892183303833008,427,4800
contrastive_recovery,milk,nominal,4,400031,True,False,False,129,45.181416194353126,,-0.0316743478178978,0.1363734006881714,0.897144079208374,427,4800
contrastive_recovery,milk,nominal,5,400032,True,False,False,137,47.54781531511933,,-0.0208553541451692,0.1621433496475219,0.8985884189605713,427,4800
contrastive_recovery,milk,nominal,6,400033,True,False,False,127,45.2096321629528,,-0.0374371819198131,0.1265404671430587,0.8909062147140503,427,4800
contrastive_recovery,milk,nominal,7,400034,True,False,False,142,45.72204297827804,,-0.0339101925492286,0.2496711909770965,0.8917288184165955,427,4800
contrastive_recovery,milk,object_shift,0,400027,False,True,False,260,10.359177256611236,14.0,-0.0578399635851383,-0.1274898052215576,0.8835602402687073,427,4800
contrastive_recovery,milk,object_shift,1,400028,True,True,True,100,27.286125911152304,14.0,-0.0277821626514196,0.1496055126190185,0.8943870663642883,427,4800
contrastive_recovery,milk,object_shift,2,400029,True,True,True,225,47.899628012834434,14.0,-0.0390120521187782,0.1599745154380798,0.8918654918670654,427,4800
contrastive_recovery,milk,object_shift,3,400030,True,True,True,94,23.988407975069887,14.0,-0.0212646722793579,0.1354035288095474,0.8951979279518127,427,4800
contrastive_recovery,milk,object_shift,4,400031,False,True,False,260,10.102912958026542,14.0,-0.0537415668368339,-0.1926958411931991,0.8819258213043213,427,4800
contrastive_recovery,milk,object_shift,5,400032,True,True,True,147,47.25490420215089,14.0,-0.022554513067007,0.1763980537652969,0.8941605687141418,427,4800
contrastive_recovery,milk,object_shift,6,400033,False,True,False,260,4.260341566320189,14.0,0.1111010238528251,-0.100276194512844,0.8808637261390686,427,4800
contrastive_recovery,milk,object_shift,7,400034,True,True,True,99,26.996001408139115,14.0,-0.0393820069730281,0.1634550988674163,0.8948028087615967,427,4800
contrastive_recovery,milk,action_noise,0,400027,True,True,True,87,28.62742677517613,8.0,-0.0195866487920284,0.1371291130781173,0.8973533511161804,427,4800
contrastive_recovery,milk,action_noise,1,400028,True,True,True,100,33.64373265765966,8.0,-0.0363344885408878,0.1630182564258575,0.8881520628929138,427,4800
contrastive_recovery,milk,action_noise,2,400029,True,True,True,97,36.53614124727144,8.0,-0.0211275182664394,0.1552528440952301,0.8912150263786316,427,4800
contrastive_recovery,milk,action_noise,3,400030,True,True,True,113,35.71827331336005,8.0,-0.0177154336124658,0.1376048028469085,0.8936886787414551,427,4800
contrastive_recovery,milk,action_noise,4,400031,True,True,True,85,28.594480501773972,8.0,-0.033431589603424,0.1449297964572906,0.8933742642402649,427,4800
contrastive_recovery,milk,action_noise,5,400032,True,True,True,100,33.56921432694702,8.0,-0.0234183110296726,0.1391792446374893,0.8957502841949463,427,4800
contrastive_recovery,milk,action_noise,6,400033,True,True,True,84,29.77637965366893,8.0,-0.0189903751015663,0.1077969968318939,0.8974508047103882,427,4800
contrastive_recovery,milk,action_noise,7,400034,True,True,True,102,29.805163963898774,8.0,-0.0533220022916793,0.1803452968597412,0.8897880911827087,427,4800
contrastive_recovery,milk,action_delay,0,400027,False,True,False,260,54.97594968621616,3.0,-0.0071790372021496,0.3816805779933929,0.8377384543418884,427,4800
contrastive_recovery,milk,action_delay,1,400028,False,True,False,260,89.37260423999827,5.0,-0.0185259599238634,0.5460898280143738,0.9411414265632628,427,4800
contrastive_recovery,milk,action_delay,2,400029,False,True,False,260,9.173748348740144,5.0,-0.0477501265704631,-0.1754471659660339,0.8716363906860352,427,4800
contrastive_recovery,milk,action_delay,3,400030,False,True,False,260,5.0332976949190344,3.0,0.0539906397461891,-0.2839210927486419,0.837885320186615,427,4800
contrastive_recovery,milk,action_delay,4,400031,False,True,False,260,51.2655007100689,3.0,0.0175961852073669,0.5369529724121094,1.0130854845046997,427,4800
contrastive_recovery,milk,action_delay,5,400032,False,True,False,260,4.598409546992868,3.0,0.0372109673917293,-0.2446518391370773,0.8378821015357971,427,4800
contrastive_recovery,milk,action_delay,6,400033,False,True,False,260,91.69232496289158,5.0,-0.0036199069581925,0.5183407664299011,0.9817104935646056,427,4800
contrastive_recovery,milk,action_delay,7,400034,False,True,False,260,2.1061360751496574,5.0,0.010257750749588,-0.1163452491164207,0.0198340117931365,427,4800
contrastive_recovery,milk,gripper_slip,0,400027,False,True,False,260,27.435308544950555,93.0,0.1511478126049041,-0.1128145083785057,0.8378890156745911,427,4800
contrastive_recovery,milk,gripper_slip,1,400028,False,True,False,260,35.3599816552556,104.0,0.2325735241174698,-0.1792618036270141,0.872764527797699,427,4800
contrastive_recovery,milk,gripper_slip,2,400029,True,True,True,163,49.92802118882354,86.0,-0.0267882831394672,0.1834340393543243,0.8976451754570007,427,4800
contrastive_recovery,milk,gripper_slip,3,400030,False,True,False,260,29.646719368353363,107.0,0.2325775921344757,-0.2236985117197036,0.8808568716049194,427,4800
contrastive_recovery,milk,gripper_slip,4,400031,False,True,False,260,28.960297019172543,92.0,0.1493923366069793,-0.2063381671905517,0.8379434943199158,427,4800
contrastive_recovery,milk,gripper_slip,5,400032,False,True,False,260,28.81412704367716,95.0,0.1515220701694488,-0.4050647616386413,0.8517378568649292,427,4800
contrastive_recovery,milk,gripper_slip,6,400033,False,True,False,260,30.33685637405191,93.0,0.2090405076742172,-0.1350034475326538,0.853772759437561,427,4800
contrastive_recovery,milk,gripper_slip,7,400034,False,True,False,260,28.094597067580416,106.0,0.1564435958862304,-0.1430843323469162,0.8379336595535278,427,4800
more_demos,bread,nominal,0,400027,True,False,False,113,42.74191160624937,,0.1945557594299316,0.157327115535736,0.8421928882598877,427,4800
more_demos,bread,nominal,1,400028,True,False,False,128,44.79156042916374,,0.1772219240665435,0.1532946825027465,0.8421362638473511,427,4800
more_demos,bread,nominal,2,400029,False,False,False,260,10.269212664629045,,0.121788740158081,-0.0815871432423591,0.8425440192222595,427,4800
more_demos,bread,nominal,3,400030,True,False,False,113,41.6244721007213,,0.1770857721567154,0.1464769840240478,0.8421630859375,427,4800
more_demos,bread,nominal,4,400031,False,False,False,260,9.117077012159836,,0.2547653615474701,-0.1921112388372421,0.8425159454345703,427,4800
more_demos,bread,nominal,5,400032,True,False,False,123,41.99182784399272,,0.1839112788438797,0.1443595588207245,0.8421670198440552,427,4800
more_demos,bread,nominal,6,400033,True,False,False,135,48.35183291848491,,0.1969159096479416,0.1870557516813278,0.8421972990036011,427,4800
more_demos,bread,nominal,7,400034,True,False,False,110,41.18928681801561,,0.1803473532199859,0.1447248011827469,0.8421972393989563,427,4800
more_demos,bread,object_shift,0,400027,True,True,True,122,45.94021210640394,14.0,0.1830503046512603,0.1753062903881073,0.8421913385391235,427,4800
more_demos,bread,object_shift,1,400028,False,True,False,260,8.489778111632141,14.0,0.2501140832901001,-0.3073451817035675,0.8421911597251892,427,4800
more_demos,bread,object_shift,2,400029,False,True,False,260,5.440910250879569,14.0,-0.0049604615196585,-0.0895895659923553,0.8421630859375,427,4800
more_demos,bread,object_shift,3,400030,False,True,False,260,18.16741777486541,14.0,0.2622960805892944,-0.0869613960385322,0.8461056351661682,427,4800
more_demos,bread,object_shift,4,400031,True,True,True,120,44.23858287918427,14.0,0.1717476695775985,0.1524028778076172,0.8421919941902161,427,4800
more_demos,bread,object_shift,5,400032,False,True,False,260,5.402422999432715,14.0,0.0081710731610655,-0.4300232529640198,0.8421904444694519,427,4800
more_demos,bread,object_shift,6,400033,True,True,True,124,43.86554686256046,14.0,0.1749718934297561,0.1528896689414978,0.8421914577484131,427,4800
more_demos,bread,object_shift,7,400034,True,True,True,127,45.50760476473105,14.0,0.1719094812870025,0.1549820452928543,0.8421693444252014,427,4800
more_demos,bread,action_noise,0,400027,True,True,True,101,35.43032844952515,8.0,0.1935596019029617,0.1127795353531837,0.84112548828125,427,4800
more_demos,bread,action_noise,1,400028,True,True,True,137,48.59448506158839,8.0,0.1703252494335174,0.1571126729249954,0.8421645760536194,427,4800
more_demos,bread,action_noise,2,400029,False,True,False,260,5.8922441498866185,8.0,0.0809546485543251,-0.0806835293769836,0.8421630859375,427,4800
more_demos,bread,action_noise,3,400030,False,True,False,260,5.646372814576847,8.0,0.139096051454544,-0.1771729886531829,0.8421903252601624,427,4800
more_demos,bread,action_noise,4,400031,False,True,False,260,4.404632727306913,8.0,0.2059822082519531,-0.2439464479684829,0.8421684503555298,427,4800
more_demos,bread,action_noise,5,400032,True,True,True,122,42.47087097508399,8.0,0.1892554014921188,0.1521719545125961,0.8421967029571533,427,4800
more_demos,bread,action_noise,6,400033,True,True,True,116,37.37110049045801,8.0,0.2006627321243286,0.1754291653633117,0.843121349811554,427,4800
more_demos,bread,action_noise,7,400034,False,True,False,260,8.647753101822849,8.0,0.0950393229722976,-0.2277294844388961,0.8421919941902161,427,4800
more_demos,bread,action_delay,0,400027,False,True,False,260,5.721084691483878,3.0,0.0887717753648758,-0.2591018080711365,0.8421670198440552,427,4800
more_demos,bread,action_delay,1,400028,False,True,False,260,4.518672778616035,5.0,0.1653480678796768,-0.3622855246067047,0.8421693444252014,427,4800
more_demos,bread,action_delay,2,400029,False,True,False,260,6.307915666429188,5.0,0.0678858235478401,-0.0901303514838218,0.8421908617019653,427,4800
more_demos,bread,action_delay,3,400030,False,True,False,260,7.380272680065097,3.0,0.1414664536714553,-0.171967938542366,0.8421904444694519,427,4800
more_demos,bread,action_delay,4,400031,False,True,False,260,46.50780156157964,3.0,0.2576525509357452,0.3428110182285309,0.9166086316108704,427,4800
more_demos,bread,action_delay,5,400032,True,True,True,161,55.622618752483774,3.0,0.2113271206617355,0.2043713182210922,0.8421903252601624,427,4800
more_demos,bread,action_delay,6,400033,False,True,False,260,77.39543821164015,5.0,0.1206244230270385,0.5670986771583557,0.9800548553466796,427,4800
more_demos,bread,action_delay,7,400034,False,True,False,260,56.6886477676285,5.0,0.166174829006195,0.4666599333286285,0.838614284992218,427,4800
more_demos,bread,gripper_slip,0,400027,False,True,False,260,40.59934664602592,48.0,0.2085543572902679,0.3143959641456604,0.933058500289917,427,4800
more_demos,bread,gripper_slip,1,400028,False,True,False,260,9.47595369073848,53.0,0.2339114248752594,-0.3448731303215027,0.8421939015388489,427,4800
more_demos,bread,gripper_slip,2,400029,False,False,False,260,10.269212664629045,,0.121788740158081,-0.0815871432423591,0.8425440192222595,427,4800
more_demos,bread,gripper_slip,3,400030,False,True,False,260,11.439184673047569,51.0,0.1812816113233566,-0.1032059639692306,0.8421944379806519,427,4800
more_demos,bread,gripper_slip,4,400031,False,False,False,260,9.117077012159836,,0.2547653615474701,-0.1921112388372421,0.8425159454345703,427,4800
more_demos,bread,gripper_slip,5,400032,False,True,False,260,7.825957276108582,49.0,0.0008454356575384,-0.4302823841571808,0.8421844840049744,427,4800
more_demos,bread,gripper_slip,6,400033,False,True,False,260,7.944368879491696,56.0,0.0228892397135496,-0.3096303641796112,0.8421699404716492,427,4800
more_demos,bread,gripper_slip,7,400034,False,True,False,260,9.555612974978812,45.0,0.1180640161037445,-0.2958714365959167,0.8421655893325806,427,4800
recovery_bc,bread,nominal,0,400027,True,False,False,115,43.697049329087896,,0.196723386645317,0.160664901137352,0.84218430519104,427,4800
recovery_bc,bread,nominal,1,400028,True,False,False,128,44.388769785842015,,0.1731956005096435,0.1531392633914947,0.8421919941902161,427,4800
recovery_bc,bread,nominal,2,400029,False,False,False,260,12.102894892116264,,0.1422934234142303,-0.090616688132286,0.8425347805023193,427,4800
recovery_bc,bread,nominal,3,400030,True,False,False,114,41.0136532951062,,0.1729346811771392,0.1507477164268493,0.8421919941902161,427,4800
recovery_bc,bread,nominal,4,400031,True,False,False,126,42.969967646061406,,0.171391412615776,0.1498781591653823,0.8421949744224548,427,4800
recovery_bc,bread,nominal,5,400032,True,False,False,125,43.279895983743735,,0.1859603524208068,0.1382856369018554,0.8421684503555298,427,4800
recovery_bc,bread,nominal,6,400033,True,False,False,138,49.45983923806843,,0.1910903751850128,0.1515695005655288,0.8421937823295593,427,4800
recovery_bc,bread,nominal,7,400034,True,False,False,109,40.93945897797137,,0.1809702068567276,0.1458979696035385,0.8421904444694519,427,4800
recovery_bc,bread,object_shift,0,400027,True,True,True,123,46.335346720704614,14.0,0.1873042285442352,0.1726837456226349,0.8422001004219055,427,4800
recovery_bc,bread,object_shift,1,400028,True,True,True,138,45.32867797239813,14.0,0.1570544093847274,0.1740196198225021,0.8421362638473511,427,4800
recovery_bc,bread,object_shift,2,400029,False,True,False,260,9.820280800903648,14.0,-0.0217961091548204,-0.1071944311261177,0.8421670198440552,427,4800
recovery_bc,bread,object_shift,3,400030,False,True,False,260,9.254120763165982,14.0,0.1967183351516723,-0.0813332125544548,0.8421738743782043,427,4800
recovery_bc,bread,object_shift,4,400031,True,True,True,115,41.726933957695636,14.0,0.1742526292800903,0.1501125544309616,0.84218430519104,427,4800
recovery_bc,bread,object_shift,5,400032,False,True,False,260,11.57165218578442,14.0,0.0611042268574237,-0.437644213438034,0.8425338864326477,427,4800
recovery_bc,bread,object_shift,6,400033,True,True,True,125,43.49872761328076,14.0,0.1758049130439758,0.1515525579452514,0.8421913385391235,427,4800
recovery_bc,bread,object_shift,7,400034,True,True,True,122,43.07281942063281,14.0,0.1754073798656463,0.1538250148296356,0.8421428203582764,427,4800
recovery_bc,bread,action_noise,0,400027,True,True,True,111,37.42033978293502,8.0,0.1781422942876815,0.0873249918222427,0.8421692848205566,427,4800
recovery_bc,bread,action_noise,1,400028,True,True,True,134,51.07524862663448,8.0,0.1803238987922668,0.1596904993057251,0.8425893187522888,427,4800
recovery_bc,bread,action_noise,2,400029,False,True,False,260,14.280227276227093,8.0,0.0782995820045471,-0.1061340048909187,0.8386254906654358,427,4800
recovery_bc,bread,action_noise,3,400030,False,True,False,260,10.72932538854469,8.0,0.1353274285793304,-0.1861279457807541,0.8421919345855713,427,4800
recovery_bc,bread,action_noise,4,400031,True,True,True,111,36.38145786828144,8.0,0.1574011594057083,0.1325423419475555,0.8421902656555176,427,4800
recovery_bc,bread,action_noise,5,400032,True,True,True,122,40.863378001479326,8.0,0.1870996803045272,0.1347363740205764,0.8421655893325806,427,4800
recovery_bc,bread,action_noise,6,400033,True,True,True,127,44.29705004397336,8.0,0.1963737457990646,0.1462356597185135,0.8422003984451294,427,4800
recovery_bc,bread,action_noise,7,400034,False,True,False,260,11.319605306935111,8.0,0.1374005526304245,-0.2285577058792114,0.8425390124320984,427,4800
recovery_bc,bread,action_delay,0,400027,False,True,False,260,86.12184804269368,3.0,0.1969269067049026,0.4184184670448303,0.9058517217636108,427,4800
recovery_bc,bread,action_delay,1,400028,False,True,False,260,84.61141721261852,5.0,0.215890571475029,0.4233711361885071,0.8969284296035767,427,4800
recovery_bc,bread,action_delay,2,400029,False,True,False,260,9.22319768508754,5.0,0.0784150063991546,-0.0938248261809349,0.8421903252601624,427,4800
recovery_bc,bread,action_delay,3,400030,False,True,False,260,87.65841935234293,3.0,0.1996639370918274,0.4159886240959167,0.8890828490257263,427,4800
recovery_bc,bread,action_delay,4,400031,True,True,True,160,53.753418167977706,3.0,0.1742560416460037,0.2030661255121231,0.8421919941902161,427,4800
recovery_bc,bread,action_delay,5,400032,True,True,True,160,53.06874098294308,3.0,0.217521920800209,0.2252263575792312,0.8421670198440552,427,4800
recovery_bc,bread,action_delay,6,400033,False,True,False,260,9.785733482230228,5.0,-0.0256591420620679,-0.3581049740314483,0.8421655893325806,427,4800
recovery_bc,bread,action_delay,7,400034,False,True,False,260,9.097699983614174,5.0,0.0452574454247951,-0.2492035180330276,0.8425379991531372,427,4800
recovery_bc,bread,gripper_slip,0,400027,False,True,False,260,16.831052481095714,49.0,-0.0436165407299995,-0.2402243167161941,0.8421898484230042,427,4800
recovery_bc,bread,gripper_slip,1,400028,False,True,False,260,37.45862831994786,55.0,0.1690205633640289,0.1452967822551727,0.8764263987541199,427,4800
recovery_bc,bread,gripper_slip,2,400029,False,False,False,260,12.102894892116264,,0.1422934234142303,-0.090616688132286,0.8425347805023193,427,4800
recovery_bc,bread,gripper_slip,3,400030,False,True,False,260,20.928032741127016,55.0,0.1829349398612976,-0.0958935320377349,0.8421826958656311,427,4800
recovery_bc,bread,gripper_slip,4,400031,False,True,False,260,18.45080293726914,64.0,0.1630233079195022,-0.2209524661302566,0.8421919345855713,427,4800
recovery_bc,bread,gripper_slip,5,400032,False,True,False,260,15.371628848283374,50.0,0.0223929863423109,-0.4410879015922546,0.8421916961669922,427,4800
recovery_bc,bread,gripper_slip,6,400033,True,True,True,210,53.893900885429744,63.0,0.1789495646953582,0.1420530974864959,0.8421887159347534,427,4800
recovery_bc,bread,gripper_slip,7,400034,False,True,False,260,25.090226138239093,44.0,0.1550576388835907,-0.0610532686114311,0.9446454048156738,427,4800
contrastive_recovery,bread,nominal,0,400027,True,False,False,122,45.683675844489805,,0.1889701038599014,0.1564009040594101,0.8422044515609741,427,4800
contrastive_recovery,bread,nominal,1,400028,True,False,False,143,49.50162431645314,,0.1715175360441208,0.1634845286607742,0.8421902060508728,427,4800
contrastive_recovery,bread,nominal,2,400029,False,False,False,260,14.589543419382547,,0.0884685069322586,-0.1336880177259445,0.8386355042457581,427,4800
contrastive_recovery,bread,nominal,3,400030,True,False,False,201,72.68207911213328,,0.1799449622631073,0.1622780412435531,0.842198371887207,427,4800
contrastive_recovery,bread,nominal,4,400031,True,False,False,132,44.40586659287851,,0.1679909378290176,0.1462741196155548,0.8421655893325806,427,4800
contrastive_recovery,bread,nominal,5,400032,True,False,False,124,42.50753404060238,,0.1888598799705505,0.1362661868333816,0.842170000076294,427,4800
contrastive_recovery,bread,nominal,6,400033,True,False,False,155,54.86101540215873,,0.1959201842546463,0.142402708530426,0.8421914577484131,427,4800
contrastive_recovery,bread,nominal,7,400034,True,False,False,128,47.50716404372113,,0.1768563240766525,0.1506024897098541,0.8421720862388611,427,4800
contrastive_recovery,bread,object_shift,0,400027,True,True,True,170,62.42912476811704,14.0,0.1832393556833267,0.1579789668321609,0.8421919345855713,427,4800
contrastive_recovery,bread,object_shift,1,400028,True,True,True,133,42.97252849755712,14.0,0.1556120961904525,0.1536193788051605,0.8421872854232788,427,4800
contrastive_recovery,bread,object_shift,2,400029,False,True,False,260,8.534471099944499,14.0,-0.0101149221882224,-0.0999369993805885,0.8421643376350403,427,4800
contrastive_recovery,bread,object_shift,3,400030,True,True,True,122,38.65435319732001,14.0,0.1700106114149093,0.1375751048326492,0.8421902656555176,427,4800
contrastive_recovery,bread,object_shift,4,400031,True,True,True,202,75.81363124492471,14.0,0.1739706695079803,0.1472265422344207,0.8436126708984375,427,4800
contrastive_recovery,bread,object_shift,5,400032,True,True,True,211,56.93050861064238,14.0,0.1829258650541305,0.2116672843694687,0.847446620464325,427,4800
contrastive_recovery,bread,object_shift,6,400033,True,True,True,182,64.11559985792971,14.0,0.1821722537279129,0.1646415442228317,0.8421669006347656,427,4800
contrastive_recovery,bread,object_shift,7,400034,True,True,True,144,50.14396999198668,14.0,0.1724907308816909,0.1518982201814651,0.8421720862388611,427,4800
contrastive_recovery,bread,action_noise,0,400027,True,True,True,121,42.13402117306736,8.0,0.1760220527648925,0.1353027820587158,0.842200517654419,427,4800
contrastive_recovery,bread,action_noise,1,400028,True,True,True,148,50.65545760126806,8.0,0.1630650460720062,0.1652784347534179,0.8421684503555298,427,4800
contrastive_recovery,bread,action_noise,2,400029,True,True,True,145,49.71318269124445,8.0,0.1787559241056442,0.1577399671077728,0.8421922922134399,427,4800
contrastive_recovery,bread,action_noise,3,400030,True,True,True,156,35.898496937223356,8.0,0.1695290058851242,0.1812116801738739,0.840320348739624,427,4800
contrastive_recovery,bread,action_noise,4,400031,True,True,True,120,37.172706039412354,8.0,0.1530626565217971,0.1405514776706695,0.8422031998634338,427,4800
contrastive_recovery,bread,action_noise,5,400032,True,True,True,196,55.35707203090763,8.0,0.1799023151397705,0.1560041904449463,0.8421919941902161,427,4800
contrastive_recovery,bread,action_noise,6,400033,True,True,True,164,60.6316914305738,8.0,0.2154604345560073,0.1940779536962509,0.8448563814163208,427,4800
contrastive_recovery,bread,action_noise,7,400034,True,True,True,171,61.443504051018685,8.0,0.1773279309272766,0.1299375891685485,0.8421738147735596,427,4800
contrastive_recovery,bread,action_delay,0,400027,True,True,True,176,52.50222171324363,3.0,0.1958053559064865,0.2344232648611068,0.8392336368560791,427,4800
contrastive_recovery,bread,action_delay,1,400028,True,True,True,179,61.4870793676466,5.0,0.2459817975759506,0.1928864568471908,0.8421655893325806,427,4800
contrastive_recovery,bread,action_delay,2,400029,False,True,False,260,11.351254818074963,5.0,0.1036122441291809,-0.0729050487279892,0.8422163128852844,427,4800
contrastive_recovery,bread,action_delay,3,400030,False,True,False,260,61.37118656548859,3.0,0.1534841954708099,0.355498194694519,0.8421903252601624,427,4800
contrastive_recovery,bread,action_delay,4,400031,True,True,True,190,65.6258708935045,3.0,0.1981290280818939,0.1904694736003875,0.8421860337257385,427,4800
contrastive_recovery,bread,action_delay,5,400032,False,True,False,260,23.052888308049766,3.0,0.0059587359428405,-0.4195550382137298,0.8425360321998596,427,4800
contrastive_recovery,bread,action_delay,6,400033,False,True,False,260,25.11033302615235,5.0,0.1331030279397964,-0.1347824037075042,0.8421630859375,427,4800
contrastive_recovery,bread,action_delay,7,400034,False,True,False,260,84.7418271413489,5.0,0.2909809648990631,0.361569732427597,0.9668062329292296,427,4800
contrastive_recovery,bread,gripper_slip,0,400027,True,True,True,195,60.19053020322489,55.0,0.1908752769231796,0.1456869691610336,0.8420366048812866,427,4800
contrastive_recovery,bread,gripper_slip,1,400028,False,True,False,260,20.31749253217923,70.0,0.2402231842279434,-0.3574899733066559,0.8406031131744385,427,4800
contrastive_recovery,bread,gripper_slip,2,400029,False,False,False,260,14.589543419382547,,0.0884685069322586,-0.1336880177259445,0.8386355042457581,427,4800
contrastive_recovery,bread,gripper_slip,3,400030,False,True,False,260,41.77258195016134,134.0,0.1542733907699585,-0.1620048582553863,0.8421908617019653,427,4800
contrastive_recovery,bread,gripper_slip,4,400031,False,True,False,260,19.922621472794663,71.0,0.1772104799747467,-0.2458890229463577,0.8421919941902161,427,4800
contrastive_recovery,bread,gripper_slip,5,400032,False,True,False,260,24.90981121328227,50.0,0.0070051462389528,-0.4130012094974518,0.8421630859375,427,4800
contrastive_recovery,bread,gripper_slip,6,400033,False,True,False,260,24.35187405542282,80.0,0.0139691233634948,-0.3744577765464782,0.8421684503555298,427,4800
contrastive_recovery,bread,gripper_slip,7,400034,True,True,True,203,69.16607240883687,63.0,0.1775745898485183,0.1504032015800476,0.8440723419189453,427,4800
more_demos,cereal,nominal,0,400027,True,False,False,108,39.397718056951675,,-0.0242967307567596,0.3609929978847503,0.8993252515792847,427,4800
more_demos,cereal,nominal,1,400028,True,False,False,118,39.80987053418686,,-0.0254206638783216,0.4059678912162781,0.8950782418251038,427,4800
more_demos,cereal,nominal,2,400029,True,False,False,128,42.32278848071969,,-0.0203848835080862,0.3708754479885101,0.897840142250061,427,4800
more_demos,cereal,nominal,3,400030,True,False,False,110,41.24560118048238,,-0.0150891942903399,0.4010998606681824,0.8965774774551392,427,4800
more_demos,cereal,nominal,4,400031,True,False,False,116,42.86031313039631,,-0.010637261904776,0.3940352499485016,0.897004246711731,427,4800
more_demos,cereal,nominal,5,400032,True,False,False,125,42.10253287594071,,-0.0385694801807403,0.3642613887786865,0.8946195840835571,427,4800
more_demos,cereal,nominal,6,400033,True,False,False,112,38.92657139019675,,-0.0208199620246887,0.4038116931915283,0.8957618474960327,427,4800
more_demos,cereal,nominal,7,400034,True,False,False,117,39.21713213305012,,-0.0249495338648557,0.4054387211799621,0.8955037593841553,427,4800
more_demos,cereal,object_shift,0,400027,False,True,False,260,2.933373150918155,14.0,0.0063373185694217,-0.2296724021434784,0.8946319222450256,427,4800
more_demos,cereal,object_shift,1,400028,True,True,True,118,36.30368140000743,14.0,-0.0338292680680751,0.4099521934986114,0.8992118239402771,427,4800
more_demos,cereal,object_shift,2,400029,False,True,False,260,2.976529194288444,14.0,0.0386118069291114,-0.3361161947250366,0.8946318626403809,427,4800
more_demos,cereal,object_shift,3,400030,False,True,False,260,3.1048347891039416,14.0,0.1450525820255279,-0.0706438794732093,0.8757029175758362,427,4800
more_demos,cereal,object_shift,4,400031,False,True,False,260,34.15183853830612,14.0,-0.0957106277346611,0.6333832740783691,0.0149751650169491,427,4800
more_demos,cereal,object_shift,5,400032,True,True,True,133,42.45621674501003,14.0,-0.0395353846251964,0.4121865630149841,0.898542046546936,427,4800
more_demos,cereal,object_shift,6,400033,True,True,True,114,35.31938990227944,14.0,-0.0280833318829536,0.3743770718574524,0.8981572985649109,427,4800
more_demos,cereal,object_shift,7,400034,True,True,True,127,40.86566501135429,14.0,-0.0087011540308594,0.3863041400909424,0.8925687074661255,427,4800
more_demos,cereal,action_noise,0,400027,True,True,True,107,38.13608303898216,8.0,-0.0353895761072635,0.3486566245555877,0.8954442143440247,427,4800
more_demos,cereal,action_noise,1,400028,False,True,False,260,134.86875910980902,8.0,0.0016618751687929,0.4235674440860748,0.9035726189613342,427,4800
more_demos,cereal,action_noise,2,400029,True,True,True,130,42.27227697031437,8.0,-0.0160466041415929,0.3511015474796295,0.897610604763031,427,4800
more_demos,cereal,action_noise,3,400030,True,True,True,112,41.619788692377654,8.0,-0.0087455939501523,0.4147194325923919,0.8937878012657166,427,4800
more_demos,cereal,action_noise,4,400031,True,True,True,109,39.412594861824985,8.0,-0.0290615539997816,0.3911539614200592,0.8972805142402649,427,4800
more_demos,cereal,action_noise,5,400032,True,True,True,121,40.50102567948606,8.0,0.0007030377164483,0.3591260910034179,0.8991461992263794,427,4800
more_demos,cereal,action_noise,6,400033,True,True,True,102,34.01959897837095,8.0,-0.0169650856405496,0.3759126961231231,0.8987178206443787,427,4800
more_demos,cereal,action_noise,7,400034,True,True,True,109,33.848263596066886,8.0,-0.0253358501940965,0.3734832406044006,0.8975744247436523,427,4800
more_demos,cereal,action_delay,0,400027,False,True,False,260,37.1626731797496,3.0,-0.0740722194314003,0.5911707282066345,0.0749371275305748,427,4800
more_demos,cereal,action_delay,1,400028,False,True,False,260,1.6957348097573377,5.0,0.1895511448383331,-0.2528459727764129,0.8947585821151733,427,4800
more_demos,cereal,action_delay,2,400029,False,True,False,260,2.0629648007788477,5.0,0.1277266442775726,-0.3904826939105987,0.8946353197097778,427,4800
more_demos,cereal,action_delay,3,400030,False,True,False,260,3.5281986664068934,3.0,-0.1796899735927581,0.4197325706481933,0.9719969034194946,427,4800
more_demos,cereal,action_delay,4,400031,True,True,True,131,43.80634845418736,3.0,-0.024886704981327,0.3821627497673034,0.897080659866333,427,4800
more_demos,cereal,action_delay,5,400032,False,True,False,260,1.318268303828136,3.0,0.1954356729984283,-0.4098331928253174,0.8307610154151917,427,4800
more_demos,cereal,action_delay,6,400033,False,True,False,260,1.4963149224550636,5.0,0.1502067446708679,-0.1290530264377594,0.8307462930679321,427,4800
more_demos,cereal,action_delay,7,400034,False,True,False,260,1.6178280707091304,5.0,0.1869576722383499,-0.2499304711818695,0.8946374654769897,427,4800
more_demos,cereal,gripper_slip,0,400027,False,True,False,260,10.321978981883262,46.0,0.0262306295335292,-0.2318442910909652,0.8946352601051331,427,4800
more_demos,cereal,gripper_slip,1,400028,False,True,False,260,7.338086648516979,52.0,0.2396763563156128,-0.2372453808784485,0.8946295976638794,427,4800
more_demos,cereal,gripper_slip,2,400029,False,True,False,260,7.969923250044103,54.0,0.0601122863590717,-0.3516949117183685,0.8946294784545898,427,4800
more_demos,cereal,gripper_slip,3,400030,False,True,False,260,10.344714918384549,46.0,0.1295331269502639,-0.1669651418924331,0.8946288228034973,427,4800
more_demos,cereal,gripper_slip,4,400031,False,True,False,260,10.250810702889703,49.0,-0.0163466800004243,-0.1783336251974105,0.8307220935821533,427,4800
more_demos,cereal,gripper_slip,5,400032,False,True,False,260,8.203714563970447,53.0,0.1843385249376297,-0.4053969085216522,0.894631028175354,427,4800
more_demos,cereal,gripper_slip,6,400033,False,True,False,260,7.952492013358869,49.0,0.2026092112064361,-0.1906000673770904,0.894631564617157,427,4800
more_demos,cereal,gripper_slip,7,400034,False,True,False,260,7.477086517648339,52.0,0.2197450101375579,-0.2971344292163849,0.8946305513381958,427,4800
recovery_bc,cereal,nominal,0,400027,True,False,False,122,46.093465364018435,,-0.0277875009924173,0.4056302309036255,0.899797797203064,427,4800
recovery_bc,cereal,nominal,1,400028,True,False,False,137,46.819946683859285,,-0.0296255759894847,0.410517543554306,0.8957660794258118,427,4800
recovery_bc,cereal,nominal,2,400029,True,False,False,142,48.86295317621253,,-0.0233696922659873,0.4111098647117615,0.8965858221054077,427,4800
recovery_bc,cereal,nominal,3,400030,True,False,False,120,45.11319987221278,,-0.0241451784968376,0.4090638756752014,0.8966182470321655,427,4800
recovery_bc,cereal,nominal,4,400031,True,False,False,127,47.9996125563905,,-0.0129434335976839,0.4165361225605011,0.8946738839149475,427,4800
recovery_bc,cereal,nominal,5,400032,True,False,False,141,47.806459297538105,,-0.0312269683927297,0.4110018312931061,0.8956795930862427,427,4800
recovery_bc,cereal,nominal,6,400033,True,False,False,128,45.53775816167199,,-0.033208355307579,0.410593718290329,0.898261547088623,427,4800
recovery_bc,cereal,nominal,7,400034,True,False,False,137,46.91664592596452,,-0.0283084735274314,0.4111725091934204,0.8955747485160828,427,4800
recovery_bc,cereal,object_shift,0,400027,False,True,False,260,5.172952498327001,14.0,0.0040399525314569,-0.1377147138118744,0.8307511210441589,427,4800
recovery_bc,cereal,object_shift,1,400028,True,True,True,145,47.19212772922926,14.0,-0.0383372195065021,0.4147347509860992,0.8939148187637329,427,4800
recovery_bc,cereal,object_shift,2,400029,False,True,False,260,5.339822296199186,14.0,0.0414132252335548,-0.2431727349758148,0.8307270407676697,427,4800
recovery_bc,cereal,object_shift,3,400030,False,True,False,260,4.498720349750204,14.0,0.0759255662560463,-0.2405477166175842,0.8307992219924927,427,4800
recovery_bc,cereal,object_shift,4,400031,False,True,False,260,20.41044947200041,14.0,0.0185863934457302,-0.3195330500602722,0.8307625651359558,427,4800
recovery_bc,cereal,object_shift,5,400032,True,True,True,151,50.60476142342272,14.0,-0.0359578356146812,0.4158888757228851,0.895069420337677,427,4800
recovery_bc,cereal,object_shift,6,400033,True,True,True,139,45.112892900011616,14.0,-0.0333554781973362,0.4140203893184662,0.897750198841095,427,4800
recovery_bc,cereal,object_shift,7,400034,False,True,False,260,122.9087979491125,14.0,0.0036153243854641,0.4162884354591369,0.903429388999939,427,4800
recovery_bc,cereal,action_noise,0,400027,True,True,True,118,43.4411699077157,8.0,-0.0196825433522462,0.3870564699172973,0.8951691389083862,427,4800
recovery_bc,cereal,action_noise,1,400028,True,True,True,122,39.44135858473192,8.0,-0.0355845168232917,0.3696828186511993,0.8971812725067139,427,4800
recovery_bc,cereal,action_noise,2,400029,True,True,True,142,49.18485865902793,8.0,-0.018435513600707,0.4171509444713592,0.896426796913147,427,4800
recovery_bc,cereal,action_noise,3,400030,True,True,True,115,43.52966747546236,8.0,-0.0194161497056484,0.4055815041065216,0.8998537659645081,427,4800
recovery_bc,cereal,action_noise,4,400031,True,True,True,116,43.731206033781305,8.0,-0.0352999344468116,0.388200968503952,0.8928858041763306,427,4800
recovery_bc,cereal,action_noise,5,400032,True,True,True,122,42.352393561038426,8.0,0.0137906670570373,0.3717581629753113,0.8951218724250793,427,4800
recovery_bc,cereal,action_noise,6,400033,True,True,True,115,41.08305280938734,8.0,-0.0085158618167042,0.3817322254180908,0.8959294557571411,427,4800
recovery_bc,cereal,action_noise,7,400034,True,True,True,127,43.42690349871722,8.0,-0.005892377346754,0.38062185049057,0.8985498547554016,427,4800
recovery_bc,cereal,action_delay,0,400027,True,True,True,223,47.89120847327085,3.0,-0.0055032884702086,0.4563774168491363,0.8989394903182983,427,4800
recovery_bc,cereal,action_delay,1,400028,False,True,False,260,4.8876869502647144,5.0,0.1947198212146759,-0.3463180363178253,0.8307992219924927,427,4800
recovery_bc,cereal,action_delay,2,400029,False,True,False,260,40.41208677465018,5.0,-0.1279992461204528,0.5626028776168823,0.9812246561050416,427,4800
recovery_bc,cereal,action_delay,3,400030,True,True,True,225,50.20421612063145,3.0,-0.0064583593048155,0.41512131690979,0.897730827331543,427,4800
recovery_bc,cereal,action_delay,4,400031,True,True,True,146,50.73319090253913,3.0,0.0039184731431305,0.4655510187149048,0.8962972164154053,427,4800
recovery_bc,cereal,action_delay,5,400032,False,True,False,260,4.813430616381899,3.0,0.1924081444740295,-0.4131203889846802,0.8307992815971375,427,4800
recovery_bc,cereal,action_delay,6,400033,False,True,False,260,5.686181471153496,5.0,-0.2807956635951996,0.3286313116550445,0.0240719430148601,427,4800
recovery_bc,cereal,action_delay,7,400034,False,True,False,260,4.678677297625519,5.0,0.2033844739198684,-0.1577187180519104,0.8307480216026306,427,4800
recovery_bc,cereal,gripper_slip,0,400027,True,True,True,158,50.34442655560984,56.0,-0.0113244038075208,0.4101273417472839,0.9004509449005127,427,4800
recovery_bc,cereal,gripper_slip,1,400028,True,True,True,181,54.0112500698546,70.0,-0.0371419303119182,0.4165732860565185,0.894619882106781,427,4800
recovery_bc,cereal,gripper_slip,2,400029,True,True,True,173,52.94474198947984,65.0,-0.0056859371252357,0.419413685798645,0.8954389095306396,427,4800
recovery_bc,cereal,gripper_slip,3,400030,True,True,True,147,45.47553842274752,55.0,-0.0276526007801294,0.4121944904327392,0.8956397771835327,427,4800
recovery_bc,cereal,gripper_slip,4,400031,True,True,True,188,60.174782556348234,57.0,0.0320850200951099,0.3320745825767517,0.8971943855285645,427,4800
recovery_bc,cereal,gripper_slip,5,400032,True,True,True,185,57.61491561227548,69.0,-0.025511048734188,0.3919206857681274,0.8955478072166443,427,4800
recovery_bc,cereal,gripper_slip,6,400033,True,True,True,159,47.89488874891256,63.0,-0.0311460625380277,0.4145469069480896,0.8951659798622131,427,4800
recovery_bc,cereal,gripper_slip,7,400034,True,True,True,180,54.35057697943048,70.0,-0.0345202460885047,0.4054257571697235,0.898471474647522,427,4800
contrastive_recovery,cereal,nominal,0,400027,True,False,False,143,53.05341448772628,,-0.0036576057318598,0.3956659138202667,0.8948167562484741,427,4800
contrastive_recovery,cereal,nominal,1,400028,True,False,False,166,52.593207601334136,,-0.0121732139959931,0.4027665853500366,0.8948811292648315,427,4800
contrastive_recovery,cereal,nominal,2,400029,True,False,False,150,51.80601745051249,,-0.0100173130631446,0.4027957320213318,0.8942632079124451,427,4800
contrastive_recovery,cereal,nominal,3,400030,True,False,False,177,64.91643625193615,,-0.0203053336590528,0.3685108423233032,0.8947498202323914,427,4800
contrastive_recovery,cereal,nominal,4,400031,True,False,False,170,63.09046711909413,,-0.0006286558927968,0.3927657604217529,0.8946524858474731,427,4800
contrastive_recovery,cereal,nominal,5,400032,True,False,False,176,57.649134219719706,,-0.014974720776081,0.4017819464206695,0.8949073553085327,427,4800
contrastive_recovery,cereal,nominal,6,400033,True,False,False,169,59.13051937337967,,-0.02144705504179,0.3636003732681274,0.8975009918212891,427,4800
contrastive_recovery,cereal,nominal,7,400034,True,False,False,165,53.04297435236626,,-0.0101791135966777,0.4065057039260864,0.8949733972549438,427,4800
contrastive_recovery,cereal,object_shift,0,400027,False,True,False,260,51.438327757364675,14.0,-0.1166866719722747,0.5461480021476746,0.0149751640856266,427,4800
contrastive_recovery,cereal,object_shift,1,400028,True,True,True,177,59.12846527543526,14.0,-0.0329203568398952,0.4020460844039917,0.8952666521072388,427,4800
contrastive_recovery,cereal,object_shift,2,400029,False,True,False,260,3.653438440778483,14.0,0.0334329269826412,-0.2584227323532104,0.830751359462738,427,4800
contrastive_recovery,cereal,object_shift,3,400030,False,True,False,260,7.641423975659324,14.0,0.1468533724546432,-0.072243683040142,0.8753684163093567,427,4800
contrastive_recovery,cereal,object_shift,4,400031,True,True,True,184,64.02964024809762,14.0,-0.0193848125636577,0.3634388446807861,0.8949689865112305,427,4800
contrastive_recovery,cereal,object_shift,5,400032,False,True,False,260,57.69294483466812,14.0,-0.2778722047805786,0.4582800567150116,0.0499735176563262,427,4800
contrastive_recovery,cereal,object_shift,6,400033,True,True,True,163,45.73505278539379,14.0,-0.030547197908163,0.4075014293193817,0.8955283761024475,427,4800
contrastive_recovery,cereal,object_shift,7,400034,True,True,True,182,53.47120120997722,14.0,-0.0356336385011673,0.4155032634735107,0.8974490165710449,427,4800
contrastive_recovery,cereal,action_noise,0,400027,True,True,True,124,46.27674106801216,8.0,-0.0087796384468674,0.3808285593986511,0.8970887064933777,427,4800
contrastive_recovery,cereal,action_noise,1,400028,True,True,True,147,50.40356852786955,8.0,-0.0166659448295831,0.3921290040016174,0.8956925868988037,427,4800
contrastive_recovery,cereal,action_noise,2,400029,True,True,True,146,51.40241262092459,8.0,-0.0028775897808372,0.392454594373703,0.8953201174736023,427,4800
contrastive_recovery,cereal,action_noise,3,400030,True,True,True,112,41.56147366743177,8.0,-0.0005047011072747,0.4090248048305511,0.8938010931015015,427,4800
contrastive_recovery,cereal,action_noise,4,400031,True,True,True,115,41.92102314968996,8.0,-0.0369007885456085,0.3739908039569855,0.8990148901939392,427,4800
contrastive_recovery,cereal,action_noise,5,400032,True,True,True,138,47.75612284530002,8.0,-0.0012786792358383,0.4115214645862579,0.8946905136108398,427,4800
contrastive_recovery,cereal,action_noise,6,400033,True,True,True,140,49.256975040086886,8.0,-0.0369155965745449,0.4045688211917877,0.8994966149330139,427,4800
contrastive_recovery,cereal,action_noise,7,400034,True,True,True,139,48.111037893257425,8.0,-0.0107925273478031,0.385423481464386,0.8943185210227966,427,4800
contrastive_recovery,cereal,action_delay,0,400027,False,True,False,260,71.51149106210684,3.0,-0.0811867415904998,0.5847942233085632,0.0149751706048846,427,4800
contrastive_recovery,cereal,action_delay,1,400028,False,True,False,260,4.714833883533101,5.0,0.1956369280815124,-0.1483143270015716,0.8307895064353943,427,4800
contrastive_recovery,cereal,action_delay,2,400029,False,True,False,260,60.566590858939264,5.0,-0.1921162903308868,0.5343974232673645,0.0149751640856266,427,4800
contrastive_recovery,cereal,action_delay,3,400030,False,True,False,260,70.65849091302344,3.0,-0.0588022582232952,0.5690625905990601,0.0149751650169491,427,4800
contrastive_recovery,cereal,action_delay,4,400031,True,True,True,182,64.03464091349011,3.0,0.0248728804290294,0.4542896449565887,0.8962480425834656,427,4800
contrastive_recovery,cereal,action_delay,5,400032,False,True,False,260,4.21780753812545,3.0,0.1864843070507049,-0.239843800663948,0.830751359462738,427,4800
contrastive_recovery,cereal,action_delay,6,400033,False,True,False,260,5.789877241745377,5.0,0.1496286690235138,-0.3152431845664978,0.8307420611381531,427,4800
contrastive_recovery,cereal,action_delay,7,400034,False,True,False,260,5.929858673450865,5.0,0.1758670359849929,-0.2472410500049591,0.8946278691291809,427,4800
contrastive_recovery,cereal,gripper_slip,0,400027,False,True,False,260,22.900503000522523,79.0,-0.0367673933506011,-0.1532184332609176,0.8307462334632874,427,4800
contrastive_recovery,cereal,gripper_slip,1,400028,False,True,False,260,19.22671907686591,95.0,0.2383889555931091,-0.3923413455486297,0.8307605981826782,427,4800
contrastive_recovery,cereal,gripper_slip,2,400029,True,True,True,189,60.213726949581094,72.0,0.0150101613253355,0.4256243407726288,0.8930176496505737,427,4800
contrastive_recovery,cereal,gripper_slip,3,400030,False,True,False,260,35.60283023775552,115.0,0.0026246388442814,-0.0835434198379516,0.8676722645759583,427,4800
contrastive_recovery,cereal,gripper_slip,4,400031,False,True,False,260,28.584333874522788,101.0,0.2036672979593277,-0.3099686801433563,0.8689872622489929,427,4800
contrastive_recovery,cereal,gripper_slip,5,400032,True,True,True,220,66.51134742381647,99.0,0.0072911535389721,0.4092952609062195,0.8963893055915833,427,4800
contrastive_recovery,cereal,gripper_slip,6,400033,False,True,False,260,25.793704056902595,98.0,0.2021074146032333,-0.2330633401870727,0.8946341276168823,427,4800
contrastive_recovery,cereal,gripper_slip,7,400034,False,True,False,260,20.23938862403389,94.0,0.2269263118505478,-0.3571248054504394,0.8946331143379211,427,4800
