episode_id,policy_seed,task,disturbance,method,target_budget,success,help_requested,helpful_request,request_step,request_score
0,27,can,nominal,never_help,0.0,True,False,False,,
0,27,can,nominal,always_help,1.0,True,True,False,10.0,
0,27,can,nominal,oracle_value,,True,False,False,,
0,27,can,nominal,value_gate,0.1,True,False,False,,
0,27,can,nominal,value_gate,0.25,True,False,False,,
0,27,can,nominal,value_gate,0.5,True,False,False,,
0,27,can,nominal,value_gate,0.75,True,True,False,30.0,0.6218937039375305
0,27,can,nominal,risk_gate,0.1,True,False,False,,
0,27,can,nominal,risk_gate,0.25,True,False,False,,
0,27,can,nominal,risk_gate,0.5,True,False,False,,
0,27,can,nominal,risk_gate,0.75,True,True,False,10.0,0.5179020762443542
0,27,can,nominal,uncertainty_gate,0.1,True,False,False,,
0,27,can,nominal,uncertainty_gate,0.25,True,False,False,,
0,27,can,nominal,uncertainty_gate,0.5,True,False,False,,
0,27,can,nominal,uncertainty_gate,0.75,True,False,False,,
1,27,can,nominal,never_help,0.0,True,False,False,,
1,27,can,nominal,always_help,1.0,True,True,False,10.0,
1,27,can,nominal,oracle_value,,True,False,False,,
1,27,can,nominal,value_gate,0.1,True,False,False,,
1,27,can,nominal,value_gate,0.25,True,False,False,,
1,27,can,nominal,value_gate,0.5,True,False,False,,
1,27,can,nominal,value_gate,0.75,True,True,False,10.0,0.5481643676757812
1,27,can,nominal,risk_gate,0.1,True,False,False,,
1,27,can,nominal,risk_gate,0.25,True,True,False,10.0,0.8820812106132507
1,27,can,nominal,risk_gate,0.5,True,True,False,10.0,0.8820812106132507
1,27,can,nominal,risk_gate,0.75,True,True,False,10.0,0.8820812106132507
1,27,can,nominal,uncertainty_gate,0.1,True,False,False,,
1,27,can,nominal,uncertainty_gate,0.25,True,False,False,,
1,27,can,nominal,uncertainty_gate,0.5,True,False,False,,
1,27,can,nominal,uncertainty_gate,0.75,True,True,False,50.0,0.021024536341428757
2,27,can,nominal,never_help,0.0,True,False,False,,
2,27,can,nominal,always_help,1.0,True,True,False,10.0,
2,27,can,nominal,oracle_value,,True,False,False,,
2,27,can,nominal,value_gate,0.1,True,False,False,,
2,27,can,nominal,value_gate,0.25,True,False,False,,
2,27,can,nominal,value_gate,0.5,True,False,False,,
2,27,can,nominal,value_gate,0.75,True,True,False,30.0,0.5969071984291077
2,27,can,nominal,risk_gate,0.1,True,False,False,,
2,27,can,nominal,risk_gate,0.25,True,False,False,,
2,27,can,nominal,risk_gate,0.5,True,False,False,,
2,27,can,nominal,risk_gate,0.75,True,False,False,,
2,27,can,nominal,uncertainty_gate,0.1,True,False,False,,
2,27,can,nominal,uncertainty_gate,0.25,True,False,False,,
2,27,can,nominal,uncertainty_gate,0.5,True,False,False,,
2,27,can,nominal,uncertainty_gate,0.75,True,False,False,,
3,27,can,nominal,never_help,0.0,True,False,False,,
3,27,can,nominal,always_help,1.0,True,True,False,10.0,
3,27,can,nominal,oracle_value,,True,False,False,,
3,27,can,nominal,value_gate,0.1,True,False,False,,
3,27,can,nominal,value_gate,0.25,True,False,False,,
3,27,can,nominal,value_gate,0.5,True,False,False,,
3,27,can,nominal,value_gate,0.75,True,False,False,,
3,27,can,nominal,risk_gate,0.1,True,False,False,,
3,27,can,nominal,risk_gate,0.25,True,False,False,,
3,27,can,nominal,risk_gate,0.5,True,False,False,,
3,27,can,nominal,risk_gate,0.75,True,True,False,10.0,0.6330469846725464
3,27,can,nominal,uncertainty_gate,0.1,True,False,False,,
3,27,can,nominal,uncertainty_gate,0.25,True,False,False,,
3,27,can,nominal,uncertainty_gate,0.5,True,False,False,,
3,27,can,nominal,uncertainty_gate,0.75,True,False,False,,
4,27,can,object_shift,never_help,0.0,True,False,False,,
4,27,can,object_shift,always_help,1.0,True,True,False,10.0,
4,27,can,object_shift,oracle_value,,True,False,False,,
4,27,can,object_shift,value_gate,0.1,True,False,False,,
4,27,can,object_shift,value_gate,0.25,True,False,False,,
4,27,can,object_shift,value_gate,0.5,True,False,False,,
4,27,can,object_shift,value_gate,0.75,True,True,False,30.0,0.653854489326477
4,27,can,object_shift,risk_gate,0.1,True,False,False,,
4,27,can,object_shift,risk_gate,0.25,True,False,False,,
4,27,can,object_shift,risk_gate,0.5,True,True,False,10.0,0.7334887981414795
4,27,can,object_shift,risk_gate,0.75,True,True,False,10.0,0.7334887981414795
4,27,can,object_shift,uncertainty_gate,0.1,True,False,False,,
4,27,can,object_shift,uncertainty_gate,0.25,True,False,False,,
4,27,can,object_shift,uncertainty_gate,0.5,True,False,False,,
4,27,can,object_shift,uncertainty_gate,0.75,True,False,False,,
5,27,can,object_shift,never_help,0.0,False,False,False,,
5,27,can,object_shift,always_help,1.0,True,True,True,10.0,
5,27,can,object_shift,oracle_value,,True,True,True,10.0,1.0
5,27,can,object_shift,value_gate,0.1,False,False,False,,
5,27,can,object_shift,value_gate,0.25,False,False,False,,
5,27,can,object_shift,value_gate,0.5,True,True,True,70.0,0.7949260473251343
5,27,can,object_shift,value_gate,0.75,True,True,True,30.0,0.5797106027603149
5,27,can,object_shift,risk_gate,0.1,False,False,False,,
5,27,can,object_shift,risk_gate,0.25,False,False,False,,
5,27,can,object_shift,risk_gate,0.5,False,False,False,,
5,27,can,object_shift,risk_gate,0.75,True,True,True,10.0,0.68044114112854
5,27,can,object_shift,uncertainty_gate,0.1,False,False,False,,
5,27,can,object_shift,uncertainty_gate,0.25,False,False,False,,
5,27,can,object_shift,uncertainty_gate,0.5,True,True,True,110.0,0.033788178116083145
5,27,can,object_shift,uncertainty_gate,0.75,True,True,True,70.0,0.01633492298424244
6,27,can,object_shift,never_help,0.0,True,False,False,,
6,27,can,object_shift,always_help,1.0,True,True,False,10.0,
6,27,can,object_shift,oracle_value,,True,False,False,,
6,27,can,object_shift,value_gate,0.1,True,False,False,,
6,27,can,object_shift,value_gate,0.25,True,False,False,,
6,27,can,object_shift,value_gate,0.5,True,False,False,,
6,27,can,object_shift,value_gate,0.75,True,False,False,,
6,27,can,object_shift,risk_gate,0.1,True,False,False,,
6,27,can,object_shift,risk_gate,0.25,True,False,False,,
6,27,can,object_shift,risk_gate,0.5,True,False,False,,
6,27,can,object_shift,risk_gate,0.75,True,False,False,,
6,27,can,object_shift,uncertainty_gate,0.1,True,False,False,,
6,27,can,object_shift,uncertainty_gate,0.25,True,False,False,,
6,27,can,object_shift,uncertainty_gate,0.5,True,False,False,,
6,27,can,object_shift,uncertainty_gate,0.75,True,True,False,10.0,0.012099451385438442
7,27,can,object_shift,never_help,0.0,True,False,False,,
7,27,can,object_shift,always_help,1.0,True,True,False,10.0,
7,27,can,object_shift,oracle_value,,True,False,False,,
7,27,can,object_shift,value_gate,0.1,True,False,False,,
7,27,can,object_shift,value_gate,0.25,True,False,False,,
7,27,can,object_shift,value_gate,0.5,True,False,False,,
7,27,can,object_shift,value_gate,0.75,True,True,False,30.0,0.7591023445129395
7,27,can,object_shift,risk_gate,0.1,True,False,False,,
7,27,can,object_shift,risk_gate,0.25,True,True,False,10.0,0.9469801783561707
7,27,can,object_shift,risk_gate,0.5,True,True,False,10.0,0.9469801783561707
7,27,can,object_shift,risk_gate,0.75,True,True,False,10.0,0.9469801783561707
7,27,can,object_shift,uncertainty_gate,0.1,True,False,False,,
7,27,can,object_shift,uncertainty_gate,0.25,True,False,False,,
7,27,can,object_shift,uncertainty_gate,0.5,True,False,False,,
7,27,can,object_shift,uncertainty_gate,0.75,True,False,False,,
8,27,can,action_noise,never_help,0.0,True,False,False,,
8,27,can,action_noise,always_help,1.0,True,True,False,10.0,
8,27,can,action_noise,oracle_value,,True,False,False,,
8,27,can,action_noise,value_gate,0.1,True,False,False,,
8,27,can,action_noise,value_gate,0.25,True,False,False,,
8,27,can,action_noise,value_gate,0.5,True,False,False,,
8,27,can,action_noise,value_gate,0.75,True,True,False,30.0,0.6419745683670044
8,27,can,action_noise,risk_gate,0.1,True,False,False,,
8,27,can,action_noise,risk_gate,0.25,True,False,False,,
8,27,can,action_noise,risk_gate,0.5,True,True,False,10.0,0.8359290361404419
8,27,can,action_noise,risk_gate,0.75,True,True,False,10.0,0.8359290361404419
8,27,can,action_noise,uncertainty_gate,0.1,True,False,False,,
8,27,can,action_noise,uncertainty_gate,0.25,True,False,False,,
8,27,can,action_noise,uncertainty_gate,0.5,True,False,False,,
8,27,can,action_noise,uncertainty_gate,0.75,True,True,False,30.0,0.00971403531730175
9,27,can,action_noise,never_help,0.0,True,False,False,,
9,27,can,action_noise,always_help,1.0,True,True,False,10.0,
9,27,can,action_noise,oracle_value,,True,False,False,,
9,27,can,action_noise,value_gate,0.1,True,False,False,,
9,27,can,action_noise,value_gate,0.25,True,False,False,,
9,27,can,action_noise,value_gate,0.5,True,False,False,,
9,27,can,action_noise,value_gate,0.75,True,False,False,,
9,27,can,action_noise,risk_gate,0.1,True,False,False,,
9,27,can,action_noise,risk_gate,0.25,True,True,False,10.0,0.9406694769859314
9,27,can,action_noise,risk_gate,0.5,True,True,False,10.0,0.9406694769859314
9,27,can,action_noise,risk_gate,0.75,True,True,False,10.0,0.9406694769859314
9,27,can,action_noise,uncertainty_gate,0.1,True,False,False,,
9,27,can,action_noise,uncertainty_gate,0.25,True,False,False,,
9,27,can,action_noise,uncertainty_gate,0.5,True,False,False,,
9,27,can,action_noise,uncertainty_gate,0.75,True,False,False,,
10,27,can,action_noise,never_help,0.0,True,False,False,,
10,27,can,action_noise,always_help,1.0,True,True,False,10.0,
10,27,can,action_noise,oracle_value,,True,False,False,,
10,27,can,action_noise,value_gate,0.1,True,False,False,,
10,27,can,action_noise,value_gate,0.25,True,False,False,,
10,27,can,action_noise,value_gate,0.5,True,False,False,,
10,27,can,action_noise,value_gate,0.75,True,False,False,,
10,27,can,action_noise,risk_gate,0.1,True,False,False,,
10,27,can,action_noise,risk_gate,0.25,True,False,False,,
10,27,can,action_noise,risk_gate,0.5,True,True,False,10.0,0.8391702175140381
10,27,can,action_noise,risk_gate,0.75,True,True,False,10.0,0.8391702175140381
10,27,can,action_noise,uncertainty_gate,0.1,True,False,False,,
10,27,can,action_noise,uncertainty_gate,0.25,True,False,False,,
10,27,can,action_noise,uncertainty_gate,0.5,True,False,False,,
10,27,can,action_noise,uncertainty_gate,0.75,True,True,False,30.0,0.004599580075591803
11,27,can,action_noise,never_help,0.0,True,False,False,,
11,27,can,action_noise,always_help,1.0,True,True,False,10.0,
11,27,can,action_noise,oracle_value,,True,False,False,,
11,27,can,action_noise,value_gate,0.1,True,False,False,,
11,27,can,action_noise,value_gate,0.25,True,False,False,,
11,27,can,action_noise,value_gate,0.5,True,False,False,,
11,27,can,action_noise,value_gate,0.75,True,False,False,,
11,27,can,action_noise,risk_gate,0.1,True,False,False,,
11,27,can,action_noise,risk_gate,0.25,True,False,False,,
11,27,can,action_noise,risk_gate,0.5,True,False,False,,
11,27,can,action_noise,risk_gate,0.75,True,False,False,,
11,27,can,action_noise,uncertainty_gate,0.1,True,False,False,,
11,27,can,action_noise,uncertainty_gate,0.25,True,False,False,,
11,27,can,action_noise,uncertainty_gate,0.5,True,False,False,,
11,27,can,action_noise,uncertainty_gate,0.75,True,False,False,,
12,27,can,action_delay,never_help,0.0,True,False,False,,
12,27,can,action_delay,always_help,1.0,True,True,False,10.0,
12,27,can,action_delay,oracle_value,,True,False,False,,
12,27,can,action_delay,value_gate,0.1,True,False,False,,
12,27,can,action_delay,value_gate,0.25,True,False,False,,
12,27,can,action_delay,value_gate,0.5,True,True,False,10.0,0.817277729511261
12,27,can,action_delay,value_gate,0.75,True,True,False,10.0,0.817277729511261
12,27,can,action_delay,risk_gate,0.1,True,False,False,,
12,27,can,action_delay,risk_gate,0.25,True,False,False,,
12,27,can,action_delay,risk_gate,0.5,True,False,False,,
12,27,can,action_delay,risk_gate,0.75,True,False,False,,
12,27,can,action_delay,uncertainty_gate,0.1,True,False,False,,
12,27,can,action_delay,uncertainty_gate,0.25,True,False,False,,
12,27,can,action_delay,uncertainty_gate,0.5,True,True,False,30.0,0.032895658165216446
12,27,can,action_delay,uncertainty_gate,0.75,True,True,False,30.0,0.032895658165216446
13,27,can,action_delay,never_help,0.0,True,False,False,,
13,27,can,action_delay,always_help,1.0,True,True,False,10.0,
13,27,can,action_delay,oracle_value,,True,False,False,,
13,27,can,action_delay,value_gate,0.1,True,False,False,,
13,27,can,action_delay,value_gate,0.25,True,False,False,,
13,27,can,action_delay,value_gate,0.5,True,False,False,,
13,27,can,action_delay,value_gate,0.75,True,True,False,10.0,0.7109665870666504
13,27,can,action_delay,risk_gate,0.1,True,False,False,,
13,27,can,action_delay,risk_gate,0.25,True,False,False,,
13,27,can,action_delay,risk_gate,0.5,True,False,False,,
13,27,can,action_delay,risk_gate,0.75,True,True,False,10.0,0.4214056432247162
13,27,can,action_delay,uncertainty_gate,0.1,True,False,False,,
13,27,can,action_delay,uncertainty_gate,0.25,True,False,False,,
13,27,can,action_delay,uncertainty_gate,0.5,True,True,False,30.0,0.06678052991628647
13,27,can,action_delay,uncertainty_gate,0.75,True,True,False,30.0,0.06678052991628647
14,27,can,action_delay,never_help,0.0,False,False,False,,
14,27,can,action_delay,always_help,1.0,True,True,True,10.0,
14,27,can,action_delay,oracle_value,,True,True,True,10.0,1.0
14,27,can,action_delay,value_gate,0.1,False,False,False,,
14,27,can,action_delay,value_gate,0.25,False,False,False,,
14,27,can,action_delay,value_gate,0.5,True,True,True,10.0,0.8819838166236877
14,27,can,action_delay,value_gate,0.75,True,True,True,10.0,0.8819838166236877
14,27,can,action_delay,risk_gate,0.1,False,False,False,,
14,27,can,action_delay,risk_gate,0.25,True,True,True,130.0,0.9268943667411804
14,27,can,action_delay,risk_gate,0.5,True,True,True,130.0,0.9268943667411804
14,27,can,action_delay,risk_gate,0.75,True,True,True,30.0,0.5926486849784851
14,27,can,action_delay,uncertainty_gate,0.1,True,True,True,130.0,0.1740000993013382
14,27,can,action_delay,uncertainty_gate,0.25,True,True,True,110.0,0.09536293894052505
14,27,can,action_delay,uncertainty_gate,0.5,True,True,True,110.0,0.09536293894052505
14,27,can,action_delay,uncertainty_gate,0.75,True,True,True,30.0,0.008791793137788773
15,27,can,action_delay,never_help,0.0,False,False,False,,
15,27,can,action_delay,always_help,1.0,True,True,True,10.0,
15,27,can,action_delay,oracle_value,,True,True,True,10.0,1.0
15,27,can,action_delay,value_gate,0.1,False,False,False,,
15,27,can,action_delay,value_gate,0.25,False,False,False,,
15,27,can,action_delay,value_gate,0.5,True,True,True,10.0,0.8690745234489441
15,27,can,action_delay,value_gate,0.75,True,True,True,10.0,0.8690745234489441
15,27,can,action_delay,risk_gate,0.1,False,False,False,,
15,27,can,action_delay,risk_gate,0.25,False,False,False,,
15,27,can,action_delay,risk_gate,0.5,False,False,False,,
15,27,can,action_delay,risk_gate,0.75,False,False,False,,
15,27,can,action_delay,uncertainty_gate,0.1,False,False,False,,
15,27,can,action_delay,uncertainty_gate,0.25,False,False,False,,
15,27,can,action_delay,uncertainty_gate,0.5,False,True,False,130.0,0.05756864696741104
15,27,can,action_delay,uncertainty_gate,0.75,True,True,True,50.0,0.0034498933237046003
16,27,can,gripper_slip,never_help,0.0,False,False,False,,
16,27,can,gripper_slip,always_help,1.0,True,True,True,10.0,
16,27,can,gripper_slip,oracle_value,,True,True,True,10.0,1.0
16,27,can,gripper_slip,value_gate,0.1,False,False,False,,
16,27,can,gripper_slip,value_gate,0.25,False,False,False,,
16,27,can,gripper_slip,value_gate,0.5,True,True,True,50.0,0.9076249003410339
16,27,can,gripper_slip,value_gate,0.75,True,True,True,30.0,0.6506638526916504
16,27,can,gripper_slip,risk_gate,0.1,True,True,True,50.0,0.9803721308708191
16,27,can,gripper_slip,risk_gate,0.25,True,True,True,50.0,0.9803721308708191
16,27,can,gripper_slip,risk_gate,0.5,True,True,True,50.0,0.9803721308708191
16,27,can,gripper_slip,risk_gate,0.75,True,True,True,10.0,0.5698834657669067
16,27,can,gripper_slip,uncertainty_gate,0.1,True,True,True,50.0,0.19794966280460358
16,27,can,gripper_slip,uncertainty_gate,0.25,True,True,True,50.0,0.19794966280460358
16,27,can,gripper_slip,uncertainty_gate,0.5,True,True,True,50.0,0.19794966280460358
16,27,can,gripper_slip,uncertainty_gate,0.75,True,True,True,50.0,0.19794966280460358
17,27,can,gripper_slip,never_help,0.0,False,False,False,,
17,27,can,gripper_slip,always_help,1.0,True,True,True,10.0,
17,27,can,gripper_slip,oracle_value,,True,True,True,10.0,1.0
17,27,can,gripper_slip,value_gate,0.1,False,False,False,,
17,27,can,gripper_slip,value_gate,0.25,True,True,True,110.0,0.9443174600601196
17,27,can,gripper_slip,value_gate,0.5,True,True,True,90.0,0.84727543592453
17,27,can,gripper_slip,value_gate,0.75,True,True,True,70.0,0.6762556433677673
17,27,can,gripper_slip,risk_gate,0.1,False,False,False,,
17,27,can,gripper_slip,risk_gate,0.25,False,False,False,,
17,27,can,gripper_slip,risk_gate,0.5,True,True,True,10.0,0.8512865304946899
17,27,can,gripper_slip,risk_gate,0.75,True,True,True,10.0,0.8512865304946899
17,27,can,gripper_slip,uncertainty_gate,0.1,True,True,True,130.0,0.1716688722372055
17,27,can,gripper_slip,uncertainty_gate,0.25,True,True,True,70.0,0.14616386592388153
17,27,can,gripper_slip,uncertainty_gate,0.5,True,True,True,70.0,0.14616386592388153
17,27,can,gripper_slip,uncertainty_gate,0.75,True,True,True,50.0,0.004876045975834131
18,27,can,gripper_slip,never_help,0.0,False,False,False,,
18,27,can,gripper_slip,always_help,1.0,True,True,True,10.0,
18,27,can,gripper_slip,oracle_value,,True,True,True,10.0,1.0
18,27,can,gripper_slip,value_gate,0.1,False,False,False,,
18,27,can,gripper_slip,value_gate,0.25,True,True,True,50.0,0.9186829328536987
18,27,can,gripper_slip,value_gate,0.5,True,True,True,50.0,0.9186829328536987
18,27,can,gripper_slip,value_gate,0.75,True,True,True,30.0,0.5542830228805542
18,27,can,gripper_slip,risk_gate,0.1,False,False,False,,
18,27,can,gripper_slip,risk_gate,0.25,True,True,True,50.0,0.9043368697166443
18,27,can,gripper_slip,risk_gate,0.5,True,True,True,50.0,0.9043368697166443
18,27,can,gripper_slip,risk_gate,0.75,True,True,True,10.0,0.6525208353996277
18,27,can,gripper_slip,uncertainty_gate,0.1,False,False,False,,
18,27,can,gripper_slip,uncertainty_gate,0.25,False,False,False,,
18,27,can,gripper_slip,uncertainty_gate,0.5,True,True,True,90.0,0.034540724009275436
18,27,can,gripper_slip,uncertainty_gate,0.75,True,True,True,50.0,0.02179092727601528
19,27,can,gripper_slip,never_help,0.0,False,False,False,,
19,27,can,gripper_slip,always_help,1.0,True,True,True,10.0,
19,27,can,gripper_slip,oracle_value,,True,True,True,10.0,1.0
19,27,can,gripper_slip,value_gate,0.1,False,False,False,,
19,27,can,gripper_slip,value_gate,0.25,True,True,True,130.0,0.9196983575820923
19,27,can,gripper_slip,value_gate,0.5,True,True,True,90.0,0.840229868888855
19,27,can,gripper_slip,value_gate,0.75,True,True,True,50.0,0.74332195520401
19,27,can,gripper_slip,risk_gate,0.1,False,False,False,,
19,27,can,gripper_slip,risk_gate,0.25,False,False,False,,
19,27,can,gripper_slip,risk_gate,0.5,True,True,True,110.0,0.7562566995620728
19,27,can,gripper_slip,risk_gate,0.75,True,True,True,50.0,0.5200949311256409
19,27,can,gripper_slip,uncertainty_gate,0.1,False,False,False,,
19,27,can,gripper_slip,uncertainty_gate,0.25,False,False,False,,
19,27,can,gripper_slip,uncertainty_gate,0.5,True,True,True,90.0,0.02678389474749565
19,27,can,gripper_slip,uncertainty_gate,0.75,True,True,True,50.0,0.021538132801651955
20,27,milk,nominal,never_help,0.0,True,False,False,,
20,27,milk,nominal,always_help,1.0,True,True,False,10.0,
20,27,milk,nominal,oracle_value,,True,False,False,,
20,27,milk,nominal,value_gate,0.1,True,False,False,,
20,27,milk,nominal,value_gate,0.25,True,False,False,,
20,27,milk,nominal,value_gate,0.5,True,False,False,,
20,27,milk,nominal,value_gate,0.75,True,False,False,,
20,27,milk,nominal,risk_gate,0.1,True,False,False,,
20,27,milk,nominal,risk_gate,0.25,True,False,False,,
20,27,milk,nominal,risk_gate,0.5,True,False,False,,
20,27,milk,nominal,risk_gate,0.75,True,False,False,,
20,27,milk,nominal,uncertainty_gate,0.1,True,False,False,,
20,27,milk,nominal,uncertainty_gate,0.25,True,False,False,,
20,27,milk,nominal,uncertainty_gate,0.5,True,False,False,,
20,27,milk,nominal,uncertainty_gate,0.75,True,False,False,,
21,27,milk,nominal,never_help,0.0,True,False,False,,
21,27,milk,nominal,always_help,1.0,True,True,False,10.0,
21,27,milk,nominal,oracle_value,,True,False,False,,
21,27,milk,nominal,value_gate,0.1,True,False,False,,
21,27,milk,nominal,value_gate,0.25,True,False,False,,
21,27,milk,nominal,value_gate,0.5,True,False,False,,
21,27,milk,nominal,value_gate,0.75,True,False,False,,
21,27,milk,nominal,risk_gate,0.1,True,False,False,,
21,27,milk,nominal,risk_gate,0.25,True,False,False,,
21,27,milk,nominal,risk_gate,0.5,True,False,False,,
21,27,milk,nominal,risk_gate,0.75,True,True,False,10.0,0.6439348459243774
21,27,milk,nominal,uncertainty_gate,0.1,True,False,False,,
21,27,milk,nominal,uncertainty_gate,0.25,True,False,False,,
21,27,milk,nominal,uncertainty_gate,0.5,True,False,False,,
21,27,milk,nominal,uncertainty_gate,0.75,True,False,False,,
22,27,milk,nominal,never_help,0.0,True,False,False,,
22,27,milk,nominal,always_help,1.0,True,True,False,10.0,
22,27,milk,nominal,oracle_value,,True,False,False,,
22,27,milk,nominal,value_gate,0.1,True,False,False,,
22,27,milk,nominal,value_gate,0.25,True,False,False,,
22,27,milk,nominal,value_gate,0.5,True,False,False,,
22,27,milk,nominal,value_gate,0.75,True,False,False,,
22,27,milk,nominal,risk_gate,0.1,True,False,False,,
22,27,milk,nominal,risk_gate,0.25,True,False,False,,
22,27,milk,nominal,risk_gate,0.5,True,False,False,,
22,27,milk,nominal,risk_gate,0.75,True,False,False,,
22,27,milk,nominal,uncertainty_gate,0.1,True,False,False,,
22,27,milk,nominal,uncertainty_gate,0.25,True,False,False,,
22,27,milk,nominal,uncertainty_gate,0.5,True,False,False,,
22,27,milk,nominal,uncertainty_gate,0.75,True,False,False,,
23,27,milk,nominal,never_help,0.0,True,False,False,,
23,27,milk,nominal,always_help,1.0,True,True,False,10.0,
23,27,milk,nominal,oracle_value,,True,False,False,,
23,27,milk,nominal,value_gate,0.1,True,False,False,,
23,27,milk,nominal,value_gate,0.25,True,False,False,,
23,27,milk,nominal,value_gate,0.5,True,False,False,,
23,27,milk,nominal,value_gate,0.75,True,False,False,,
23,27,milk,nominal,risk_gate,0.1,True,False,False,,
23,27,milk,nominal,risk_gate,0.25,True,False,False,,
23,27,milk,nominal,risk_gate,0.5,True,False,False,,
23,27,milk,nominal,risk_gate,0.75,True,True,False,10.0,0.562652051448822
23,27,milk,nominal,uncertainty_gate,0.1,True,False,False,,
23,27,milk,nominal,uncertainty_gate,0.25,True,False,False,,
23,27,milk,nominal,uncertainty_gate,0.5,True,False,False,,
23,27,milk,nominal,uncertainty_gate,0.75,True,True,False,90.0,0.01269978005439043
24,27,milk,object_shift,never_help,0.0,False,False,False,,
24,27,milk,object_shift,always_help,1.0,True,True,True,10.0,
24,27,milk,object_shift,oracle_value,,True,True,True,10.0,1.0
24,27,milk,object_shift,value_gate,0.1,False,False,False,,
24,27,milk,object_shift,value_gate,0.25,False,False,False,,
24,27,milk,object_shift,value_gate,0.5,True,True,True,30.0,0.7740633487701416
24,27,milk,object_shift,value_gate,0.75,True,True,True,10.0,0.6753153800964355
24,27,milk,object_shift,risk_gate,0.1,False,False,False,,
24,27,milk,object_shift,risk_gate,0.25,False,False,False,,
24,27,milk,object_shift,risk_gate,0.5,True,True,True,70.0,0.777679443359375
24,27,milk,object_shift,risk_gate,0.75,True,True,True,70.0,0.777679443359375
24,27,milk,object_shift,uncertainty_gate,0.1,False,False,False,,
24,27,milk,object_shift,uncertainty_gate,0.25,False,False,False,,
24,27,milk,object_shift,uncertainty_gate,0.5,True,True,True,110.0,0.025432560592889786
24,27,milk,object_shift,uncertainty_gate,0.75,True,True,True,30.0,0.011112150736153126
25,27,milk,object_shift,never_help,0.0,True,False,False,,
25,27,milk,object_shift,always_help,1.0,True,True,False,10.0,
25,27,milk,object_shift,oracle_value,,True,False,False,,
25,27,milk,object_shift,value_gate,0.1,True,False,False,,
25,27,milk,object_shift,value_gate,0.25,True,False,False,,
25,27,milk,object_shift,value_gate,0.5,True,True,False,30.0,0.854049801826477
25,27,milk,object_shift,value_gate,0.75,True,True,False,30.0,0.854049801826477
25,27,milk,object_shift,risk_gate,0.1,True,False,False,,
25,27,milk,object_shift,risk_gate,0.25,True,True,False,10.0,0.9205353856086731
25,27,milk,object_shift,risk_gate,0.5,True,True,False,10.0,0.9205353856086731
25,27,milk,object_shift,risk_gate,0.75,True,True,False,10.0,0.9205353856086731
25,27,milk,object_shift,uncertainty_gate,0.1,True,False,False,,
25,27,milk,object_shift,uncertainty_gate,0.25,True,False,False,,
25,27,milk,object_shift,uncertainty_gate,0.5,True,False,False,,
25,27,milk,object_shift,uncertainty_gate,0.75,True,True,False,30.0,0.006199527997523546
26,27,milk,object_shift,never_help,0.0,False,False,False,,
26,27,milk,object_shift,always_help,1.0,True,True,True,10.0,
26,27,milk,object_shift,oracle_value,,True,True,True,10.0,1.0
26,27,milk,object_shift,value_gate,0.1,False,False,False,,
26,27,milk,object_shift,value_gate,0.25,True,True,True,30.0,0.939973771572113
26,27,milk,object_shift,value_gate,0.5,True,True,True,30.0,0.939973771572113
26,27,milk,object_shift,value_gate,0.75,True,True,True,30.0,0.939973771572113
26,27,milk,object_shift,risk_gate,0.1,False,False,False,,
26,27,milk,object_shift,risk_gate,0.25,True,True,True,10.0,0.9241079092025757
26,27,milk,object_shift,risk_gate,0.5,True,True,True,10.0,0.9241079092025757
26,27,milk,object_shift,risk_gate,0.75,True,True,True,10.0,0.9241079092025757
26,27,milk,object_shift,uncertainty_gate,0.1,False,False,False,,
26,27,milk,object_shift,uncertainty_gate,0.25,False,False,False,,
26,27,milk,object_shift,uncertainty_gate,0.5,False,False,False,,
26,27,milk,object_shift,uncertainty_gate,0.75,True,True,True,30.0,0.0035543893463909626
27,27,milk,object_shift,never_help,0.0,True,False,False,,
27,27,milk,object_shift,always_help,1.0,True,True,False,10.0,
27,27,milk,object_shift,oracle_value,,True,False,False,,
27,27,milk,object_shift,value_gate,0.1,True,False,False,,
27,27,milk,object_shift,value_gate,0.25,True,False,False,,
27,27,milk,object_shift,value_gate,0.5,True,False,False,,
27,27,milk,object_shift,value_gate,0.75,True,False,False,,
27,27,milk,object_shift,risk_gate,0.1,True,False,False,,
27,27,milk,object_shift,risk_gate,0.25,True,False,False,,
27,27,milk,object_shift,risk_gate,0.5,True,True,False,10.0,0.8568127155303955
27,27,milk,object_shift,risk_gate,0.75,True,True,False,10.0,0.8568127155303955
27,27,milk,object_shift,uncertainty_gate,0.1,True,False,False,,
27,27,milk,object_shift,uncertainty_gate,0.25,True,False,False,,
27,27,milk,object_shift,uncertainty_gate,0.5,True,False,False,,
27,27,milk,object_shift,uncertainty_gate,0.75,True,False,False,,
28,27,milk,action_noise,never_help,0.0,True,False,False,,
28,27,milk,action_noise,always_help,1.0,True,True,False,10.0,
28,27,milk,action_noise,oracle_value,,True,False,False,,
28,27,milk,action_noise,value_gate,0.1,True,False,False,,
28,27,milk,action_noise,value_gate,0.25,True,False,False,,
28,27,milk,action_noise,value_gate,0.5,True,False,False,,
28,27,milk,action_noise,value_gate,0.75,True,False,False,,
28,27,milk,action_noise,risk_gate,0.1,True,False,False,,
28,27,milk,action_noise,risk_gate,0.25,True,False,False,,
28,27,milk,action_noise,risk_gate,0.5,True,True,False,10.0,0.725263774394989
28,27,milk,action_noise,risk_gate,0.75,True,True,False,10.0,0.725263774394989
28,27,milk,action_noise,uncertainty_gate,0.1,True,False,False,,
28,27,milk,action_noise,uncertainty_gate,0.25,True,False,False,,
28,27,milk,action_noise,uncertainty_gate,0.5,True,False,False,,
28,27,milk,action_noise,uncertainty_gate,0.75,True,True,False,10.0,0.019215505570173264
29,27,milk,action_noise,never_help,0.0,True,False,False,,
29,27,milk,action_noise,always_help,1.0,True,True,False,10.0,
29,27,milk,action_noise,oracle_value,,True,False,False,,
29,27,milk,action_noise,value_gate,0.1,True,False,False,,
29,27,milk,action_noise,value_gate,0.25,True,False,False,,
29,27,milk,action_noise,value_gate,0.5,True,False,False,,
29,27,milk,action_noise,value_gate,0.75,True,False,False,,
29,27,milk,action_noise,risk_gate,0.1,True,False,False,,
29,27,milk,action_noise,risk_gate,0.25,True,False,False,,
29,27,milk,action_noise,risk_gate,0.5,True,False,False,,
29,27,milk,action_noise,risk_gate,0.75,True,True,False,10.0,0.6311518549919128
29,27,milk,action_noise,uncertainty_gate,0.1,True,False,False,,
29,27,milk,action_noise,uncertainty_gate,0.25,True,False,False,,
29,27,milk,action_noise,uncertainty_gate,0.5,True,False,False,,
29,27,milk,action_noise,uncertainty_gate,0.75,True,False,False,,
30,27,milk,action_noise,never_help,0.0,True,False,False,,
30,27,milk,action_noise,always_help,1.0,True,True,False,10.0,
30,27,milk,action_noise,oracle_value,,True,False,False,,
30,27,milk,action_noise,value_gate,0.1,True,False,False,,
30,27,milk,action_noise,value_gate,0.25,True,False,False,,
30,27,milk,action_noise,value_gate,0.5,True,False,False,,
30,27,milk,action_noise,value_gate,0.75,True,False,False,,
30,27,milk,action_noise,risk_gate,0.1,True,False,False,,
30,27,milk,action_noise,risk_gate,0.25,True,False,False,,
30,27,milk,action_noise,risk_gate,0.5,True,False,False,,
30,27,milk,action_noise,risk_gate,0.75,True,False,False,,
30,27,milk,action_noise,uncertainty_gate,0.1,True,False,False,,
30,27,milk,action_noise,uncertainty_gate,0.25,True,False,False,,
30,27,milk,action_noise,uncertainty_gate,0.5,True,False,False,,
30,27,milk,action_noise,uncertainty_gate,0.75,True,False,False,,
31,27,milk,action_noise,never_help,0.0,True,False,False,,
31,27,milk,action_noise,always_help,1.0,False,True,False,10.0,
31,27,milk,action_noise,oracle_value,,True,False,False,,
31,27,milk,action_noise,value_gate,0.1,True,False,False,,
31,27,milk,action_noise,value_gate,0.25,True,False,False,,
31,27,milk,action_noise,value_gate,0.5,True,False,False,,
31,27,milk,action_noise,value_gate,0.75,True,False,False,,
31,27,milk,action_noise,risk_gate,0.1,True,False,False,,
31,27,milk,action_noise,risk_gate,0.25,True,False,False,,
31,27,milk,action_noise,risk_gate,0.5,False,True,False,10.0,0.767767608165741
31,27,milk,action_noise,risk_gate,0.75,False,True,False,10.0,0.767767608165741
31,27,milk,action_noise,uncertainty_gate,0.1,True,False,False,,
31,27,milk,action_noise,uncertainty_gate,0.25,True,False,False,,
31,27,milk,action_noise,uncertainty_gate,0.5,True,False,False,,
31,27,milk,action_noise,uncertainty_gate,0.75,False,True,False,10.0,0.0044034989550709724
32,27,milk,action_delay,never_help,0.0,False,False,False,,
32,27,milk,action_delay,always_help,1.0,True,True,True,10.0,
32,27,milk,action_delay,oracle_value,,True,True,True,10.0,1.0
32,27,milk,action_delay,value_gate,0.1,False,False,False,,
32,27,milk,action_delay,value_gate,0.25,False,False,False,,
32,27,milk,action_delay,value_gate,0.5,True,True,True,10.0,0.9049038290977478
32,27,milk,action_delay,value_gate,0.75,True,True,True,10.0,0.9049038290977478
32,27,milk,action_delay,risk_gate,0.1,False,False,False,,
32,27,milk,action_delay,risk_gate,0.25,False,True,False,70.0,0.903779149055481
32,27,milk,action_delay,risk_gate,0.5,False,True,False,70.0,0.903779149055481
32,27,milk,action_delay,risk_gate,0.75,False,True,False,50.0,0.6914106607437134
32,27,milk,action_delay,uncertainty_gate,0.1,False,False,False,,
32,27,milk,action_delay,uncertainty_gate,0.25,False,False,False,,
32,27,milk,action_delay,uncertainty_gate,0.5,False,False,False,,
32,27,milk,action_delay,uncertainty_gate,0.75,False,True,False,50.0,0.011538698337972164
33,27,milk,action_delay,never_help,0.0,False,False,False,,
33,27,milk,action_delay,always_help,1.0,True,True,True,10.0,
33,27,milk,action_delay,oracle_value,,True,True,True,10.0,1.0
33,27,milk,action_delay,value_gate,0.1,False,False,False,,
33,27,milk,action_delay,value_gate,0.25,True,True,True,10.0,0.9203202724456787
33,27,milk,action_delay,value_gate,0.5,True,True,True,10.0,0.9203202724456787
33,27,milk,action_delay,value_gate,0.75,True,True,True,10.0,0.9203202724456787
33,27,milk,action_delay,risk_gate,0.1,False,False,False,,
33,27,milk,action_delay,risk_gate,0.25,False,False,False,,
33,27,milk,action_delay,risk_gate,0.5,False,False,False,,
33,27,milk,action_delay,risk_gate,0.75,True,True,True,50.0,0.41707924008369446
33,27,milk,action_delay,uncertainty_gate,0.1,True,True,True,70.0,0.1759025603532791
33,27,milk,action_delay,uncertainty_gate,0.25,True,True,True,70.0,0.1759025603532791
33,27,milk,action_delay,uncertainty_gate,0.5,True,True,True,70.0,0.1759025603532791
33,27,milk,action_delay,uncertainty_gate,0.75,True,True,True,50.0,0.018361778929829597
34,27,milk,action_delay,never_help,0.0,False,False,False,,
34,27,milk,action_delay,always_help,1.0,True,True,True,10.0,
34,27,milk,action_delay,oracle_value,,True,True,True,10.0,1.0
34,27,milk,action_delay,value_gate,0.1,False,False,False,,
34,27,milk,action_delay,value_gate,0.25,False,False,False,,
34,27,milk,action_delay,value_gate,0.5,True,True,True,90.0,0.8599407076835632
34,27,milk,action_delay,value_gate,0.75,True,True,True,70.0,0.7252085208892822
34,27,milk,action_delay,risk_gate,0.1,False,False,False,,
34,27,milk,action_delay,risk_gate,0.25,False,False,False,,
34,27,milk,action_delay,risk_gate,0.5,False,False,False,,
34,27,milk,action_delay,risk_gate,0.75,True,True,True,70.0,0.36947011947631836
34,27,milk,action_delay,uncertainty_gate,0.1,False,False,False,,
34,27,milk,action_delay,uncertainty_gate,0.25,False,False,False,,
34,27,milk,action_delay,uncertainty_gate,0.5,True,True,True,130.0,0.035821832716464996
34,27,milk,action_delay,uncertainty_gate,0.75,True,True,True,30.0,0.003942175768315792
35,27,milk,action_delay,never_help,0.0,False,False,False,,
35,27,milk,action_delay,always_help,1.0,True,True,True,10.0,
35,27,milk,action_delay,oracle_value,,True,True,True,10.0,1.0
35,27,milk,action_delay,value_gate,0.1,False,False,False,,
35,27,milk,action_delay,value_gate,0.25,True,True,True,10.0,0.9170128703117371
35,27,milk,action_delay,value_gate,0.5,True,True,True,10.0,0.9170128703117371
35,27,milk,action_delay,value_gate,0.75,True,True,True,10.0,0.9170128703117371
35,27,milk,action_delay,risk_gate,0.1,False,False,False,,
35,27,milk,action_delay,risk_gate,0.25,False,False,False,,
35,27,milk,action_delay,risk_gate,0.5,False,False,False,,
35,27,milk,action_delay,risk_gate,0.75,True,True,True,30.0,0.3800620138645172
35,27,milk,action_delay,uncertainty_gate,0.1,False,False,False,,
35,27,milk,action_delay,uncertainty_gate,0.25,False,False,False,,
35,27,milk,action_delay,uncertainty_gate,0.5,False,True,False,130.0,0.037211548537015915
35,27,milk,action_delay,uncertainty_gate,0.75,True,True,True,30.0,0.015370053239166737
36,27,milk,gripper_slip,never_help,0.0,False,False,False,,
36,27,milk,gripper_slip,always_help,1.0,True,True,True,10.0,
36,27,milk,gripper_slip,oracle_value,,True,True,True,10.0,1.0
36,27,milk,gripper_slip,value_gate,0.1,False,False,False,,
36,27,milk,gripper_slip,value_gate,0.25,False,False,False,,
36,27,milk,gripper_slip,value_gate,0.5,True,True,True,50.0,0.8925756216049194
36,27,milk,gripper_slip,value_gate,0.75,True,True,True,50.0,0.8925756216049194
36,27,milk,gripper_slip,risk_gate,0.1,False,False,False,,
36,27,milk,gripper_slip,risk_gate,0.25,False,False,False,,
36,27,milk,gripper_slip,risk_gate,0.5,True,True,True,50.0,0.7687931656837463
36,27,milk,gripper_slip,risk_gate,0.75,True,True,True,10.0,0.5817654132843018
36,27,milk,gripper_slip,uncertainty_gate,0.1,False,False,False,,
36,27,milk,gripper_slip,uncertainty_gate,0.25,False,False,False,,
36,27,milk,gripper_slip,uncertainty_gate,0.5,False,False,False,,
36,27,milk,gripper_slip,uncertainty_gate,0.75,True,True,True,50.0,0.009109771810472012
37,27,milk,gripper_slip,never_help,0.0,False,False,False,,
37,27,milk,gripper_slip,always_help,1.0,True,True,True,10.0,
37,27,milk,gripper_slip,oracle_value,,True,True,True,10.0,1.0
37,27,milk,gripper_slip,value_gate,0.1,False,False,False,,
37,27,milk,gripper_slip,value_gate,0.25,False,False,False,,
37,27,milk,gripper_slip,value_gate,0.5,False,False,False,,
37,27,milk,gripper_slip,value_gate,0.75,True,True,True,130.0,0.635749340057373
37,27,milk,gripper_slip,risk_gate,0.1,False,False,False,,
37,27,milk,gripper_slip,risk_gate,0.25,False,False,False,,
37,27,milk,gripper_slip,risk_gate,0.5,False,False,False,,
37,27,milk,gripper_slip,risk_gate,0.75,True,True,True,50.0,0.3899143636226654
37,27,milk,gripper_slip,uncertainty_gate,0.1,True,True,True,50.0,0.17753417789936066
37,27,milk,gripper_slip,uncertainty_gate,0.25,True,True,True,50.0,0.17753417789936066
37,27,milk,gripper_slip,uncertainty_gate,0.5,True,True,True,50.0,0.17753417789936066
37,27,milk,gripper_slip,uncertainty_gate,0.75,True,True,True,50.0,0.17753417789936066
38,27,milk,gripper_slip,never_help,0.0,False,False,False,,
38,27,milk,gripper_slip,always_help,1.0,True,True,True,10.0,
38,27,milk,gripper_slip,oracle_value,,True,True,True,10.0,1.0
38,27,milk,gripper_slip,value_gate,0.1,False,False,False,,
38,27,milk,gripper_slip,value_gate,0.25,True,True,True,50.0,0.9377667903900146
38,27,milk,gripper_slip,value_gate,0.5,True,True,True,50.0,0.9377667903900146
38,27,milk,gripper_slip,value_gate,0.75,True,True,True,50.0,0.9377667903900146
38,27,milk,gripper_slip,risk_gate,0.1,True,True,True,50.0,0.990452766418457
38,27,milk,gripper_slip,risk_gate,0.25,True,True,True,50.0,0.990452766418457
38,27,milk,gripper_slip,risk_gate,0.5,True,True,True,50.0,0.990452766418457
38,27,milk,gripper_slip,risk_gate,0.75,True,True,True,50.0,0.990452766418457
38,27,milk,gripper_slip,uncertainty_gate,0.1,False,False,False,,
38,27,milk,gripper_slip,uncertainty_gate,0.25,False,False,False,,
38,27,milk,gripper_slip,uncertainty_gate,0.5,False,True,False,90.0,0.0420914851129055
38,27,milk,gripper_slip,uncertainty_gate,0.75,True,True,True,50.0,0.006322270724922419
39,27,milk,gripper_slip,never_help,0.0,False,False,False,,
39,27,milk,gripper_slip,always_help,1.0,True,True,True,10.0,
39,27,milk,gripper_slip,oracle_value,,True,True,True,10.0,1.0
39,27,milk,gripper_slip,value_gate,0.1,False,False,False,,
39,27,milk,gripper_slip,value_gate,0.25,False,False,False,,
39,27,milk,gripper_slip,value_gate,0.5,True,True,True,50.0,0.8693315386772156
39,27,milk,gripper_slip,value_gate,0.75,True,True,True,50.0,0.8693315386772156
39,27,milk,gripper_slip,risk_gate,0.1,False,False,False,,
39,27,milk,gripper_slip,risk_gate,0.25,False,False,False,,
39,27,milk,gripper_slip,risk_gate,0.5,False,False,False,,
39,27,milk,gripper_slip,risk_gate,0.75,False,False,False,,
39,27,milk,gripper_slip,uncertainty_gate,0.1,False,False,False,,
39,27,milk,gripper_slip,uncertainty_gate,0.25,False,False,False,,
39,27,milk,gripper_slip,uncertainty_gate,0.5,True,True,True,50.0,0.02564920112490654
39,27,milk,gripper_slip,uncertainty_gate,0.75,True,True,True,50.0,0.02564920112490654
40,27,bread,nominal,never_help,0.0,True,False,False,,
40,27,bread,nominal,always_help,1.0,True,True,False,10.0,
40,27,bread,nominal,oracle_value,,True,False,False,,
40,27,bread,nominal,value_gate,0.1,True,False,False,,
40,27,bread,nominal,value_gate,0.25,True,False,False,,
40,27,bread,nominal,value_gate,0.5,True,False,False,,
40,27,bread,nominal,value_gate,0.75,True,True,False,10.0,0.550853967666626
40,27,bread,nominal,risk_gate,0.1,True,False,False,,
40,27,bread,nominal,risk_gate,0.25,True,False,False,,
40,27,bread,nominal,risk_gate,0.5,True,False,False,,
40,27,bread,nominal,risk_gate,0.75,True,False,False,,
40,27,bread,nominal,uncertainty_gate,0.1,True,False,False,,
40,27,bread,nominal,uncertainty_gate,0.25,True,False,False,,
40,27,bread,nominal,uncertainty_gate,0.5,True,True,False,90.0,0.04259214922785759
40,27,bread,nominal,uncertainty_gate,0.75,True,True,False,70.0,0.014034953899681568
41,27,bread,nominal,never_help,0.0,True,False,False,,
41,27,bread,nominal,always_help,1.0,True,True,False,10.0,
41,27,bread,nominal,oracle_value,,True,False,False,,
41,27,bread,nominal,value_gate,0.1,True,False,False,,
41,27,bread,nominal,value_gate,0.25,True,False,False,,
41,27,bread,nominal,value_gate,0.5,True,True,False,10.0,0.7854112386703491
41,27,bread,nominal,value_gate,0.75,True,True,False,10.0,0.7854112386703491
41,27,bread,nominal,risk_gate,0.1,True,False,False,,
41,27,bread,nominal,risk_gate,0.25,True,False,False,,
41,27,bread,nominal,risk_gate,0.5,True,False,False,,
41,27,bread,nominal,risk_gate,0.75,True,True,False,10.0,0.46069803833961487
41,27,bread,nominal,uncertainty_gate,0.1,True,False,False,,
41,27,bread,nominal,uncertainty_gate,0.25,True,False,False,,
41,27,bread,nominal,uncertainty_gate,0.5,True,False,False,,
41,27,bread,nominal,uncertainty_gate,0.75,True,False,False,,
42,27,bread,nominal,never_help,0.0,True,False,False,,
42,27,bread,nominal,always_help,1.0,True,True,False,10.0,
42,27,bread,nominal,oracle_value,,True,False,False,,
42,27,bread,nominal,value_gate,0.1,True,False,False,,
42,27,bread,nominal,value_gate,0.25,True,False,False,,
42,27,bread,nominal,value_gate,0.5,True,True,False,30.0,0.7678947448730469
42,27,bread,nominal,value_gate,0.75,True,True,False,10.0,0.6369001865386963
42,27,bread,nominal,risk_gate,0.1,True,False,False,,
42,27,bread,nominal,risk_gate,0.25,True,False,False,,
42,27,bread,nominal,risk_gate,0.5,True,False,False,,
42,27,bread,nominal,risk_gate,0.75,True,False,False,,
42,27,bread,nominal,uncertainty_gate,0.1,True,False,False,,
42,27,bread,nominal,uncertainty_gate,0.25,True,False,False,,
42,27,bread,nominal,uncertainty_gate,0.5,True,True,False,70.0,0.03130568191409111
42,27,bread,nominal,uncertainty_gate,0.75,True,True,False,50.0,0.0034787904005497694
43,27,bread,nominal,never_help,0.0,True,False,False,,
43,27,bread,nominal,always_help,1.0,True,True,False,10.0,
43,27,bread,nominal,oracle_value,,True,False,False,,
43,27,bread,nominal,value_gate,0.1,True,False,False,,
43,27,bread,nominal,value_gate,0.25,True,False,False,,
43,27,bread,nominal,value_gate,0.5,True,True,False,30.0,0.7859259247779846
43,27,bread,nominal,value_gate,0.75,True,True,False,10.0,0.6377881765365601
43,27,bread,nominal,risk_gate,0.1,True,False,False,,
43,27,bread,nominal,risk_gate,0.25,True,False,False,,
43,27,bread,nominal,risk_gate,0.5,True,False,False,,
43,27,bread,nominal,risk_gate,0.75,True,False,False,,
43,27,bread,nominal,uncertainty_gate,0.1,True,False,False,,
43,27,bread,nominal,uncertainty_gate,0.25,True,False,False,,
43,27,bread,nominal,uncertainty_gate,0.5,True,False,False,,
43,27,bread,nominal,uncertainty_gate,0.75,True,True,False,70.0,0.023241812363266945
44,27,bread,object_shift,never_help,0.0,True,False,False,,
44,27,bread,object_shift,always_help,1.0,True,True,False,10.0,
44,27,bread,object_shift,oracle_value,,True,False,False,,
44,27,bread,object_shift,value_gate,0.1,True,False,False,,
44,27,bread,object_shift,value_gate,0.25,True,False,False,,
44,27,bread,object_shift,value_gate,0.5,True,False,False,,
44,27,bread,object_shift,value_gate,0.75,True,True,False,10.0,0.5588894486427307
44,27,bread,object_shift,risk_gate,0.1,True,False,False,,
44,27,bread,object_shift,risk_gate,0.25,True,False,False,,
44,27,bread,object_shift,risk_gate,0.5,True,False,False,,
44,27,bread,object_shift,risk_gate,0.75,True,False,False,,
44,27,bread,object_shift,uncertainty_gate,0.1,True,False,False,,
44,27,bread,object_shift,uncertainty_gate,0.25,True,False,False,,
44,27,bread,object_shift,uncertainty_gate,0.5,True,False,False,,
44,27,bread,object_shift,uncertainty_gate,0.75,True,True,False,50.0,0.0032069587614387274
45,27,bread,object_shift,never_help,0.0,False,False,False,,
45,27,bread,object_shift,always_help,1.0,True,True,True,10.0,
45,27,bread,object_shift,oracle_value,,True,True,True,10.0,1.0
45,27,bread,object_shift,value_gate,0.1,True,True,True,50.0,0.9786442518234253
45,27,bread,object_shift,value_gate,0.25,True,True,True,30.0,0.9519450068473816
45,27,bread,object_shift,value_gate,0.5,True,True,True,10.0,0.829301118850708
45,27,bread,object_shift,value_gate,0.75,True,True,True,10.0,0.829301118850708
45,27,bread,object_shift,risk_gate,0.1,False,False,False,,
45,27,bread,object_shift,risk_gate,0.25,True,True,True,90.0,0.9082571864128113
45,27,bread,object_shift,risk_gate,0.5,True,True,True,10.0,0.7541406154632568
45,27,bread,object_shift,risk_gate,0.75,True,True,True,10.0,0.7541406154632568
45,27,bread,object_shift,uncertainty_gate,0.1,False,False,False,,
45,27,bread,object_shift,uncertainty_gate,0.25,False,False,False,,
45,27,bread,object_shift,uncertainty_gate,0.5,True,True,True,90.0,0.04853079468011856
45,27,bread,object_shift,uncertainty_gate,0.75,True,True,True,30.0,0.0059317899867892265
46,27,bread,object_shift,never_help,0.0,False,False,False,,
46,27,bread,object_shift,always_help,1.0,True,True,True,10.0,
46,27,bread,object_shift,oracle_value,,True,True,True,10.0,1.0
46,27,bread,object_shift,value_gate,0.1,False,False,False,,
46,27,bread,object_shift,value_gate,0.25,True,True,True,90.0,0.9367177486419678
46,27,bread,object_shift,value_gate,0.5,True,True,True,30.0,0.8848456144332886
46,27,bread,object_shift,value_gate,0.75,True,True,True,10.0,0.5802758932113647
46,27,bread,object_shift,risk_gate,0.1,False,False,False,,
46,27,bread,object_shift,risk_gate,0.25,False,False,False,,
46,27,bread,object_shift,risk_gate,0.5,True,True,True,10.0,0.85682213306427
46,27,bread,object_shift,risk_gate,0.75,True,True,True,10.0,0.85682213306427
46,27,bread,object_shift,uncertainty_gate,0.1,True,True,True,90.0,0.2510963976383209
46,27,bread,object_shift,uncertainty_gate,0.25,True,True,True,90.0,0.2510963976383209
46,27,bread,object_shift,uncertainty_gate,0.5,True,True,True,90.0,0.2510963976383209
46,27,bread,object_shift,uncertainty_gate,0.75,True,True,True,30.0,0.00395336514338851
47,27,bread,object_shift,never_help,0.0,False,False,False,,
47,27,bread,object_shift,always_help,1.0,True,True,True,10.0,
47,27,bread,object_shift,oracle_value,,True,True,True,10.0,1.0
47,27,bread,object_shift,value_gate,0.1,False,False,False,,
47,27,bread,object_shift,value_gate,0.25,False,True,False,90.0,0.9246893525123596
47,27,bread,object_shift,value_gate,0.5,True,True,True,30.0,0.7819074392318726
47,27,bread,object_shift,value_gate,0.75,True,True,True,10.0,0.5836868286132812
47,27,bread,object_shift,risk_gate,0.1,False,False,False,,
47,27,bread,object_shift,risk_gate,0.25,False,True,False,90.0,0.8874951004981995
47,27,bread,object_shift,risk_gate,0.5,True,True,True,10.0,0.8658890128135681
47,27,bread,object_shift,risk_gate,0.75,True,True,True,10.0,0.8658890128135681
47,27,bread,object_shift,uncertainty_gate,0.1,False,False,False,,
47,27,bread,object_shift,uncertainty_gate,0.25,False,False,False,,
47,27,bread,object_shift,uncertainty_gate,0.5,False,False,False,,
47,27,bread,object_shift,uncertainty_gate,0.75,False,True,False,50.0,0.0052166953682899475
48,27,bread,action_noise,never_help,0.0,True,False,False,,
48,27,bread,action_noise,always_help,1.0,True,True,False,10.0,
48,27,bread,action_noise,oracle_value,,True,False,False,,
48,27,bread,action_noise,value_gate,0.1,True,False,False,,
48,27,bread,action_noise,value_gate,0.25,True,False,False,,
48,27,bread,action_noise,value_gate,0.5,True,False,False,,
48,27,bread,action_noise,value_gate,0.75,True,True,False,10.0,0.6984195709228516
48,27,bread,action_noise,risk_gate,0.1,True,False,False,,
48,27,bread,action_noise,risk_gate,0.25,True,False,False,,
48,27,bread,action_noise,risk_gate,0.5,True,False,False,,
48,27,bread,action_noise,risk_gate,0.75,True,False,False,,
48,27,bread,action_noise,uncertainty_gate,0.1,True,False,False,,
48,27,bread,action_noise,uncertainty_gate,0.25,True,False,False,,
48,27,bread,action_noise,uncertainty_gate,0.5,True,False,False,,
48,27,bread,action_noise,uncertainty_gate,0.75,True,True,False,30.0,0.0035885856486856937
49,27,bread,action_noise,never_help,0.0,False,False,False,,
49,27,bread,action_noise,always_help,1.0,True,True,True,10.0,
49,27,bread,action_noise,oracle_value,,True,True,True,10.0,1.0
49,27,bread,action_noise,value_gate,0.1,False,False,False,,
49,27,bread,action_noise,value_gate,0.25,True,True,True,30.0,0.9598607420921326
49,27,bread,action_noise,value_gate,0.5,True,True,True,30.0,0.9598607420921326
49,27,bread,action_noise,value_gate,0.75,True,True,True,30.0,0.9598607420921326
49,27,bread,action_noise,risk_gate,0.1,False,False,False,,
49,27,bread,action_noise,risk_gate,0.25,False,False,False,,
49,27,bread,action_noise,risk_gate,0.5,True,True,True,110.0,0.8507937788963318
49,27,bread,action_noise,risk_gate,0.75,True,True,True,10.0,0.5360400080680847
49,27,bread,action_noise,uncertainty_gate,0.1,True,True,True,110.0,0.2691628038883209
49,27,bread,action_noise,uncertainty_gate,0.25,True,True,True,90.0,0.1275150030851364
49,27,bread,action_noise,uncertainty_gate,0.5,True,True,True,90.0,0.1275150030851364
49,27,bread,action_noise,uncertainty_gate,0.75,True,True,True,30.0,0.02178875543177128
50,27,bread,action_noise,never_help,0.0,True,False,False,,
50,27,bread,action_noise,always_help,1.0,True,True,False,10.0,
50,27,bread,action_noise,oracle_value,,True,False,False,,
50,27,bread,action_noise,value_gate,0.1,True,False,False,,
50,27,bread,action_noise,value_gate,0.25,True,False,False,,
50,27,bread,action_noise,value_gate,0.5,True,True,False,30.0,0.8014597296714783
50,27,bread,action_noise,value_gate,0.75,True,True,False,10.0,0.6875544786453247
50,27,bread,action_noise,risk_gate,0.1,True,False,False,,
50,27,bread,action_noise,risk_gate,0.25,True,False,False,,
50,27,bread,action_noise,risk_gate,0.5,True,True,False,30.0,0.7689327001571655
50,27,bread,action_noise,risk_gate,0.75,True,True,False,30.0,0.7689327001571655
50,27,bread,action_noise,uncertainty_gate,0.1,True,False,False,,
50,27,bread,action_noise,uncertainty_gate,0.25,True,False,False,,
50,27,bread,action_noise,uncertainty_gate,0.5,True,False,False,,
50,27,bread,action_noise,uncertainty_gate,0.75,True,False,False,,
51,27,bread,action_noise,never_help,0.0,True,False,False,,
51,27,bread,action_noise,always_help,1.0,True,True,False,10.0,
51,27,bread,action_noise,oracle_value,,True,False,False,,
51,27,bread,action_noise,value_gate,0.1,True,False,False,,
51,27,bread,action_noise,value_gate,0.25,True,False,False,,
51,27,bread,action_noise,value_gate,0.5,True,False,False,,
51,27,bread,action_noise,value_gate,0.75,True,True,False,10.0,0.563578188419342
51,27,bread,action_noise,risk_gate,0.1,True,False,False,,
51,27,bread,action_noise,risk_gate,0.25,True,False,False,,
51,27,bread,action_noise,risk_gate,0.5,True,True,False,10.0,0.7399277091026306
51,27,bread,action_noise,risk_gate,0.75,True,True,False,10.0,0.7399277091026306
51,27,bread,action_noise,uncertainty_gate,0.1,True,False,False,,
51,27,bread,action_noise,uncertainty_gate,0.25,True,False,False,,
51,27,bread,action_noise,uncertainty_gate,0.5,True,False,False,,
51,27,bread,action_noise,uncertainty_gate,0.75,True,True,False,30.0,0.023347899317741394
52,27,bread,action_delay,never_help,0.0,False,False,False,,
52,27,bread,action_delay,always_help,1.0,True,True,True,10.0,
52,27,bread,action_delay,oracle_value,,True,True,True,10.0,1.0
52,27,bread,action_delay,value_gate,0.1,True,True,True,90.0,0.9664730429649353
52,27,bread,action_delay,value_gate,0.25,True,True,True,10.0,0.9343650341033936
52,27,bread,action_delay,value_gate,0.5,True,True,True,10.0,0.9343650341033936
52,27,bread,action_delay,value_gate,0.75,True,True,True,10.0,0.9343650341033936
52,27,bread,action_delay,risk_gate,0.1,False,False,False,,
52,27,bread,action_delay,risk_gate,0.25,False,False,False,,
52,27,bread,action_delay,risk_gate,0.5,True,True,True,50.0,0.7326907515525818
52,27,bread,action_delay,risk_gate,0.75,True,True,True,50.0,0.7326907515525818
52,27,bread,action_delay,uncertainty_gate,0.1,False,False,False,,
52,27,bread,action_delay,uncertainty_gate,0.25,True,True,True,50.0,0.11225613206624985
52,27,bread,action_delay,uncertainty_gate,0.5,True,True,True,50.0,0.11225613206624985
52,27,bread,action_delay,uncertainty_gate,0.75,True,True,True,10.0,0.008561993017792702
53,27,bread,action_delay,never_help,0.0,False,False,False,,
53,27,bread,action_delay,always_help,1.0,True,True,True,10.0,
53,27,bread,action_delay,oracle_value,,True,True,True,10.0,1.0
53,27,bread,action_delay,value_gate,0.1,False,False,False,,
53,27,bread,action_delay,value_gate,0.25,True,True,True,30.0,0.9146251678466797
53,27,bread,action_delay,value_gate,0.5,True,True,True,10.0,0.8758753538131714
53,27,bread,action_delay,value_gate,0.75,True,True,True,10.0,0.8758753538131714
53,27,bread,action_delay,risk_gate,0.1,False,False,False,,
53,27,bread,action_delay,risk_gate,0.25,False,False,False,,
53,27,bread,action_delay,risk_gate,0.5,False,False,False,,
53,27,bread,action_delay,risk_gate,0.75,True,True,True,30.0,0.6519190669059753
53,27,bread,action_delay,uncertainty_gate,0.1,True,True,True,30.0,0.25270989537239075
53,27,bread,action_delay,uncertainty_gate,0.25,True,True,True,30.0,0.25270989537239075
53,27,bread,action_delay,uncertainty_gate,0.5,True,True,True,30.0,0.25270989537239075
53,27,bread,action_delay,uncertainty_gate,0.75,True,True,True,30.0,0.25270989537239075
54,27,bread,action_delay,never_help,0.0,True,False,False,,
54,27,bread,action_delay,always_help,1.0,True,True,False,10.0,
54,27,bread,action_delay,oracle_value,,True,False,False,,
54,27,bread,action_delay,value_gate,0.1,True,False,False,,
54,27,bread,action_delay,value_gate,0.25,True,True,False,30.0,0.9391628503799438
54,27,bread,action_delay,value_gate,0.5,True,True,False,10.0,0.841728925704956
54,27,bread,action_delay,value_gate,0.75,True,True,False,10.0,0.841728925704956
54,27,bread,action_delay,risk_gate,0.1,True,False,False,,
54,27,bread,action_delay,risk_gate,0.25,True,False,False,,
54,27,bread,action_delay,risk_gate,0.5,True,False,False,,
54,27,bread,action_delay,risk_gate,0.75,True,False,False,,
54,27,bread,action_delay,uncertainty_gate,0.1,True,False,False,,
54,27,bread,action_delay,uncertainty_gate,0.25,True,False,False,,
54,27,bread,action_delay,uncertainty_gate,0.5,True,True,False,130.0,0.029147693887352943
54,27,bread,action_delay,uncertainty_gate,0.75,True,True,False,70.0,0.008991854265332222
55,27,bread,action_delay,never_help,0.0,False,False,False,,
55,27,bread,action_delay,always_help,1.0,True,True,True,10.0,
55,27,bread,action_delay,oracle_value,,True,True,True,10.0,1.0
55,27,bread,action_delay,value_gate,0.1,True,True,True,90.0,0.975141704082489
55,27,bread,action_delay,value_gate,0.25,True,True,True,10.0,0.9286540150642395
55,27,bread,action_delay,value_gate,0.5,True,True,True,10.0,0.9286540150642395
55,27,bread,action_delay,value_gate,0.75,True,True,True,10.0,0.9286540150642395
55,27,bread,action_delay,risk_gate,0.1,False,False,False,,
55,27,bread,action_delay,risk_gate,0.25,False,False,False,,
55,27,bread,action_delay,risk_gate,0.5,False,False,False,,
55,27,bread,action_delay,risk_gate,0.75,True,True,True,10.0,0.45351260900497437
55,27,bread,action_delay,uncertainty_gate,0.1,True,True,True,90.0,0.19913402199745178
55,27,bread,action_delay,uncertainty_gate,0.25,True,True,True,90.0,0.19913402199745178
55,27,bread,action_delay,uncertainty_gate,0.5,True,True,True,70.0,0.042077261954545975
55,27,bread,action_delay,uncertainty_gate,0.75,True,True,True,50.0,0.004968781024217606
56,27,bread,gripper_slip,never_help,0.0,True,False,False,,
56,27,bread,gripper_slip,always_help,1.0,True,True,False,10.0,
56,27,bread,gripper_slip,oracle_value,,True,False,False,,
56,27,bread,gripper_slip,value_gate,0.1,True,False,False,,
56,27,bread,gripper_slip,value_gate,0.25,True,False,False,,
56,27,bread,gripper_slip,value_gate,0.5,True,True,False,10.0,0.8949180841445923
56,27,bread,gripper_slip,value_gate,0.75,True,True,False,10.0,0.8949180841445923
56,27,bread,gripper_slip,risk_gate,0.1,True,False,False,,
56,27,bread,gripper_slip,risk_gate,0.25,True,False,False,,
56,27,bread,gripper_slip,risk_gate,0.5,True,True,False,10.0,0.7598577737808228
56,27,bread,gripper_slip,risk_gate,0.75,True,True,False,10.0,0.7598577737808228
56,27,bread,gripper_slip,uncertainty_gate,0.1,True,False,False,,
56,27,bread,gripper_slip,uncertainty_gate,0.25,True,False,False,,
56,27,bread,gripper_slip,uncertainty_gate,0.5,True,False,False,,
56,27,bread,gripper_slip,uncertainty_gate,0.75,True,True,False,10.0,0.02431473508477211
57,27,bread,gripper_slip,never_help,0.0,False,False,False,,
57,27,bread,gripper_slip,always_help,1.0,True,True,True,10.0,
57,27,bread,gripper_slip,oracle_value,,True,True,True,10.0,1.0
57,27,bread,gripper_slip,value_gate,0.1,True,True,True,130.0,0.9665917158126831
57,27,bread,gripper_slip,value_gate,0.25,True,True,True,90.0,0.9556973576545715
57,27,bread,gripper_slip,value_gate,0.5,True,True,True,90.0,0.9556973576545715
57,27,bread,gripper_slip,value_gate,0.75,True,True,True,10.0,0.6954273581504822
57,27,bread,gripper_slip,risk_gate,0.1,False,False,False,,
57,27,bread,gripper_slip,risk_gate,0.25,True,True,True,110.0,0.9529427289962769
57,27,bread,gripper_slip,risk_gate,0.5,True,True,True,90.0,0.8274024128913879
57,27,bread,gripper_slip,risk_gate,0.75,True,True,True,90.0,0.8274024128913879
57,27,bread,gripper_slip,uncertainty_gate,0.1,False,False,False,,
57,27,bread,gripper_slip,uncertainty_gate,0.25,False,False,False,,
57,27,bread,gripper_slip,uncertainty_gate,0.5,True,True,True,50.0,0.0253266841173172
57,27,bread,gripper_slip,uncertainty_gate,0.75,True,True,True,50.0,0.0253266841173172
58,27,bread,gripper_slip,never_help,0.0,False,False,False,,
58,27,bread,gripper_slip,always_help,1.0,True,True,True,10.0,
58,27,bread,gripper_slip,oracle_value,,True,True,True,10.0,1.0
58,27,bread,gripper_slip,value_gate,0.1,True,True,True,50.0,0.9672817587852478
58,27,bread,gripper_slip,value_gate,0.25,True,True,True,50.0,0.9672817587852478
58,27,bread,gripper_slip,value_gate,0.5,True,True,True,50.0,0.9672817587852478
58,27,bread,gripper_slip,value_gate,0.75,True,True,True,10.0,0.6912868022918701
58,27,bread,gripper_slip,risk_gate,0.1,True,True,True,50.0,0.987865149974823
58,27,bread,gripper_slip,risk_gate,0.25,True,True,True,50.0,0.987865149974823
58,27,bread,gripper_slip,risk_gate,0.5,True,True,True,50.0,0.987865149974823
58,27,bread,gripper_slip,risk_gate,0.75,True,True,True,10.0,0.5032302737236023
58,27,bread,gripper_slip,uncertainty_gate,0.1,True,True,True,130.0,0.26491737365722656
58,27,bread,gripper_slip,uncertainty_gate,0.25,True,True,True,130.0,0.26491737365722656
58,27,bread,gripper_slip,uncertainty_gate,0.5,True,True,True,130.0,0.26491737365722656
58,27,bread,gripper_slip,uncertainty_gate,0.75,True,True,True,90.0,0.0139235844835639
59,27,bread,gripper_slip,never_help,0.0,False,False,False,,
59,27,bread,gripper_slip,always_help,1.0,True,True,True,10.0,
59,27,bread,gripper_slip,oracle_value,,True,True,True,10.0,1.0
59,27,bread,gripper_slip,value_gate,0.1,True,True,True,70.0,0.9706145524978638
59,27,bread,gripper_slip,value_gate,0.25,True,True,True,50.0,0.9275926351547241
59,27,bread,gripper_slip,value_gate,0.5,True,True,True,10.0,0.8877740502357483
59,27,bread,gripper_slip,value_gate,0.75,True,True,True,10.0,0.8877740502357483
59,27,bread,gripper_slip,risk_gate,0.1,False,False,False,,
59,27,bread,gripper_slip,risk_gate,0.25,False,False,False,,
59,27,bread,gripper_slip,risk_gate,0.5,True,True,True,10.0,0.7923543453216553
59,27,bread,gripper_slip,risk_gate,0.75,True,True,True,10.0,0.7923543453216553
59,27,bread,gripper_slip,uncertainty_gate,0.1,True,True,True,110.0,0.2192499339580536
59,27,bread,gripper_slip,uncertainty_gate,0.25,True,True,True,110.0,0.2192499339580536
59,27,bread,gripper_slip,uncertainty_gate,0.5,True,True,True,110.0,0.2192499339580536
59,27,bread,gripper_slip,uncertainty_gate,0.75,True,True,True,30.0,0.004420140292495489
60,27,cereal,nominal,never_help,0.0,True,False,False,,
60,27,cereal,nominal,always_help,1.0,True,True,False,10.0,
60,27,cereal,nominal,oracle_value,,True,False,False,,
60,27,cereal,nominal,value_gate,0.1,True,False,False,,
60,27,cereal,nominal,value_gate,0.25,True,False,False,,
60,27,cereal,nominal,value_gate,0.5,True,False,False,,
60,27,cereal,nominal,value_gate,0.75,True,False,False,,
60,27,cereal,nominal,risk_gate,0.1,True,False,False,,
60,27,cereal,nominal,risk_gate,0.25,True,False,False,,
60,27,cereal,nominal,risk_gate,0.5,True,False,False,,
60,27,cereal,nominal,risk_gate,0.75,True,True,False,10.0,0.36984583735466003
60,27,cereal,nominal,uncertainty_gate,0.1,True,False,False,,
60,27,cereal,nominal,uncertainty_gate,0.25,True,False,False,,
60,27,cereal,nominal,uncertainty_gate,0.5,True,False,False,,
60,27,cereal,nominal,uncertainty_gate,0.75,True,False,False,,
61,27,cereal,nominal,never_help,0.0,True,False,False,,
61,27,cereal,nominal,always_help,1.0,True,True,False,10.0,
61,27,cereal,nominal,oracle_value,,True,False,False,,
61,27,cereal,nominal,value_gate,0.1,True,False,False,,
61,27,cereal,nominal,value_gate,0.25,True,False,False,,
61,27,cereal,nominal,value_gate,0.5,True,False,False,,
61,27,cereal,nominal,value_gate,0.75,True,False,False,,
61,27,cereal,nominal,risk_gate,0.1,True,False,False,,
61,27,cereal,nominal,risk_gate,0.25,True,False,False,,
61,27,cereal,nominal,risk_gate,0.5,True,False,False,,
61,27,cereal,nominal,risk_gate,0.75,True,False,False,,
61,27,cereal,nominal,uncertainty_gate,0.1,True,False,False,,
61,27,cereal,nominal,uncertainty_gate,0.25,True,False,False,,
61,27,cereal,nominal,uncertainty_gate,0.5,True,False,False,,
61,27,cereal,nominal,uncertainty_gate,0.75,True,False,False,,
62,27,cereal,nominal,never_help,0.0,True,False,False,,
62,27,cereal,nominal,always_help,1.0,True,True,False,10.0,
62,27,cereal,nominal,oracle_value,,True,False,False,,
62,27,cereal,nominal,value_gate,0.1,True,False,False,,
62,27,cereal,nominal,value_gate,0.25,True,False,False,,
62,27,cereal,nominal,value_gate,0.5,True,False,False,,
62,27,cereal,nominal,value_gate,0.75,True,False,False,,
62,27,cereal,nominal,risk_gate,0.1,True,False,False,,
62,27,cereal,nominal,risk_gate,0.25,True,False,False,,
62,27,cereal,nominal,risk_gate,0.5,True,False,False,,
62,27,cereal,nominal,risk_gate,0.75,True,False,False,,
62,27,cereal,nominal,uncertainty_gate,0.1,True,False,False,,
62,27,cereal,nominal,uncertainty_gate,0.25,True,False,False,,
62,27,cereal,nominal,uncertainty_gate,0.5,True,False,False,,
62,27,cereal,nominal,uncertainty_gate,0.75,True,True,False,30.0,0.005077909678220749
63,27,cereal,nominal,never_help,0.0,True,False,False,,
63,27,cereal,nominal,always_help,1.0,True,True,False,10.0,
63,27,cereal,nominal,oracle_value,,True,False,False,,
63,27,cereal,nominal,value_gate,0.1,True,False,False,,
63,27,cereal,nominal,value_gate,0.25,True,False,False,,
63,27,cereal,nominal,value_gate,0.5,True,False,False,,
63,27,cereal,nominal,value_gate,0.75,True,True,False,10.0,0.5825262665748596
63,27,cereal,nominal,risk_gate,0.1,True,True,False,10.0,0.9791299700737
63,27,cereal,nominal,risk_gate,0.25,True,True,False,10.0,0.9791299700737
63,27,cereal,nominal,risk_gate,0.5,True,True,False,10.0,0.9791299700737
63,27,cereal,nominal,risk_gate,0.75,True,True,False,10.0,0.9791299700737
63,27,cereal,nominal,uncertainty_gate,0.1,True,False,False,,
63,27,cereal,nominal,uncertainty_gate,0.25,True,False,False,,
63,27,cereal,nominal,uncertainty_gate,0.5,True,False,False,,
63,27,cereal,nominal,uncertainty_gate,0.75,True,False,False,,
64,27,cereal,object_shift,never_help,0.0,True,False,False,,
64,27,cereal,object_shift,always_help,1.0,True,True,False,10.0,
64,27,cereal,object_shift,oracle_value,,True,False,False,,
64,27,cereal,object_shift,value_gate,0.1,True,False,False,,
64,27,cereal,object_shift,value_gate,0.25,True,False,False,,
64,27,cereal,object_shift,value_gate,0.5,True,False,False,,
64,27,cereal,object_shift,value_gate,0.75,True,False,False,,
64,27,cereal,object_shift,risk_gate,0.1,True,False,False,,
64,27,cereal,object_shift,risk_gate,0.25,True,False,False,,
64,27,cereal,object_shift,risk_gate,0.5,True,False,False,,
64,27,cereal,object_shift,risk_gate,0.75,True,False,False,,
64,27,cereal,object_shift,uncertainty_gate,0.1,True,False,False,,
64,27,cereal,object_shift,uncertainty_gate,0.25,True,False,False,,
64,27,cereal,object_shift,uncertainty_gate,0.5,True,False,False,,
64,27,cereal,object_shift,uncertainty_gate,0.75,True,False,False,,
65,27,cereal,object_shift,never_help,0.0,True,False,False,,
65,27,cereal,object_shift,always_help,1.0,True,True,False,10.0,
65,27,cereal,object_shift,oracle_value,,True,False,False,,
65,27,cereal,object_shift,value_gate,0.1,True,False,False,,
65,27,cereal,object_shift,value_gate,0.25,True,False,False,,
65,27,cereal,object_shift,value_gate,0.5,True,False,False,,
65,27,cereal,object_shift,value_gate,0.75,True,False,False,,
65,27,cereal,object_shift,risk_gate,0.1,True,False,False,,
65,27,cereal,object_shift,risk_gate,0.25,True,False,False,,
65,27,cereal,object_shift,risk_gate,0.5,True,False,False,,
65,27,cereal,object_shift,risk_gate,0.75,True,False,False,,
65,27,cereal,object_shift,uncertainty_gate,0.1,True,False,False,,
65,27,cereal,object_shift,uncertainty_gate,0.25,True,False,False,,
65,27,cereal,object_shift,uncertainty_gate,0.5,True,False,False,,
65,27,cereal,object_shift,uncertainty_gate,0.75,True,False,False,,
66,27,cereal,object_shift,never_help,0.0,False,False,False,,
66,27,cereal,object_shift,always_help,1.0,True,True,True,10.0,
66,27,cereal,object_shift,oracle_value,,True,True,True,10.0,1.0
66,27,cereal,object_shift,value_gate,0.1,False,False,False,,
66,27,cereal,object_shift,value_gate,0.25,False,False,False,,
66,27,cereal,object_shift,value_gate,0.5,False,False,False,,
66,27,cereal,object_shift,value_gate,0.75,True,True,True,10.0,0.5482460260391235
66,27,cereal,object_shift,risk_gate,0.1,True,True,True,10.0,0.963416576385498
66,27,cereal,object_shift,risk_gate,0.25,True,True,True,10.0,0.963416576385498
66,27,cereal,object_shift,risk_gate,0.5,True,True,True,10.0,0.963416576385498
66,27,cereal,object_shift,risk_gate,0.75,True,True,True,10.0,0.963416576385498
66,27,cereal,object_shift,uncertainty_gate,0.1,False,False,False,,
66,27,cereal,object_shift,uncertainty_gate,0.25,False,False,False,,
66,27,cereal,object_shift,uncertainty_gate,0.5,False,True,False,70.0,0.025546783581376076
66,27,cereal,object_shift,uncertainty_gate,0.75,False,True,False,50.0,0.00799128320068121
67,27,cereal,object_shift,never_help,0.0,True,False,False,,
67,27,cereal,object_shift,always_help,1.0,True,True,False,10.0,
67,27,cereal,object_shift,oracle_value,,True,False,False,,
67,27,cereal,object_shift,value_gate,0.1,True,False,False,,
67,27,cereal,object_shift,value_gate,0.25,True,False,False,,
67,27,cereal,object_shift,value_gate,0.5,True,False,False,,
67,27,cereal,object_shift,value_gate,0.75,True,True,False,30.0,0.5704507827758789
67,27,cereal,object_shift,risk_gate,0.1,True,False,False,,
67,27,cereal,object_shift,risk_gate,0.25,True,False,False,,
67,27,cereal,object_shift,risk_gate,0.5,True,False,False,,
67,27,cereal,object_shift,risk_gate,0.75,True,True,False,10.0,0.43346285820007324
67,27,cereal,object_shift,uncertainty_gate,0.1,True,False,False,,
67,27,cereal,object_shift,uncertainty_gate,0.25,True,False,False,,
67,27,cereal,object_shift,uncertainty_gate,0.5,True,False,False,,
67,27,cereal,object_shift,uncertainty_gate,0.75,True,False,False,,
68,27,cereal,action_noise,never_help,0.0,True,False,False,,
68,27,cereal,action_noise,always_help,1.0,True,True,False,10.0,
68,27,cereal,action_noise,oracle_value,,True,False,False,,
68,27,cereal,action_noise,value_gate,0.1,True,False,False,,
68,27,cereal,action_noise,value_gate,0.25,True,False,False,,
68,27,cereal,action_noise,value_gate,0.5,True,False,False,,
68,27,cereal,action_noise,value_gate,0.75,True,False,False,,
68,27,cereal,action_noise,risk_gate,0.1,True,False,False,,
68,27,cereal,action_noise,risk_gate,0.25,True,False,False,,
68,27,cereal,action_noise,risk_gate,0.5,True,False,False,,
68,27,cereal,action_noise,risk_gate,0.75,True,True,False,10.0,0.34760043025016785
68,27,cereal,action_noise,uncertainty_gate,0.1,True,False,False,,
68,27,cereal,action_noise,uncertainty_gate,0.25,True,False,False,,
68,27,cereal,action_noise,uncertainty_gate,0.5,True,False,False,,
68,27,cereal,action_noise,uncertainty_gate,0.75,True,False,False,,
69,27,cereal,action_noise,never_help,0.0,True,False,False,,
69,27,cereal,action_noise,always_help,1.0,True,True,False,10.0,
69,27,cereal,action_noise,oracle_value,,True,False,False,,
69,27,cereal,action_noise,value_gate,0.1,True,False,False,,
69,27,cereal,action_noise,value_gate,0.25,True,False,False,,
69,27,cereal,action_noise,value_gate,0.5,True,False,False,,
69,27,cereal,action_noise,value_gate,0.75,True,False,False,,
69,27,cereal,action_noise,risk_gate,0.1,True,False,False,,
69,27,cereal,action_noise,risk_gate,0.25,True,False,False,,
69,27,cereal,action_noise,risk_gate,0.5,True,False,False,,
69,27,cereal,action_noise,risk_gate,0.75,True,False,False,,
69,27,cereal,action_noise,uncertainty_gate,0.1,True,False,False,,
69,27,cereal,action_noise,uncertainty_gate,0.25,True,False,False,,
69,27,cereal,action_noise,uncertainty_gate,0.5,True,False,False,,
69,27,cereal,action_noise,uncertainty_gate,0.75,True,True,False,30.0,0.0058519127778708935
70,27,cereal,action_noise,never_help,0.0,False,False,False,,
70,27,cereal,action_noise,always_help,1.0,True,True,True,10.0,
70,27,cereal,action_noise,oracle_value,,True,True,True,10.0,1.0
70,27,cereal,action_noise,value_gate,0.1,False,False,False,,
70,27,cereal,action_noise,value_gate,0.25,True,True,True,50.0,0.9319583177566528
70,27,cereal,action_noise,value_gate,0.5,True,True,True,50.0,0.9319583177566528
70,27,cereal,action_noise,value_gate,0.75,True,True,True,10.0,0.6778687834739685
70,27,cereal,action_noise,risk_gate,0.1,False,True,False,70.0,0.9797588586807251
70,27,cereal,action_noise,risk_gate,0.25,True,True,True,10.0,0.9270766973495483
70,27,cereal,action_noise,risk_gate,0.5,True,True,True,10.0,0.9270766973495483
70,27,cereal,action_noise,risk_gate,0.75,True,True,True,10.0,0.9270766973495483
70,27,cereal,action_noise,uncertainty_gate,0.1,False,False,False,,
70,27,cereal,action_noise,uncertainty_gate,0.25,False,True,False,110.0,0.14242492616176605
70,27,cereal,action_noise,uncertainty_gate,0.5,False,True,False,110.0,0.14242492616176605
70,27,cereal,action_noise,uncertainty_gate,0.75,True,True,True,30.0,0.008923650719225407
71,27,cereal,action_noise,never_help,0.0,True,False,False,,
71,27,cereal,action_noise,always_help,1.0,True,True,False,10.0,
71,27,cereal,action_noise,oracle_value,,True,False,False,,
71,27,cereal,action_noise,value_gate,0.1,True,False,False,,
71,27,cereal,action_noise,value_gate,0.25,True,False,False,,
71,27,cereal,action_noise,value_gate,0.5,True,False,False,,
71,27,cereal,action_noise,value_gate,0.75,True,True,False,10.0,0.6316879987716675
71,27,cereal,action_noise,risk_gate,0.1,True,False,False,,
71,27,cereal,action_noise,risk_gate,0.25,True,False,False,,
71,27,cereal,action_noise,risk_gate,0.5,True,False,False,,
71,27,cereal,action_noise,risk_gate,0.75,True,True,False,10.0,0.6666750907897949
71,27,cereal,action_noise,uncertainty_gate,0.1,True,False,False,,
71,27,cereal,action_noise,uncertainty_gate,0.25,True,False,False,,
71,27,cereal,action_noise,uncertainty_gate,0.5,True,False,False,,
71,27,cereal,action_noise,uncertainty_gate,0.75,True,False,False,,
72,27,cereal,action_delay,never_help,0.0,True,False,False,,
72,27,cereal,action_delay,always_help,1.0,True,True,False,10.0,
72,27,cereal,action_delay,oracle_value,,True,False,False,,
72,27,cereal,action_delay,value_gate,0.1,True,False,False,,
72,27,cereal,action_delay,value_gate,0.25,True,False,False,,
72,27,cereal,action_delay,value_gate,0.5,True,True,False,10.0,0.8142184615135193
72,27,cereal,action_delay,value_gate,0.75,True,True,False,10.0,0.8142184615135193
72,27,cereal,action_delay,risk_gate,0.1,True,False,False,,
72,27,cereal,action_delay,risk_gate,0.25,True,False,False,,
72,27,cereal,action_delay,risk_gate,0.5,True,False,False,,
72,27,cereal,action_delay,risk_gate,0.75,True,True,False,10.0,0.5580923557281494
72,27,cereal,action_delay,uncertainty_gate,0.1,True,False,False,,
72,27,cereal,action_delay,uncertainty_gate,0.25,True,False,False,,
72,27,cereal,action_delay,uncertainty_gate,0.5,True,False,False,,
72,27,cereal,action_delay,uncertainty_gate,0.75,True,True,False,10.0,0.003434687852859497
73,27,cereal,action_delay,never_help,0.0,False,False,False,,
73,27,cereal,action_delay,always_help,1.0,True,True,True,10.0,
73,27,cereal,action_delay,oracle_value,,True,True,True,10.0,1.0
73,27,cereal,action_delay,value_gate,0.1,False,False,False,,
73,27,cereal,action_delay,value_gate,0.25,True,True,True,10.0,0.9187951683998108
73,27,cereal,action_delay,value_gate,0.5,True,True,True,10.0,0.9187951683998108
73,27,cereal,action_delay,value_gate,0.75,True,True,True,10.0,0.9187951683998108
73,27,cereal,action_delay,risk_gate,0.1,False,False,False,,
73,27,cereal,action_delay,risk_gate,0.25,False,False,False,,
73,27,cereal,action_delay,risk_gate,0.5,False,False,False,,
73,27,cereal,action_delay,risk_gate,0.75,False,False,False,,
73,27,cereal,action_delay,uncertainty_gate,0.1,False,False,False,,
73,27,cereal,action_delay,uncertainty_gate,0.25,True,True,True,90.0,0.11327731609344482
73,27,cereal,action_delay,uncertainty_gate,0.5,True,True,True,70.0,0.0337090902030468
73,27,cereal,action_delay,uncertainty_gate,0.75,True,True,True,50.0,0.007596945855766535
74,27,cereal,action_delay,never_help,0.0,False,False,False,,
74,27,cereal,action_delay,always_help,1.0,True,True,True,10.0,
74,27,cereal,action_delay,oracle_value,,True,True,True,10.0,1.0
74,27,cereal,action_delay,value_gate,0.1,False,False,False,,
74,27,cereal,action_delay,value_gate,0.25,False,False,False,,
74,27,cereal,action_delay,value_gate,0.5,False,False,False,,
74,27,cereal,action_delay,value_gate,0.75,True,True,True,30.0,0.6445544362068176
74,27,cereal,action_delay,risk_gate,0.1,False,False,False,,
74,27,cereal,action_delay,risk_gate,0.25,False,False,False,,
74,27,cereal,action_delay,risk_gate,0.5,True,True,True,30.0,0.7773073315620422
74,27,cereal,action_delay,risk_gate,0.75,True,True,True,30.0,0.7773073315620422
74,27,cereal,action_delay,uncertainty_gate,0.1,False,False,False,,
74,27,cereal,action_delay,uncertainty_gate,0.25,False,True,False,110.0,0.11639397591352463
74,27,cereal,action_delay,uncertainty_gate,0.5,False,True,False,50.0,0.048647891730070114
74,27,cereal,action_delay,uncertainty_gate,0.75,True,True,True,30.0,0.018503019586205482
75,27,cereal,action_delay,never_help,0.0,False,False,False,,
75,27,cereal,action_delay,always_help,1.0,True,True,True,10.0,
75,27,cereal,action_delay,oracle_value,,True,True,True,10.0,1.0
75,27,cereal,action_delay,value_gate,0.1,True,True,True,50.0,0.9630746841430664
75,27,cereal,action_delay,value_gate,0.25,True,True,True,10.0,0.9356404542922974
75,27,cereal,action_delay,value_gate,0.5,True,True,True,10.0,0.9356404542922974
75,27,cereal,action_delay,value_gate,0.75,True,True,True,10.0,0.9356404542922974
75,27,cereal,action_delay,risk_gate,0.1,False,False,False,,
75,27,cereal,action_delay,risk_gate,0.25,False,False,False,,
75,27,cereal,action_delay,risk_gate,0.5,False,False,False,,
75,27,cereal,action_delay,risk_gate,0.75,False,False,False,,
75,27,cereal,action_delay,uncertainty_gate,0.1,False,False,False,,
75,27,cereal,action_delay,uncertainty_gate,0.25,True,True,True,70.0,0.12130440026521683
75,27,cereal,action_delay,uncertainty_gate,0.5,True,True,True,70.0,0.12130440026521683
75,27,cereal,action_delay,uncertainty_gate,0.75,False,True,False,30.0,0.004275189246982336
76,27,cereal,gripper_slip,never_help,0.0,False,False,False,,
76,27,cereal,gripper_slip,always_help,1.0,True,True,True,10.0,
76,27,cereal,gripper_slip,oracle_value,,True,True,True,10.0,1.0
76,27,cereal,gripper_slip,value_gate,0.1,False,False,False,,
76,27,cereal,gripper_slip,value_gate,0.25,False,False,False,,
76,27,cereal,gripper_slip,value_gate,0.5,True,True,True,10.0,0.7604535818099976
76,27,cereal,gripper_slip,value_gate,0.75,True,True,True,10.0,0.7604535818099976
76,27,cereal,gripper_slip,risk_gate,0.1,True,True,True,10.0,0.9577339887619019
76,27,cereal,gripper_slip,risk_gate,0.25,True,True,True,10.0,0.9577339887619019
76,27,cereal,gripper_slip,risk_gate,0.5,True,True,True,10.0,0.9577339887619019
76,27,cereal,gripper_slip,risk_gate,0.75,True,True,True,10.0,0.9577339887619019
76,27,cereal,gripper_slip,uncertainty_gate,0.1,False,False,False,,
76,27,cereal,gripper_slip,uncertainty_gate,0.25,False,True,False,130.0,0.11524804681539536
76,27,cereal,gripper_slip,uncertainty_gate,0.5,True,True,True,30.0,0.056325387209653854
76,27,cereal,gripper_slip,uncertainty_gate,0.75,True,True,True,30.0,0.056325387209653854
77,27,cereal,gripper_slip,never_help,0.0,False,False,False,,
77,27,cereal,gripper_slip,always_help,1.0,True,True,True,10.0,
77,27,cereal,gripper_slip,oracle_value,,True,True,True,10.0,1.0
77,27,cereal,gripper_slip,value_gate,0.1,False,False,False,,
77,27,cereal,gripper_slip,value_gate,0.25,True,True,True,70.0,0.9131008982658386
77,27,cereal,gripper_slip,value_gate,0.5,True,True,True,50.0,0.863628625869751
77,27,cereal,gripper_slip,value_gate,0.75,True,True,True,10.0,0.6240139007568359
77,27,cereal,gripper_slip,risk_gate,0.1,False,False,False,,
77,27,cereal,gripper_slip,risk_gate,0.25,False,False,False,,
77,27,cereal,gripper_slip,risk_gate,0.5,True,True,True,10.0,0.8637593388557434
77,27,cereal,gripper_slip,risk_gate,0.75,True,True,True,10.0,0.8637593388557434
77,27,cereal,gripper_slip,uncertainty_gate,0.1,True,True,True,110.0,0.24632303416728973
77,27,cereal,gripper_slip,uncertainty_gate,0.25,True,True,True,70.0,0.12398063391447067
77,27,cereal,gripper_slip,uncertainty_gate,0.5,True,True,True,70.0,0.12398063391447067
77,27,cereal,gripper_slip,uncertainty_gate,0.75,True,True,True,70.0,0.12398063391447067
78,27,cereal,gripper_slip,never_help,0.0,False,False,False,,
78,27,cereal,gripper_slip,always_help,1.0,True,True,True,10.0,
78,27,cereal,gripper_slip,oracle_value,,True,True,True,10.0,1.0
78,27,cereal,gripper_slip,value_gate,0.1,False,False,False,,
78,27,cereal,gripper_slip,value_gate,0.25,False,False,False,,
78,27,cereal,gripper_slip,value_gate,0.5,True,True,True,50.0,0.8253939747810364
78,27,cereal,gripper_slip,value_gate,0.75,True,True,True,10.0,0.713228166103363
78,27,cereal,gripper_slip,risk_gate,0.1,True,True,True,10.0,0.9712583422660828
78,27,cereal,gripper_slip,risk_gate,0.25,True,True,True,10.0,0.9712583422660828
78,27,cereal,gripper_slip,risk_gate,0.5,True,True,True,10.0,0.9712583422660828
78,27,cereal,gripper_slip,risk_gate,0.75,True,True,True,10.0,0.9712583422660828
78,27,cereal,gripper_slip,uncertainty_gate,0.1,False,False,False,,
78,27,cereal,gripper_slip,uncertainty_gate,0.25,False,True,False,110.0,0.14930899441242218
78,27,cereal,gripper_slip,uncertainty_gate,0.5,False,True,False,110.0,0.14930899441242218
78,27,cereal,gripper_slip,uncertainty_gate,0.75,True,True,True,10.0,0.008186616003513336
79,27,cereal,gripper_slip,never_help,0.0,False,False,False,,
79,27,cereal,gripper_slip,always_help,1.0,True,True,True,10.0,
79,27,cereal,gripper_slip,oracle_value,,True,True,True,10.0,1.0
79,27,cereal,gripper_slip,value_gate,0.1,False,False,False,,
79,27,cereal,gripper_slip,value_gate,0.25,True,True,True,50.0,0.9327492713928223
79,27,cereal,gripper_slip,value_gate,0.5,True,True,True,50.0,0.9327492713928223
79,27,cereal,gripper_slip,value_gate,0.75,True,True,True,50.0,0.9327492713928223
79,27,cereal,gripper_slip,risk_gate,0.1,False,False,False,,
79,27,cereal,gripper_slip,risk_gate,0.25,False,False,False,,
79,27,cereal,gripper_slip,risk_gate,0.5,True,True,True,70.0,0.8494875431060791
79,27,cereal,gripper_slip,risk_gate,0.75,True,True,True,70.0,0.8494875431060791
79,27,cereal,gripper_slip,uncertainty_gate,0.1,False,False,False,,
79,27,cereal,gripper_slip,uncertainty_gate,0.25,True,True,True,50.0,0.12899954617023468
79,27,cereal,gripper_slip,uncertainty_gate,0.5,True,True,True,50.0,0.12899954617023468
79,27,cereal,gripper_slip,uncertainty_gate,0.75,True,True,True,50.0,0.12899954617023468
80,127,can,nominal,never_help,0.0,False,False,False,,
80,127,can,nominal,always_help,1.0,True,True,True,10.0,
80,127,can,nominal,oracle_value,,True,True,True,10.0,1.0
80,127,can,nominal,value_gate,0.1,False,False,False,,
80,127,can,nominal,value_gate,0.25,False,False,False,,
80,127,can,nominal,value_gate,0.5,False,False,False,,
80,127,can,nominal,value_gate,0.75,True,True,True,10.0,0.5832284092903137
80,127,can,nominal,risk_gate,0.1,False,False,False,,
80,127,can,nominal,risk_gate,0.25,False,False,False,,
80,127,can,nominal,risk_gate,0.5,False,False,False,,
80,127,can,nominal,risk_gate,0.75,False,False,False,,
80,127,can,nominal,uncertainty_gate,0.1,False,False,False,,
80,127,can,nominal,uncertainty_gate,0.25,False,False,False,,
80,127,can,nominal,uncertainty_gate,0.5,False,False,False,,
80,127,can,nominal,uncertainty_gate,0.75,True,True,True,10.0,0.004083980806171894
81,127,can,nominal,never_help,0.0,True,False,False,,
81,127,can,nominal,always_help,1.0,True,True,False,10.0,
81,127,can,nominal,oracle_value,,True,False,False,,
81,127,can,nominal,value_gate,0.1,True,False,False,,
81,127,can,nominal,value_gate,0.25,True,False,False,,
81,127,can,nominal,value_gate,0.5,True,False,False,,
81,127,can,nominal,value_gate,0.75,True,True,False,10.0,0.610824704170227
81,127,can,nominal,risk_gate,0.1,True,False,False,,
81,127,can,nominal,risk_gate,0.25,True,False,False,,
81,127,can,nominal,risk_gate,0.5,True,True,False,10.0,0.8542090654373169
81,127,can,nominal,risk_gate,0.75,True,True,False,10.0,0.8542090654373169
81,127,can,nominal,uncertainty_gate,0.1,True,False,False,,
81,127,can,nominal,uncertainty_gate,0.25,True,False,False,,
81,127,can,nominal,uncertainty_gate,0.5,True,False,False,,
81,127,can,nominal,uncertainty_gate,0.75,True,True,False,130.0,0.015781156718730927
82,127,can,nominal,never_help,0.0,True,False,False,,
82,127,can,nominal,always_help,1.0,True,True,False,10.0,
82,127,can,nominal,oracle_value,,True,False,False,,
82,127,can,nominal,value_gate,0.1,True,False,False,,
82,127,can,nominal,value_gate,0.25,True,False,False,,
82,127,can,nominal,value_gate,0.5,True,False,False,,
82,127,can,nominal,value_gate,0.75,True,True,False,10.0,0.5243313908576965
82,127,can,nominal,risk_gate,0.1,True,False,False,,
82,127,can,nominal,risk_gate,0.25,True,True,False,10.0,0.938112735748291
82,127,can,nominal,risk_gate,0.5,True,True,False,10.0,0.938112735748291
82,127,can,nominal,risk_gate,0.75,True,True,False,10.0,0.938112735748291
82,127,can,nominal,uncertainty_gate,0.1,True,False,False,,
82,127,can,nominal,uncertainty_gate,0.25,True,False,False,,
82,127,can,nominal,uncertainty_gate,0.5,True,False,False,,
82,127,can,nominal,uncertainty_gate,0.75,True,False,False,,
83,127,can,nominal,never_help,0.0,True,False,False,,
83,127,can,nominal,always_help,1.0,True,True,False,10.0,
83,127,can,nominal,oracle_value,,True,False,False,,
83,127,can,nominal,value_gate,0.1,True,False,False,,
83,127,can,nominal,value_gate,0.25,True,False,False,,
83,127,can,nominal,value_gate,0.5,True,False,False,,
83,127,can,nominal,value_gate,0.75,True,False,False,,
83,127,can,nominal,risk_gate,0.1,True,False,False,,
83,127,can,nominal,risk_gate,0.25,True,False,False,,
83,127,can,nominal,risk_gate,0.5,True,False,False,,
83,127,can,nominal,risk_gate,0.75,True,False,False,,
83,127,can,nominal,uncertainty_gate,0.1,True,False,False,,
83,127,can,nominal,uncertainty_gate,0.25,True,False,False,,
83,127,can,nominal,uncertainty_gate,0.5,True,False,False,,
83,127,can,nominal,uncertainty_gate,0.75,True,True,False,10.0,0.013581507839262486
84,127,can,object_shift,never_help,0.0,True,False,False,,
84,127,can,object_shift,always_help,1.0,True,True,False,10.0,
84,127,can,object_shift,oracle_value,,True,False,False,,
84,127,can,object_shift,value_gate,0.1,True,False,False,,
84,127,can,object_shift,value_gate,0.25,True,False,False,,
84,127,can,object_shift,value_gate,0.5,True,False,False,,
84,127,can,object_shift,value_gate,0.75,True,False,False,,
84,127,can,object_shift,risk_gate,0.1,True,False,False,,
84,127,can,object_shift,risk_gate,0.25,True,False,False,,
84,127,can,object_shift,risk_gate,0.5,True,False,False,,
84,127,can,object_shift,risk_gate,0.75,True,False,False,,
84,127,can,object_shift,uncertainty_gate,0.1,True,False,False,,
84,127,can,object_shift,uncertainty_gate,0.25,True,False,False,,
84,127,can,object_shift,uncertainty_gate,0.5,True,True,False,130.0,0.04785320535302162
84,127,can,object_shift,uncertainty_gate,0.75,True,True,False,130.0,0.04785320535302162
85,127,can,object_shift,never_help,0.0,True,False,False,,
85,127,can,object_shift,always_help,1.0,True,True,False,10.0,
85,127,can,object_shift,oracle_value,,True,False,False,,
85,127,can,object_shift,value_gate,0.1,True,False,False,,
85,127,can,object_shift,value_gate,0.25,True,False,False,,
85,127,can,object_shift,value_gate,0.5,True,False,False,,
85,127,can,object_shift,value_gate,0.75,True,True,False,30.0,0.5993022322654724
85,127,can,object_shift,risk_gate,0.1,True,False,False,,
85,127,can,object_shift,risk_gate,0.25,True,False,False,,
85,127,can,object_shift,risk_gate,0.5,True,True,False,10.0,0.7258177995681763
85,127,can,object_shift,risk_gate,0.75,True,True,False,10.0,0.7258177995681763
85,127,can,object_shift,uncertainty_gate,0.1,True,False,False,,
85,127,can,object_shift,uncertainty_gate,0.25,True,False,False,,
85,127,can,object_shift,uncertainty_gate,0.5,True,False,False,,
85,127,can,object_shift,uncertainty_gate,0.75,True,True,False,50.0,0.004783368669450283
86,127,can,object_shift,never_help,0.0,False,False,False,,
86,127,can,object_shift,always_help,1.0,True,True,True,10.0,
86,127,can,object_shift,oracle_value,,True,True,True,10.0,1.0
86,127,can,object_shift,value_gate,0.1,False,False,False,,
86,127,can,object_shift,value_gate,0.25,False,False,False,,
86,127,can,object_shift,value_gate,0.5,True,True,True,50.0,0.7863532900810242
86,127,can,object_shift,value_gate,0.75,True,True,True,10.0,0.5700334906578064
86,127,can,object_shift,risk_gate,0.1,False,False,False,,
86,127,can,object_shift,risk_gate,0.25,False,False,False,,
86,127,can,object_shift,risk_gate,0.5,True,True,True,50.0,0.710818886756897
86,127,can,object_shift,risk_gate,0.75,True,True,True,50.0,0.710818886756897
86,127,can,object_shift,uncertainty_gate,0.1,False,False,False,,
86,127,can,object_shift,uncertainty_gate,0.25,False,False,False,,
86,127,can,object_shift,uncertainty_gate,0.5,False,False,False,,
86,127,can,object_shift,uncertainty_gate,0.75,False,True,False,30.0,0.006058551836758852
87,127,can,object_shift,never_help,0.0,True,False,False,,
87,127,can,object_shift,always_help,1.0,True,True,False,10.0,
87,127,can,object_shift,oracle_value,,True,False,False,,
87,127,can,object_shift,value_gate,0.1,True,False,False,,
87,127,can,object_shift,value_gate,0.25,True,False,False,,
87,127,can,object_shift,value_gate,0.5,True,False,False,,
87,127,can,object_shift,value_gate,0.75,True,True,False,10.0,0.6040917634963989
87,127,can,object_shift,risk_gate,0.1,True,False,False,,
87,127,can,object_shift,risk_gate,0.25,True,False,False,,
87,127,can,object_shift,risk_gate,0.5,True,True,False,10.0,0.8550442457199097
87,127,can,object_shift,risk_gate,0.75,True,True,False,10.0,0.8550442457199097
87,127,can,object_shift,uncertainty_gate,0.1,True,False,False,,
87,127,can,object_shift,uncertainty_gate,0.25,True,False,False,,
87,127,can,object_shift,uncertainty_gate,0.5,True,False,False,,
87,127,can,object_shift,uncertainty_gate,0.75,True,False,False,,
88,127,can,action_noise,never_help,0.0,True,False,False,,
88,127,can,action_noise,always_help,1.0,True,True,False,10.0,
88,127,can,action_noise,oracle_value,,True,False,False,,
88,127,can,action_noise,value_gate,0.1,True,False,False,,
88,127,can,action_noise,value_gate,0.25,True,False,False,,
88,127,can,action_noise,value_gate,0.5,True,False,False,,
88,127,can,action_noise,value_gate,0.75,True,False,False,,
88,127,can,action_noise,risk_gate,0.1,True,False,False,,
88,127,can,action_noise,risk_gate,0.25,True,False,False,,
88,127,can,action_noise,risk_gate,0.5,True,False,False,,
88,127,can,action_noise,risk_gate,0.75,True,True,False,10.0,0.4136088490486145
88,127,can,action_noise,uncertainty_gate,0.1,True,False,False,,
88,127,can,action_noise,uncertainty_gate,0.25,True,False,False,,
88,127,can,action_noise,uncertainty_gate,0.5,True,False,False,,
88,127,can,action_noise,uncertainty_gate,0.75,True,True,False,130.0,0.003331818850710988
89,127,can,action_noise,never_help,0.0,True,False,False,,
89,127,can,action_noise,always_help,1.0,True,True,False,10.0,
89,127,can,action_noise,oracle_value,,True,False,False,,
89,127,can,action_noise,value_gate,0.1,True,False,False,,
89,127,can,action_noise,value_gate,0.25,True,False,False,,
89,127,can,action_noise,value_gate,0.5,True,False,False,,
89,127,can,action_noise,value_gate,0.75,True,True,False,10.0,0.5665242075920105
89,127,can,action_noise,risk_gate,0.1,True,False,False,,
89,127,can,action_noise,risk_gate,0.25,True,True,False,10.0,0.8861557245254517
89,127,can,action_noise,risk_gate,0.5,True,True,False,10.0,0.8861557245254517
89,127,can,action_noise,risk_gate,0.75,True,True,False,10.0,0.8861557245254517
89,127,can,action_noise,uncertainty_gate,0.1,True,False,False,,
89,127,can,action_noise,uncertainty_gate,0.25,True,False,False,,
89,127,can,action_noise,uncertainty_gate,0.5,True,True,False,130.0,0.05447569116950035
89,127,can,action_noise,uncertainty_gate,0.75,True,True,False,130.0,0.05447569116950035
90,127,can,action_noise,never_help,0.0,False,False,False,,
90,127,can,action_noise,always_help,1.0,True,True,True,10.0,
90,127,can,action_noise,oracle_value,,True,True,True,10.0,1.0
90,127,can,action_noise,value_gate,0.1,False,False,False,,
90,127,can,action_noise,value_gate,0.25,False,False,False,,
90,127,can,action_noise,value_gate,0.5,True,True,True,50.0,0.832129180431366
90,127,can,action_noise,value_gate,0.75,True,True,True,10.0,0.633563220500946
90,127,can,action_noise,risk_gate,0.1,True,True,True,10.0,0.9609227776527405
90,127,can,action_noise,risk_gate,0.25,True,True,True,10.0,0.9609227776527405
90,127,can,action_noise,risk_gate,0.5,True,True,True,10.0,0.9609227776527405
90,127,can,action_noise,risk_gate,0.75,True,True,True,10.0,0.9609227776527405
90,127,can,action_noise,uncertainty_gate,0.1,False,False,False,,
90,127,can,action_noise,uncertainty_gate,0.25,False,False,False,,
90,127,can,action_noise,uncertainty_gate,0.5,True,True,True,50.0,0.02766340970993042
90,127,can,action_noise,uncertainty_gate,0.75,True,True,True,50.0,0.02766340970993042
91,127,can,action_noise,never_help,0.0,True,False,False,,
91,127,can,action_noise,always_help,1.0,True,True,False,10.0,
91,127,can,action_noise,oracle_value,,True,False,False,,
91,127,can,action_noise,value_gate,0.1,True,False,False,,
91,127,can,action_noise,value_gate,0.25,True,False,False,,
91,127,can,action_noise,value_gate,0.5,True,False,False,,
91,127,can,action_noise,value_gate,0.75,True,True,False,30.0,0.6268364191055298
91,127,can,action_noise,risk_gate,0.1,True,False,False,,
91,127,can,action_noise,risk_gate,0.25,True,False,False,,
91,127,can,action_noise,risk_gate,0.5,True,True,False,10.0,0.8661778569221497
91,127,can,action_noise,risk_gate,0.75,True,True,False,10.0,0.8661778569221497
91,127,can,action_noise,uncertainty_gate,0.1,True,False,False,,
91,127,can,action_noise,uncertainty_gate,0.25,True,False,False,,
91,127,can,action_noise,uncertainty_gate,0.5,True,True,False,30.0,0.03406139463186264
91,127,can,action_noise,uncertainty_gate,0.75,True,True,False,30.0,0.03406139463186264
92,127,can,action_delay,never_help,0.0,True,False,False,,
92,127,can,action_delay,always_help,1.0,True,True,False,10.0,
92,127,can,action_delay,oracle_value,,True,False,False,,
92,127,can,action_delay,value_gate,0.1,True,False,False,,
92,127,can,action_delay,value_gate,0.25,True,False,False,,
92,127,can,action_delay,value_gate,0.5,True,True,False,30.0,0.8193016052246094
92,127,can,action_delay,value_gate,0.75,True,True,False,30.0,0.8193016052246094
92,127,can,action_delay,risk_gate,0.1,True,False,False,,
92,127,can,action_delay,risk_gate,0.25,True,False,False,,
92,127,can,action_delay,risk_gate,0.5,True,False,False,,
92,127,can,action_delay,risk_gate,0.75,True,True,False,30.0,0.4614778757095337
92,127,can,action_delay,uncertainty_gate,0.1,True,False,False,,
92,127,can,action_delay,uncertainty_gate,0.25,True,True,False,30.0,0.0713694617152214
92,127,can,action_delay,uncertainty_gate,0.5,True,True,False,30.0,0.0713694617152214
92,127,can,action_delay,uncertainty_gate,0.75,True,True,False,30.0,0.0713694617152214
93,127,can,action_delay,never_help,0.0,False,False,False,,
93,127,can,action_delay,always_help,1.0,True,True,True,10.0,
93,127,can,action_delay,oracle_value,,True,True,True,10.0,1.0
93,127,can,action_delay,value_gate,0.1,False,False,False,,
93,127,can,action_delay,value_gate,0.25,False,False,False,,
93,127,can,action_delay,value_gate,0.5,True,True,True,10.0,0.8049653768539429
93,127,can,action_delay,value_gate,0.75,True,True,True,10.0,0.8049653768539429
93,127,can,action_delay,risk_gate,0.1,False,False,False,,
93,127,can,action_delay,risk_gate,0.25,False,False,False,,
93,127,can,action_delay,risk_gate,0.5,False,False,False,,
93,127,can,action_delay,risk_gate,0.75,False,False,False,,
93,127,can,action_delay,uncertainty_gate,0.1,False,False,False,,
93,127,can,action_delay,uncertainty_gate,0.25,False,False,False,,
93,127,can,action_delay,uncertainty_gate,0.5,False,True,False,130.0,0.026904314756393433
93,127,can,action_delay,uncertainty_gate,0.75,True,True,True,50.0,0.0065627084113657475
94,127,can,action_delay,never_help,0.0,False,False,False,,
94,127,can,action_delay,always_help,1.0,True,True,True,10.0,
94,127,can,action_delay,oracle_value,,True,True,True,10.0,1.0
94,127,can,action_delay,value_gate,0.1,False,False,False,,
94,127,can,action_delay,value_gate,0.25,False,False,False,,
94,127,can,action_delay,value_gate,0.5,True,True,True,10.0,0.8186909556388855
94,127,can,action_delay,value_gate,0.75,True,True,True,10.0,0.8186909556388855
94,127,can,action_delay,risk_gate,0.1,False,False,False,,
94,127,can,action_delay,risk_gate,0.25,False,False,False,,
94,127,can,action_delay,risk_gate,0.5,True,True,True,70.0,0.8263676166534424
94,127,can,action_delay,risk_gate,0.75,True,True,True,70.0,0.8263676166534424
94,127,can,action_delay,uncertainty_gate,0.1,False,False,False,,
94,127,can,action_delay,uncertainty_gate,0.25,True,True,True,130.0,0.14937901496887207
94,127,can,action_delay,uncertainty_gate,0.5,True,True,True,130.0,0.14937901496887207
94,127,can,action_delay,uncertainty_gate,0.75,True,True,True,70.0,0.007664326578378677
95,127,can,action_delay,never_help,0.0,False,False,False,,
95,127,can,action_delay,always_help,1.0,True,True,True,10.0,
95,127,can,action_delay,oracle_value,,True,True,True,10.0,1.0
95,127,can,action_delay,value_gate,0.1,False,False,False,,
95,127,can,action_delay,value_gate,0.25,False,False,False,,
95,127,can,action_delay,value_gate,0.5,True,True,True,10.0,0.8711048364639282
95,127,can,action_delay,value_gate,0.75,True,True,True,10.0,0.8711048364639282
95,127,can,action_delay,risk_gate,0.1,False,False,False,,
95,127,can,action_delay,risk_gate,0.25,True,True,True,110.0,0.954678475856781
95,127,can,action_delay,risk_gate,0.5,True,True,True,110.0,0.954678475856781
95,127,can,action_delay,risk_gate,0.75,True,True,True,110.0,0.954678475856781
95,127,can,action_delay,uncertainty_gate,0.1,False,False,False,,
95,127,can,action_delay,uncertainty_gate,0.25,False,False,False,,
95,127,can,action_delay,uncertainty_gate,0.5,False,True,False,130.0,0.02795291319489479
95,127,can,action_delay,uncertainty_gate,0.75,True,True,True,50.0,0.004014316480606794
96,127,can,gripper_slip,never_help,0.0,False,False,False,,
96,127,can,gripper_slip,always_help,1.0,True,True,True,10.0,
96,127,can,gripper_slip,oracle_value,,True,True,True,10.0,1.0
96,127,can,gripper_slip,value_gate,0.1,False,False,False,,
96,127,can,gripper_slip,value_gate,0.25,True,True,True,50.0,0.9431760907173157
96,127,can,gripper_slip,value_gate,0.5,True,True,True,50.0,0.9431760907173157
96,127,can,gripper_slip,value_gate,0.75,True,True,True,50.0,0.9431760907173157
96,127,can,gripper_slip,risk_gate,0.1,True,True,True,50.0,0.9797636270523071
96,127,can,gripper_slip,risk_gate,0.25,True,True,True,50.0,0.9797636270523071
96,127,can,gripper_slip,risk_gate,0.5,True,True,True,50.0,0.9797636270523071
96,127,can,gripper_slip,risk_gate,0.75,True,True,True,50.0,0.9797636270523071
96,127,can,gripper_slip,uncertainty_gate,0.1,False,False,False,,
96,127,can,gripper_slip,uncertainty_gate,0.25,True,True,True,110.0,0.07063119113445282
96,127,can,gripper_slip,uncertainty_gate,0.5,True,True,True,110.0,0.07063119113445282
96,127,can,gripper_slip,uncertainty_gate,0.75,True,True,True,50.0,0.01164504885673523
97,127,can,gripper_slip,never_help,0.0,False,False,False,,
97,127,can,gripper_slip,always_help,1.0,True,True,True,10.0,
97,127,can,gripper_slip,oracle_value,,True,True,True,10.0,1.0
97,127,can,gripper_slip,value_gate,0.1,False,False,False,,
97,127,can,gripper_slip,value_gate,0.25,False,False,False,,
97,127,can,gripper_slip,value_gate,0.5,True,True,True,110.0,0.863806426525116
97,127,can,gripper_slip,value_gate,0.75,True,True,True,10.0,0.5375622510910034
97,127,can,gripper_slip,risk_gate,0.1,True,True,True,70.0,0.9625023007392883
97,127,can,gripper_slip,risk_gate,0.25,True,True,True,10.0,0.8816849589347839
97,127,can,gripper_slip,risk_gate,0.5,True,True,True,10.0,0.8816849589347839
97,127,can,gripper_slip,risk_gate,0.75,True,True,True,10.0,0.8816849589347839
97,127,can,gripper_slip,uncertainty_gate,0.1,False,False,False,,
97,127,can,gripper_slip,uncertainty_gate,0.25,True,True,True,70.0,0.14706747233867645
97,127,can,gripper_slip,uncertainty_gate,0.5,True,True,True,70.0,0.14706747233867645
97,127,can,gripper_slip,uncertainty_gate,0.75,True,True,True,70.0,0.14706747233867645
98,127,can,gripper_slip,never_help,0.0,False,False,False,,
98,127,can,gripper_slip,always_help,1.0,True,True,True,10.0,
98,127,can,gripper_slip,oracle_value,,True,True,True,10.0,1.0
98,127,can,gripper_slip,value_gate,0.1,False,False,False,,
98,127,can,gripper_slip,value_gate,0.25,False,False,False,,
98,127,can,gripper_slip,value_gate,0.5,True,True,True,70.0,0.8907447457313538
98,127,can,gripper_slip,value_gate,0.75,True,True,True,10.0,0.5538249611854553
98,127,can,gripper_slip,risk_gate,0.1,False,False,False,,
98,127,can,gripper_slip,risk_gate,0.25,False,False,False,,
98,127,can,gripper_slip,risk_gate,0.5,True,True,True,10.0,0.8336309194564819
98,127,can,gripper_slip,risk_gate,0.75,True,True,True,10.0,0.8336309194564819
98,127,can,gripper_slip,uncertainty_gate,0.1,False,False,False,,
98,127,can,gripper_slip,uncertainty_gate,0.25,False,False,False,,
98,127,can,gripper_slip,uncertainty_gate,0.5,True,True,True,70.0,0.02661207877099514
98,127,can,gripper_slip,uncertainty_gate,0.75,True,True,True,70.0,0.02661207877099514
99,127,can,gripper_slip,never_help,0.0,False,False,False,,
99,127,can,gripper_slip,always_help,1.0,True,True,True,10.0,
99,127,can,gripper_slip,oracle_value,,True,True,True,10.0,1.0
99,127,can,gripper_slip,value_gate,0.1,False,False,False,,
99,127,can,gripper_slip,value_gate,0.25,False,False,False,,
99,127,can,gripper_slip,value_gate,0.5,True,True,True,70.0,0.8676416277885437
99,127,can,gripper_slip,value_gate,0.75,True,True,True,10.0,0.5502453446388245
99,127,can,gripper_slip,risk_gate,0.1,False,False,False,,
99,127,can,gripper_slip,risk_gate,0.25,True,True,True,10.0,0.918459951877594
99,127,can,gripper_slip,risk_gate,0.5,True,True,True,10.0,0.918459951877594
99,127,can,gripper_slip,risk_gate,0.75,True,True,True,10.0,0.918459951877594
99,127,can,gripper_slip,uncertainty_gate,0.1,False,False,False,,
99,127,can,gripper_slip,uncertainty_gate,0.25,False,False,False,,
99,127,can,gripper_slip,uncertainty_gate,0.5,True,True,True,110.0,0.036609429866075516
99,127,can,gripper_slip,uncertainty_gate,0.75,True,True,True,70.0,0.015036039054393768
100,127,milk,nominal,never_help,0.0,True,False,False,,
100,127,milk,nominal,always_help,1.0,True,True,False,10.0,
100,127,milk,nominal,oracle_value,,True,False,False,,
100,127,milk,nominal,value_gate,0.1,True,False,False,,
100,127,milk,nominal,value_gate,0.25,True,False,False,,
100,127,milk,nominal,value_gate,0.5,True,False,False,,
100,127,milk,nominal,value_gate,0.75,True,True,False,10.0,0.5146592855453491
100,127,milk,nominal,risk_gate,0.1,True,False,False,,
100,127,milk,nominal,risk_gate,0.25,True,False,False,,
100,127,milk,nominal,risk_gate,0.5,True,False,False,,
100,127,milk,nominal,risk_gate,0.75,True,False,False,,
100,127,milk,nominal,uncertainty_gate,0.1,True,False,False,,
100,127,milk,nominal,uncertainty_gate,0.25,True,False,False,,
100,127,milk,nominal,uncertainty_gate,0.5,True,False,False,,
100,127,milk,nominal,uncertainty_gate,0.75,True,True,False,50.0,0.008026894181966782
101,127,milk,nominal,never_help,0.0,True,False,False,,
101,127,milk,nominal,always_help,1.0,True,True,False,10.0,
101,127,milk,nominal,oracle_value,,True,False,False,,
101,127,milk,nominal,value_gate,0.1,True,False,False,,
101,127,milk,nominal,value_gate,0.25,True,False,False,,
101,127,milk,nominal,value_gate,0.5,True,False,False,,
101,127,milk,nominal,value_gate,0.75,True,True,False,30.0,0.6244453191757202
101,127,milk,nominal,risk_gate,0.1,True,False,False,,
101,127,milk,nominal,risk_gate,0.25,True,False,False,,
101,127,milk,nominal,risk_gate,0.5,True,False,False,,
101,127,milk,nominal,risk_gate,0.75,True,False,False,,
101,127,milk,nominal,uncertainty_gate,0.1,True,False,False,,
101,127,milk,nominal,uncertainty_gate,0.25,True,False,False,,
101,127,milk,nominal,uncertainty_gate,0.5,True,False,False,,
101,127,milk,nominal,uncertainty_gate,0.75,True,False,False,,
102,127,milk,nominal,never_help,0.0,True,False,False,,
102,127,milk,nominal,always_help,1.0,True,True,False,10.0,
102,127,milk,nominal,oracle_value,,True,False,False,,
102,127,milk,nominal,value_gate,0.1,True,False,False,,
102,127,milk,nominal,value_gate,0.25,True,False,False,,
102,127,milk,nominal,value_gate,0.5,True,False,False,,
102,127,milk,nominal,value_gate,0.75,True,False,False,,
102,127,milk,nominal,risk_gate,0.1,True,True,False,10.0,0.9788917303085327
102,127,milk,nominal,risk_gate,0.25,True,True,False,10.0,0.9788917303085327
102,127,milk,nominal,risk_gate,0.5,True,True,False,10.0,0.9788917303085327
102,127,milk,nominal,risk_gate,0.75,True,True,False,10.0,0.9788917303085327
102,127,milk,nominal,uncertainty_gate,0.1,True,False,False,,
102,127,milk,nominal,uncertainty_gate,0.25,True,False,False,,
102,127,milk,nominal,uncertainty_gate,0.5,True,False,False,,
102,127,milk,nominal,uncertainty_gate,0.75,True,True,False,70.0,0.01120428740978241
103,127,milk,nominal,never_help,0.0,True,False,False,,
103,127,milk,nominal,always_help,1.0,True,True,False,10.0,
103,127,milk,nominal,oracle_value,,True,False,False,,
103,127,milk,nominal,value_gate,0.1,True,False,False,,
103,127,milk,nominal,value_gate,0.25,True,False,False,,
103,127,milk,nominal,value_gate,0.5,True,False,False,,
103,127,milk,nominal,value_gate,0.75,True,False,False,,
103,127,milk,nominal,risk_gate,0.1,True,False,False,,
103,127,milk,nominal,risk_gate,0.25,True,False,False,,
103,127,milk,nominal,risk_gate,0.5,True,False,False,,
103,127,milk,nominal,risk_gate,0.75,True,False,False,,
103,127,milk,nominal,uncertainty_gate,0.1,True,False,False,,
103,127,milk,nominal,uncertainty_gate,0.25,True,False,False,,
103,127,milk,nominal,uncertainty_gate,0.5,True,False,False,,
103,127,milk,nominal,uncertainty_gate,0.75,False,True,False,50.0,0.0030332603491842747
104,127,milk,object_shift,never_help,0.0,False,False,False,,
104,127,milk,object_shift,always_help,1.0,True,True,True,10.0,
104,127,milk,object_shift,oracle_value,,True,True,True,10.0,1.0
104,127,milk,object_shift,value_gate,0.1,False,False,False,,
104,127,milk,object_shift,value_gate,0.25,False,False,False,,
104,127,milk,object_shift,value_gate,0.5,True,True,True,110.0,0.904449999332428
104,127,milk,object_shift,value_gate,0.75,True,True,True,30.0,0.6921038031578064
104,127,milk,object_shift,risk_gate,0.1,False,False,False,,
104,127,milk,object_shift,risk_gate,0.25,False,False,False,,
104,127,milk,object_shift,risk_gate,0.5,False,False,False,,
104,127,milk,object_shift,risk_gate,0.75,True,True,True,10.0,0.3639047145843506
104,127,milk,object_shift,uncertainty_gate,0.1,True,True,True,130.0,0.16737766563892365
104,127,milk,object_shift,uncertainty_gate,0.25,True,True,True,130.0,0.16737766563892365
104,127,milk,object_shift,uncertainty_gate,0.5,True,True,True,30.0,0.024182096123695374
104,127,milk,object_shift,uncertainty_gate,0.75,True,True,True,30.0,0.024182096123695374
105,127,milk,object_shift,never_help,0.0,False,False,False,,
105,127,milk,object_shift,always_help,1.0,True,True,True,10.0,
105,127,milk,object_shift,oracle_value,,True,True,True,10.0,1.0
105,127,milk,object_shift,value_gate,0.1,False,False,False,,
105,127,milk,object_shift,value_gate,0.25,True,True,True,110.0,0.9357766509056091
105,127,milk,object_shift,value_gate,0.5,True,True,True,30.0,0.8879680037498474
105,127,milk,object_shift,value_gate,0.75,True,True,True,30.0,0.8879680037498474
105,127,milk,object_shift,risk_gate,0.1,False,False,False,,
105,127,milk,object_shift,risk_gate,0.25,False,False,False,,
105,127,milk,object_shift,risk_gate,0.5,False,False,False,,
105,127,milk,object_shift,risk_gate,0.75,True,True,True,10.0,0.6103166341781616
105,127,milk,object_shift,uncertainty_gate,0.1,True,True,True,130.0,0.16427983343601227
105,127,milk,object_shift,uncertainty_gate,0.25,True,True,True,130.0,0.16427983343601227
105,127,milk,object_shift,uncertainty_gate,0.5,True,True,True,90.0,0.026582391932606697
105,127,milk,object_shift,uncertainty_gate,0.75,True,True,True,30.0,0.006141639314591885
106,127,milk,object_shift,never_help,0.0,False,False,False,,
106,127,milk,object_shift,always_help,1.0,True,True,True,10.0,
106,127,milk,object_shift,oracle_value,,True,True,True,10.0,1.0
106,127,milk,object_shift,value_gate,0.1,True,True,True,90.0,0.9785882234573364
106,127,milk,object_shift,value_gate,0.25,True,True,True,50.0,0.950524091720581
106,127,milk,object_shift,value_gate,0.5,True,True,True,30.0,0.9211374521255493
106,127,milk,object_shift,value_gate,0.75,True,True,True,10.0,0.5199612975120544
106,127,milk,object_shift,risk_gate,0.1,False,False,False,,
106,127,milk,object_shift,risk_gate,0.25,True,True,True,10.0,0.9458375573158264
106,127,milk,object_shift,risk_gate,0.5,True,True,True,10.0,0.9458375573158264
106,127,milk,object_shift,risk_gate,0.75,True,True,True,10.0,0.9458375573158264
106,127,milk,object_shift,uncertainty_gate,0.1,False,False,False,,
106,127,milk,object_shift,uncertainty_gate,0.25,True,True,True,90.0,0.13672485947608948
106,127,milk,object_shift,uncertainty_gate,0.5,True,True,True,10.0,0.026105912402272224
106,127,milk,object_shift,uncertainty_gate,0.75,True,True,True,10.0,0.026105912402272224
107,127,milk,object_shift,never_help,0.0,False,False,False,,
107,127,milk,object_shift,always_help,1.0,True,True,True,10.0,
107,127,milk,object_shift,oracle_value,,True,True,True,10.0,1.0
107,127,milk,object_shift,value_gate,0.1,False,False,False,,
107,127,milk,object_shift,value_gate,0.25,True,True,True,50.0,0.9534416198730469
107,127,milk,object_shift,value_gate,0.5,True,True,True,30.0,0.9146836996078491
107,127,milk,object_shift,value_gate,0.75,True,True,True,10.0,0.623157262802124
107,127,milk,object_shift,risk_gate,0.1,False,False,False,,
107,127,milk,object_shift,risk_gate,0.25,False,False,False,,
107,127,milk,object_shift,risk_gate,0.5,True,True,True,50.0,0.7282230854034424
107,127,milk,object_shift,risk_gate,0.75,True,True,True,50.0,0.7282230854034424
107,127,milk,object_shift,uncertainty_gate,0.1,False,False,False,,
107,127,milk,object_shift,uncertainty_gate,0.25,True,True,True,110.0,0.06981290131807327
107,127,milk,object_shift,uncertainty_gate,0.5,True,True,True,110.0,0.06981290131807327
107,127,milk,object_shift,uncertainty_gate,0.75,True,True,True,10.0,0.00573709374293685
108,127,milk,action_noise,never_help,0.0,True,False,False,,
108,127,milk,action_noise,always_help,1.0,True,True,False,10.0,
108,127,milk,action_noise,oracle_value,,True,False,False,,
108,127,milk,action_noise,value_gate,0.1,True,False,False,,
108,127,milk,action_noise,value_gate,0.25,True,False,False,,
108,127,milk,action_noise,value_gate,0.5,True,False,False,,
108,127,milk,action_noise,value_gate,0.75,True,True,False,30.0,0.6372112035751343
108,127,milk,action_noise,risk_gate,0.1,True,True,False,10.0,0.9659618735313416
108,127,milk,action_noise,risk_gate,0.25,True,True,False,10.0,0.9659618735313416
108,127,milk,action_noise,risk_gate,0.5,True,True,False,10.0,0.9659618735313416
108,127,milk,action_noise,risk_gate,0.75,True,True,False,10.0,0.9659618735313416
108,127,milk,action_noise,uncertainty_gate,0.1,True,False,False,,
108,127,milk,action_noise,uncertainty_gate,0.25,True,False,False,,
108,127,milk,action_noise,uncertainty_gate,0.5,True,False,False,,
108,127,milk,action_noise,uncertainty_gate,0.75,True,False,False,,
109,127,milk,action_noise,never_help,0.0,True,False,False,,
109,127,milk,action_noise,always_help,1.0,True,True,False,10.0,
109,127,milk,action_noise,oracle_value,,True,False,False,,
109,127,milk,action_noise,value_gate,0.1,True,False,False,,
109,127,milk,action_noise,value_gate,0.25,True,False,False,,
109,127,milk,action_noise,value_gate,0.5,True,False,False,,
109,127,milk,action_noise,value_gate,0.75,True,False,False,,
109,127,milk,action_noise,risk_gate,0.1,True,False,False,,
109,127,milk,action_noise,risk_gate,0.25,True,False,False,,
109,127,milk,action_noise,risk_gate,0.5,True,True,False,10.0,0.8362351655960083
109,127,milk,action_noise,risk_gate,0.75,True,True,False,10.0,0.8362351655960083
109,127,milk,action_noise,uncertainty_gate,0.1,True,False,False,,
109,127,milk,action_noise,uncertainty_gate,0.25,True,False,False,,
109,127,milk,action_noise,uncertainty_gate,0.5,True,False,False,,
109,127,milk,action_noise,uncertainty_gate,0.75,True,True,False,30.0,0.008966113440692425
110,127,milk,action_noise,never_help,0.0,True,False,False,,
110,127,milk,action_noise,always_help,1.0,True,True,False,10.0,
110,127,milk,action_noise,oracle_value,,True,False,False,,
110,127,milk,action_noise,value_gate,0.1,True,False,False,,
110,127,milk,action_noise,value_gate,0.25,True,False,False,,
110,127,milk,action_noise,value_gate,0.5,True,False,False,,
110,127,milk,action_noise,value_gate,0.75,True,False,False,,
110,127,milk,action_noise,risk_gate,0.1,True,False,False,,
110,127,milk,action_noise,risk_gate,0.25,True,True,False,10.0,0.9217026233673096
110,127,milk,action_noise,risk_gate,0.5,True,True,False,10.0,0.9217026233673096
110,127,milk,action_noise,risk_gate,0.75,True,True,False,10.0,0.9217026233673096
110,127,milk,action_noise,uncertainty_gate,0.1,True,False,False,,
110,127,milk,action_noise,uncertainty_gate,0.25,True,False,False,,
110,127,milk,action_noise,uncertainty_gate,0.5,True,False,False,,
110,127,milk,action_noise,uncertainty_gate,0.75,True,False,False,,
111,127,milk,action_noise,never_help,0.0,False,False,False,,
111,127,milk,action_noise,always_help,1.0,True,True,True,10.0,
111,127,milk,action_noise,oracle_value,,True,True,True,10.0,1.0
111,127,milk,action_noise,value_gate,0.1,False,False,False,,
111,127,milk,action_noise,value_gate,0.25,False,False,False,,
111,127,milk,action_noise,value_gate,0.5,True,True,True,70.0,0.8829019069671631
111,127,milk,action_noise,value_gate,0.75,True,True,True,50.0,0.5316446423530579
111,127,milk,action_noise,risk_gate,0.1,False,False,False,,
111,127,milk,action_noise,risk_gate,0.25,False,False,False,,
111,127,milk,action_noise,risk_gate,0.5,False,False,False,,
111,127,milk,action_noise,risk_gate,0.75,False,False,False,,
111,127,milk,action_noise,uncertainty_gate,0.1,False,False,False,,
111,127,milk,action_noise,uncertainty_gate,0.25,False,True,False,90.0,0.13897894322872162
111,127,milk,action_noise,uncertainty_gate,0.5,False,True,False,90.0,0.13897894322872162
111,127,milk,action_noise,uncertainty_gate,0.75,True,True,True,50.0,0.014563687145709991
112,127,milk,action_delay,never_help,0.0,False,False,False,,
112,127,milk,action_delay,always_help,1.0,True,True,True,10.0,
112,127,milk,action_delay,oracle_value,,True,True,True,10.0,1.0
112,127,milk,action_delay,value_gate,0.1,False,False,False,,
112,127,milk,action_delay,value_gate,0.25,False,False,False,,
112,127,milk,action_delay,value_gate,0.5,True,True,True,10.0,0.844132661819458
112,127,milk,action_delay,value_gate,0.75,True,True,True,10.0,0.844132661819458
112,127,milk,action_delay,risk_gate,0.1,False,False,False,,
112,127,milk,action_delay,risk_gate,0.25,False,False,False,,
112,127,milk,action_delay,risk_gate,0.5,False,True,False,50.0,0.7337647080421448
112,127,milk,action_delay,risk_gate,0.75,True,True,True,30.0,0.40848568081855774
112,127,milk,action_delay,uncertainty_gate,0.1,False,False,False,,
112,127,milk,action_delay,uncertainty_gate,0.25,False,False,False,,
112,127,milk,action_delay,uncertainty_gate,0.5,False,True,False,130.0,0.03731391206383705
112,127,milk,action_delay,uncertainty_gate,0.75,True,True,True,30.0,0.016906287521123886
113,127,milk,action_delay,never_help,0.0,False,False,False,,
113,127,milk,action_delay,always_help,1.0,True,True,True,10.0,
113,127,milk,action_delay,oracle_value,,True,True,True,10.0,1.0
113,127,milk,action_delay,value_gate,0.1,False,False,False,,
113,127,milk,action_delay,value_gate,0.25,False,True,False,30.0,0.9346738457679749
113,127,milk,action_delay,value_gate,0.5,False,True,False,30.0,0.9346738457679749
113,127,milk,action_delay,value_gate,0.75,True,True,True,10.0,0.75772625207901
113,127,milk,action_delay,risk_gate,0.1,False,False,False,,
113,127,milk,action_delay,risk_gate,0.25,False,False,False,,
113,127,milk,action_delay,risk_gate,0.5,False,True,False,90.0,0.8184341788291931
113,127,milk,action_delay,risk_gate,0.75,False,True,False,90.0,0.8184341788291931
113,127,milk,action_delay,uncertainty_gate,0.1,False,False,False,,
113,127,milk,action_delay,uncertainty_gate,0.25,False,False,False,,
113,127,milk,action_delay,uncertainty_gate,0.5,False,False,False,,
113,127,milk,action_delay,uncertainty_gate,0.75,False,True,False,90.0,0.005240436177700758
114,127,milk,action_delay,never_help,0.0,False,False,False,,
114,127,milk,action_delay,always_help,1.0,True,True,True,10.0,
114,127,milk,action_delay,oracle_value,,True,True,True,10.0,1.0
114,127,milk,action_delay,value_gate,0.1,False,False,False,,
114,127,milk,action_delay,value_gate,0.25,True,True,True,30.0,0.9459697604179382
114,127,milk,action_delay,value_gate,0.5,True,True,True,10.0,0.8969332575798035
114,127,milk,action_delay,value_gate,0.75,True,True,True,10.0,0.8969332575798035
114,127,milk,action_delay,risk_gate,0.1,False,False,False,,
114,127,milk,action_delay,risk_gate,0.25,False,False,False,,
114,127,milk,action_delay,risk_gate,0.5,False,False,False,,
114,127,milk,action_delay,risk_gate,0.75,True,True,True,30.0,0.6679966449737549
114,127,milk,action_delay,uncertainty_gate,0.1,False,False,False,,
114,127,milk,action_delay,uncertainty_gate,0.25,True,True,True,30.0,0.1290321797132492
114,127,milk,action_delay,uncertainty_gate,0.5,True,True,True,30.0,0.1290321797132492
114,127,milk,action_delay,uncertainty_gate,0.75,True,True,True,30.0,0.1290321797132492
115,127,milk,action_delay,never_help,0.0,False,False,False,,
115,127,milk,action_delay,always_help,1.0,True,True,True,10.0,
115,127,milk,action_delay,oracle_value,,True,True,True,10.0,1.0
115,127,milk,action_delay,value_gate,0.1,False,False,False,,
115,127,milk,action_delay,value_gate,0.25,True,True,True,30.0,0.952014684677124
115,127,milk,action_delay,value_gate,0.5,True,True,True,10.0,0.8333490490913391
115,127,milk,action_delay,value_gate,0.75,True,True,True,10.0,0.8333490490913391
115,127,milk,action_delay,risk_gate,0.1,False,False,False,,
115,127,milk,action_delay,risk_gate,0.25,False,False,False,,
115,127,milk,action_delay,risk_gate,0.5,False,False,False,,
115,127,milk,action_delay,risk_gate,0.75,True,True,True,70.0,0.5456226468086243
115,127,milk,action_delay,uncertainty_gate,0.1,True,True,True,30.0,0.21773172914981842
115,127,milk,action_delay,uncertainty_gate,0.25,True,True,True,30.0,0.21773172914981842
115,127,milk,action_delay,uncertainty_gate,0.5,True,True,True,30.0,0.21773172914981842
115,127,milk,action_delay,uncertainty_gate,0.75,True,True,True,30.0,0.21773172914981842
116,127,milk,gripper_slip,never_help,0.0,False,False,False,,
116,127,milk,gripper_slip,always_help,1.0,True,True,True,10.0,
116,127,milk,gripper_slip,oracle_value,,True,True,True,10.0,1.0
116,127,milk,gripper_slip,value_gate,0.1,False,False,False,,
116,127,milk,gripper_slip,value_gate,0.25,False,False,False,,
116,127,milk,gripper_slip,value_gate,0.5,True,True,True,70.0,0.8513756990432739
116,127,milk,gripper_slip,value_gate,0.75,True,True,True,70.0,0.8513756990432739
116,127,milk,gripper_slip,risk_gate,0.1,False,False,False,,
116,127,milk,gripper_slip,risk_gate,0.25,False,False,False,,
116,127,milk,gripper_slip,risk_gate,0.5,True,True,True,110.0,0.7299460172653198
116,127,milk,gripper_slip,risk_gate,0.75,True,True,True,110.0,0.7299460172653198
116,127,milk,gripper_slip,uncertainty_gate,0.1,True,True,True,70.0,0.2185722291469574
116,127,milk,gripper_slip,uncertainty_gate,0.25,True,True,True,70.0,0.2185722291469574
116,127,milk,gripper_slip,uncertainty_gate,0.5,True,True,True,70.0,0.2185722291469574
116,127,milk,gripper_slip,uncertainty_gate,0.75,True,True,True,30.0,0.003425204660743475
117,127,milk,gripper_slip,never_help,0.0,False,False,False,,
117,127,milk,gripper_slip,always_help,1.0,True,True,True,10.0,
117,127,milk,gripper_slip,oracle_value,,True,True,True,10.0,1.0
117,127,milk,gripper_slip,value_gate,0.1,False,False,False,,
117,127,milk,gripper_slip,value_gate,0.25,False,False,False,,
117,127,milk,gripper_slip,value_gate,0.5,True,True,True,90.0,0.8771313428878784
117,127,milk,gripper_slip,value_gate,0.75,True,True,True,70.0,0.6106217503547668
117,127,milk,gripper_slip,risk_gate,0.1,False,False,False,,
117,127,milk,gripper_slip,risk_gate,0.25,False,False,False,,
117,127,milk,gripper_slip,risk_gate,0.5,False,False,False,,
117,127,milk,gripper_slip,risk_gate,0.75,True,True,True,90.0,0.5171568989753723
117,127,milk,gripper_slip,uncertainty_gate,0.1,False,False,False,,
117,127,milk,gripper_slip,uncertainty_gate,0.25,False,True,False,110.0,0.13296565413475037
117,127,milk,gripper_slip,uncertainty_gate,0.5,False,True,False,110.0,0.13296565413475037
117,127,milk,gripper_slip,uncertainty_gate,0.75,False,True,False,50.0,0.00422321492806077
118,127,milk,gripper_slip,never_help,0.0,False,False,False,,
118,127,milk,gripper_slip,always_help,1.0,True,True,True,10.0,
118,127,milk,gripper_slip,oracle_value,,True,True,True,10.0,1.0
118,127,milk,gripper_slip,value_gate,0.1,False,False,False,,
118,127,milk,gripper_slip,value_gate,0.25,False,False,False,,
118,127,milk,gripper_slip,value_gate,0.5,True,True,True,70.0,0.905376136302948
118,127,milk,gripper_slip,value_gate,0.75,True,True,True,70.0,0.905376136302948
118,127,milk,gripper_slip,risk_gate,0.1,False,False,False,,
118,127,milk,gripper_slip,risk_gate,0.25,False,False,False,,
118,127,milk,gripper_slip,risk_gate,0.5,True,True,True,10.0,0.7557474970817566
118,127,milk,gripper_slip,risk_gate,0.75,True,True,True,10.0,0.7557474970817566
118,127,milk,gripper_slip,uncertainty_gate,0.1,False,False,False,,
118,127,milk,gripper_slip,uncertainty_gate,0.25,False,False,False,,
118,127,milk,gripper_slip,uncertainty_gate,0.5,True,True,True,110.0,0.024223878979682922
118,127,milk,gripper_slip,uncertainty_gate,0.75,True,True,True,50.0,0.012890850193798542
119,127,milk,gripper_slip,never_help,0.0,False,False,False,,
119,127,milk,gripper_slip,always_help,1.0,True,True,True,10.0,
119,127,milk,gripper_slip,oracle_value,,True,True,True,10.0,1.0
119,127,milk,gripper_slip,value_gate,0.1,False,False,False,,
119,127,milk,gripper_slip,value_gate,0.25,False,False,False,,
119,127,milk,gripper_slip,value_gate,0.5,False,False,False,,
119,127,milk,gripper_slip,value_gate,0.75,True,True,True,90.0,0.7652099132537842
119,127,milk,gripper_slip,risk_gate,0.1,False,False,False,,
119,127,milk,gripper_slip,risk_gate,0.25,False,False,False,,
119,127,milk,gripper_slip,risk_gate,0.5,False,False,False,,
119,127,milk,gripper_slip,risk_gate,0.75,False,False,False,,
119,127,milk,gripper_slip,uncertainty_gate,0.1,False,False,False,,
119,127,milk,gripper_slip,uncertainty_gate,0.25,False,False,False,,
119,127,milk,gripper_slip,uncertainty_gate,0.5,True,True,True,70.0,0.043558359146118164
119,127,milk,gripper_slip,uncertainty_gate,0.75,True,True,True,30.0,0.004888087511062622
120,127,bread,nominal,never_help,0.0,True,False,False,,
120,127,bread,nominal,always_help,1.0,True,True,False,10.0,
120,127,bread,nominal,oracle_value,,True,False,False,,
120,127,bread,nominal,value_gate,0.1,True,False,False,,
120,127,bread,nominal,value_gate,0.25,True,False,False,,
120,127,bread,nominal,value_gate,0.5,True,False,False,,
120,127,bread,nominal,value_gate,0.75,True,True,False,30.0,0.7174095511436462
120,127,bread,nominal,risk_gate,0.1,True,False,False,,
120,127,bread,nominal,risk_gate,0.25,True,False,False,,
120,127,bread,nominal,risk_gate,0.5,True,False,False,,
120,127,bread,nominal,risk_gate,0.75,True,False,False,,
120,127,bread,nominal,uncertainty_gate,0.1,True,False,False,,
120,127,bread,nominal,uncertainty_gate,0.25,True,False,False,,
120,127,bread,nominal,uncertainty_gate,0.5,True,False,False,,
120,127,bread,nominal,uncertainty_gate,0.75,True,True,False,70.0,0.004389020614326
121,127,bread,nominal,never_help,0.0,True,False,False,,
121,127,bread,nominal,always_help,1.0,True,True,False,10.0,
121,127,bread,nominal,oracle_value,,True,False,False,,
121,127,bread,nominal,value_gate,0.1,True,False,False,,
121,127,bread,nominal,value_gate,0.25,True,False,False,,
121,127,bread,nominal,value_gate,0.5,True,False,False,,
121,127,bread,nominal,value_gate,0.75,True,True,False,30.0,0.5343301892280579
121,127,bread,nominal,risk_gate,0.1,True,False,False,,
121,127,bread,nominal,risk_gate,0.25,True,False,False,,
121,127,bread,nominal,risk_gate,0.5,True,False,False,,
121,127,bread,nominal,risk_gate,0.75,True,False,False,,
121,127,bread,nominal,uncertainty_gate,0.1,True,False,False,,
121,127,bread,nominal,uncertainty_gate,0.25,True,False,False,,
121,127,bread,nominal,uncertainty_gate,0.5,True,False,False,,
121,127,bread,nominal,uncertainty_gate,0.75,True,True,False,110.0,0.005511929746717215
122,127,bread,nominal,never_help,0.0,True,False,False,,
122,127,bread,nominal,always_help,1.0,True,True,False,10.0,
122,127,bread,nominal,oracle_value,,True,False,False,,
122,127,bread,nominal,value_gate,0.1,True,False,False,,
122,127,bread,nominal,value_gate,0.25,True,False,False,,
122,127,bread,nominal,value_gate,0.5,True,False,False,,
122,127,bread,nominal,value_gate,0.75,True,True,False,30.0,0.6981574892997742
122,127,bread,nominal,risk_gate,0.1,True,False,False,,
122,127,bread,nominal,risk_gate,0.25,True,False,False,,
122,127,bread,nominal,risk_gate,0.5,True,False,False,,
122,127,bread,nominal,risk_gate,0.75,True,False,False,,
122,127,bread,nominal,uncertainty_gate,0.1,True,False,False,,
122,127,bread,nominal,uncertainty_gate,0.25,True,False,False,,
122,127,bread,nominal,uncertainty_gate,0.5,True,False,False,,
122,127,bread,nominal,uncertainty_gate,0.75,True,False,False,,
123,127,bread,nominal,never_help,0.0,True,False,False,,
123,127,bread,nominal,always_help,1.0,True,True,False,10.0,
123,127,bread,nominal,oracle_value,,True,False,False,,
123,127,bread,nominal,value_gate,0.1,True,False,False,,
123,127,bread,nominal,value_gate,0.25,True,False,False,,
123,127,bread,nominal,value_gate,0.5,True,False,False,,
123,127,bread,nominal,value_gate,0.75,True,True,False,10.0,0.766553521156311
123,127,bread,nominal,risk_gate,0.1,True,False,False,,
123,127,bread,nominal,risk_gate,0.25,True,False,False,,
123,127,bread,nominal,risk_gate,0.5,True,False,False,,
123,127,bread,nominal,risk_gate,0.75,True,False,False,,
123,127,bread,nominal,uncertainty_gate,0.1,True,False,False,,
123,127,bread,nominal,uncertainty_gate,0.25,True,False,False,,
123,127,bread,nominal,uncertainty_gate,0.5,True,False,False,,
123,127,bread,nominal,uncertainty_gate,0.75,True,True,False,30.0,0.0039014911744743586
124,127,bread,object_shift,never_help,0.0,False,False,False,,
124,127,bread,object_shift,always_help,1.0,True,True,True,10.0,
124,127,bread,object_shift,oracle_value,,True,True,True,10.0,1.0
124,127,bread,object_shift,value_gate,0.1,True,True,True,50.0,0.9825918674468994
124,127,bread,object_shift,value_gate,0.25,True,True,True,50.0,0.9825918674468994
124,127,bread,object_shift,value_gate,0.5,True,True,True,30.0,0.836560070514679
124,127,bread,object_shift,value_gate,0.75,True,True,True,10.0,0.5353716611862183
124,127,bread,object_shift,risk_gate,0.1,False,False,False,,
124,127,bread,object_shift,risk_gate,0.25,False,False,False,,
124,127,bread,object_shift,risk_gate,0.5,True,True,True,130.0,0.8500077128410339
124,127,bread,object_shift,risk_gate,0.75,True,True,True,50.0,0.5058649182319641
124,127,bread,object_shift,uncertainty_gate,0.1,False,False,False,,
124,127,bread,object_shift,uncertainty_gate,0.25,True,True,True,70.0,0.13108979165554047
124,127,bread,object_shift,uncertainty_gate,0.5,True,True,True,70.0,0.13108979165554047
124,127,bread,object_shift,uncertainty_gate,0.75,True,True,True,50.0,0.0093819135800004
125,127,bread,object_shift,never_help,0.0,False,False,False,,
125,127,bread,object_shift,always_help,1.0,True,True,True,10.0,
125,127,bread,object_shift,oracle_value,,True,True,True,10.0,1.0
125,127,bread,object_shift,value_gate,0.1,True,True,True,30.0,0.9758265614509583
125,127,bread,object_shift,value_gate,0.25,True,True,True,30.0,0.9758265614509583
125,127,bread,object_shift,value_gate,0.5,True,True,True,10.0,0.8456395268440247
125,127,bread,object_shift,value_gate,0.75,True,True,True,10.0,0.8456395268440247
125,127,bread,object_shift,risk_gate,0.1,True,True,True,130.0,0.9792775511741638
125,127,bread,object_shift,risk_gate,0.25,True,True,True,110.0,0.9180639982223511
125,127,bread,object_shift,risk_gate,0.5,True,True,True,10.0,0.8742029070854187
125,127,bread,object_shift,risk_gate,0.75,True,True,True,10.0,0.8742029070854187
125,127,bread,object_shift,uncertainty_gate,0.1,False,False,False,,
125,127,bread,object_shift,uncertainty_gate,0.25,True,True,True,110.0,0.07444405555725098
125,127,bread,object_shift,uncertainty_gate,0.5,True,True,True,110.0,0.07444405555725098
125,127,bread,object_shift,uncertainty_gate,0.75,True,True,True,10.0,0.0071034119464457035
126,127,bread,object_shift,never_help,0.0,True,False,False,,
126,127,bread,object_shift,always_help,1.0,True,True,False,10.0,
126,127,bread,object_shift,oracle_value,,True,False,False,,
126,127,bread,object_shift,value_gate,0.1,True,False,False,,
126,127,bread,object_shift,value_gate,0.25,True,False,False,,
126,127,bread,object_shift,value_gate,0.5,True,False,False,,
126,127,bread,object_shift,value_gate,0.75,True,True,False,10.0,0.556178867816925
126,127,bread,object_shift,risk_gate,0.1,True,False,False,,
126,127,bread,object_shift,risk_gate,0.25,True,False,False,,
126,127,bread,object_shift,risk_gate,0.5,True,False,False,,
126,127,bread,object_shift,risk_gate,0.75,True,False,False,,
126,127,bread,object_shift,uncertainty_gate,0.1,True,False,False,,
126,127,bread,object_shift,uncertainty_gate,0.25,True,False,False,,
126,127,bread,object_shift,uncertainty_gate,0.5,True,True,False,50.0,0.026336589828133583
126,127,bread,object_shift,uncertainty_gate,0.75,True,True,False,50.0,0.026336589828133583
127,127,bread,object_shift,never_help,0.0,False,False,False,,
127,127,bread,object_shift,always_help,1.0,True,True,True,10.0,
127,127,bread,object_shift,oracle_value,,True,True,True,10.0,1.0
127,127,bread,object_shift,value_gate,0.1,True,True,True,90.0,0.9781284928321838
127,127,bread,object_shift,value_gate,0.25,True,True,True,50.0,0.970933735370636
127,127,bread,object_shift,value_gate,0.5,True,True,True,10.0,0.8084174990653992
127,127,bread,object_shift,value_gate,0.75,True,True,True,10.0,0.8084174990653992
127,127,bread,object_shift,risk_gate,0.1,False,False,False,,
127,127,bread,object_shift,risk_gate,0.25,True,True,True,90.0,0.9145973324775696
127,127,bread,object_shift,risk_gate,0.5,True,True,True,90.0,0.9145973324775696
127,127,bread,object_shift,risk_gate,0.75,True,True,True,10.0,0.5974228382110596
127,127,bread,object_shift,uncertainty_gate,0.1,False,False,False,,
127,127,bread,object_shift,uncertainty_gate,0.25,False,False,False,,
127,127,bread,object_shift,uncertainty_gate,0.5,True,True,True,90.0,0.0624244399368763
127,127,bread,object_shift,uncertainty_gate,0.75,True,True,True,30.0,0.004027267452329397
128,127,bread,action_noise,never_help,0.0,True,False,False,,
128,127,bread,action_noise,always_help,1.0,True,True,False,10.0,
128,127,bread,action_noise,oracle_value,,True,False,False,,
128,127,bread,action_noise,value_gate,0.1,True,False,False,,
128,127,bread,action_noise,value_gate,0.25,True,False,False,,
128,127,bread,action_noise,value_gate,0.5,True,True,False,30.0,0.8283690214157104
128,127,bread,action_noise,value_gate,0.75,True,True,False,10.0,0.6679495573043823
128,127,bread,action_noise,risk_gate,0.1,True,False,False,,
128,127,bread,action_noise,risk_gate,0.25,True,False,False,,
128,127,bread,action_noise,risk_gate,0.5,True,True,False,10.0,0.7225587964057922
128,127,bread,action_noise,risk_gate,0.75,True,True,False,10.0,0.7225587964057922
128,127,bread,action_noise,uncertainty_gate,0.1,True,False,False,,
128,127,bread,action_noise,uncertainty_gate,0.25,True,False,False,,
128,127,bread,action_noise,uncertainty_gate,0.5,True,False,False,,
128,127,bread,action_noise,uncertainty_gate,0.75,True,True,False,70.0,0.0037848581559956074
129,127,bread,action_noise,never_help,0.0,True,False,False,,
129,127,bread,action_noise,always_help,1.0,True,True,False,10.0,
129,127,bread,action_noise,oracle_value,,True,False,False,,
129,127,bread,action_noise,value_gate,0.1,True,False,False,,
129,127,bread,action_noise,value_gate,0.25,True,False,False,,
129,127,bread,action_noise,value_gate,0.5,True,False,False,,
129,127,bread,action_noise,value_gate,0.75,True,True,False,10.0,0.7600926756858826
129,127,bread,action_noise,risk_gate,0.1,True,False,False,,
129,127,bread,action_noise,risk_gate,0.25,True,True,False,10.0,0.8904463052749634
129,127,bread,action_noise,risk_gate,0.5,True,True,False,10.0,0.8904463052749634
129,127,bread,action_noise,risk_gate,0.75,True,True,False,10.0,0.8904463052749634
129,127,bread,action_noise,uncertainty_gate,0.1,True,False,False,,
129,127,bread,action_noise,uncertainty_gate,0.25,True,False,False,,
129,127,bread,action_noise,uncertainty_gate,0.5,True,False,False,,
129,127,bread,action_noise,uncertainty_gate,0.75,True,True,False,90.0,0.01634213514626026
130,127,bread,action_noise,never_help,0.0,True,False,False,,
130,127,bread,action_noise,always_help,1.0,True,True,False,10.0,
130,127,bread,action_noise,oracle_value,,True,False,False,,
130,127,bread,action_noise,value_gate,0.1,True,False,False,,
130,127,bread,action_noise,value_gate,0.25,True,False,False,,
130,127,bread,action_noise,value_gate,0.5,True,False,False,,
130,127,bread,action_noise,value_gate,0.75,True,True,False,10.0,0.7188403606414795
130,127,bread,action_noise,risk_gate,0.1,True,False,False,,
130,127,bread,action_noise,risk_gate,0.25,True,True,False,10.0,0.9329380989074707
130,127,bread,action_noise,risk_gate,0.5,True,True,False,10.0,0.9329380989074707
130,127,bread,action_noise,risk_gate,0.75,True,True,False,10.0,0.9329380989074707
130,127,bread,action_noise,uncertainty_gate,0.1,True,False,False,,
130,127,bread,action_noise,uncertainty_gate,0.25,True,False,False,,
130,127,bread,action_noise,uncertainty_gate,0.5,True,False,False,,
130,127,bread,action_noise,uncertainty_gate,0.75,True,False,False,,
131,127,bread,action_noise,never_help,0.0,True,False,False,,
131,127,bread,action_noise,always_help,1.0,True,True,False,10.0,
131,127,bread,action_noise,oracle_value,,True,False,False,,
131,127,bread,action_noise,value_gate,0.1,True,False,False,,
131,127,bread,action_noise,value_gate,0.25,True,False,False,,
131,127,bread,action_noise,value_gate,0.5,True,True,False,10.0,0.7839263677597046
131,127,bread,action_noise,value_gate,0.75,True,True,False,10.0,0.7839263677597046
131,127,bread,action_noise,risk_gate,0.1,True,False,False,,
131,127,bread,action_noise,risk_gate,0.25,True,False,False,,
131,127,bread,action_noise,risk_gate,0.5,True,True,False,10.0,0.8253721594810486
131,127,bread,action_noise,risk_gate,0.75,True,True,False,10.0,0.8253721594810486
131,127,bread,action_noise,uncertainty_gate,0.1,True,False,False,,
131,127,bread,action_noise,uncertainty_gate,0.25,True,False,False,,
131,127,bread,action_noise,uncertainty_gate,0.5,True,False,False,,
131,127,bread,action_noise,uncertainty_gate,0.75,True,True,False,110.0,0.0030861967243254185
132,127,bread,action_delay,never_help,0.0,True,False,False,,
132,127,bread,action_delay,always_help,1.0,True,True,False,10.0,
132,127,bread,action_delay,oracle_value,,True,False,False,,
132,127,bread,action_delay,value_gate,0.1,True,False,False,,
132,127,bread,action_delay,value_gate,0.25,True,False,False,,
132,127,bread,action_delay,value_gate,0.5,True,True,False,10.0,0.7798442244529724
132,127,bread,action_delay,value_gate,0.75,True,True,False,10.0,0.7798442244529724
132,127,bread,action_delay,risk_gate,0.1,True,False,False,,
132,127,bread,action_delay,risk_gate,0.25,True,False,False,,
132,127,bread,action_delay,risk_gate,0.5,True,False,False,,
132,127,bread,action_delay,risk_gate,0.75,True,False,False,,
132,127,bread,action_delay,uncertainty_gate,0.1,True,False,False,,
132,127,bread,action_delay,uncertainty_gate,0.25,True,False,False,,
132,127,bread,action_delay,uncertainty_gate,0.5,True,False,False,,
132,127,bread,action_delay,uncertainty_gate,0.75,True,True,False,70.0,0.010336682200431824
133,127,bread,action_delay,never_help,0.0,False,False,False,,
133,127,bread,action_delay,always_help,1.0,True,True,True,10.0,
133,127,bread,action_delay,oracle_value,,True,True,True,10.0,1.0
133,127,bread,action_delay,value_gate,0.1,True,True,True,90.0,0.9798567891120911
133,127,bread,action_delay,value_gate,0.25,True,True,True,10.0,0.9441715478897095
133,127,bread,action_delay,value_gate,0.5,True,True,True,10.0,0.9441715478897095
133,127,bread,action_delay,value_gate,0.75,True,True,True,10.0,0.9441715478897095
133,127,bread,action_delay,risk_gate,0.1,False,False,False,,
133,127,bread,action_delay,risk_gate,0.25,False,False,False,,
133,127,bread,action_delay,risk_gate,0.5,True,True,True,110.0,0.6912421584129333
133,127,bread,action_delay,risk_gate,0.75,True,True,True,70.0,0.41856667399406433
133,127,bread,action_delay,uncertainty_gate,0.1,True,True,True,70.0,0.255683571100235
133,127,bread,action_delay,uncertainty_gate,0.25,True,True,True,70.0,0.255683571100235
133,127,bread,action_delay,uncertainty_gate,0.5,True,True,True,70.0,0.255683571100235
133,127,bread,action_delay,uncertainty_gate,0.75,True,True,True,50.0,0.00589297479018569
134,127,bread,action_delay,never_help,0.0,False,False,False,,
134,127,bread,action_delay,always_help,1.0,True,True,True,10.0,
134,127,bread,action_delay,oracle_value,,True,True,True,10.0,1.0
134,127,bread,action_delay,value_gate,0.1,False,False,False,,
134,127,bread,action_delay,value_gate,0.25,False,False,False,,
134,127,bread,action_delay,value_gate,0.5,True,True,True,30.0,0.8908337354660034
134,127,bread,action_delay,value_gate,0.75,True,True,True,10.0,0.6521477699279785
134,127,bread,action_delay,risk_gate,0.1,False,False,False,,
134,127,bread,action_delay,risk_gate,0.25,False,False,False,,
134,127,bread,action_delay,risk_gate,0.5,False,False,False,,
134,127,bread,action_delay,risk_gate,0.75,True,True,True,70.0,0.6802617311477661
134,127,bread,action_delay,uncertainty_gate,0.1,False,False,False,,
134,127,bread,action_delay,uncertainty_gate,0.25,True,True,True,30.0,0.1423715204000473
134,127,bread,action_delay,uncertainty_gate,0.5,True,True,True,30.0,0.1423715204000473
134,127,bread,action_delay,uncertainty_gate,0.75,True,True,True,30.0,0.1423715204000473
135,127,bread,action_delay,never_help,0.0,False,False,False,,
135,127,bread,action_delay,always_help,1.0,True,True,True,10.0,
135,127,bread,action_delay,oracle_value,,True,True,True,10.0,1.0
135,127,bread,action_delay,value_gate,0.1,True,True,True,50.0,0.9770587086677551
135,127,bread,action_delay,value_gate,0.25,True,True,True,50.0,0.9770587086677551
135,127,bread,action_delay,value_gate,0.5,True,True,True,10.0,0.91718590259552
135,127,bread,action_delay,value_gate,0.75,True,True,True,10.0,0.91718590259552
135,127,bread,action_delay,risk_gate,0.1,False,False,False,,
135,127,bread,action_delay,risk_gate,0.25,False,False,False,,
135,127,bread,action_delay,risk_gate,0.5,False,False,False,,
135,127,bread,action_delay,risk_gate,0.75,True,True,True,30.0,0.6848734021186829
135,127,bread,action_delay,uncertainty_gate,0.1,True,True,True,130.0,0.24962441623210907
135,127,bread,action_delay,uncertainty_gate,0.25,True,True,True,30.0,0.1455354243516922
135,127,bread,action_delay,uncertainty_gate,0.5,True,True,True,30.0,0.1455354243516922
135,127,bread,action_delay,uncertainty_gate,0.75,True,True,True,30.0,0.1455354243516922
136,127,bread,gripper_slip,never_help,0.0,False,False,False,,
136,127,bread,gripper_slip,always_help,1.0,True,True,True,10.0,
136,127,bread,gripper_slip,oracle_value,,True,True,True,10.0,1.0
136,127,bread,gripper_slip,value_gate,0.1,True,True,True,90.0,0.9717931747436523
136,127,bread,gripper_slip,value_gate,0.25,True,True,True,70.0,0.9477049112319946
136,127,bread,gripper_slip,value_gate,0.5,True,True,True,70.0,0.9477049112319946
136,127,bread,gripper_slip,value_gate,0.75,True,True,True,30.0,0.5575365424156189
136,127,bread,gripper_slip,risk_gate,0.1,False,False,False,,
136,127,bread,gripper_slip,risk_gate,0.25,False,False,False,,
136,127,bread,gripper_slip,risk_gate,0.5,True,True,True,90.0,0.7175078392028809
136,127,bread,gripper_slip,risk_gate,0.75,True,True,True,90.0,0.7175078392028809
136,127,bread,gripper_slip,uncertainty_gate,0.1,False,False,False,,
136,127,bread,gripper_slip,uncertainty_gate,0.25,False,False,False,,
136,127,bread,gripper_slip,uncertainty_gate,0.5,False,False,False,,
136,127,bread,gripper_slip,uncertainty_gate,0.75,True,True,True,70.0,0.014970578253269196
137,127,bread,gripper_slip,never_help,0.0,False,False,False,,
137,127,bread,gripper_slip,always_help,1.0,True,True,True,10.0,
137,127,bread,gripper_slip,oracle_value,,True,True,True,10.0,1.0
137,127,bread,gripper_slip,value_gate,0.1,True,True,True,50.0,0.9817905426025391
137,127,bread,gripper_slip,value_gate,0.25,True,True,True,50.0,0.9817905426025391
137,127,bread,gripper_slip,value_gate,0.5,True,True,True,50.0,0.9817905426025391
137,127,bread,gripper_slip,value_gate,0.75,True,True,True,10.0,0.7054643034934998
137,127,bread,gripper_slip,risk_gate,0.1,True,True,True,10.0,0.96293044090271
137,127,bread,gripper_slip,risk_gate,0.25,True,True,True,10.0,0.96293044090271
137,127,bread,gripper_slip,risk_gate,0.5,True,True,True,10.0,0.96293044090271
137,127,bread,gripper_slip,risk_gate,0.75,True,True,True,10.0,0.96293044090271
137,127,bread,gripper_slip,uncertainty_gate,0.1,False,False,False,,
137,127,bread,gripper_slip,uncertainty_gate,0.25,False,False,False,,
137,127,bread,gripper_slip,uncertainty_gate,0.5,True,True,True,50.0,0.03236765414476395
137,127,bread,gripper_slip,uncertainty_gate,0.75,True,True,True,50.0,0.03236765414476395
138,127,bread,gripper_slip,never_help,0.0,False,False,False,,
138,127,bread,gripper_slip,always_help,1.0,True,True,True,10.0,
138,127,bread,gripper_slip,oracle_value,,True,True,True,10.0,1.0
138,127,bread,gripper_slip,value_gate,0.1,True,True,True,70.0,0.9790240526199341
138,127,bread,gripper_slip,value_gate,0.25,True,True,True,70.0,0.9790240526199341
138,127,bread,gripper_slip,value_gate,0.5,True,True,True,70.0,0.9790240526199341
138,127,bread,gripper_slip,value_gate,0.75,True,True,True,30.0,0.6804776191711426
138,127,bread,gripper_slip,risk_gate,0.1,False,False,False,,
138,127,bread,gripper_slip,risk_gate,0.25,False,False,False,,
138,127,bread,gripper_slip,risk_gate,0.5,True,True,True,70.0,0.7395838499069214
138,127,bread,gripper_slip,risk_gate,0.75,True,True,True,70.0,0.7395838499069214
138,127,bread,gripper_slip,uncertainty_gate,0.1,False,False,False,,
138,127,bread,gripper_slip,uncertainty_gate,0.25,False,False,False,,
138,127,bread,gripper_slip,uncertainty_gate,0.5,True,True,True,70.0,0.02787959575653076
138,127,bread,gripper_slip,uncertainty_gate,0.75,True,True,True,70.0,0.02787959575653076
139,127,bread,gripper_slip,never_help,0.0,False,False,False,,
139,127,bread,gripper_slip,always_help,1.0,True,True,True,10.0,
139,127,bread,gripper_slip,oracle_value,,True,True,True,10.0,1.0
139,127,bread,gripper_slip,value_gate,0.1,True,True,True,90.0,0.9728186130523682
139,127,bread,gripper_slip,value_gate,0.25,True,True,True,70.0,0.9649498462677002
139,127,bread,gripper_slip,value_gate,0.5,True,True,True,70.0,0.9649498462677002
139,127,bread,gripper_slip,value_gate,0.75,True,True,True,10.0,0.7123274207115173
139,127,bread,gripper_slip,risk_gate,0.1,False,False,False,,
139,127,bread,gripper_slip,risk_gate,0.25,True,True,True,90.0,0.8978791236877441
139,127,bread,gripper_slip,risk_gate,0.5,True,True,True,90.0,0.8978791236877441
139,127,bread,gripper_slip,risk_gate,0.75,True,True,True,90.0,0.8978791236877441
139,127,bread,gripper_slip,uncertainty_gate,0.1,False,False,False,,
139,127,bread,gripper_slip,uncertainty_gate,0.25,False,False,False,,
139,127,bread,gripper_slip,uncertainty_gate,0.5,True,True,True,70.0,0.03373795747756958
139,127,bread,gripper_slip,uncertainty_gate,0.75,True,True,True,50.0,0.0053624482825398445
140,127,cereal,nominal,never_help,0.0,True,False,False,,
140,127,cereal,nominal,always_help,1.0,True,True,False,10.0,
140,127,cereal,nominal,oracle_value,,True,False,False,,
140,127,cereal,nominal,value_gate,0.1,True,False,False,,
140,127,cereal,nominal,value_gate,0.25,True,False,False,,
140,127,cereal,nominal,value_gate,0.5,True,False,False,,
140,127,cereal,nominal,value_gate,0.75,True,False,False,,
140,127,cereal,nominal,risk_gate,0.1,True,False,False,,
140,127,cereal,nominal,risk_gate,0.25,True,False,False,,
140,127,cereal,nominal,risk_gate,0.5,True,False,False,,
140,127,cereal,nominal,risk_gate,0.75,True,True,False,10.0,0.4046163558959961
140,127,cereal,nominal,uncertainty_gate,0.1,True,False,False,,
140,127,cereal,nominal,uncertainty_gate,0.25,True,False,False,,
140,127,cereal,nominal,uncertainty_gate,0.5,True,False,False,,
140,127,cereal,nominal,uncertainty_gate,0.75,True,False,False,,
141,127,cereal,nominal,never_help,0.0,True,False,False,,
141,127,cereal,nominal,always_help,1.0,True,True,False,10.0,
141,127,cereal,nominal,oracle_value,,True,False,False,,
141,127,cereal,nominal,value_gate,0.1,True,False,False,,
141,127,cereal,nominal,value_gate,0.25,True,False,False,,
141,127,cereal,nominal,value_gate,0.5,True,False,False,,
141,127,cereal,nominal,value_gate,0.75,True,True,False,10.0,0.6559104323387146
141,127,cereal,nominal,risk_gate,0.1,True,False,False,,
141,127,cereal,nominal,risk_gate,0.25,True,False,False,,
141,127,cereal,nominal,risk_gate,0.5,True,True,False,10.0,0.8097727298736572
141,127,cereal,nominal,risk_gate,0.75,True,True,False,10.0,0.8097727298736572
141,127,cereal,nominal,uncertainty_gate,0.1,True,False,False,,
141,127,cereal,nominal,uncertainty_gate,0.25,True,False,False,,
141,127,cereal,nominal,uncertainty_gate,0.5,True,False,False,,
141,127,cereal,nominal,uncertainty_gate,0.75,True,False,False,,
142,127,cereal,nominal,never_help,0.0,True,False,False,,
142,127,cereal,nominal,always_help,1.0,True,True,False,10.0,
142,127,cereal,nominal,oracle_value,,True,False,False,,
142,127,cereal,nominal,value_gate,0.1,True,False,False,,
142,127,cereal,nominal,value_gate,0.25,True,False,False,,
142,127,cereal,nominal,value_gate,0.5,True,False,False,,
142,127,cereal,nominal,value_gate,0.75,True,True,False,10.0,0.5616151690483093
142,127,cereal,nominal,risk_gate,0.1,True,False,False,,
142,127,cereal,nominal,risk_gate,0.25,True,False,False,,
142,127,cereal,nominal,risk_gate,0.5,True,True,False,10.0,0.6962369084358215
142,127,cereal,nominal,risk_gate,0.75,True,True,False,10.0,0.6962369084358215
142,127,cereal,nominal,uncertainty_gate,0.1,True,False,False,,
142,127,cereal,nominal,uncertainty_gate,0.25,True,False,False,,
142,127,cereal,nominal,uncertainty_gate,0.5,True,False,False,,
142,127,cereal,nominal,uncertainty_gate,0.75,True,True,False,10.0,0.01864001527428627
143,127,cereal,nominal,never_help,0.0,True,False,False,,
143,127,cereal,nominal,always_help,1.0,True,True,False,10.0,
143,127,cereal,nominal,oracle_value,,True,False,False,,
143,127,cereal,nominal,value_gate,0.1,True,False,False,,
143,127,cereal,nominal,value_gate,0.25,True,False,False,,
143,127,cereal,nominal,value_gate,0.5,True,False,False,,
143,127,cereal,nominal,value_gate,0.75,True,True,False,10.0,0.7447182536125183
143,127,cereal,nominal,risk_gate,0.1,True,False,False,,
143,127,cereal,nominal,risk_gate,0.25,True,False,False,,
143,127,cereal,nominal,risk_gate,0.5,True,True,False,10.0,0.8206951022148132
143,127,cereal,nominal,risk_gate,0.75,True,True,False,10.0,0.8206951022148132
143,127,cereal,nominal,uncertainty_gate,0.1,True,False,False,,
143,127,cereal,nominal,uncertainty_gate,0.25,True,False,False,,
143,127,cereal,nominal,uncertainty_gate,0.5,True,False,False,,
143,127,cereal,nominal,uncertainty_gate,0.75,True,False,False,,
144,127,cereal,object_shift,never_help,0.0,True,False,False,,
144,127,cereal,object_shift,always_help,1.0,True,True,False,10.0,
144,127,cereal,object_shift,oracle_value,,True,False,False,,
144,127,cereal,object_shift,value_gate,0.1,True,False,False,,
144,127,cereal,object_shift,value_gate,0.25,True,False,False,,
144,127,cereal,object_shift,value_gate,0.5,True,False,False,,
144,127,cereal,object_shift,value_gate,0.75,True,False,False,,
144,127,cereal,object_shift,risk_gate,0.1,True,False,False,,
144,127,cereal,object_shift,risk_gate,0.25,True,False,False,,
144,127,cereal,object_shift,risk_gate,0.5,True,False,False,,
144,127,cereal,object_shift,risk_gate,0.75,True,False,False,,
144,127,cereal,object_shift,uncertainty_gate,0.1,True,False,False,,
144,127,cereal,object_shift,uncertainty_gate,0.25,True,False,False,,
144,127,cereal,object_shift,uncertainty_gate,0.5,True,False,False,,
144,127,cereal,object_shift,uncertainty_gate,0.75,True,False,False,,
145,127,cereal,object_shift,never_help,0.0,True,False,False,,
145,127,cereal,object_shift,always_help,1.0,True,True,False,10.0,
145,127,cereal,object_shift,oracle_value,,True,False,False,,
145,127,cereal,object_shift,value_gate,0.1,True,False,False,,
145,127,cereal,object_shift,value_gate,0.25,True,False,False,,
145,127,cereal,object_shift,value_gate,0.5,True,False,False,,
145,127,cereal,object_shift,value_gate,0.75,True,True,False,30.0,0.6484782099723816
145,127,cereal,object_shift,risk_gate,0.1,True,False,False,,
145,127,cereal,object_shift,risk_gate,0.25,True,False,False,,
145,127,cereal,object_shift,risk_gate,0.5,True,False,False,,
145,127,cereal,object_shift,risk_gate,0.75,True,False,False,,
145,127,cereal,object_shift,uncertainty_gate,0.1,True,False,False,,
145,127,cereal,object_shift,uncertainty_gate,0.25,True,False,False,,
145,127,cereal,object_shift,uncertainty_gate,0.5,True,False,False,,
145,127,cereal,object_shift,uncertainty_gate,0.75,True,False,False,,
146,127,cereal,object_shift,never_help,0.0,False,False,False,,
146,127,cereal,object_shift,always_help,1.0,True,True,True,10.0,
146,127,cereal,object_shift,oracle_value,,True,True,True,10.0,1.0
146,127,cereal,object_shift,value_gate,0.1,True,True,True,50.0,0.9755476117134094
146,127,cereal,object_shift,value_gate,0.25,True,True,True,50.0,0.9755476117134094
146,127,cereal,object_shift,value_gate,0.5,True,True,True,30.0,0.9266424775123596
146,127,cereal,object_shift,value_gate,0.75,True,True,True,10.0,0.6155312061309814
146,127,cereal,object_shift,risk_gate,0.1,False,False,False,,
146,127,cereal,object_shift,risk_gate,0.25,False,False,False,,
146,127,cereal,object_shift,risk_gate,0.5,True,True,True,10.0,0.872663140296936
146,127,cereal,object_shift,risk_gate,0.75,True,True,True,10.0,0.872663140296936
146,127,cereal,object_shift,uncertainty_gate,0.1,False,False,False,,
146,127,cereal,object_shift,uncertainty_gate,0.25,False,True,False,90.0,0.13496963679790497
146,127,cereal,object_shift,uncertainty_gate,0.5,True,True,True,30.0,0.025193173438310623
146,127,cereal,object_shift,uncertainty_gate,0.75,True,True,True,30.0,0.025193173438310623
147,127,cereal,object_shift,never_help,0.0,False,False,False,,
147,127,cereal,object_shift,always_help,1.0,True,True,True,10.0,
147,127,cereal,object_shift,oracle_value,,True,True,True,10.0,1.0
147,127,cereal,object_shift,value_gate,0.1,False,False,False,,
147,127,cereal,object_shift,value_gate,0.25,False,False,False,,
147,127,cereal,object_shift,value_gate,0.5,True,True,True,50.0,0.8703654408454895
147,127,cereal,object_shift,value_gate,0.75,True,True,True,30.0,0.5263248682022095
147,127,cereal,object_shift,risk_gate,0.1,False,False,False,,
147,127,cereal,object_shift,risk_gate,0.25,False,False,False,,
147,127,cereal,object_shift,risk_gate,0.5,False,False,False,,
147,127,cereal,object_shift,risk_gate,0.75,True,True,True,10.0,0.5445446372032166
147,127,cereal,object_shift,uncertainty_gate,0.1,False,False,False,,
147,127,cereal,object_shift,uncertainty_gate,0.25,False,False,False,,
147,127,cereal,object_shift,uncertainty_gate,0.5,True,True,True,30.0,0.02413264289498329
147,127,cereal,object_shift,uncertainty_gate,0.75,True,True,True,30.0,0.02413264289498329
148,127,cereal,action_noise,never_help,0.0,True,False,False,,
148,127,cereal,action_noise,always_help,1.0,True,True,False,10.0,
148,127,cereal,action_noise,oracle_value,,True,False,False,,
148,127,cereal,action_noise,value_gate,0.1,True,False,False,,
148,127,cereal,action_noise,value_gate,0.25,True,False,False,,
148,127,cereal,action_noise,value_gate,0.5,True,False,False,,
148,127,cereal,action_noise,value_gate,0.75,True,True,False,30.0,0.5198813676834106
148,127,cereal,action_noise,risk_gate,0.1,True,False,False,,
148,127,cereal,action_noise,risk_gate,0.25,True,True,False,10.0,0.8786056637763977
148,127,cereal,action_noise,risk_gate,0.5,True,True,False,10.0,0.8786056637763977
148,127,cereal,action_noise,risk_gate,0.75,True,True,False,10.0,0.8786056637763977
148,127,cereal,action_noise,uncertainty_gate,0.1,True,False,False,,
148,127,cereal,action_noise,uncertainty_gate,0.25,True,False,False,,
148,127,cereal,action_noise,uncertainty_gate,0.5,True,False,False,,
148,127,cereal,action_noise,uncertainty_gate,0.75,True,True,False,10.0,0.012610325589776039
149,127,cereal,action_noise,never_help,0.0,True,False,False,,
149,127,cereal,action_noise,always_help,1.0,True,True,False,10.0,
149,127,cereal,action_noise,oracle_value,,True,False,False,,
149,127,cereal,action_noise,value_gate,0.1,True,False,False,,
149,127,cereal,action_noise,value_gate,0.25,True,False,False,,
149,127,cereal,action_noise,value_gate,0.5,True,False,False,,
149,127,cereal,action_noise,value_gate,0.75,True,True,False,30.0,0.7424831986427307
149,127,cereal,action_noise,risk_gate,0.1,True,False,False,,
149,127,cereal,action_noise,risk_gate,0.25,True,False,False,,
149,127,cereal,action_noise,risk_gate,0.5,True,False,False,,
149,127,cereal,action_noise,risk_gate,0.75,True,False,False,,
149,127,cereal,action_noise,uncertainty_gate,0.1,True,False,False,,
149,127,cereal,action_noise,uncertainty_gate,0.25,True,False,False,,
149,127,cereal,action_noise,uncertainty_gate,0.5,True,False,False,,
149,127,cereal,action_noise,uncertainty_gate,0.75,True,False,False,,
150,127,cereal,action_noise,never_help,0.0,True,False,False,,
150,127,cereal,action_noise,always_help,1.0,True,True,False,10.0,
150,127,cereal,action_noise,oracle_value,,True,False,False,,
150,127,cereal,action_noise,value_gate,0.1,True,False,False,,
150,127,cereal,action_noise,value_gate,0.25,True,False,False,,
150,127,cereal,action_noise,value_gate,0.5,True,False,False,,
150,127,cereal,action_noise,value_gate,0.75,True,False,False,,
150,127,cereal,action_noise,risk_gate,0.1,True,False,False,,
150,127,cereal,action_noise,risk_gate,0.25,True,False,False,,
150,127,cereal,action_noise,risk_gate,0.5,True,False,False,,
150,127,cereal,action_noise,risk_gate,0.75,True,False,False,,
150,127,cereal,action_noise,uncertainty_gate,0.1,True,False,False,,
150,127,cereal,action_noise,uncertainty_gate,0.25,True,False,False,,
150,127,cereal,action_noise,uncertainty_gate,0.5,True,False,False,,
150,127,cereal,action_noise,uncertainty_gate,0.75,True,False,False,,
151,127,cereal,action_noise,never_help,0.0,True,False,False,,
151,127,cereal,action_noise,always_help,1.0,True,True,False,10.0,
151,127,cereal,action_noise,oracle_value,,True,False,False,,
151,127,cereal,action_noise,value_gate,0.1,True,False,False,,
151,127,cereal,action_noise,value_gate,0.25,True,False,False,,
151,127,cereal,action_noise,value_gate,0.5,True,False,False,,
151,127,cereal,action_noise,value_gate,0.75,True,True,False,30.0,0.5410345792770386
151,127,cereal,action_noise,risk_gate,0.1,True,False,False,,
151,127,cereal,action_noise,risk_gate,0.25,True,False,False,,
151,127,cereal,action_noise,risk_gate,0.5,True,False,False,,
151,127,cereal,action_noise,risk_gate,0.75,True,False,False,,
151,127,cereal,action_noise,uncertainty_gate,0.1,True,False,False,,
151,127,cereal,action_noise,uncertainty_gate,0.25,True,False,False,,
151,127,cereal,action_noise,uncertainty_gate,0.5,True,True,False,130.0,0.03204851970076561
151,127,cereal,action_noise,uncertainty_gate,0.75,True,True,False,30.0,0.020581195130944252
152,127,cereal,action_delay,never_help,0.0,False,False,False,,
152,127,cereal,action_delay,always_help,1.0,True,True,True,10.0,
152,127,cereal,action_delay,oracle_value,,True,True,True,10.0,1.0
152,127,cereal,action_delay,value_gate,0.1,False,False,False,,
152,127,cereal,action_delay,value_gate,0.25,False,False,False,,
152,127,cereal,action_delay,value_gate,0.5,True,True,True,10.0,0.9081493020057678
152,127,cereal,action_delay,value_gate,0.75,True,True,True,10.0,0.9081493020057678
152,127,cereal,action_delay,risk_gate,0.1,False,False,False,,
152,127,cereal,action_delay,risk_gate,0.25,False,False,False,,
152,127,cereal,action_delay,risk_gate,0.5,False,False,False,,
152,127,cereal,action_delay,risk_gate,0.75,False,True,False,50.0,0.6399056911468506
152,127,cereal,action_delay,uncertainty_gate,0.1,False,False,False,,
152,127,cereal,action_delay,uncertainty_gate,0.25,False,False,False,,
152,127,cereal,action_delay,uncertainty_gate,0.5,False,False,False,,
152,127,cereal,action_delay,uncertainty_gate,0.75,False,True,False,50.0,0.011631420813500881
153,127,cereal,action_delay,never_help,0.0,False,False,False,,
153,127,cereal,action_delay,always_help,1.0,True,True,True,10.0,
153,127,cereal,action_delay,oracle_value,,True,True,True,10.0,1.0
153,127,cereal,action_delay,value_gate,0.1,False,False,False,,
153,127,cereal,action_delay,value_gate,0.25,True,True,True,130.0,0.9472755193710327
153,127,cereal,action_delay,value_gate,0.5,True,True,True,30.0,0.90048748254776
153,127,cereal,action_delay,value_gate,0.75,True,True,True,10.0,0.6236229538917542
153,127,cereal,action_delay,risk_gate,0.1,False,False,False,,
153,127,cereal,action_delay,risk_gate,0.25,False,False,False,,
153,127,cereal,action_delay,risk_gate,0.5,False,False,False,,
153,127,cereal,action_delay,risk_gate,0.75,True,True,True,50.0,0.6214249730110168
153,127,cereal,action_delay,uncertainty_gate,0.1,False,False,False,,
153,127,cereal,action_delay,uncertainty_gate,0.25,True,True,True,50.0,0.13983143866062164
153,127,cereal,action_delay,uncertainty_gate,0.5,True,True,True,50.0,0.13983143866062164
153,127,cereal,action_delay,uncertainty_gate,0.75,True,True,True,30.0,0.023085234686732292
154,127,cereal,action_delay,never_help,0.0,True,False,False,,
154,127,cereal,action_delay,always_help,1.0,True,True,False,10.0,
154,127,cereal,action_delay,oracle_value,,True,False,False,,
154,127,cereal,action_delay,value_gate,0.1,True,False,False,,
154,127,cereal,action_delay,value_gate,0.25,True,True,False,10.0,0.9408764839172363
154,127,cereal,action_delay,value_gate,0.5,True,True,False,10.0,0.9408764839172363
154,127,cereal,action_delay,value_gate,0.75,True,True,False,10.0,0.9408764839172363
154,127,cereal,action_delay,risk_gate,0.1,True,False,False,,
154,127,cereal,action_delay,risk_gate,0.25,True,False,False,,
154,127,cereal,action_delay,risk_gate,0.5,True,False,False,,
154,127,cereal,action_delay,risk_gate,0.75,True,False,False,,
154,127,cereal,action_delay,uncertainty_gate,0.1,True,False,False,,
154,127,cereal,action_delay,uncertainty_gate,0.25,True,False,False,,
154,127,cereal,action_delay,uncertainty_gate,0.5,True,False,False,,
154,127,cereal,action_delay,uncertainty_gate,0.75,True,True,False,110.0,0.007581085432320833
155,127,cereal,action_delay,never_help,0.0,False,False,False,,
155,127,cereal,action_delay,always_help,1.0,True,True,True,10.0,
155,127,cereal,action_delay,oracle_value,,True,True,True,10.0,1.0
155,127,cereal,action_delay,value_gate,0.1,False,False,False,,
155,127,cereal,action_delay,value_gate,0.25,False,True,False,110.0,0.9522976279258728
155,127,cereal,action_delay,value_gate,0.5,True,True,True,10.0,0.9111820459365845
155,127,cereal,action_delay,value_gate,0.75,True,True,True,10.0,0.9111820459365845
155,127,cereal,action_delay,risk_gate,0.1,False,False,False,,
155,127,cereal,action_delay,risk_gate,0.25,False,False,False,,
155,127,cereal,action_delay,risk_gate,0.5,False,False,False,,
155,127,cereal,action_delay,risk_gate,0.75,True,True,True,30.0,0.35444310307502747
155,127,cereal,action_delay,uncertainty_gate,0.1,True,True,True,70.0,0.16712388396263123
155,127,cereal,action_delay,uncertainty_gate,0.25,True,True,True,50.0,0.10010778158903122
155,127,cereal,action_delay,uncertainty_gate,0.5,True,True,True,30.0,0.043332137167453766
155,127,cereal,action_delay,uncertainty_gate,0.75,True,True,True,30.0,0.043332137167453766
156,127,cereal,gripper_slip,never_help,0.0,False,False,False,,
156,127,cereal,gripper_slip,always_help,1.0,True,True,True,10.0,
156,127,cereal,gripper_slip,oracle_value,,True,True,True,10.0,1.0
156,127,cereal,gripper_slip,value_gate,0.1,False,False,False,,
156,127,cereal,gripper_slip,value_gate,0.25,True,True,True,70.0,0.9568933248519897
156,127,cereal,gripper_slip,value_gate,0.5,True,True,True,70.0,0.9568933248519897
156,127,cereal,gripper_slip,value_gate,0.75,True,True,True,70.0,0.9568933248519897
156,127,cereal,gripper_slip,risk_gate,0.1,False,False,False,,
156,127,cereal,gripper_slip,risk_gate,0.25,False,False,False,,
156,127,cereal,gripper_slip,risk_gate,0.5,False,False,False,,
156,127,cereal,gripper_slip,risk_gate,0.75,False,False,False,,
156,127,cereal,gripper_slip,uncertainty_gate,0.1,True,True,True,70.0,0.18293404579162598
156,127,cereal,gripper_slip,uncertainty_gate,0.25,True,True,True,70.0,0.18293404579162598
156,127,cereal,gripper_slip,uncertainty_gate,0.5,True,True,True,70.0,0.18293404579162598
156,127,cereal,gripper_slip,uncertainty_gate,0.75,True,True,True,50.0,0.0052832551300525665
157,127,cereal,gripper_slip,never_help,0.0,False,False,False,,
157,127,cereal,gripper_slip,always_help,1.0,True,True,True,10.0,
157,127,cereal,gripper_slip,oracle_value,,True,True,True,10.0,1.0
157,127,cereal,gripper_slip,value_gate,0.1,False,False,False,,
157,127,cereal,gripper_slip,value_gate,0.25,True,True,True,50.0,0.9419931173324585
157,127,cereal,gripper_slip,value_gate,0.5,True,True,True,50.0,0.9419931173324585
157,127,cereal,gripper_slip,value_gate,0.75,True,True,True,50.0,0.9419931173324585
157,127,cereal,gripper_slip,risk_gate,0.1,False,False,False,,
157,127,cereal,gripper_slip,risk_gate,0.25,True,True,True,50.0,0.9555089473724365
157,127,cereal,gripper_slip,risk_gate,0.5,True,True,True,10.0,0.7416734099388123
157,127,cereal,gripper_slip,risk_gate,0.75,True,True,True,10.0,0.7416734099388123
157,127,cereal,gripper_slip,uncertainty_gate,0.1,False,False,False,,
157,127,cereal,gripper_slip,uncertainty_gate,0.25,False,False,False,,
157,127,cereal,gripper_slip,uncertainty_gate,0.5,True,True,True,90.0,0.028046438470482826
157,127,cereal,gripper_slip,uncertainty_gate,0.75,True,True,True,50.0,0.011167281307280064
158,127,cereal,gripper_slip,never_help,0.0,False,False,False,,
158,127,cereal,gripper_slip,always_help,1.0,True,True,True,10.0,
158,127,cereal,gripper_slip,oracle_value,,True,True,True,10.0,1.0
158,127,cereal,gripper_slip,value_gate,0.1,True,True,True,90.0,0.9748907089233398
158,127,cereal,gripper_slip,value_gate,0.25,True,True,True,90.0,0.9748907089233398
158,127,cereal,gripper_slip,value_gate,0.5,True,True,True,50.0,0.7799851298332214
158,127,cereal,gripper_slip,value_gate,0.75,True,True,True,10.0,0.603068470954895
158,127,cereal,gripper_slip,risk_gate,0.1,False,False,False,,
158,127,cereal,gripper_slip,risk_gate,0.25,False,False,False,,
158,127,cereal,gripper_slip,risk_gate,0.5,True,True,True,10.0,0.8487954139709473
158,127,cereal,gripper_slip,risk_gate,0.75,True,True,True,10.0,0.8487954139709473
158,127,cereal,gripper_slip,uncertainty_gate,0.1,True,True,True,110.0,0.20653541386127472
158,127,cereal,gripper_slip,uncertainty_gate,0.25,True,True,True,90.0,0.14901842176914215
158,127,cereal,gripper_slip,uncertainty_gate,0.5,True,True,True,50.0,0.030797675251960754
158,127,cereal,gripper_slip,uncertainty_gate,0.75,True,True,True,50.0,0.030797675251960754
159,127,cereal,gripper_slip,never_help,0.0,False,False,False,,
159,127,cereal,gripper_slip,always_help,1.0,True,True,True,10.0,
159,127,cereal,gripper_slip,oracle_value,,True,True,True,10.0,1.0
159,127,cereal,gripper_slip,value_gate,0.1,False,False,False,,
159,127,cereal,gripper_slip,value_gate,0.25,True,True,True,130.0,0.9371511936187744
159,127,cereal,gripper_slip,value_gate,0.5,True,True,True,130.0,0.9371511936187744
159,127,cereal,gripper_slip,value_gate,0.75,False,True,False,50.0,0.700928807258606
159,127,cereal,gripper_slip,risk_gate,0.1,False,False,False,,
159,127,cereal,gripper_slip,risk_gate,0.25,False,False,False,,
159,127,cereal,gripper_slip,risk_gate,0.5,False,False,False,,
159,127,cereal,gripper_slip,risk_gate,0.75,False,False,False,,
159,127,cereal,gripper_slip,uncertainty_gate,0.1,False,False,False,,
159,127,cereal,gripper_slip,uncertainty_gate,0.25,False,False,False,,
159,127,cereal,gripper_slip,uncertainty_gate,0.5,True,True,True,90.0,0.02813434973359108
159,127,cereal,gripper_slip,uncertainty_gate,0.75,True,True,True,90.0,0.02813434973359108
160,227,can,nominal,never_help,0.0,True,False,False,,
160,227,can,nominal,always_help,1.0,True,True,False,10.0,
160,227,can,nominal,oracle_value,,True,False,False,,
160,227,can,nominal,value_gate,0.1,True,False,False,,
160,227,can,nominal,value_gate,0.25,True,False,False,,
160,227,can,nominal,value_gate,0.5,True,False,False,,
160,227,can,nominal,value_gate,0.75,True,True,False,30.0,0.5768336653709412
160,227,can,nominal,risk_gate,0.1,True,False,False,,
160,227,can,nominal,risk_gate,0.25,True,False,False,,
160,227,can,nominal,risk_gate,0.5,True,True,False,10.0,0.709601640701294
160,227,can,nominal,risk_gate,0.75,True,True,False,10.0,0.709601640701294
160,227,can,nominal,uncertainty_gate,0.1,True,False,False,,
160,227,can,nominal,uncertainty_gate,0.25,True,False,False,,
160,227,can,nominal,uncertainty_gate,0.5,True,False,False,,
160,227,can,nominal,uncertainty_gate,0.75,True,True,False,30.0,0.02197258360683918
161,227,can,nominal,never_help,0.0,True,False,False,,
161,227,can,nominal,always_help,1.0,True,True,False,10.0,
161,227,can,nominal,oracle_value,,True,False,False,,
161,227,can,nominal,value_gate,0.1,True,False,False,,
161,227,can,nominal,value_gate,0.25,True,False,False,,
161,227,can,nominal,value_gate,0.5,True,False,False,,
161,227,can,nominal,value_gate,0.75,True,True,False,30.0,0.6555440425872803
161,227,can,nominal,risk_gate,0.1,True,False,False,,
161,227,can,nominal,risk_gate,0.25,True,False,False,,
161,227,can,nominal,risk_gate,0.5,True,False,False,,
161,227,can,nominal,risk_gate,0.75,True,True,False,10.0,0.3292469382286072
161,227,can,nominal,uncertainty_gate,0.1,True,False,False,,
161,227,can,nominal,uncertainty_gate,0.25,True,False,False,,
161,227,can,nominal,uncertainty_gate,0.5,True,False,False,,
161,227,can,nominal,uncertainty_gate,0.75,True,True,False,10.0,0.010794403031468391
162,227,can,nominal,never_help,0.0,True,False,False,,
162,227,can,nominal,always_help,1.0,True,True,False,10.0,
162,227,can,nominal,oracle_value,,True,False,False,,
162,227,can,nominal,value_gate,0.1,True,False,False,,
162,227,can,nominal,value_gate,0.25,True,False,False,,
162,227,can,nominal,value_gate,0.5,True,False,False,,
162,227,can,nominal,value_gate,0.75,True,True,False,10.0,0.664004921913147
162,227,can,nominal,risk_gate,0.1,True,False,False,,
162,227,can,nominal,risk_gate,0.25,True,True,False,10.0,0.8797885775566101
162,227,can,nominal,risk_gate,0.5,True,True,False,10.0,0.8797885775566101
162,227,can,nominal,risk_gate,0.75,True,True,False,10.0,0.8797885775566101
162,227,can,nominal,uncertainty_gate,0.1,True,False,False,,
162,227,can,nominal,uncertainty_gate,0.25,True,False,False,,
162,227,can,nominal,uncertainty_gate,0.5,True,False,False,,
162,227,can,nominal,uncertainty_gate,0.75,True,True,False,110.0,0.0031318741384893656
163,227,can,nominal,never_help,0.0,True,False,False,,
163,227,can,nominal,always_help,1.0,True,True,False,10.0,
163,227,can,nominal,oracle_value,,True,False,False,,
163,227,can,nominal,value_gate,0.1,True,False,False,,
163,227,can,nominal,value_gate,0.25,True,False,False,,
163,227,can,nominal,value_gate,0.5,True,False,False,,
163,227,can,nominal,value_gate,0.75,True,True,False,10.0,0.6784401535987854
163,227,can,nominal,risk_gate,0.1,True,False,False,,
163,227,can,nominal,risk_gate,0.25,True,True,False,10.0,0.8751255869865417
163,227,can,nominal,risk_gate,0.5,True,True,False,10.0,0.8751255869865417
163,227,can,nominal,risk_gate,0.75,True,True,False,10.0,0.8751255869865417
163,227,can,nominal,uncertainty_gate,0.1,True,False,False,,
163,227,can,nominal,uncertainty_gate,0.25,True,False,False,,
163,227,can,nominal,uncertainty_gate,0.5,True,False,False,,
163,227,can,nominal,uncertainty_gate,0.75,True,True,False,50.0,0.012122067622840405
164,227,can,object_shift,never_help,0.0,False,False,False,,
164,227,can,object_shift,always_help,1.0,True,True,True,10.0,
164,227,can,object_shift,oracle_value,,True,True,True,10.0,1.0
164,227,can,object_shift,value_gate,0.1,False,False,False,,
164,227,can,object_shift,value_gate,0.25,True,True,True,70.0,0.975922703742981
164,227,can,object_shift,value_gate,0.5,True,True,True,30.0,0.8878271579742432
164,227,can,object_shift,value_gate,0.75,True,True,True,30.0,0.8878271579742432
164,227,can,object_shift,risk_gate,0.1,False,False,False,,
164,227,can,object_shift,risk_gate,0.25,False,False,False,,
164,227,can,object_shift,risk_gate,0.5,True,True,True,50.0,0.782538652420044
164,227,can,object_shift,risk_gate,0.75,True,True,True,30.0,0.5400111675262451
164,227,can,object_shift,uncertainty_gate,0.1,True,True,True,130.0,0.16579250991344452
164,227,can,object_shift,uncertainty_gate,0.25,True,True,True,130.0,0.16579250991344452
164,227,can,object_shift,uncertainty_gate,0.5,True,True,True,130.0,0.16579250991344452
164,227,can,object_shift,uncertainty_gate,0.75,True,True,True,50.0,0.0031506328377872705
165,227,can,object_shift,never_help,0.0,True,False,False,,
165,227,can,object_shift,always_help,1.0,True,True,False,10.0,
165,227,can,object_shift,oracle_value,,True,False,False,,
165,227,can,object_shift,value_gate,0.1,True,False,False,,
165,227,can,object_shift,value_gate,0.25,True,False,False,,
165,227,can,object_shift,value_gate,0.5,True,True,False,30.0,0.8767706751823425
165,227,can,object_shift,value_gate,0.75,True,True,False,30.0,0.8767706751823425
165,227,can,object_shift,risk_gate,0.1,True,False,False,,
165,227,can,object_shift,risk_gate,0.25,True,False,False,,
165,227,can,object_shift,risk_gate,0.5,True,False,False,,
165,227,can,object_shift,risk_gate,0.75,True,True,False,10.0,0.5089027285575867
165,227,can,object_shift,uncertainty_gate,0.1,True,False,False,,
165,227,can,object_shift,uncertainty_gate,0.25,True,True,False,130.0,0.11630541831254959
165,227,can,object_shift,uncertainty_gate,0.5,True,True,False,110.0,0.032098058611154556
165,227,can,object_shift,uncertainty_gate,0.75,True,True,False,70.0,0.023738596588373184
166,227,can,object_shift,never_help,0.0,True,False,False,,
166,227,can,object_shift,always_help,1.0,True,True,False,10.0,
166,227,can,object_shift,oracle_value,,True,False,False,,
166,227,can,object_shift,value_gate,0.1,True,False,False,,
166,227,can,object_shift,value_gate,0.25,True,False,False,,
166,227,can,object_shift,value_gate,0.5,True,False,False,,
166,227,can,object_shift,value_gate,0.75,True,True,False,10.0,0.6405900716781616
166,227,can,object_shift,risk_gate,0.1,True,False,False,,
166,227,can,object_shift,risk_gate,0.25,True,False,False,,
166,227,can,object_shift,risk_gate,0.5,True,True,False,10.0,0.8521395325660706
166,227,can,object_shift,risk_gate,0.75,True,True,False,10.0,0.8521395325660706
166,227,can,object_shift,uncertainty_gate,0.1,True,False,False,,
166,227,can,object_shift,uncertainty_gate,0.25,True,False,False,,
166,227,can,object_shift,uncertainty_gate,0.5,True,False,False,,
166,227,can,object_shift,uncertainty_gate,0.75,True,False,False,,
167,227,can,object_shift,never_help,0.0,True,False,False,,
167,227,can,object_shift,always_help,1.0,True,True,False,10.0,
167,227,can,object_shift,oracle_value,,True,False,False,,
167,227,can,object_shift,value_gate,0.1,True,False,False,,
167,227,can,object_shift,value_gate,0.25,True,False,False,,
167,227,can,object_shift,value_gate,0.5,True,False,False,,
167,227,can,object_shift,value_gate,0.75,True,False,False,,
167,227,can,object_shift,risk_gate,0.1,True,False,False,,
167,227,can,object_shift,risk_gate,0.25,True,False,False,,
167,227,can,object_shift,risk_gate,0.5,True,True,False,10.0,0.8434274792671204
167,227,can,object_shift,risk_gate,0.75,True,True,False,10.0,0.8434274792671204
167,227,can,object_shift,uncertainty_gate,0.1,True,False,False,,
167,227,can,object_shift,uncertainty_gate,0.25,True,False,False,,
167,227,can,object_shift,uncertainty_gate,0.5,True,False,False,,
167,227,can,object_shift,uncertainty_gate,0.75,True,False,False,,
168,227,can,action_noise,never_help,0.0,True,False,False,,
168,227,can,action_noise,always_help,1.0,True,True,False,10.0,
168,227,can,action_noise,oracle_value,,True,False,False,,
168,227,can,action_noise,value_gate,0.1,True,False,False,,
168,227,can,action_noise,value_gate,0.25,True,False,False,,
168,227,can,action_noise,value_gate,0.5,True,True,False,70.0,0.8803030252456665
168,227,can,action_noise,value_gate,0.75,True,True,False,10.0,0.5601797699928284
168,227,can,action_noise,risk_gate,0.1,True,False,False,,
168,227,can,action_noise,risk_gate,0.25,True,True,False,10.0,0.8888806700706482
168,227,can,action_noise,risk_gate,0.5,True,True,False,10.0,0.8888806700706482
168,227,can,action_noise,risk_gate,0.75,True,True,False,10.0,0.8888806700706482
168,227,can,action_noise,uncertainty_gate,0.1,True,False,False,,
168,227,can,action_noise,uncertainty_gate,0.25,True,True,False,50.0,0.0912957563996315
168,227,can,action_noise,uncertainty_gate,0.5,True,True,False,50.0,0.0912957563996315
168,227,can,action_noise,uncertainty_gate,0.75,True,True,False,30.0,0.0034775857347995043
169,227,can,action_noise,never_help,0.0,True,False,False,,
169,227,can,action_noise,always_help,1.0,True,True,False,10.0,
169,227,can,action_noise,oracle_value,,True,False,False,,
169,227,can,action_noise,value_gate,0.1,True,False,False,,
169,227,can,action_noise,value_gate,0.25,True,False,False,,
169,227,can,action_noise,value_gate,0.5,True,False,False,,
169,227,can,action_noise,value_gate,0.75,True,False,False,,
169,227,can,action_noise,risk_gate,0.1,True,False,False,,
169,227,can,action_noise,risk_gate,0.25,True,False,False,,
169,227,can,action_noise,risk_gate,0.5,True,True,False,10.0,0.8516044020652771
169,227,can,action_noise,risk_gate,0.75,True,True,False,10.0,0.8516044020652771
169,227,can,action_noise,uncertainty_gate,0.1,True,False,False,,
169,227,can,action_noise,uncertainty_gate,0.25,True,False,False,,
169,227,can,action_noise,uncertainty_gate,0.5,True,False,False,,
169,227,can,action_noise,uncertainty_gate,0.75,True,True,False,50.0,0.004424474202096462
170,227,can,action_noise,never_help,0.0,False,False,False,,
170,227,can,action_noise,always_help,1.0,True,True,True,10.0,
170,227,can,action_noise,oracle_value,,True,True,True,10.0,1.0
170,227,can,action_noise,value_gate,0.1,False,False,False,,
170,227,can,action_noise,value_gate,0.25,False,False,False,,
170,227,can,action_noise,value_gate,0.5,True,True,True,50.0,0.9178397059440613
170,227,can,action_noise,value_gate,0.75,True,True,True,10.0,0.5258899927139282
170,227,can,action_noise,risk_gate,0.1,False,False,False,,
170,227,can,action_noise,risk_gate,0.25,True,True,True,90.0,0.929496169090271
170,227,can,action_noise,risk_gate,0.5,True,True,True,50.0,0.7823105454444885
170,227,can,action_noise,risk_gate,0.75,True,True,True,30.0,0.47356483340263367
170,227,can,action_noise,uncertainty_gate,0.1,False,False,False,,
170,227,can,action_noise,uncertainty_gate,0.25,True,True,True,50.0,0.08586503565311432
170,227,can,action_noise,uncertainty_gate,0.5,True,True,True,50.0,0.08586503565311432
170,227,can,action_noise,uncertainty_gate,0.75,True,True,True,30.0,0.005557653959840536
171,227,can,action_noise,never_help,0.0,True,False,False,,
171,227,can,action_noise,always_help,1.0,True,True,False,10.0,
171,227,can,action_noise,oracle_value,,True,False,False,,
171,227,can,action_noise,value_gate,0.1,True,False,False,,
171,227,can,action_noise,value_gate,0.25,True,False,False,,
171,227,can,action_noise,value_gate,0.5,True,False,False,,
171,227,can,action_noise,value_gate,0.75,True,True,False,10.0,0.6696755886077881
171,227,can,action_noise,risk_gate,0.1,True,False,False,,
171,227,can,action_noise,risk_gate,0.25,True,False,False,,
171,227,can,action_noise,risk_gate,0.5,True,True,False,10.0,0.8473139405250549
171,227,can,action_noise,risk_gate,0.75,True,True,False,10.0,0.8473139405250549
171,227,can,action_noise,uncertainty_gate,0.1,True,False,False,,
171,227,can,action_noise,uncertainty_gate,0.25,True,False,False,,
171,227,can,action_noise,uncertainty_gate,0.5,True,False,False,,
171,227,can,action_noise,uncertainty_gate,0.75,True,True,False,50.0,0.009808165021240711
172,227,can,action_delay,never_help,0.0,False,False,False,,
172,227,can,action_delay,always_help,1.0,True,True,True,10.0,
172,227,can,action_delay,oracle_value,,True,True,True,10.0,1.0
172,227,can,action_delay,value_gate,0.1,False,False,False,,
172,227,can,action_delay,value_gate,0.25,True,True,True,10.0,0.978515625
172,227,can,action_delay,value_gate,0.5,True,True,True,10.0,0.978515625
172,227,can,action_delay,value_gate,0.75,True,True,True,10.0,0.978515625
172,227,can,action_delay,risk_gate,0.1,False,False,False,,
172,227,can,action_delay,risk_gate,0.25,False,False,False,,
172,227,can,action_delay,risk_gate,0.5,False,False,False,,
172,227,can,action_delay,risk_gate,0.75,True,True,True,70.0,0.3719791769981384
172,227,can,action_delay,uncertainty_gate,0.1,False,False,False,,
172,227,can,action_delay,uncertainty_gate,0.25,False,False,False,,
172,227,can,action_delay,uncertainty_gate,0.5,True,True,True,110.0,0.050857219845056534
172,227,can,action_delay,uncertainty_gate,0.75,True,True,True,30.0,0.009739292785525322
173,227,can,action_delay,never_help,0.0,False,False,False,,
173,227,can,action_delay,always_help,1.0,True,True,True,10.0,
173,227,can,action_delay,oracle_value,,True,True,True,10.0,1.0
173,227,can,action_delay,value_gate,0.1,False,False,False,,
173,227,can,action_delay,value_gate,0.25,True,True,True,10.0,0.9814303517341614
173,227,can,action_delay,value_gate,0.5,True,True,True,10.0,0.9814303517341614
173,227,can,action_delay,value_gate,0.75,True,True,True,10.0,0.9814303517341614
173,227,can,action_delay,risk_gate,0.1,False,False,False,,
173,227,can,action_delay,risk_gate,0.25,False,False,False,,
173,227,can,action_delay,risk_gate,0.5,False,False,False,,
173,227,can,action_delay,risk_gate,0.75,False,True,False,110.0,0.6545963287353516
173,227,can,action_delay,uncertainty_gate,0.1,False,False,False,,
173,227,can,action_delay,uncertainty_gate,0.25,False,False,False,,
173,227,can,action_delay,uncertainty_gate,0.5,False,True,False,70.0,0.03652839735150337
173,227,can,action_delay,uncertainty_gate,0.75,False,True,False,70.0,0.03652839735150337
174,227,can,action_delay,never_help,0.0,False,False,False,,
174,227,can,action_delay,always_help,1.0,True,True,True,10.0,
174,227,can,action_delay,oracle_value,,True,True,True,10.0,1.0
174,227,can,action_delay,value_gate,0.1,False,False,False,,
174,227,can,action_delay,value_gate,0.25,True,True,True,10.0,0.9732216596603394
174,227,can,action_delay,value_gate,0.5,True,True,True,10.0,0.9732216596603394
174,227,can,action_delay,value_gate,0.75,True,True,True,10.0,0.9732216596603394
174,227,can,action_delay,risk_gate,0.1,False,False,False,,
174,227,can,action_delay,risk_gate,0.25,False,False,False,,
174,227,can,action_delay,risk_gate,0.5,True,True,True,50.0,0.7185170650482178
174,227,can,action_delay,risk_gate,0.75,True,True,True,30.0,0.5009916424751282
174,227,can,action_delay,uncertainty_gate,0.1,False,False,False,,
174,227,can,action_delay,uncertainty_gate,0.25,False,False,False,,
174,227,can,action_delay,uncertainty_gate,0.5,False,False,False,,
174,227,can,action_delay,uncertainty_gate,0.75,True,True,True,30.0,0.0033010668121278286
175,227,can,action_delay,never_help,0.0,True,False,False,,
175,227,can,action_delay,always_help,1.0,True,True,False,10.0,
175,227,can,action_delay,oracle_value,,True,False,False,,
175,227,can,action_delay,value_gate,0.1,True,False,False,,
175,227,can,action_delay,value_gate,0.25,True,False,False,,
175,227,can,action_delay,value_gate,0.5,True,True,False,10.0,0.9280654191970825
175,227,can,action_delay,value_gate,0.75,True,True,False,10.0,0.9280654191970825
175,227,can,action_delay,risk_gate,0.1,True,False,False,,
175,227,can,action_delay,risk_gate,0.25,True,False,False,,
175,227,can,action_delay,risk_gate,0.5,True,False,False,,
175,227,can,action_delay,risk_gate,0.75,True,True,False,30.0,0.3922853171825409
175,227,can,action_delay,uncertainty_gate,0.1,True,True,False,30.0,0.1559833288192749
175,227,can,action_delay,uncertainty_gate,0.25,True,True,False,30.0,0.1559833288192749
175,227,can,action_delay,uncertainty_gate,0.5,True,True,False,30.0,0.1559833288192749
175,227,can,action_delay,uncertainty_gate,0.75,True,True,False,30.0,0.1559833288192749
176,227,can,gripper_slip,never_help,0.0,False,False,False,,
176,227,can,gripper_slip,always_help,1.0,True,True,True,10.0,
176,227,can,gripper_slip,oracle_value,,True,True,True,10.0,1.0
176,227,can,gripper_slip,value_gate,0.1,False,False,False,,
176,227,can,gripper_slip,value_gate,0.25,False,False,False,,
176,227,can,gripper_slip,value_gate,0.5,True,True,True,50.0,0.945607602596283
176,227,can,gripper_slip,value_gate,0.75,True,True,True,50.0,0.945607602596283
176,227,can,gripper_slip,risk_gate,0.1,True,True,True,50.0,0.9720245599746704
176,227,can,gripper_slip,risk_gate,0.25,True,True,True,10.0,0.9176959991455078
176,227,can,gripper_slip,risk_gate,0.5,True,True,True,10.0,0.9176959991455078
176,227,can,gripper_slip,risk_gate,0.75,True,True,True,10.0,0.9176959991455078
176,227,can,gripper_slip,uncertainty_gate,0.1,False,False,False,,
176,227,can,gripper_slip,uncertainty_gate,0.25,False,False,False,,
176,227,can,gripper_slip,uncertainty_gate,0.5,True,True,True,50.0,0.031124349683523178
176,227,can,gripper_slip,uncertainty_gate,0.75,True,True,True,50.0,0.031124349683523178
177,227,can,gripper_slip,never_help,0.0,True,False,False,,
177,227,can,gripper_slip,always_help,1.0,True,True,False,10.0,
177,227,can,gripper_slip,oracle_value,,True,False,False,,
177,227,can,gripper_slip,value_gate,0.1,True,True,False,50.0,0.9830438494682312
177,227,can,gripper_slip,value_gate,0.25,True,True,False,50.0,0.9830438494682312
177,227,can,gripper_slip,value_gate,0.5,True,True,False,50.0,0.9830438494682312
177,227,can,gripper_slip,value_gate,0.75,True,True,False,50.0,0.9830438494682312
177,227,can,gripper_slip,risk_gate,0.1,True,False,False,,
177,227,can,gripper_slip,risk_gate,0.25,True,True,False,50.0,0.9165358543395996
177,227,can,gripper_slip,risk_gate,0.5,True,True,False,50.0,0.9165358543395996
177,227,can,gripper_slip,risk_gate,0.75,True,True,False,50.0,0.9165358543395996
177,227,can,gripper_slip,uncertainty_gate,0.1,True,False,False,,
177,227,can,gripper_slip,uncertainty_gate,0.25,True,True,False,90.0,0.11142174899578094
177,227,can,gripper_slip,uncertainty_gate,0.5,True,True,False,90.0,0.11142174899578094
177,227,can,gripper_slip,uncertainty_gate,0.75,True,True,False,50.0,0.017566369846463203
178,227,can,gripper_slip,never_help,0.0,False,False,False,,
178,227,can,gripper_slip,always_help,1.0,True,True,True,10.0,
178,227,can,gripper_slip,oracle_value,,True,True,True,10.0,1.0
178,227,can,gripper_slip,value_gate,0.1,False,False,False,,
178,227,can,gripper_slip,value_gate,0.25,False,False,False,,
178,227,can,gripper_slip,value_gate,0.5,True,True,True,70.0,0.8417865037918091
178,227,can,gripper_slip,value_gate,0.75,True,True,True,50.0,0.815409243106842
178,227,can,gripper_slip,risk_gate,0.1,False,False,False,,
178,227,can,gripper_slip,risk_gate,0.25,False,False,False,,
178,227,can,gripper_slip,risk_gate,0.5,True,True,True,10.0,0.8486989140510559
178,227,can,gripper_slip,risk_gate,0.75,True,True,True,10.0,0.8486989140510559
178,227,can,gripper_slip,uncertainty_gate,0.1,False,False,False,,
178,227,can,gripper_slip,uncertainty_gate,0.25,True,True,True,70.0,0.11623033136129379
178,227,can,gripper_slip,uncertainty_gate,0.5,True,True,True,70.0,0.11623033136129379
178,227,can,gripper_slip,uncertainty_gate,0.75,True,True,True,50.0,0.011859996244311333
179,227,can,gripper_slip,never_help,0.0,False,False,False,,
179,227,can,gripper_slip,always_help,1.0,True,True,True,10.0,
179,227,can,gripper_slip,oracle_value,,True,True,True,10.0,1.0
179,227,can,gripper_slip,value_gate,0.1,False,False,False,,
179,227,can,gripper_slip,value_gate,0.25,False,False,False,,
179,227,can,gripper_slip,value_gate,0.5,True,True,True,30.0,0.8713526725769043
179,227,can,gripper_slip,value_gate,0.75,True,True,True,30.0,0.8713526725769043
179,227,can,gripper_slip,risk_gate,0.1,False,False,False,,
179,227,can,gripper_slip,risk_gate,0.25,True,True,True,90.0,0.9127040505409241
179,227,can,gripper_slip,risk_gate,0.5,True,True,True,10.0,0.6905800104141235
179,227,can,gripper_slip,risk_gate,0.75,True,True,True,10.0,0.6905800104141235
179,227,can,gripper_slip,uncertainty_gate,0.1,True,True,True,50.0,0.16465803980827332
179,227,can,gripper_slip,uncertainty_gate,0.25,True,True,True,50.0,0.16465803980827332
179,227,can,gripper_slip,uncertainty_gate,0.5,True,True,True,50.0,0.16465803980827332
179,227,can,gripper_slip,uncertainty_gate,0.75,True,True,True,50.0,0.16465803980827332
180,227,milk,nominal,never_help,0.0,True,False,False,,
180,227,milk,nominal,always_help,1.0,True,True,False,10.0,
180,227,milk,nominal,oracle_value,,True,False,False,,
180,227,milk,nominal,value_gate,0.1,True,False,False,,
180,227,milk,nominal,value_gate,0.25,True,False,False,,
180,227,milk,nominal,value_gate,0.5,True,False,False,,
180,227,milk,nominal,value_gate,0.75,True,False,False,,
180,227,milk,nominal,risk_gate,0.1,True,False,False,,
180,227,milk,nominal,risk_gate,0.25,True,False,False,,
180,227,milk,nominal,risk_gate,0.5,True,False,False,,
180,227,milk,nominal,risk_gate,0.75,True,False,False,,
180,227,milk,nominal,uncertainty_gate,0.1,True,False,False,,
180,227,milk,nominal,uncertainty_gate,0.25,True,False,False,,
180,227,milk,nominal,uncertainty_gate,0.5,True,False,False,,
180,227,milk,nominal,uncertainty_gate,0.75,True,False,False,,
181,227,milk,nominal,never_help,0.0,True,False,False,,
181,227,milk,nominal,always_help,1.0,True,True,False,10.0,
181,227,milk,nominal,oracle_value,,True,False,False,,
181,227,milk,nominal,value_gate,0.1,True,False,False,,
181,227,milk,nominal,value_gate,0.25,True,False,False,,
181,227,milk,nominal,value_gate,0.5,True,False,False,,
181,227,milk,nominal,value_gate,0.75,True,True,False,30.0,0.6267781853675842
181,227,milk,nominal,risk_gate,0.1,True,False,False,,
181,227,milk,nominal,risk_gate,0.25,True,False,False,,
181,227,milk,nominal,risk_gate,0.5,True,False,False,,
181,227,milk,nominal,risk_gate,0.75,True,False,False,,
181,227,milk,nominal,uncertainty_gate,0.1,True,False,False,,
181,227,milk,nominal,uncertainty_gate,0.25,True,False,False,,
181,227,milk,nominal,uncertainty_gate,0.5,True,False,False,,
181,227,milk,nominal,uncertainty_gate,0.75,True,True,False,70.0,0.003792789066210389
182,227,milk,nominal,never_help,0.0,True,False,False,,
182,227,milk,nominal,always_help,1.0,True,True,False,10.0,
182,227,milk,nominal,oracle_value,,True,False,False,,
182,227,milk,nominal,value_gate,0.1,True,False,False,,
182,227,milk,nominal,value_gate,0.25,True,False,False,,
182,227,milk,nominal,value_gate,0.5,True,False,False,,
182,227,milk,nominal,value_gate,0.75,True,True,False,10.0,0.5219041109085083
182,227,milk,nominal,risk_gate,0.1,True,True,False,10.0,0.9560517072677612
182,227,milk,nominal,risk_gate,0.25,True,True,False,10.0,0.9560517072677612
182,227,milk,nominal,risk_gate,0.5,True,True,False,10.0,0.9560517072677612
182,227,milk,nominal,risk_gate,0.75,True,True,False,10.0,0.9560517072677612
182,227,milk,nominal,uncertainty_gate,0.1,True,False,False,,
182,227,milk,nominal,uncertainty_gate,0.25,True,False,False,,
182,227,milk,nominal,uncertainty_gate,0.5,True,False,False,,
182,227,milk,nominal,uncertainty_gate,0.75,True,True,False,10.0,0.003220143262296915
183,227,milk,nominal,never_help,0.0,True,False,False,,
183,227,milk,nominal,always_help,1.0,True,True,False,10.0,
183,227,milk,nominal,oracle_value,,True,False,False,,
183,227,milk,nominal,value_gate,0.1,True,False,False,,
183,227,milk,nominal,value_gate,0.25,True,False,False,,
183,227,milk,nominal,value_gate,0.5,True,False,False,,
183,227,milk,nominal,value_gate,0.75,True,True,False,10.0,0.6368158459663391
183,227,milk,nominal,risk_gate,0.1,True,False,False,,
183,227,milk,nominal,risk_gate,0.25,True,False,False,,
183,227,milk,nominal,risk_gate,0.5,True,False,False,,
183,227,milk,nominal,risk_gate,0.75,True,True,False,10.0,0.5463968515396118
183,227,milk,nominal,uncertainty_gate,0.1,True,False,False,,
183,227,milk,nominal,uncertainty_gate,0.25,True,False,False,,
183,227,milk,nominal,uncertainty_gate,0.5,True,False,False,,
183,227,milk,nominal,uncertainty_gate,0.75,True,False,False,,
184,227,milk,object_shift,never_help,0.0,False,False,False,,
184,227,milk,object_shift,always_help,1.0,True,True,True,10.0,
184,227,milk,object_shift,oracle_value,,True,True,True,10.0,1.0
184,227,milk,object_shift,value_gate,0.1,False,False,False,,
184,227,milk,object_shift,value_gate,0.25,False,False,False,,
184,227,milk,object_shift,value_gate,0.5,True,True,True,30.0,0.9224316477775574
184,227,milk,object_shift,value_gate,0.75,True,True,True,10.0,0.5566016435623169
184,227,milk,object_shift,risk_gate,0.1,False,False,False,,
184,227,milk,object_shift,risk_gate,0.25,True,True,True,10.0,0.8766249418258667
184,227,milk,object_shift,risk_gate,0.5,True,True,True,10.0,0.8766249418258667
184,227,milk,object_shift,risk_gate,0.75,True,True,True,10.0,0.8766249418258667
184,227,milk,object_shift,uncertainty_gate,0.1,False,False,False,,
184,227,milk,object_shift,uncertainty_gate,0.25,False,False,False,,
184,227,milk,object_shift,uncertainty_gate,0.5,False,False,False,,
184,227,milk,object_shift,uncertainty_gate,0.75,True,True,True,30.0,0.01033561397343874
185,227,milk,object_shift,never_help,0.0,False,False,False,,
185,227,milk,object_shift,always_help,1.0,True,True,True,10.0,
185,227,milk,object_shift,oracle_value,,True,True,True,10.0,1.0
185,227,milk,object_shift,value_gate,0.1,False,False,False,,
185,227,milk,object_shift,value_gate,0.25,False,False,False,,
185,227,milk,object_shift,value_gate,0.5,False,False,False,,
185,227,milk,object_shift,value_gate,0.75,False,False,False,,
185,227,milk,object_shift,risk_gate,0.1,False,False,False,,
185,227,milk,object_shift,risk_gate,0.25,False,False,False,,
185,227,milk,object_shift,risk_gate,0.5,False,True,False,50.0,0.7246723175048828
185,227,milk,object_shift,risk_gate,0.75,False,True,False,50.0,0.7246723175048828
185,227,milk,object_shift,uncertainty_gate,0.1,False,False,False,,
185,227,milk,object_shift,uncertainty_gate,0.25,False,False,False,,
185,227,milk,object_shift,uncertainty_gate,0.5,False,False,False,,
185,227,milk,object_shift,uncertainty_gate,0.75,False,True,False,30.0,0.009264511056244373
186,227,milk,object_shift,never_help,0.0,True,False,False,,
186,227,milk,object_shift,always_help,1.0,True,True,False,10.0,
186,227,milk,object_shift,oracle_value,,True,False,False,,
186,227,milk,object_shift,value_gate,0.1,True,False,False,,
186,227,milk,object_shift,value_gate,0.25,True,False,False,,
186,227,milk,object_shift,value_gate,0.5,True,False,False,,
186,227,milk,object_shift,value_gate,0.75,True,True,False,30.0,0.640487790107727
186,227,milk,object_shift,risk_gate,0.1,True,False,False,,
186,227,milk,object_shift,risk_gate,0.25,True,False,False,,
186,227,milk,object_shift,risk_gate,0.5,True,False,False,,
186,227,milk,object_shift,risk_gate,0.75,True,False,False,,
186,227,milk,object_shift,uncertainty_gate,0.1,True,False,False,,
186,227,milk,object_shift,uncertainty_gate,0.25,True,False,False,,
186,227,milk,object_shift,uncertainty_gate,0.5,True,False,False,,
186,227,milk,object_shift,uncertainty_gate,0.75,True,False,False,,
187,227,milk,object_shift,never_help,0.0,True,False,False,,
187,227,milk,object_shift,always_help,1.0,True,True,False,10.0,
187,227,milk,object_shift,oracle_value,,True,False,False,,
187,227,milk,object_shift,value_gate,0.1,True,False,False,,
187,227,milk,object_shift,value_gate,0.25,True,False,False,,
187,227,milk,object_shift,value_gate,0.5,True,False,False,,
187,227,milk,object_shift,value_gate,0.75,True,False,False,,
187,227,milk,object_shift,risk_gate,0.1,True,False,False,,
187,227,milk,object_shift,risk_gate,0.25,True,False,False,,
187,227,milk,object_shift,risk_gate,0.5,True,True,False,10.0,0.7339088916778564
187,227,milk,object_shift,risk_gate,0.75,True,True,False,10.0,0.7339088916778564
187,227,milk,object_shift,uncertainty_gate,0.1,True,False,False,,
187,227,milk,object_shift,uncertainty_gate,0.25,True,False,False,,
187,227,milk,object_shift,uncertainty_gate,0.5,True,False,False,,
187,227,milk,object_shift,uncertainty_gate,0.75,True,False,False,,
188,227,milk,action_noise,never_help,0.0,True,False,False,,
188,227,milk,action_noise,always_help,1.0,True,True,False,10.0,
188,227,milk,action_noise,oracle_value,,True,False,False,,
188,227,milk,action_noise,value_gate,0.1,True,False,False,,
188,227,milk,action_noise,value_gate,0.25,True,False,False,,
188,227,milk,action_noise,value_gate,0.5,True,False,False,,
188,227,milk,action_noise,value_gate,0.75,True,True,False,10.0,0.7772989273071289
188,227,milk,action_noise,risk_gate,0.1,True,False,False,,
188,227,milk,action_noise,risk_gate,0.25,True,False,False,,
188,227,milk,action_noise,risk_gate,0.5,True,False,False,,
188,227,milk,action_noise,risk_gate,0.75,True,False,False,,
188,227,milk,action_noise,uncertainty_gate,0.1,True,False,False,,
188,227,milk,action_noise,uncertainty_gate,0.25,True,False,False,,
188,227,milk,action_noise,uncertainty_gate,0.5,True,False,False,,
188,227,milk,action_noise,uncertainty_gate,0.75,True,False,False,,
189,227,milk,action_noise,never_help,0.0,True,False,False,,
189,227,milk,action_noise,always_help,1.0,True,True,False,10.0,
189,227,milk,action_noise,oracle_value,,True,False,False,,
189,227,milk,action_noise,value_gate,0.1,True,False,False,,
189,227,milk,action_noise,value_gate,0.25,True,False,False,,
189,227,milk,action_noise,value_gate,0.5,True,False,False,,
189,227,milk,action_noise,value_gate,0.75,True,False,False,,
189,227,milk,action_noise,risk_gate,0.1,True,False,False,,
189,227,milk,action_noise,risk_gate,0.25,True,False,False,,
189,227,milk,action_noise,risk_gate,0.5,True,False,False,,
189,227,milk,action_noise,risk_gate,0.75,True,False,False,,
189,227,milk,action_noise,uncertainty_gate,0.1,True,False,False,,
189,227,milk,action_noise,uncertainty_gate,0.25,True,False,False,,
189,227,milk,action_noise,uncertainty_gate,0.5,True,False,False,,
189,227,milk,action_noise,uncertainty_gate,0.75,True,False,False,,
190,227,milk,action_noise,never_help,0.0,True,False,False,,
190,227,milk,action_noise,always_help,1.0,True,True,False,10.0,
190,227,milk,action_noise,oracle_value,,True,False,False,,
190,227,milk,action_noise,value_gate,0.1,True,False,False,,
190,227,milk,action_noise,value_gate,0.25,True,False,False,,
190,227,milk,action_noise,value_gate,0.5,True,False,False,,
190,227,milk,action_noise,value_gate,0.75,False,True,False,30.0,0.6938097476959229
190,227,milk,action_noise,risk_gate,0.1,True,False,False,,
190,227,milk,action_noise,risk_gate,0.25,True,False,False,,
190,227,milk,action_noise,risk_gate,0.5,True,False,False,,
190,227,milk,action_noise,risk_gate,0.75,True,False,False,,
190,227,milk,action_noise,uncertainty_gate,0.1,True,False,False,,
190,227,milk,action_noise,uncertainty_gate,0.25,True,False,False,,
190,227,milk,action_noise,uncertainty_gate,0.5,True,False,False,,
190,227,milk,action_noise,uncertainty_gate,0.75,False,True,False,30.0,0.005201650317758322
191,227,milk,action_noise,never_help,0.0,True,False,False,,
191,227,milk,action_noise,always_help,1.0,True,True,False,10.0,
191,227,milk,action_noise,oracle_value,,True,False,False,,
191,227,milk,action_noise,value_gate,0.1,True,False,False,,
191,227,milk,action_noise,value_gate,0.25,True,False,False,,
191,227,milk,action_noise,value_gate,0.5,True,False,False,,
191,227,milk,action_noise,value_gate,0.75,True,False,False,,
191,227,milk,action_noise,risk_gate,0.1,True,False,False,,
191,227,milk,action_noise,risk_gate,0.25,True,False,False,,
191,227,milk,action_noise,risk_gate,0.5,True,False,False,,
191,227,milk,action_noise,risk_gate,0.75,True,False,False,,
191,227,milk,action_noise,uncertainty_gate,0.1,True,False,False,,
191,227,milk,action_noise,uncertainty_gate,0.25,True,False,False,,
191,227,milk,action_noise,uncertainty_gate,0.5,True,False,False,,
191,227,milk,action_noise,uncertainty_gate,0.75,True,False,False,,
192,227,milk,action_delay,never_help,0.0,True,False,False,,
192,227,milk,action_delay,always_help,1.0,True,True,False,10.0,
192,227,milk,action_delay,oracle_value,,True,False,False,,
192,227,milk,action_delay,value_gate,0.1,True,False,False,,
192,227,milk,action_delay,value_gate,0.25,True,False,False,,
192,227,milk,action_delay,value_gate,0.5,True,False,False,,
192,227,milk,action_delay,value_gate,0.75,True,True,False,10.0,0.7767672538757324
192,227,milk,action_delay,risk_gate,0.1,True,False,False,,
192,227,milk,action_delay,risk_gate,0.25,True,False,False,,
192,227,milk,action_delay,risk_gate,0.5,True,False,False,,
192,227,milk,action_delay,risk_gate,0.75,True,True,False,30.0,0.3599662482738495
192,227,milk,action_delay,uncertainty_gate,0.1,True,False,False,,
192,227,milk,action_delay,uncertainty_gate,0.25,True,False,False,,
192,227,milk,action_delay,uncertainty_gate,0.5,True,False,False,,
192,227,milk,action_delay,uncertainty_gate,0.75,True,True,False,30.0,0.004410506691783667
193,227,milk,action_delay,never_help,0.0,False,False,False,,
193,227,milk,action_delay,always_help,1.0,True,True,True,10.0,
193,227,milk,action_delay,oracle_value,,True,True,True,10.0,1.0
193,227,milk,action_delay,value_gate,0.1,False,False,False,,
193,227,milk,action_delay,value_gate,0.25,True,True,True,10.0,0.9764549136161804
193,227,milk,action_delay,value_gate,0.5,True,True,True,10.0,0.9764549136161804
193,227,milk,action_delay,value_gate,0.75,True,True,True,10.0,0.9764549136161804
193,227,milk,action_delay,risk_gate,0.1,False,False,False,,
193,227,milk,action_delay,risk_gate,0.25,False,False,False,,
193,227,milk,action_delay,risk_gate,0.5,False,False,False,,
193,227,milk,action_delay,risk_gate,0.75,True,True,True,50.0,0.6817517280578613
193,227,milk,action_delay,uncertainty_gate,0.1,True,True,True,50.0,0.313877671957016
193,227,milk,action_delay,uncertainty_gate,0.25,True,True,True,50.0,0.313877671957016
193,227,milk,action_delay,uncertainty_gate,0.5,True,True,True,50.0,0.313877671957016
193,227,milk,action_delay,uncertainty_gate,0.75,True,True,True,30.0,0.005337506532669067
194,227,milk,action_delay,never_help,0.0,False,False,False,,
194,227,milk,action_delay,always_help,1.0,True,True,True,10.0,
194,227,milk,action_delay,oracle_value,,True,True,True,10.0,1.0
194,227,milk,action_delay,value_gate,0.1,False,False,False,,
194,227,milk,action_delay,value_gate,0.25,False,False,False,,
194,227,milk,action_delay,value_gate,0.5,True,True,True,10.0,0.9143524765968323
194,227,milk,action_delay,value_gate,0.75,True,True,True,10.0,0.9143524765968323
194,227,milk,action_delay,risk_gate,0.1,False,False,False,,
194,227,milk,action_delay,risk_gate,0.25,False,False,False,,
194,227,milk,action_delay,risk_gate,0.5,False,True,False,110.0,0.8234241604804993
194,227,milk,action_delay,risk_gate,0.75,False,True,False,70.0,0.529056191444397
194,227,milk,action_delay,uncertainty_gate,0.1,False,False,False,,
194,227,milk,action_delay,uncertainty_gate,0.25,False,False,False,,
194,227,milk,action_delay,uncertainty_gate,0.5,False,True,False,110.0,0.030050326138734818
194,227,milk,action_delay,uncertainty_gate,0.75,True,True,True,30.0,0.003401725320145488
195,227,milk,action_delay,never_help,0.0,False,False,False,,
195,227,milk,action_delay,always_help,1.0,True,True,True,10.0,
195,227,milk,action_delay,oracle_value,,True,True,True,10.0,1.0
195,227,milk,action_delay,value_gate,0.1,False,False,False,,
195,227,milk,action_delay,value_gate,0.25,True,True,True,10.0,0.9735401272773743
195,227,milk,action_delay,value_gate,0.5,True,True,True,10.0,0.9735401272773743
195,227,milk,action_delay,value_gate,0.75,True,True,True,10.0,0.9735401272773743
195,227,milk,action_delay,risk_gate,0.1,False,False,False,,
195,227,milk,action_delay,risk_gate,0.25,False,False,False,,
195,227,milk,action_delay,risk_gate,0.5,False,True,False,110.0,0.7122521996498108
195,227,milk,action_delay,risk_gate,0.75,False,True,False,70.0,0.33933696150779724
195,227,milk,action_delay,uncertainty_gate,0.1,False,False,False,,
195,227,milk,action_delay,uncertainty_gate,0.25,False,False,False,,
195,227,milk,action_delay,uncertainty_gate,0.5,False,True,False,90.0,0.028687288984656334
195,227,milk,action_delay,uncertainty_gate,0.75,True,True,True,30.0,0.011011963710188866
196,227,milk,gripper_slip,never_help,0.0,False,False,False,,
196,227,milk,gripper_slip,always_help,1.0,True,True,True,10.0,
196,227,milk,gripper_slip,oracle_value,,True,True,True,10.0,1.0
196,227,milk,gripper_slip,value_gate,0.1,False,False,False,,
196,227,milk,gripper_slip,value_gate,0.25,False,False,False,,
196,227,milk,gripper_slip,value_gate,0.5,True,True,True,70.0,0.9610304236412048
196,227,milk,gripper_slip,value_gate,0.75,True,True,True,50.0,0.8040457963943481
196,227,milk,gripper_slip,risk_gate,0.1,True,True,True,50.0,0.978590190410614
196,227,milk,gripper_slip,risk_gate,0.25,True,True,True,50.0,0.978590190410614
196,227,milk,gripper_slip,risk_gate,0.5,True,True,True,50.0,0.978590190410614
196,227,milk,gripper_slip,risk_gate,0.75,True,True,True,50.0,0.978590190410614
196,227,milk,gripper_slip,uncertainty_gate,0.1,False,False,False,,
196,227,milk,gripper_slip,uncertainty_gate,0.25,True,True,True,130.0,0.08863375335931778
196,227,milk,gripper_slip,uncertainty_gate,0.5,True,True,True,130.0,0.08863375335931778
196,227,milk,gripper_slip,uncertainty_gate,0.75,True,True,True,50.0,0.010977455414831638
197,227,milk,gripper_slip,never_help,0.0,False,False,False,,
197,227,milk,gripper_slip,always_help,1.0,True,True,True,10.0,
197,227,milk,gripper_slip,oracle_value,,True,True,True,10.0,1.0
197,227,milk,gripper_slip,value_gate,0.1,False,False,False,,
197,227,milk,gripper_slip,value_gate,0.25,False,False,False,,
197,227,milk,gripper_slip,value_gate,0.5,True,True,True,50.0,0.9438808560371399
197,227,milk,gripper_slip,value_gate,0.75,True,True,True,10.0,0.5351861119270325
197,227,milk,gripper_slip,risk_gate,0.1,False,False,False,,
197,227,milk,gripper_slip,risk_gate,0.25,False,False,False,,
197,227,milk,gripper_slip,risk_gate,0.5,False,True,False,90.0,0.8156969547271729
197,227,milk,gripper_slip,risk_gate,0.75,True,True,True,10.0,0.330421507358551
197,227,milk,gripper_slip,uncertainty_gate,0.1,False,False,False,,
197,227,milk,gripper_slip,uncertainty_gate,0.25,True,True,True,130.0,0.12185167521238327
197,227,milk,gripper_slip,uncertainty_gate,0.5,True,True,True,130.0,0.12185167521238327
197,227,milk,gripper_slip,uncertainty_gate,0.75,True,True,True,50.0,0.0033980386797338724
198,227,milk,gripper_slip,never_help,0.0,False,False,False,,
198,227,milk,gripper_slip,always_help,1.0,True,True,True,10.0,
198,227,milk,gripper_slip,oracle_value,,True,True,True,10.0,1.0
198,227,milk,gripper_slip,value_gate,0.1,False,False,False,,
198,227,milk,gripper_slip,value_gate,0.25,False,False,False,,
198,227,milk,gripper_slip,value_gate,0.5,False,False,False,,
198,227,milk,gripper_slip,value_gate,0.75,True,True,True,70.0,0.6273660659790039
198,227,milk,gripper_slip,risk_gate,0.1,False,False,False,,
198,227,milk,gripper_slip,risk_gate,0.25,False,False,False,,
198,227,milk,gripper_slip,risk_gate,0.5,False,False,False,,
198,227,milk,gripper_slip,risk_gate,0.75,False,False,False,,
198,227,milk,gripper_slip,uncertainty_gate,0.1,False,False,False,,
198,227,milk,gripper_slip,uncertainty_gate,0.25,False,True,False,130.0,0.11893323808908463
198,227,milk,gripper_slip,uncertainty_gate,0.5,True,True,True,90.0,0.030794430524110794
198,227,milk,gripper_slip,uncertainty_gate,0.75,True,True,True,90.0,0.030794430524110794
199,227,milk,gripper_slip,never_help,0.0,True,False,False,,
199,227,milk,gripper_slip,always_help,1.0,True,True,False,10.0,
199,227,milk,gripper_slip,oracle_value,,True,False,False,,
199,227,milk,gripper_slip,value_gate,0.1,True,False,False,,
199,227,milk,gripper_slip,value_gate,0.25,True,True,False,50.0,0.9699710011482239
199,227,milk,gripper_slip,value_gate,0.5,True,True,False,10.0,0.8264410495758057
199,227,milk,gripper_slip,value_gate,0.75,True,True,False,10.0,0.8264410495758057
199,227,milk,gripper_slip,risk_gate,0.1,True,False,False,,
199,227,milk,gripper_slip,risk_gate,0.25,True,False,False,,
199,227,milk,gripper_slip,risk_gate,0.5,True,False,False,,
199,227,milk,gripper_slip,risk_gate,0.75,True,True,False,10.0,0.3955383896827698
199,227,milk,gripper_slip,uncertainty_gate,0.1,True,False,False,,
199,227,milk,gripper_slip,uncertainty_gate,0.25,True,False,False,,
199,227,milk,gripper_slip,uncertainty_gate,0.5,True,False,False,,
199,227,milk,gripper_slip,uncertainty_gate,0.75,False,True,False,30.0,0.014018109999597073
200,227,bread,nominal,never_help,0.0,True,False,False,,
200,227,bread,nominal,always_help,1.0,True,True,False,10.0,
200,227,bread,nominal,oracle_value,,True,False,False,,
200,227,bread,nominal,value_gate,0.1,True,False,False,,
200,227,bread,nominal,value_gate,0.25,True,False,False,,
200,227,bread,nominal,value_gate,0.5,True,False,False,,
200,227,bread,nominal,value_gate,0.75,False,True,False,90.0,0.6976596713066101
200,227,bread,nominal,risk_gate,0.1,True,False,False,,
200,227,bread,nominal,risk_gate,0.25,True,False,False,,
200,227,bread,nominal,risk_gate,0.5,True,False,False,,
200,227,bread,nominal,risk_gate,0.75,True,True,False,10.0,0.41888362169265747
200,227,bread,nominal,uncertainty_gate,0.1,True,False,False,,
200,227,bread,nominal,uncertainty_gate,0.25,True,False,False,,
200,227,bread,nominal,uncertainty_gate,0.5,True,True,False,70.0,0.03553037345409393
200,227,bread,nominal,uncertainty_gate,0.75,True,True,False,70.0,0.03553037345409393
201,227,bread,nominal,never_help,0.0,False,False,False,,
201,227,bread,nominal,always_help,1.0,True,True,True,10.0,
201,227,bread,nominal,oracle_value,,True,True,True,10.0,1.0
201,227,bread,nominal,value_gate,0.1,False,False,False,,
201,227,bread,nominal,value_gate,0.25,True,True,True,90.0,0.9775083065032959
201,227,bread,nominal,value_gate,0.5,True,True,True,70.0,0.9634072184562683
201,227,bread,nominal,value_gate,0.75,True,True,True,30.0,0.6956550478935242
201,227,bread,nominal,risk_gate,0.1,False,False,False,,
201,227,bread,nominal,risk_gate,0.25,True,True,True,90.0,0.8979243636131287
201,227,bread,nominal,risk_gate,0.5,True,True,True,90.0,0.8979243636131287
201,227,bread,nominal,risk_gate,0.75,True,True,True,50.0,0.40976062417030334
201,227,bread,nominal,uncertainty_gate,0.1,True,True,True,130.0,0.22999607026576996
201,227,bread,nominal,uncertainty_gate,0.25,True,True,True,130.0,0.22999607026576996
201,227,bread,nominal,uncertainty_gate,0.5,True,True,True,130.0,0.22999607026576996
201,227,bread,nominal,uncertainty_gate,0.75,True,True,True,30.0,0.0032126314472407103
202,227,bread,nominal,never_help,0.0,True,False,False,,
202,227,bread,nominal,always_help,1.0,True,True,False,10.0,
202,227,bread,nominal,oracle_value,,True,False,False,,
202,227,bread,nominal,value_gate,0.1,True,False,False,,
202,227,bread,nominal,value_gate,0.25,True,False,False,,
202,227,bread,nominal,value_gate,0.5,True,True,False,30.0,0.8280795216560364
202,227,bread,nominal,value_gate,0.75,True,True,False,30.0,0.8280795216560364
202,227,bread,nominal,risk_gate,0.1,True,False,False,,
202,227,bread,nominal,risk_gate,0.25,True,False,False,,
202,227,bread,nominal,risk_gate,0.5,True,False,False,,
202,227,bread,nominal,risk_gate,0.75,True,False,False,,
202,227,bread,nominal,uncertainty_gate,0.1,True,False,False,,
202,227,bread,nominal,uncertainty_gate,0.25,True,False,False,,
202,227,bread,nominal,uncertainty_gate,0.5,True,False,False,,
202,227,bread,nominal,uncertainty_gate,0.75,True,False,False,,
203,227,bread,nominal,never_help,0.0,True,False,False,,
203,227,bread,nominal,always_help,1.0,True,True,False,10.0,
203,227,bread,nominal,oracle_value,,True,False,False,,
203,227,bread,nominal,value_gate,0.1,True,False,False,,
203,227,bread,nominal,value_gate,0.25,True,False,False,,
203,227,bread,nominal,value_gate,0.5,True,False,False,,
203,227,bread,nominal,value_gate,0.75,True,True,False,10.0,0.5547909736633301
203,227,bread,nominal,risk_gate,0.1,True,False,False,,
203,227,bread,nominal,risk_gate,0.25,True,False,False,,
203,227,bread,nominal,risk_gate,0.5,True,False,False,,
203,227,bread,nominal,risk_gate,0.75,True,False,False,,
203,227,bread,nominal,uncertainty_gate,0.1,True,False,False,,
203,227,bread,nominal,uncertainty_gate,0.25,True,False,False,,
203,227,bread,nominal,uncertainty_gate,0.5,True,False,False,,
203,227,bread,nominal,uncertainty_gate,0.75,True,True,False,30.0,0.004318333230912685
204,227,bread,object_shift,never_help,0.0,True,False,False,,
204,227,bread,object_shift,always_help,1.0,True,True,False,10.0,
204,227,bread,object_shift,oracle_value,,True,False,False,,
204,227,bread,object_shift,value_gate,0.1,True,False,False,,
204,227,bread,object_shift,value_gate,0.25,True,False,False,,
204,227,bread,object_shift,value_gate,0.5,True,False,False,,
204,227,bread,object_shift,value_gate,0.75,True,True,False,10.0,0.6711096167564392
204,227,bread,object_shift,risk_gate,0.1,True,False,False,,
204,227,bread,object_shift,risk_gate,0.25,True,False,False,,
204,227,bread,object_shift,risk_gate,0.5,True,False,False,,
204,227,bread,object_shift,risk_gate,0.75,True,True,False,10.0,0.5592950582504272
204,227,bread,object_shift,uncertainty_gate,0.1,True,False,False,,
204,227,bread,object_shift,uncertainty_gate,0.25,True,False,False,,
204,227,bread,object_shift,uncertainty_gate,0.5,True,False,False,,
204,227,bread,object_shift,uncertainty_gate,0.75,True,False,False,,
205,227,bread,object_shift,never_help,0.0,True,False,False,,
205,227,bread,object_shift,always_help,1.0,True,True,False,10.0,
205,227,bread,object_shift,oracle_value,,True,False,False,,
205,227,bread,object_shift,value_gate,0.1,True,False,False,,
205,227,bread,object_shift,value_gate,0.25,True,False,False,,
205,227,bread,object_shift,value_gate,0.5,True,True,False,110.0,0.9495648741722107
205,227,bread,object_shift,value_gate,0.75,True,True,False,110.0,0.9495648741722107
205,227,bread,object_shift,risk_gate,0.1,True,False,False,,
205,227,bread,object_shift,risk_gate,0.25,True,False,False,,
205,227,bread,object_shift,risk_gate,0.5,True,False,False,,
205,227,bread,object_shift,risk_gate,0.75,True,True,False,110.0,0.46964630484580994
205,227,bread,object_shift,uncertainty_gate,0.1,True,False,False,,
205,227,bread,object_shift,uncertainty_gate,0.25,True,False,False,,
205,227,bread,object_shift,uncertainty_gate,0.5,True,True,False,90.0,0.026340564712882042
205,227,bread,object_shift,uncertainty_gate,0.75,True,True,False,70.0,0.0034857194405049086
206,227,bread,object_shift,never_help,0.0,False,False,False,,
206,227,bread,object_shift,always_help,1.0,True,True,True,10.0,
206,227,bread,object_shift,oracle_value,,True,True,True,10.0,1.0
206,227,bread,object_shift,value_gate,0.1,True,True,True,50.0,0.9837530851364136
206,227,bread,object_shift,value_gate,0.25,True,True,True,50.0,0.9837530851364136
206,227,bread,object_shift,value_gate,0.5,True,True,True,50.0,0.9837530851364136
206,227,bread,object_shift,value_gate,0.75,True,True,True,10.0,0.8089097142219543
206,227,bread,object_shift,risk_gate,0.1,True,True,True,10.0,0.9682623744010925
206,227,bread,object_shift,risk_gate,0.25,True,True,True,10.0,0.9682623744010925
206,227,bread,object_shift,risk_gate,0.5,True,True,True,10.0,0.9682623744010925
206,227,bread,object_shift,risk_gate,0.75,True,True,True,10.0,0.9682623744010925
206,227,bread,object_shift,uncertainty_gate,0.1,False,False,False,,
206,227,bread,object_shift,uncertainty_gate,0.25,False,False,False,,
206,227,bread,object_shift,uncertainty_gate,0.5,False,False,False,,
206,227,bread,object_shift,uncertainty_gate,0.75,True,True,True,30.0,0.003589919302612543
207,227,bread,object_shift,never_help,0.0,False,False,False,,
207,227,bread,object_shift,always_help,1.0,True,True,True,10.0,
207,227,bread,object_shift,oracle_value,,True,True,True,10.0,1.0
207,227,bread,object_shift,value_gate,0.1,False,False,False,,
207,227,bread,object_shift,value_gate,0.25,False,False,False,,
207,227,bread,object_shift,value_gate,0.5,False,False,False,,
207,227,bread,object_shift,value_gate,0.75,False,False,False,,
207,227,bread,object_shift,risk_gate,0.1,False,False,False,,
207,227,bread,object_shift,risk_gate,0.25,False,True,False,70.0,0.9226492643356323
207,227,bread,object_shift,risk_gate,0.5,False,True,False,30.0,0.7282362580299377
207,227,bread,object_shift,risk_gate,0.75,False,True,False,30.0,0.7282362580299377
207,227,bread,object_shift,uncertainty_gate,0.1,False,False,False,,
207,227,bread,object_shift,uncertainty_gate,0.25,False,True,False,30.0,0.13432912528514862
207,227,bread,object_shift,uncertainty_gate,0.5,False,True,False,30.0,0.13432912528514862
207,227,bread,object_shift,uncertainty_gate,0.75,False,True,False,30.0,0.13432912528514862
208,227,bread,action_noise,never_help,0.0,True,False,False,,
208,227,bread,action_noise,always_help,1.0,True,True,False,10.0,
208,227,bread,action_noise,oracle_value,,True,False,False,,
208,227,bread,action_noise,value_gate,0.1,True,False,False,,
208,227,bread,action_noise,value_gate,0.25,True,False,False,,
208,227,bread,action_noise,value_gate,0.5,True,False,False,,
208,227,bread,action_noise,value_gate,0.75,True,False,False,,
208,227,bread,action_noise,risk_gate,0.1,True,False,False,,
208,227,bread,action_noise,risk_gate,0.25,True,False,False,,
208,227,bread,action_noise,risk_gate,0.5,True,True,False,10.0,0.7926747798919678
208,227,bread,action_noise,risk_gate,0.75,True,True,False,10.0,0.7926747798919678
208,227,bread,action_noise,uncertainty_gate,0.1,True,False,False,,
208,227,bread,action_noise,uncertainty_gate,0.25,True,False,False,,
208,227,bread,action_noise,uncertainty_gate,0.5,True,False,False,,
208,227,bread,action_noise,uncertainty_gate,0.75,True,True,False,50.0,0.003463365836068988
209,227,bread,action_noise,never_help,0.0,True,False,False,,
209,227,bread,action_noise,always_help,1.0,True,True,False,10.0,
209,227,bread,action_noise,oracle_value,,True,False,False,,
209,227,bread,action_noise,value_gate,0.1,True,False,False,,
209,227,bread,action_noise,value_gate,0.25,True,False,False,,
209,227,bread,action_noise,value_gate,0.5,True,False,False,,
209,227,bread,action_noise,value_gate,0.75,True,True,False,10.0,0.5358505249023438
209,227,bread,action_noise,risk_gate,0.1,True,True,False,10.0,0.9712438583374023
209,227,bread,action_noise,risk_gate,0.25,True,True,False,10.0,0.9712438583374023
209,227,bread,action_noise,risk_gate,0.5,True,True,False,10.0,0.9712438583374023
209,227,bread,action_noise,risk_gate,0.75,True,True,False,10.0,0.9712438583374023
209,227,bread,action_noise,uncertainty_gate,0.1,True,False,False,,
209,227,bread,action_noise,uncertainty_gate,0.25,True,False,False,,
209,227,bread,action_noise,uncertainty_gate,0.5,True,False,False,,
209,227,bread,action_noise,uncertainty_gate,0.75,True,False,False,,
210,227,bread,action_noise,never_help,0.0,True,False,False,,
210,227,bread,action_noise,always_help,1.0,True,True,False,10.0,
210,227,bread,action_noise,oracle_value,,True,False,False,,
210,227,bread,action_noise,value_gate,0.1,True,False,False,,
210,227,bread,action_noise,value_gate,0.25,True,False,False,,
210,227,bread,action_noise,value_gate,0.5,True,True,False,50.0,0.8488205075263977
210,227,bread,action_noise,value_gate,0.75,True,True,False,10.0,0.6374168395996094
210,227,bread,action_noise,risk_gate,0.1,True,False,False,,
210,227,bread,action_noise,risk_gate,0.25,True,False,False,,
210,227,bread,action_noise,risk_gate,0.5,True,True,False,10.0,0.8498803377151489
210,227,bread,action_noise,risk_gate,0.75,True,True,False,10.0,0.8498803377151489
210,227,bread,action_noise,uncertainty_gate,0.1,True,False,False,,
210,227,bread,action_noise,uncertainty_gate,0.25,True,False,False,,
210,227,bread,action_noise,uncertainty_gate,0.5,True,False,False,,
210,227,bread,action_noise,uncertainty_gate,0.75,True,False,False,,
211,227,bread,action_noise,never_help,0.0,True,False,False,,
211,227,bread,action_noise,always_help,1.0,True,True,False,10.0,
211,227,bread,action_noise,oracle_value,,True,False,False,,
211,227,bread,action_noise,value_gate,0.1,True,False,False,,
211,227,bread,action_noise,value_gate,0.25,True,False,False,,
211,227,bread,action_noise,value_gate,0.5,True,False,False,,
211,227,bread,action_noise,value_gate,0.75,True,True,False,30.0,0.5353319048881531
211,227,bread,action_noise,risk_gate,0.1,True,False,False,,
211,227,bread,action_noise,risk_gate,0.25,True,False,False,,
211,227,bread,action_noise,risk_gate,0.5,True,False,False,,
211,227,bread,action_noise,risk_gate,0.75,True,False,False,,
211,227,bread,action_noise,uncertainty_gate,0.1,True,False,False,,
211,227,bread,action_noise,uncertainty_gate,0.25,True,False,False,,
211,227,bread,action_noise,uncertainty_gate,0.5,True,False,False,,
211,227,bread,action_noise,uncertainty_gate,0.75,True,True,False,90.0,0.005349651910364628
212,227,bread,action_delay,never_help,0.0,False,False,False,,
212,227,bread,action_delay,always_help,1.0,True,True,True,10.0,
212,227,bread,action_delay,oracle_value,,True,True,True,10.0,1.0
212,227,bread,action_delay,value_gate,0.1,False,False,False,,
212,227,bread,action_delay,value_gate,0.25,False,False,False,,
212,227,bread,action_delay,value_gate,0.5,True,True,True,10.0,0.832003116607666
212,227,bread,action_delay,value_gate,0.75,True,True,True,10.0,0.832003116607666
212,227,bread,action_delay,risk_gate,0.1,False,False,False,,
212,227,bread,action_delay,risk_gate,0.25,False,False,False,,
212,227,bread,action_delay,risk_gate,0.5,False,False,False,,
212,227,bread,action_delay,risk_gate,0.75,True,True,True,70.0,0.4481205940246582
212,227,bread,action_delay,uncertainty_gate,0.1,True,True,True,90.0,0.1880476027727127
212,227,bread,action_delay,uncertainty_gate,0.25,True,True,True,30.0,0.1394045501947403
212,227,bread,action_delay,uncertainty_gate,0.5,True,True,True,30.0,0.1394045501947403
212,227,bread,action_delay,uncertainty_gate,0.75,True,True,True,30.0,0.1394045501947403
213,227,bread,action_delay,never_help,0.0,False,False,False,,
213,227,bread,action_delay,always_help,1.0,True,True,True,10.0,
213,227,bread,action_delay,oracle_value,,True,True,True,10.0,1.0
213,227,bread,action_delay,value_gate,0.1,True,True,True,50.0,0.9827591180801392
213,227,bread,action_delay,value_gate,0.25,True,True,True,50.0,0.9827591180801392
213,227,bread,action_delay,value_gate,0.5,True,True,True,10.0,0.8596488237380981
213,227,bread,action_delay,value_gate,0.75,True,True,True,10.0,0.8596488237380981
213,227,bread,action_delay,risk_gate,0.1,False,False,False,,
213,227,bread,action_delay,risk_gate,0.25,False,False,False,,
213,227,bread,action_delay,risk_gate,0.5,True,True,True,50.0,0.7010724544525146
213,227,bread,action_delay,risk_gate,0.75,True,True,True,30.0,0.6711248159408569
213,227,bread,action_delay,uncertainty_gate,0.1,False,False,False,,
213,227,bread,action_delay,uncertainty_gate,0.25,False,True,False,130.0,0.09727587550878525
213,227,bread,action_delay,uncertainty_gate,0.5,True,True,True,30.0,0.04656204581260681
213,227,bread,action_delay,uncertainty_gate,0.75,True,True,True,10.0,0.004256322048604488
214,227,bread,action_delay,never_help,0.0,False,False,False,,
214,227,bread,action_delay,always_help,1.0,True,True,True,10.0,
214,227,bread,action_delay,oracle_value,,True,True,True,10.0,1.0
214,227,bread,action_delay,value_gate,0.1,True,True,True,90.0,0.9877209067344666
214,227,bread,action_delay,value_gate,0.25,True,True,True,10.0,0.9826042056083679
214,227,bread,action_delay,value_gate,0.5,True,True,True,10.0,0.9826042056083679
214,227,bread,action_delay,value_gate,0.75,True,True,True,10.0,0.9826042056083679
214,227,bread,action_delay,risk_gate,0.1,False,False,False,,
214,227,bread,action_delay,risk_gate,0.25,False,True,False,130.0,0.9361894726753235
214,227,bread,action_delay,risk_gate,0.5,True,True,True,30.0,0.7850712537765503
214,227,bread,action_delay,risk_gate,0.75,True,True,True,30.0,0.7850712537765503
214,227,bread,action_delay,uncertainty_gate,0.1,True,True,True,30.0,0.2516997456550598
214,227,bread,action_delay,uncertainty_gate,0.25,True,True,True,30.0,0.2516997456550598
214,227,bread,action_delay,uncertainty_gate,0.5,True,True,True,30.0,0.2516997456550598
214,227,bread,action_delay,uncertainty_gate,0.75,True,True,True,30.0,0.2516997456550598
215,227,bread,action_delay,never_help,0.0,False,False,False,,
215,227,bread,action_delay,always_help,1.0,True,True,True,10.0,
215,227,bread,action_delay,oracle_value,,True,True,True,10.0,1.0
215,227,bread,action_delay,value_gate,0.1,True,True,True,70.0,0.9844207167625427
215,227,bread,action_delay,value_gate,0.25,True,True,True,10.0,0.9694092273712158
215,227,bread,action_delay,value_gate,0.5,True,True,True,10.0,0.9694092273712158
215,227,bread,action_delay,value_gate,0.75,True,True,True,10.0,0.9694092273712158
215,227,bread,action_delay,risk_gate,0.1,False,False,False,,
215,227,bread,action_delay,risk_gate,0.25,False,False,False,,
215,227,bread,action_delay,risk_gate,0.5,True,True,True,70.0,0.694200873374939
215,227,bread,action_delay,risk_gate,0.75,True,True,True,70.0,0.694200873374939
215,227,bread,action_delay,uncertainty_gate,0.1,False,False,False,,
215,227,bread,action_delay,uncertainty_gate,0.25,True,True,True,130.0,0.06494028121232986
215,227,bread,action_delay,uncertainty_gate,0.5,True,True,True,70.0,0.03409455344080925
215,227,bread,action_delay,uncertainty_gate,0.75,True,True,True,50.0,0.0045373146422207355
216,227,bread,gripper_slip,never_help,0.0,False,False,False,,
216,227,bread,gripper_slip,always_help,1.0,True,True,True,10.0,
216,227,bread,gripper_slip,oracle_value,,True,True,True,10.0,1.0
216,227,bread,gripper_slip,value_gate,0.1,True,True,True,50.0,0.9891031980514526
216,227,bread,gripper_slip,value_gate,0.25,True,True,True,50.0,0.9891031980514526
216,227,bread,gripper_slip,value_gate,0.5,True,True,True,50.0,0.9891031980514526
216,227,bread,gripper_slip,value_gate,0.75,True,True,True,10.0,0.7798287868499756
216,227,bread,gripper_slip,risk_gate,0.1,True,True,True,50.0,0.9916839599609375
216,227,bread,gripper_slip,risk_gate,0.25,True,True,True,50.0,0.9916839599609375
216,227,bread,gripper_slip,risk_gate,0.5,True,True,True,50.0,0.9916839599609375
216,227,bread,gripper_slip,risk_gate,0.75,True,True,True,10.0,0.3577083945274353
216,227,bread,gripper_slip,uncertainty_gate,0.1,True,True,True,90.0,0.23979727923870087
216,227,bread,gripper_slip,uncertainty_gate,0.25,True,True,True,90.0,0.23979727923870087
216,227,bread,gripper_slip,uncertainty_gate,0.5,True,True,True,90.0,0.23979727923870087
216,227,bread,gripper_slip,uncertainty_gate,0.75,True,True,True,50.0,0.011242528446018696
217,227,bread,gripper_slip,never_help,0.0,False,False,False,,
217,227,bread,gripper_slip,always_help,1.0,True,True,True,10.0,
217,227,bread,gripper_slip,oracle_value,,True,True,True,10.0,1.0
217,227,bread,gripper_slip,value_gate,0.1,True,True,True,50.0,0.9856781363487244
217,227,bread,gripper_slip,value_gate,0.25,True,True,True,50.0,0.9856781363487244
217,227,bread,gripper_slip,value_gate,0.5,True,True,True,50.0,0.9856781363487244
217,227,bread,gripper_slip,value_gate,0.75,True,True,True,10.0,0.7005577087402344
217,227,bread,gripper_slip,risk_gate,0.1,False,False,False,,
217,227,bread,gripper_slip,risk_gate,0.25,False,False,False,,
217,227,bread,gripper_slip,risk_gate,0.5,True,True,True,50.0,0.8465410470962524
217,227,bread,gripper_slip,risk_gate,0.75,True,True,True,10.0,0.38361451029777527
217,227,bread,gripper_slip,uncertainty_gate,0.1,False,False,False,,
217,227,bread,gripper_slip,uncertainty_gate,0.25,False,False,False,,
217,227,bread,gripper_slip,uncertainty_gate,0.5,False,False,False,,
217,227,bread,gripper_slip,uncertainty_gate,0.75,True,True,True,50.0,0.006227468140423298
218,227,bread,gripper_slip,never_help,0.0,False,False,False,,
218,227,bread,gripper_slip,always_help,1.0,True,True,True,10.0,
218,227,bread,gripper_slip,oracle_value,,True,True,True,10.0,1.0
218,227,bread,gripper_slip,value_gate,0.1,False,False,False,,
218,227,bread,gripper_slip,value_gate,0.25,True,True,True,70.0,0.982086181640625
218,227,bread,gripper_slip,value_gate,0.5,True,True,True,70.0,0.982086181640625
218,227,bread,gripper_slip,value_gate,0.75,True,True,True,10.0,0.5850855112075806
218,227,bread,gripper_slip,risk_gate,0.1,False,False,False,,
218,227,bread,gripper_slip,risk_gate,0.25,True,True,True,130.0,0.8798146843910217
218,227,bread,gripper_slip,risk_gate,0.5,True,True,True,90.0,0.8347914218902588
218,227,bread,gripper_slip,risk_gate,0.75,True,True,True,10.0,0.40311601758003235
218,227,bread,gripper_slip,uncertainty_gate,0.1,False,False,False,,
218,227,bread,gripper_slip,uncertainty_gate,0.25,True,True,True,70.0,0.08803731948137283
218,227,bread,gripper_slip,uncertainty_gate,0.5,True,True,True,70.0,0.08803731948137283
218,227,bread,gripper_slip,uncertainty_gate,0.75,True,True,True,50.0,0.022336402907967567
219,227,bread,gripper_slip,never_help,0.0,False,False,False,,
219,227,bread,gripper_slip,always_help,1.0,True,True,True,10.0,
219,227,bread,gripper_slip,oracle_value,,True,True,True,10.0,1.0
219,227,bread,gripper_slip,value_gate,0.1,False,False,False,,
219,227,bread,gripper_slip,value_gate,0.25,False,False,False,,
219,227,bread,gripper_slip,value_gate,0.5,False,True,False,110.0,0.8486863970756531
219,227,bread,gripper_slip,value_gate,0.75,True,True,True,90.0,0.7947351932525635
219,227,bread,gripper_slip,risk_gate,0.1,False,False,False,,
219,227,bread,gripper_slip,risk_gate,0.25,False,False,False,,
219,227,bread,gripper_slip,risk_gate,0.5,False,False,False,,
219,227,bread,gripper_slip,risk_gate,0.75,False,True,False,110.0,0.4962192475795746
219,227,bread,gripper_slip,uncertainty_gate,0.1,False,False,False,,
219,227,bread,gripper_slip,uncertainty_gate,0.25,True,True,True,30.0,0.11968813836574554
219,227,bread,gripper_slip,uncertainty_gate,0.5,True,True,True,30.0,0.11968813836574554
219,227,bread,gripper_slip,uncertainty_gate,0.75,True,True,True,30.0,0.11968813836574554
220,227,cereal,nominal,never_help,0.0,True,False,False,,
220,227,cereal,nominal,always_help,1.0,True,True,False,10.0,
220,227,cereal,nominal,oracle_value,,True,False,False,,
220,227,cereal,nominal,value_gate,0.1,True,False,False,,
220,227,cereal,nominal,value_gate,0.25,True,False,False,,
220,227,cereal,nominal,value_gate,0.5,True,False,False,,
220,227,cereal,nominal,value_gate,0.75,True,False,False,,
220,227,cereal,nominal,risk_gate,0.1,True,False,False,,
220,227,cereal,nominal,risk_gate,0.25,True,False,False,,
220,227,cereal,nominal,risk_gate,0.5,True,False,False,,
220,227,cereal,nominal,risk_gate,0.75,True,False,False,,
220,227,cereal,nominal,uncertainty_gate,0.1,True,False,False,,
220,227,cereal,nominal,uncertainty_gate,0.25,True,False,False,,
220,227,cereal,nominal,uncertainty_gate,0.5,True,False,False,,
220,227,cereal,nominal,uncertainty_gate,0.75,True,False,False,,
221,227,cereal,nominal,never_help,0.0,True,False,False,,
221,227,cereal,nominal,always_help,1.0,True,True,False,10.0,
221,227,cereal,nominal,oracle_value,,True,False,False,,
221,227,cereal,nominal,value_gate,0.1,True,False,False,,
221,227,cereal,nominal,value_gate,0.25,True,False,False,,
221,227,cereal,nominal,value_gate,0.5,True,False,False,,
221,227,cereal,nominal,value_gate,0.75,True,True,False,10.0,0.6803366541862488
221,227,cereal,nominal,risk_gate,0.1,True,False,False,,
221,227,cereal,nominal,risk_gate,0.25,True,True,False,10.0,0.9388604164123535
221,227,cereal,nominal,risk_gate,0.5,True,True,False,10.0,0.9388604164123535
221,227,cereal,nominal,risk_gate,0.75,True,True,False,10.0,0.9388604164123535
221,227,cereal,nominal,uncertainty_gate,0.1,True,False,False,,
221,227,cereal,nominal,uncertainty_gate,0.25,True,False,False,,
221,227,cereal,nominal,uncertainty_gate,0.5,True,False,False,,
221,227,cereal,nominal,uncertainty_gate,0.75,True,True,False,10.0,0.004345413763076067
222,227,cereal,nominal,never_help,0.0,True,False,False,,
222,227,cereal,nominal,always_help,1.0,True,True,False,10.0,
222,227,cereal,nominal,oracle_value,,True,False,False,,
222,227,cereal,nominal,value_gate,0.1,True,False,False,,
222,227,cereal,nominal,value_gate,0.25,True,False,False,,
222,227,cereal,nominal,value_gate,0.5,True,False,False,,
222,227,cereal,nominal,value_gate,0.75,True,False,False,,
222,227,cereal,nominal,risk_gate,0.1,True,False,False,,
222,227,cereal,nominal,risk_gate,0.25,True,False,False,,
222,227,cereal,nominal,risk_gate,0.5,True,False,False,,
222,227,cereal,nominal,risk_gate,0.75,True,True,False,10.0,0.6774332523345947
222,227,cereal,nominal,uncertainty_gate,0.1,True,False,False,,
222,227,cereal,nominal,uncertainty_gate,0.25,True,False,False,,
222,227,cereal,nominal,uncertainty_gate,0.5,True,False,False,,
222,227,cereal,nominal,uncertainty_gate,0.75,True,False,False,,
223,227,cereal,nominal,never_help,0.0,True,False,False,,
223,227,cereal,nominal,always_help,1.0,True,True,False,10.0,
223,227,cereal,nominal,oracle_value,,True,False,False,,
223,227,cereal,nominal,value_gate,0.1,True,False,False,,
223,227,cereal,nominal,value_gate,0.25,True,False,False,,
223,227,cereal,nominal,value_gate,0.5,True,False,False,,
223,227,cereal,nominal,value_gate,0.75,False,True,False,50.0,0.6725637912750244
223,227,cereal,nominal,risk_gate,0.1,True,False,False,,
223,227,cereal,nominal,risk_gate,0.25,True,False,False,,
223,227,cereal,nominal,risk_gate,0.5,True,False,False,,
223,227,cereal,nominal,risk_gate,0.75,True,False,False,,
223,227,cereal,nominal,uncertainty_gate,0.1,True,False,False,,
223,227,cereal,nominal,uncertainty_gate,0.25,True,False,False,,
223,227,cereal,nominal,uncertainty_gate,0.5,True,False,False,,
223,227,cereal,nominal,uncertainty_gate,0.75,True,False,False,,
224,227,cereal,object_shift,never_help,0.0,False,False,False,,
224,227,cereal,object_shift,always_help,1.0,True,True,True,10.0,
224,227,cereal,object_shift,oracle_value,,True,True,True,10.0,1.0
224,227,cereal,object_shift,value_gate,0.1,False,False,False,,
224,227,cereal,object_shift,value_gate,0.25,False,False,False,,
224,227,cereal,object_shift,value_gate,0.5,False,False,False,,
224,227,cereal,object_shift,value_gate,0.75,False,False,False,,
224,227,cereal,object_shift,risk_gate,0.1,False,False,False,,
224,227,cereal,object_shift,risk_gate,0.25,False,False,False,,
224,227,cereal,object_shift,risk_gate,0.5,False,False,False,,
224,227,cereal,object_shift,risk_gate,0.75,False,False,False,,
224,227,cereal,object_shift,uncertainty_gate,0.1,False,False,False,,
224,227,cereal,object_shift,uncertainty_gate,0.25,False,False,False,,
224,227,cereal,object_shift,uncertainty_gate,0.5,True,True,True,130.0,0.04219404608011246
224,227,cereal,object_shift,uncertainty_gate,0.75,True,True,True,70.0,0.003315430600196123
225,227,cereal,object_shift,never_help,0.0,True,False,False,,
225,227,cereal,object_shift,always_help,1.0,True,True,False,10.0,
225,227,cereal,object_shift,oracle_value,,True,False,False,,
225,227,cereal,object_shift,value_gate,0.1,True,False,False,,
225,227,cereal,object_shift,value_gate,0.25,True,False,False,,
225,227,cereal,object_shift,value_gate,0.5,True,False,False,,
225,227,cereal,object_shift,value_gate,0.75,True,False,False,,
225,227,cereal,object_shift,risk_gate,0.1,True,False,False,,
225,227,cereal,object_shift,risk_gate,0.25,True,False,False,,
225,227,cereal,object_shift,risk_gate,0.5,True,False,False,,
225,227,cereal,object_shift,risk_gate,0.75,True,True,False,10.0,0.42042040824890137
225,227,cereal,object_shift,uncertainty_gate,0.1,True,False,False,,
225,227,cereal,object_shift,uncertainty_gate,0.25,True,False,False,,
225,227,cereal,object_shift,uncertainty_gate,0.5,True,False,False,,
225,227,cereal,object_shift,uncertainty_gate,0.75,True,False,False,,
226,227,cereal,object_shift,never_help,0.0,True,False,False,,
226,227,cereal,object_shift,always_help,1.0,True,True,False,10.0,
226,227,cereal,object_shift,oracle_value,,True,False,False,,
226,227,cereal,object_shift,value_gate,0.1,True,False,False,,
226,227,cereal,object_shift,value_gate,0.25,True,False,False,,
226,227,cereal,object_shift,value_gate,0.5,True,False,False,,
226,227,cereal,object_shift,value_gate,0.75,True,True,False,10.0,0.7342268824577332
226,227,cereal,object_shift,risk_gate,0.1,True,False,False,,
226,227,cereal,object_shift,risk_gate,0.25,True,False,False,,
226,227,cereal,object_shift,risk_gate,0.5,True,False,False,,
226,227,cereal,object_shift,risk_gate,0.75,True,True,False,10.0,0.42929789423942566
226,227,cereal,object_shift,uncertainty_gate,0.1,True,False,False,,
226,227,cereal,object_shift,uncertainty_gate,0.25,True,False,False,,
226,227,cereal,object_shift,uncertainty_gate,0.5,True,False,False,,
226,227,cereal,object_shift,uncertainty_gate,0.75,True,True,False,10.0,0.011378494091331959
227,227,cereal,object_shift,never_help,0.0,True,False,False,,
227,227,cereal,object_shift,always_help,1.0,True,True,False,10.0,
227,227,cereal,object_shift,oracle_value,,True,False,False,,
227,227,cereal,object_shift,value_gate,0.1,True,False,False,,
227,227,cereal,object_shift,value_gate,0.25,True,False,False,,
227,227,cereal,object_shift,value_gate,0.5,True,False,False,,
227,227,cereal,object_shift,value_gate,0.75,True,False,False,,
227,227,cereal,object_shift,risk_gate,0.1,True,False,False,,
227,227,cereal,object_shift,risk_gate,0.25,True,False,False,,
227,227,cereal,object_shift,risk_gate,0.5,True,False,False,,
227,227,cereal,object_shift,risk_gate,0.75,True,True,False,10.0,0.5779203772544861
227,227,cereal,object_shift,uncertainty_gate,0.1,True,False,False,,
227,227,cereal,object_shift,uncertainty_gate,0.25,True,False,False,,
227,227,cereal,object_shift,uncertainty_gate,0.5,True,False,False,,
227,227,cereal,object_shift,uncertainty_gate,0.75,True,False,False,,
228,227,cereal,action_noise,never_help,0.0,True,False,False,,
228,227,cereal,action_noise,always_help,1.0,True,True,False,10.0,
228,227,cereal,action_noise,oracle_value,,True,False,False,,
228,227,cereal,action_noise,value_gate,0.1,True,False,False,,
228,227,cereal,action_noise,value_gate,0.25,True,False,False,,
228,227,cereal,action_noise,value_gate,0.5,True,False,False,,
228,227,cereal,action_noise,value_gate,0.75,True,True,False,30.0,0.6153184175491333
228,227,cereal,action_noise,risk_gate,0.1,True,True,False,10.0,0.9891526699066162
228,227,cereal,action_noise,risk_gate,0.25,True,True,False,10.0,0.9891526699066162
228,227,cereal,action_noise,risk_gate,0.5,True,True,False,10.0,0.9891526699066162
228,227,cereal,action_noise,risk_gate,0.75,True,True,False,10.0,0.9891526699066162
228,227,cereal,action_noise,uncertainty_gate,0.1,True,False,False,,
228,227,cereal,action_noise,uncertainty_gate,0.25,True,True,False,90.0,0.07360661029815674
228,227,cereal,action_noise,uncertainty_gate,0.5,True,True,False,90.0,0.07360661029815674
228,227,cereal,action_noise,uncertainty_gate,0.75,True,True,False,90.0,0.07360661029815674
229,227,cereal,action_noise,never_help,0.0,True,False,False,,
229,227,cereal,action_noise,always_help,1.0,True,True,False,10.0,
229,227,cereal,action_noise,oracle_value,,True,False,False,,
229,227,cereal,action_noise,value_gate,0.1,True,False,False,,
229,227,cereal,action_noise,value_gate,0.25,True,False,False,,
229,227,cereal,action_noise,value_gate,0.5,True,False,False,,
229,227,cereal,action_noise,value_gate,0.75,True,True,False,50.0,0.5883074998855591
229,227,cereal,action_noise,risk_gate,0.1,True,False,False,,
229,227,cereal,action_noise,risk_gate,0.25,True,True,False,10.0,0.8971536159515381
229,227,cereal,action_noise,risk_gate,0.5,True,True,False,10.0,0.8971536159515381
229,227,cereal,action_noise,risk_gate,0.75,True,True,False,10.0,0.8971536159515381
229,227,cereal,action_noise,uncertainty_gate,0.1,True,False,False,,
229,227,cereal,action_noise,uncertainty_gate,0.25,True,False,False,,
229,227,cereal,action_noise,uncertainty_gate,0.5,True,False,False,,
229,227,cereal,action_noise,uncertainty_gate,0.75,True,False,False,,
230,227,cereal,action_noise,never_help,0.0,True,False,False,,
230,227,cereal,action_noise,always_help,1.0,True,True,False,10.0,
230,227,cereal,action_noise,oracle_value,,True,False,False,,
230,227,cereal,action_noise,value_gate,0.1,True,False,False,,
230,227,cereal,action_noise,value_gate,0.25,True,False,False,,
230,227,cereal,action_noise,value_gate,0.5,True,True,False,30.0,0.8774523138999939
230,227,cereal,action_noise,value_gate,0.75,True,True,False,10.0,0.8023634552955627
230,227,cereal,action_noise,risk_gate,0.1,True,False,False,,
230,227,cereal,action_noise,risk_gate,0.25,True,True,False,10.0,0.9198218584060669
230,227,cereal,action_noise,risk_gate,0.5,True,True,False,10.0,0.9198218584060669
230,227,cereal,action_noise,risk_gate,0.75,True,True,False,10.0,0.9198218584060669
230,227,cereal,action_noise,uncertainty_gate,0.1,True,False,False,,
230,227,cereal,action_noise,uncertainty_gate,0.25,True,False,False,,
230,227,cereal,action_noise,uncertainty_gate,0.5,True,False,False,,
230,227,cereal,action_noise,uncertainty_gate,0.75,True,False,False,,
231,227,cereal,action_noise,never_help,0.0,True,False,False,,
231,227,cereal,action_noise,always_help,1.0,True,True,False,10.0,
231,227,cereal,action_noise,oracle_value,,True,False,False,,
231,227,cereal,action_noise,value_gate,0.1,True,False,False,,
231,227,cereal,action_noise,value_gate,0.25,True,False,False,,
231,227,cereal,action_noise,value_gate,0.5,True,False,False,,
231,227,cereal,action_noise,value_gate,0.75,True,False,False,,
231,227,cereal,action_noise,risk_gate,0.1,True,False,False,,
231,227,cereal,action_noise,risk_gate,0.25,True,False,False,,
231,227,cereal,action_noise,risk_gate,0.5,True,False,False,,
231,227,cereal,action_noise,risk_gate,0.75,True,True,False,10.0,0.5462246537208557
231,227,cereal,action_noise,uncertainty_gate,0.1,True,False,False,,
231,227,cereal,action_noise,uncertainty_gate,0.25,True,False,False,,
231,227,cereal,action_noise,uncertainty_gate,0.5,True,False,False,,
231,227,cereal,action_noise,uncertainty_gate,0.75,True,False,False,,
232,227,cereal,action_delay,never_help,0.0,False,False,False,,
232,227,cereal,action_delay,always_help,1.0,True,True,True,10.0,
232,227,cereal,action_delay,oracle_value,,True,True,True,10.0,1.0
232,227,cereal,action_delay,value_gate,0.1,False,False,False,,
232,227,cereal,action_delay,value_gate,0.25,False,False,False,,
232,227,cereal,action_delay,value_gate,0.5,True,True,True,30.0,0.8533281087875366
232,227,cereal,action_delay,value_gate,0.75,True,True,True,10.0,0.6176181435585022
232,227,cereal,action_delay,risk_gate,0.1,False,False,False,,
232,227,cereal,action_delay,risk_gate,0.25,False,False,False,,
232,227,cereal,action_delay,risk_gate,0.5,False,False,False,,
232,227,cereal,action_delay,risk_gate,0.75,False,False,False,,
232,227,cereal,action_delay,uncertainty_gate,0.1,False,False,False,,
232,227,cereal,action_delay,uncertainty_gate,0.25,False,False,False,,
232,227,cereal,action_delay,uncertainty_gate,0.5,False,False,False,,
232,227,cereal,action_delay,uncertainty_gate,0.75,False,True,False,50.0,0.009881660342216492
233,227,cereal,action_delay,never_help,0.0,False,False,False,,
233,227,cereal,action_delay,always_help,1.0,True,True,True,10.0,
233,227,cereal,action_delay,oracle_value,,True,True,True,10.0,1.0
233,227,cereal,action_delay,value_gate,0.1,False,False,False,,
233,227,cereal,action_delay,value_gate,0.25,False,False,False,,
233,227,cereal,action_delay,value_gate,0.5,True,True,True,10.0,0.9132562279701233
233,227,cereal,action_delay,value_gate,0.75,True,True,True,10.0,0.9132562279701233
233,227,cereal,action_delay,risk_gate,0.1,False,False,False,,
233,227,cereal,action_delay,risk_gate,0.25,False,False,False,,
233,227,cereal,action_delay,risk_gate,0.5,True,True,True,50.0,0.7028343677520752
233,227,cereal,action_delay,risk_gate,0.75,True,True,True,50.0,0.7028343677520752
233,227,cereal,action_delay,uncertainty_gate,0.1,False,False,False,,
233,227,cereal,action_delay,uncertainty_gate,0.25,False,False,False,,
233,227,cereal,action_delay,uncertainty_gate,0.5,True,True,True,130.0,0.03751376271247864
233,227,cereal,action_delay,uncertainty_gate,0.75,True,True,True,50.0,0.010778297670185566
234,227,cereal,action_delay,never_help,0.0,False,False,False,,
234,227,cereal,action_delay,always_help,1.0,True,True,True,10.0,
234,227,cereal,action_delay,oracle_value,,True,True,True,10.0,1.0
234,227,cereal,action_delay,value_gate,0.1,False,False,False,,
234,227,cereal,action_delay,value_gate,0.25,False,False,False,,
234,227,cereal,action_delay,value_gate,0.5,True,True,True,10.0,0.8276308178901672
234,227,cereal,action_delay,value_gate,0.75,True,True,True,10.0,0.8276308178901672
234,227,cereal,action_delay,risk_gate,0.1,False,False,False,,
234,227,cereal,action_delay,risk_gate,0.25,False,False,False,,
234,227,cereal,action_delay,risk_gate,0.5,False,True,False,110.0,0.8316991329193115
234,227,cereal,action_delay,risk_gate,0.75,True,True,True,30.0,0.5862748622894287
234,227,cereal,action_delay,uncertainty_gate,0.1,True,True,True,50.0,0.18827340006828308
234,227,cereal,action_delay,uncertainty_gate,0.25,True,True,True,50.0,0.18827340006828308
234,227,cereal,action_delay,uncertainty_gate,0.5,True,True,True,50.0,0.18827340006828308
234,227,cereal,action_delay,uncertainty_gate,0.75,True,True,True,30.0,0.0072972746565938
235,227,cereal,action_delay,never_help,0.0,False,False,False,,
235,227,cereal,action_delay,always_help,1.0,True,True,True,10.0,
235,227,cereal,action_delay,oracle_value,,True,True,True,10.0,1.0
235,227,cereal,action_delay,value_gate,0.1,False,False,False,,
235,227,cereal,action_delay,value_gate,0.25,False,False,False,,
235,227,cereal,action_delay,value_gate,0.5,True,True,True,50.0,0.9433329701423645
235,227,cereal,action_delay,value_gate,0.75,True,True,True,50.0,0.9433329701423645
235,227,cereal,action_delay,risk_gate,0.1,False,False,False,,
235,227,cereal,action_delay,risk_gate,0.25,False,False,False,,
235,227,cereal,action_delay,risk_gate,0.5,False,False,False,,
235,227,cereal,action_delay,risk_gate,0.75,True,True,True,110.0,0.5338929891586304
235,227,cereal,action_delay,uncertainty_gate,0.1,False,False,False,,
235,227,cereal,action_delay,uncertainty_gate,0.25,False,False,False,,
235,227,cereal,action_delay,uncertainty_gate,0.5,True,True,True,50.0,0.04471465200185776
235,227,cereal,action_delay,uncertainty_gate,0.75,True,True,True,50.0,0.04471465200185776
236,227,cereal,gripper_slip,never_help,0.0,False,False,False,,
236,227,cereal,gripper_slip,always_help,1.0,True,True,True,10.0,
236,227,cereal,gripper_slip,oracle_value,,True,True,True,10.0,1.0
236,227,cereal,gripper_slip,value_gate,0.1,False,False,False,,
236,227,cereal,gripper_slip,value_gate,0.25,False,False,False,,
236,227,cereal,gripper_slip,value_gate,0.5,True,True,True,70.0,0.8513627052307129
236,227,cereal,gripper_slip,value_gate,0.75,True,True,True,10.0,0.6974691152572632
236,227,cereal,gripper_slip,risk_gate,0.1,False,False,False,,
236,227,cereal,gripper_slip,risk_gate,0.25,False,False,False,,
236,227,cereal,gripper_slip,risk_gate,0.5,False,True,False,110.0,0.724193811416626
236,227,cereal,gripper_slip,risk_gate,0.75,True,True,True,70.0,0.3438301086425781
236,227,cereal,gripper_slip,uncertainty_gate,0.1,False,False,False,,
236,227,cereal,gripper_slip,uncertainty_gate,0.25,False,True,False,110.0,0.1338415890932083
236,227,cereal,gripper_slip,uncertainty_gate,0.5,False,True,False,110.0,0.1338415890932083
236,227,cereal,gripper_slip,uncertainty_gate,0.75,True,True,True,10.0,0.009136838838458061
237,227,cereal,gripper_slip,never_help,0.0,False,False,False,,
237,227,cereal,gripper_slip,always_help,1.0,True,True,True,10.0,
237,227,cereal,gripper_slip,oracle_value,,True,True,True,10.0,1.0
237,227,cereal,gripper_slip,value_gate,0.1,False,False,False,,
237,227,cereal,gripper_slip,value_gate,0.25,False,False,False,,
237,227,cereal,gripper_slip,value_gate,0.5,False,False,False,,
237,227,cereal,gripper_slip,value_gate,0.75,True,True,True,50.0,0.6107910871505737
237,227,cereal,gripper_slip,risk_gate,0.1,True,True,True,50.0,0.9858251214027405
237,227,cereal,gripper_slip,risk_gate,0.25,True,True,True,50.0,0.9858251214027405
237,227,cereal,gripper_slip,risk_gate,0.5,True,True,True,50.0,0.9858251214027405
237,227,cereal,gripper_slip,risk_gate,0.75,True,True,True,50.0,0.9858251214027405
237,227,cereal,gripper_slip,uncertainty_gate,0.1,False,False,False,,
237,227,cereal,gripper_slip,uncertainty_gate,0.25,True,True,True,50.0,0.15038037300109863
237,227,cereal,gripper_slip,uncertainty_gate,0.5,True,True,True,50.0,0.15038037300109863
237,227,cereal,gripper_slip,uncertainty_gate,0.75,True,True,True,50.0,0.15038037300109863
238,227,cereal,gripper_slip,never_help,0.0,False,False,False,,
238,227,cereal,gripper_slip,always_help,1.0,True,True,True,10.0,
238,227,cereal,gripper_slip,oracle_value,,True,True,True,10.0,1.0
238,227,cereal,gripper_slip,value_gate,0.1,False,False,False,,
238,227,cereal,gripper_slip,value_gate,0.25,True,True,True,50.0,0.9772095084190369
238,227,cereal,gripper_slip,value_gate,0.5,True,True,True,10.0,0.8296912312507629
238,227,cereal,gripper_slip,value_gate,0.75,True,True,True,10.0,0.8296912312507629
238,227,cereal,gripper_slip,risk_gate,0.1,True,True,True,10.0,0.9745246767997742
238,227,cereal,gripper_slip,risk_gate,0.25,True,True,True,10.0,0.9745246767997742
238,227,cereal,gripper_slip,risk_gate,0.5,True,True,True,10.0,0.9745246767997742
238,227,cereal,gripper_slip,risk_gate,0.75,True,True,True,10.0,0.9745246767997742
238,227,cereal,gripper_slip,uncertainty_gate,0.1,False,False,False,,
238,227,cereal,gripper_slip,uncertainty_gate,0.25,False,False,False,,
238,227,cereal,gripper_slip,uncertainty_gate,0.5,False,True,False,130.0,0.04871124401688576
238,227,cereal,gripper_slip,uncertainty_gate,0.75,True,True,True,10.0,0.008890697732567787
239,227,cereal,gripper_slip,never_help,0.0,False,False,False,,
239,227,cereal,gripper_slip,always_help,1.0,True,True,True,10.0,
239,227,cereal,gripper_slip,oracle_value,,True,True,True,10.0,1.0
239,227,cereal,gripper_slip,value_gate,0.1,False,False,False,,
239,227,cereal,gripper_slip,value_gate,0.25,False,False,False,,
239,227,cereal,gripper_slip,value_gate,0.5,True,True,True,50.0,0.9668912291526794
239,227,cereal,gripper_slip,value_gate,0.75,True,True,True,10.0,0.7871729731559753
239,227,cereal,gripper_slip,risk_gate,0.1,False,False,False,,
239,227,cereal,gripper_slip,risk_gate,0.25,False,False,False,,
239,227,cereal,gripper_slip,risk_gate,0.5,True,True,True,10.0,0.8504852056503296
239,227,cereal,gripper_slip,risk_gate,0.75,True,True,True,10.0,0.8504852056503296
239,227,cereal,gripper_slip,uncertainty_gate,0.1,False,True,False,130.0,0.1875264197587967
239,227,cereal,gripper_slip,uncertainty_gate,0.25,False,True,False,110.0,0.0803626999258995
239,227,cereal,gripper_slip,uncertainty_gate,0.5,True,True,True,70.0,0.029821034520864487
239,227,cereal,gripper_slip,uncertainty_gate,0.75,True,True,True,50.0,0.008904966525733471
240,327,can,nominal,never_help,0.0,True,False,False,,
240,327,can,nominal,always_help,1.0,True,True,False,10.0,
240,327,can,nominal,oracle_value,,True,False,False,,
240,327,can,nominal,value_gate,0.1,True,False,False,,
240,327,can,nominal,value_gate,0.25,True,False,False,,
240,327,can,nominal,value_gate,0.5,True,False,False,,
240,327,can,nominal,value_gate,0.75,True,True,False,30.0,0.7118783593177795
240,327,can,nominal,risk_gate,0.1,True,False,False,,
240,327,can,nominal,risk_gate,0.25,True,False,False,,
240,327,can,nominal,risk_gate,0.5,True,False,False,,
240,327,can,nominal,risk_gate,0.75,True,True,False,10.0,0.4767473638057709
240,327,can,nominal,uncertainty_gate,0.1,True,False,False,,
240,327,can,nominal,uncertainty_gate,0.25,True,False,False,,
240,327,can,nominal,uncertainty_gate,0.5,True,False,False,,
240,327,can,nominal,uncertainty_gate,0.75,True,False,False,,
241,327,can,nominal,never_help,0.0,True,False,False,,
241,327,can,nominal,always_help,1.0,True,True,False,10.0,
241,327,can,nominal,oracle_value,,True,False,False,,
241,327,can,nominal,value_gate,0.1,True,False,False,,
241,327,can,nominal,value_gate,0.25,True,False,False,,
241,327,can,nominal,value_gate,0.5,True,False,False,,
241,327,can,nominal,value_gate,0.75,True,True,False,30.0,0.5937280654907227
241,327,can,nominal,risk_gate,0.1,True,False,False,,
241,327,can,nominal,risk_gate,0.25,True,False,False,,
241,327,can,nominal,risk_gate,0.5,True,False,False,,
241,327,can,nominal,risk_gate,0.75,True,False,False,,
241,327,can,nominal,uncertainty_gate,0.1,True,False,False,,
241,327,can,nominal,uncertainty_gate,0.25,True,False,False,,
241,327,can,nominal,uncertainty_gate,0.5,True,False,False,,
241,327,can,nominal,uncertainty_gate,0.75,True,True,False,50.0,0.007524367421865463
242,327,can,nominal,never_help,0.0,True,False,False,,
242,327,can,nominal,always_help,1.0,True,True,False,10.0,
242,327,can,nominal,oracle_value,,True,False,False,,
242,327,can,nominal,value_gate,0.1,True,False,False,,
242,327,can,nominal,value_gate,0.25,True,False,False,,
242,327,can,nominal,value_gate,0.5,True,False,False,,
242,327,can,nominal,value_gate,0.75,True,True,False,10.0,0.4883640706539154
242,327,can,nominal,risk_gate,0.1,True,False,False,,
242,327,can,nominal,risk_gate,0.25,True,False,False,,
242,327,can,nominal,risk_gate,0.5,True,True,False,10.0,0.8723695874214172
242,327,can,nominal,risk_gate,0.75,True,True,False,10.0,0.8723695874214172
242,327,can,nominal,uncertainty_gate,0.1,True,False,False,,
242,327,can,nominal,uncertainty_gate,0.25,True,False,False,,
242,327,can,nominal,uncertainty_gate,0.5,True,False,False,,
242,327,can,nominal,uncertainty_gate,0.75,True,False,False,,
243,327,can,nominal,never_help,0.0,True,False,False,,
243,327,can,nominal,always_help,1.0,True,True,False,10.0,
243,327,can,nominal,oracle_value,,True,False,False,,
243,327,can,nominal,value_gate,0.1,True,False,False,,
243,327,can,nominal,value_gate,0.25,True,False,False,,
243,327,can,nominal,value_gate,0.5,True,False,False,,
243,327,can,nominal,value_gate,0.75,True,True,False,10.0,0.5891937017440796
243,327,can,nominal,risk_gate,0.1,True,False,False,,
243,327,can,nominal,risk_gate,0.25,True,False,False,,
243,327,can,nominal,risk_gate,0.5,True,True,False,10.0,0.689436137676239
243,327,can,nominal,risk_gate,0.75,True,True,False,10.0,0.689436137676239
243,327,can,nominal,uncertainty_gate,0.1,True,False,False,,
243,327,can,nominal,uncertainty_gate,0.25,True,False,False,,
243,327,can,nominal,uncertainty_gate,0.5,True,False,False,,
243,327,can,nominal,uncertainty_gate,0.75,True,False,False,,
244,327,can,nominal,never_help,0.0,True,False,False,,
244,327,can,nominal,always_help,1.0,True,True,False,10.0,
244,327,can,nominal,oracle_value,,True,False,False,,
244,327,can,nominal,value_gate,0.1,True,False,False,,
244,327,can,nominal,value_gate,0.25,True,False,False,,
244,327,can,nominal,value_gate,0.5,True,False,False,,
244,327,can,nominal,value_gate,0.75,True,True,False,10.0,0.6099540591239929
244,327,can,nominal,risk_gate,0.1,True,False,False,,
244,327,can,nominal,risk_gate,0.25,True,False,False,,
244,327,can,nominal,risk_gate,0.5,True,True,False,10.0,0.848566472530365
244,327,can,nominal,risk_gate,0.75,True,True,False,10.0,0.848566472530365
244,327,can,nominal,uncertainty_gate,0.1,True,False,False,,
244,327,can,nominal,uncertainty_gate,0.25,True,False,False,,
244,327,can,nominal,uncertainty_gate,0.5,True,False,False,,
244,327,can,nominal,uncertainty_gate,0.75,True,True,False,50.0,0.005599710159003735
245,327,can,nominal,never_help,0.0,True,False,False,,
245,327,can,nominal,always_help,1.0,True,True,False,10.0,
245,327,can,nominal,oracle_value,,True,False,False,,
245,327,can,nominal,value_gate,0.1,True,False,False,,
245,327,can,nominal,value_gate,0.25,True,False,False,,
245,327,can,nominal,value_gate,0.5,True,False,False,,
245,327,can,nominal,value_gate,0.75,True,True,False,10.0,0.629028856754303
245,327,can,nominal,risk_gate,0.1,True,False,False,,
245,327,can,nominal,risk_gate,0.25,True,False,False,,
245,327,can,nominal,risk_gate,0.5,True,True,False,10.0,0.7976937294006348
245,327,can,nominal,risk_gate,0.75,True,True,False,10.0,0.7976937294006348
245,327,can,nominal,uncertainty_gate,0.1,True,False,False,,
245,327,can,nominal,uncertainty_gate,0.25,True,False,False,,
245,327,can,nominal,uncertainty_gate,0.5,True,False,False,,
245,327,can,nominal,uncertainty_gate,0.75,True,False,False,,
246,327,can,object_shift,never_help,0.0,False,False,False,,
246,327,can,object_shift,always_help,1.0,True,True,True,10.0,
246,327,can,object_shift,oracle_value,,True,True,True,10.0,1.0
246,327,can,object_shift,value_gate,0.1,False,False,False,,
246,327,can,object_shift,value_gate,0.25,False,False,False,,
246,327,can,object_shift,value_gate,0.5,False,True,False,50.0,0.865817666053772
246,327,can,object_shift,value_gate,0.75,True,True,True,10.0,0.5262946486473083
246,327,can,object_shift,risk_gate,0.1,False,False,False,,
246,327,can,object_shift,risk_gate,0.25,False,False,False,,
246,327,can,object_shift,risk_gate,0.5,False,True,False,50.0,0.7457641959190369
246,327,can,object_shift,risk_gate,0.75,True,True,True,10.0,0.6785792112350464
246,327,can,object_shift,uncertainty_gate,0.1,False,False,False,,
246,327,can,object_shift,uncertainty_gate,0.25,False,True,False,90.0,0.1293705552816391
246,327,can,object_shift,uncertainty_gate,0.5,False,True,False,90.0,0.1293705552816391
246,327,can,object_shift,uncertainty_gate,0.75,True,True,True,30.0,0.006224365439265966
247,327,can,object_shift,never_help,0.0,False,False,False,,
247,327,can,object_shift,always_help,1.0,True,True,True,10.0,
247,327,can,object_shift,oracle_value,,True,True,True,10.0,1.0
247,327,can,object_shift,value_gate,0.1,False,False,False,,
247,327,can,object_shift,value_gate,0.25,False,False,False,,
247,327,can,object_shift,value_gate,0.5,True,True,True,30.0,0.9290013313293457
247,327,can,object_shift,value_gate,0.75,True,True,True,10.0,0.7324375510215759
247,327,can,object_shift,risk_gate,0.1,False,False,False,,
247,327,can,object_shift,risk_gate,0.25,False,False,False,,
247,327,can,object_shift,risk_gate,0.5,False,False,False,,
247,327,can,object_shift,risk_gate,0.75,True,True,True,30.0,0.4162176251411438
247,327,can,object_shift,uncertainty_gate,0.1,False,False,False,,
247,327,can,object_shift,uncertainty_gate,0.25,False,False,False,,
247,327,can,object_shift,uncertainty_gate,0.5,True,True,True,30.0,0.038769759237766266
247,327,can,object_shift,uncertainty_gate,0.75,True,True,True,30.0,0.038769759237766266
248,327,can,object_shift,never_help,0.0,False,False,False,,
248,327,can,object_shift,always_help,1.0,True,True,True,10.0,
248,327,can,object_shift,oracle_value,,True,True,True,10.0,1.0
248,327,can,object_shift,value_gate,0.1,False,False,False,,
248,327,can,object_shift,value_gate,0.25,True,True,True,50.0,0.9635879993438721
248,327,can,object_shift,value_gate,0.5,True,True,True,30.0,0.8426024317741394
248,327,can,object_shift,value_gate,0.75,True,True,True,10.0,0.500344455242157
248,327,can,object_shift,risk_gate,0.1,False,False,False,,
248,327,can,object_shift,risk_gate,0.25,False,False,False,,
248,327,can,object_shift,risk_gate,0.5,False,False,False,,
248,327,can,object_shift,risk_gate,0.75,True,True,True,50.0,0.6432125568389893
248,327,can,object_shift,uncertainty_gate,0.1,False,False,False,,
248,327,can,object_shift,uncertainty_gate,0.25,True,True,True,70.0,0.08137893676757812
248,327,can,object_shift,uncertainty_gate,0.5,True,True,True,70.0,0.08137893676757812
248,327,can,object_shift,uncertainty_gate,0.75,True,True,True,30.0,0.005345807410776615
249,327,can,object_shift,never_help,0.0,False,False,False,,
249,327,can,object_shift,always_help,1.0,False,True,False,10.0,
249,327,can,object_shift,oracle_value,,True,True,True,30.0,1.0
249,327,can,object_shift,value_gate,0.1,False,False,False,,
249,327,can,object_shift,value_gate,0.25,True,True,True,30.0,0.9729889631271362
249,327,can,object_shift,value_gate,0.5,True,True,True,30.0,0.9729889631271362
249,327,can,object_shift,value_gate,0.75,False,True,False,10.0,0.4973217248916626
249,327,can,object_shift,risk_gate,0.1,False,False,False,,
249,327,can,object_shift,risk_gate,0.25,False,False,False,,
249,327,can,object_shift,risk_gate,0.5,True,True,True,70.0,0.8099889159202576
249,327,can,object_shift,risk_gate,0.75,True,True,True,30.0,0.335700124502182
249,327,can,object_shift,uncertainty_gate,0.1,False,False,False,,
249,327,can,object_shift,uncertainty_gate,0.25,False,False,False,,
249,327,can,object_shift,uncertainty_gate,0.5,False,False,False,,
249,327,can,object_shift,uncertainty_gate,0.75,True,True,True,70.0,0.005471402313560247
250,327,can,object_shift,never_help,0.0,True,False,False,,
250,327,can,object_shift,always_help,1.0,True,True,False,10.0,
250,327,can,object_shift,oracle_value,,True,False,False,,
250,327,can,object_shift,value_gate,0.1,True,False,False,,
250,327,can,object_shift,value_gate,0.25,True,False,False,,
250,327,can,object_shift,value_gate,0.5,True,True,False,30.0,0.8175479769706726
250,327,can,object_shift,value_gate,0.75,True,True,False,10.0,0.5191650986671448
250,327,can,object_shift,risk_gate,0.1,True,False,False,,
250,327,can,object_shift,risk_gate,0.25,True,True,False,10.0,0.8785951733589172
250,327,can,object_shift,risk_gate,0.5,True,True,False,10.0,0.8785951733589172
250,327,can,object_shift,risk_gate,0.75,True,True,False,10.0,0.8785951733589172
250,327,can,object_shift,uncertainty_gate,0.1,True,False,False,,
250,327,can,object_shift,uncertainty_gate,0.25,True,False,False,,
250,327,can,object_shift,uncertainty_gate,0.5,True,False,False,,
250,327,can,object_shift,uncertainty_gate,0.75,True,True,False,50.0,0.004204729106277227
251,327,can,object_shift,never_help,0.0,False,False,False,,
251,327,can,object_shift,always_help,1.0,True,True,True,10.0,
251,327,can,object_shift,oracle_value,,True,True,True,10.0,1.0
251,327,can,object_shift,value_gate,0.1,False,False,False,,
251,327,can,object_shift,value_gate,0.25,False,True,False,70.0,0.9583722352981567
251,327,can,object_shift,value_gate,0.5,False,True,False,30.0,0.9544691443443298
251,327,can,object_shift,value_gate,0.75,False,True,False,30.0,0.9544691443443298
251,327,can,object_shift,risk_gate,0.1,False,False,False,,
251,327,can,object_shift,risk_gate,0.25,False,False,False,,
251,327,can,object_shift,risk_gate,0.5,True,True,True,10.0,0.741034209728241
251,327,can,object_shift,risk_gate,0.75,True,True,True,10.0,0.741034209728241
251,327,can,object_shift,uncertainty_gate,0.1,False,False,False,,
251,327,can,object_shift,uncertainty_gate,0.25,False,False,False,,
251,327,can,object_shift,uncertainty_gate,0.5,False,False,False,,
251,327,can,object_shift,uncertainty_gate,0.75,False,True,False,30.0,0.00876691285520792
252,327,can,action_noise,never_help,0.0,True,False,False,,
252,327,can,action_noise,always_help,1.0,True,True,False,10.0,
252,327,can,action_noise,oracle_value,,True,False,False,,
252,327,can,action_noise,value_gate,0.1,True,False,False,,
252,327,can,action_noise,value_gate,0.25,True,False,False,,
252,327,can,action_noise,value_gate,0.5,True,False,False,,
252,327,can,action_noise,value_gate,0.75,True,False,False,,
252,327,can,action_noise,risk_gate,0.1,True,False,False,,
252,327,can,action_noise,risk_gate,0.25,True,False,False,,
252,327,can,action_noise,risk_gate,0.5,True,True,False,10.0,0.8123940825462341
252,327,can,action_noise,risk_gate,0.75,True,True,False,10.0,0.8123940825462341
252,327,can,action_noise,uncertainty_gate,0.1,True,False,False,,
252,327,can,action_noise,uncertainty_gate,0.25,True,False,False,,
252,327,can,action_noise,uncertainty_gate,0.5,True,False,False,,
252,327,can,action_noise,uncertainty_gate,0.75,True,False,False,,
253,327,can,action_noise,never_help,0.0,False,False,False,,
253,327,can,action_noise,always_help,1.0,True,True,True,10.0,
253,327,can,action_noise,oracle_value,,True,True,True,10.0,1.0
253,327,can,action_noise,value_gate,0.1,False,False,False,,
253,327,can,action_noise,value_gate,0.25,False,False,False,,
253,327,can,action_noise,value_gate,0.5,False,True,False,70.0,0.8804606199264526
253,327,can,action_noise,value_gate,0.75,True,True,True,10.0,0.6264871954917908
253,327,can,action_noise,risk_gate,0.1,False,False,False,,
253,327,can,action_noise,risk_gate,0.25,False,True,False,130.0,0.8829262256622314
253,327,can,action_noise,risk_gate,0.5,True,True,True,10.0,0.7382491827011108
253,327,can,action_noise,risk_gate,0.75,True,True,True,10.0,0.7382491827011108
253,327,can,action_noise,uncertainty_gate,0.1,False,False,False,,
253,327,can,action_noise,uncertainty_gate,0.25,False,False,False,,
253,327,can,action_noise,uncertainty_gate,0.5,False,True,False,110.0,0.025548597797751427
253,327,can,action_noise,uncertainty_gate,0.75,False,True,False,50.0,0.007938357070088387
254,327,can,action_noise,never_help,0.0,True,False,False,,
254,327,can,action_noise,always_help,1.0,True,True,False,10.0,
254,327,can,action_noise,oracle_value,,True,False,False,,
254,327,can,action_noise,value_gate,0.1,True,False,False,,
254,327,can,action_noise,value_gate,0.25,True,False,False,,
254,327,can,action_noise,value_gate,0.5,True,False,False,,
254,327,can,action_noise,value_gate,0.75,True,False,False,,
254,327,can,action_noise,risk_gate,0.1,True,False,False,,
254,327,can,action_noise,risk_gate,0.25,True,True,False,10.0,0.8954749703407288
254,327,can,action_noise,risk_gate,0.5,True,True,False,10.0,0.8954749703407288
254,327,can,action_noise,risk_gate,0.75,True,True,False,10.0,0.8954749703407288
254,327,can,action_noise,uncertainty_gate,0.1,True,False,False,,
254,327,can,action_noise,uncertainty_gate,0.25,True,False,False,,
254,327,can,action_noise,uncertainty_gate,0.5,True,False,False,,
254,327,can,action_noise,uncertainty_gate,0.75,True,False,False,,
255,327,can,action_noise,never_help,0.0,True,False,False,,
255,327,can,action_noise,always_help,1.0,True,True,False,10.0,
255,327,can,action_noise,oracle_value,,True,False,False,,
255,327,can,action_noise,value_gate,0.1,True,False,False,,
255,327,can,action_noise,value_gate,0.25,True,False,False,,
255,327,can,action_noise,value_gate,0.5,True,False,False,,
255,327,can,action_noise,value_gate,0.75,True,True,False,30.0,0.7061271071434021
255,327,can,action_noise,risk_gate,0.1,True,False,False,,
255,327,can,action_noise,risk_gate,0.25,True,True,False,10.0,0.9061428308486938
255,327,can,action_noise,risk_gate,0.5,True,True,False,10.0,0.9061428308486938
255,327,can,action_noise,risk_gate,0.75,True,True,False,10.0,0.9061428308486938
255,327,can,action_noise,uncertainty_gate,0.1,True,False,False,,
255,327,can,action_noise,uncertainty_gate,0.25,True,False,False,,
255,327,can,action_noise,uncertainty_gate,0.5,True,False,False,,
255,327,can,action_noise,uncertainty_gate,0.75,True,False,False,,
256,327,can,action_noise,never_help,0.0,True,False,False,,
256,327,can,action_noise,always_help,1.0,True,True,False,10.0,
256,327,can,action_noise,oracle_value,,True,False,False,,
256,327,can,action_noise,value_gate,0.1,True,False,False,,
256,327,can,action_noise,value_gate,0.25,True,False,False,,
256,327,can,action_noise,value_gate,0.5,True,False,False,,
256,327,can,action_noise,value_gate,0.75,True,True,False,10.0,0.5580551028251648
256,327,can,action_noise,risk_gate,0.1,True,False,False,,
256,327,can,action_noise,risk_gate,0.25,True,True,False,10.0,0.9050092697143555
256,327,can,action_noise,risk_gate,0.5,True,True,False,10.0,0.9050092697143555
256,327,can,action_noise,risk_gate,0.75,True,True,False,10.0,0.9050092697143555
256,327,can,action_noise,uncertainty_gate,0.1,True,False,False,,
256,327,can,action_noise,uncertainty_gate,0.25,True,False,False,,
256,327,can,action_noise,uncertainty_gate,0.5,True,False,False,,
256,327,can,action_noise,uncertainty_gate,0.75,True,True,False,50.0,0.005852132104337215
257,327,can,action_noise,never_help,0.0,True,False,False,,
257,327,can,action_noise,always_help,1.0,True,True,False,10.0,
257,327,can,action_noise,oracle_value,,True,False,False,,
257,327,can,action_noise,value_gate,0.1,True,False,False,,
257,327,can,action_noise,value_gate,0.25,True,False,False,,
257,327,can,action_noise,value_gate,0.5,True,False,False,,
257,327,can,action_noise,value_gate,0.75,True,False,False,,
257,327,can,action_noise,risk_gate,0.1,True,False,False,,
257,327,can,action_noise,risk_gate,0.25,True,False,False,,
257,327,can,action_noise,risk_gate,0.5,True,True,False,10.0,0.7822635769844055
257,327,can,action_noise,risk_gate,0.75,True,True,False,10.0,0.7822635769844055
257,327,can,action_noise,uncertainty_gate,0.1,True,False,False,,
257,327,can,action_noise,uncertainty_gate,0.25,True,False,False,,
257,327,can,action_noise,uncertainty_gate,0.5,True,False,False,,
257,327,can,action_noise,uncertainty_gate,0.75,True,False,False,,
258,327,can,action_delay,never_help,0.0,False,False,False,,
258,327,can,action_delay,always_help,1.0,True,True,True,10.0,
258,327,can,action_delay,oracle_value,,True,True,True,10.0,1.0
258,327,can,action_delay,value_gate,0.1,False,False,False,,
258,327,can,action_delay,value_gate,0.25,False,False,False,,
258,327,can,action_delay,value_gate,0.5,True,True,True,10.0,0.8631043434143066
258,327,can,action_delay,value_gate,0.75,True,True,True,10.0,0.8631043434143066
258,327,can,action_delay,risk_gate,0.1,False,False,False,,
258,327,can,action_delay,risk_gate,0.25,False,False,False,,
258,327,can,action_delay,risk_gate,0.5,False,True,False,50.0,0.8070295453071594
258,327,can,action_delay,risk_gate,0.75,False,True,False,50.0,0.8070295453071594
258,327,can,action_delay,uncertainty_gate,0.1,False,False,False,,
258,327,can,action_delay,uncertainty_gate,0.25,False,True,False,50.0,0.14389944076538086
258,327,can,action_delay,uncertainty_gate,0.5,False,True,False,50.0,0.14389944076538086
258,327,can,action_delay,uncertainty_gate,0.75,True,True,True,10.0,0.004253193270415068
259,327,can,action_delay,never_help,0.0,False,False,False,,
259,327,can,action_delay,always_help,1.0,True,True,True,10.0,
259,327,can,action_delay,oracle_value,,True,True,True,10.0,1.0
259,327,can,action_delay,value_gate,0.1,False,False,False,,
259,327,can,action_delay,value_gate,0.25,False,False,False,,
259,327,can,action_delay,value_gate,0.5,True,True,True,10.0,0.8528518080711365
259,327,can,action_delay,value_gate,0.75,True,True,True,10.0,0.8528518080711365
259,327,can,action_delay,risk_gate,0.1,False,False,False,,
259,327,can,action_delay,risk_gate,0.25,False,False,False,,
259,327,can,action_delay,risk_gate,0.5,True,True,True,70.0,0.8099861145019531
259,327,can,action_delay,risk_gate,0.75,True,True,True,70.0,0.8099861145019531
259,327,can,action_delay,uncertainty_gate,0.1,False,False,False,,
259,327,can,action_delay,uncertainty_gate,0.25,False,False,False,,
259,327,can,action_delay,uncertainty_gate,0.5,False,False,False,,
259,327,can,action_delay,uncertainty_gate,0.75,True,True,True,70.0,0.022000374272465706
260,327,can,action_delay,never_help,0.0,False,False,False,,
260,327,can,action_delay,always_help,1.0,True,True,True,10.0,
260,327,can,action_delay,oracle_value,,True,True,True,10.0,1.0
260,327,can,action_delay,value_gate,0.1,False,False,False,,
260,327,can,action_delay,value_gate,0.25,False,False,False,,
260,327,can,action_delay,value_gate,0.5,True,True,True,10.0,0.9232256412506104
260,327,can,action_delay,value_gate,0.75,True,True,True,10.0,0.9232256412506104
260,327,can,action_delay,risk_gate,0.1,False,False,False,,
260,327,can,action_delay,risk_gate,0.25,True,True,True,70.0,0.9463436603546143
260,327,can,action_delay,risk_gate,0.5,True,True,True,70.0,0.9463436603546143
260,327,can,action_delay,risk_gate,0.75,True,True,True,30.0,0.4878254234790802
260,327,can,action_delay,uncertainty_gate,0.1,False,False,False,,
260,327,can,action_delay,uncertainty_gate,0.25,False,False,False,,
260,327,can,action_delay,uncertainty_gate,0.5,False,False,False,,
260,327,can,action_delay,uncertainty_gate,0.75,True,True,True,30.0,0.00934483390301466
261,327,can,action_delay,never_help,0.0,False,False,False,,
261,327,can,action_delay,always_help,1.0,True,True,True,10.0,
261,327,can,action_delay,oracle_value,,True,True,True,10.0,1.0
261,327,can,action_delay,value_gate,0.1,False,False,False,,
261,327,can,action_delay,value_gate,0.25,True,True,True,10.0,0.9632230997085571
261,327,can,action_delay,value_gate,0.5,True,True,True,10.0,0.9632230997085571
261,327,can,action_delay,value_gate,0.75,True,True,True,10.0,0.9632230997085571
261,327,can,action_delay,risk_gate,0.1,False,False,False,,
261,327,can,action_delay,risk_gate,0.25,False,True,False,110.0,0.9420859217643738
261,327,can,action_delay,risk_gate,0.5,False,True,False,50.0,0.7055577039718628
261,327,can,action_delay,risk_gate,0.75,False,True,False,50.0,0.7055577039718628
261,327,can,action_delay,uncertainty_gate,0.1,False,False,False,,
261,327,can,action_delay,uncertainty_gate,0.25,False,False,False,,
261,327,can,action_delay,uncertainty_gate,0.5,False,True,False,110.0,0.029393017292022705
261,327,can,action_delay,uncertainty_gate,0.75,True,True,True,30.0,0.02235632948577404
262,327,can,action_delay,never_help,0.0,False,False,False,,
262,327,can,action_delay,always_help,1.0,True,True,True,10.0,
262,327,can,action_delay,oracle_value,,True,True,True,10.0,1.0
262,327,can,action_delay,value_gate,0.1,False,False,False,,
262,327,can,action_delay,value_gate,0.25,False,False,False,,
262,327,can,action_delay,value_gate,0.5,True,True,True,10.0,0.9435399770736694
262,327,can,action_delay,value_gate,0.75,True,True,True,10.0,0.9435399770736694
262,327,can,action_delay,risk_gate,0.1,False,False,False,,
262,327,can,action_delay,risk_gate,0.25,False,False,False,,
262,327,can,action_delay,risk_gate,0.5,False,False,False,,
262,327,can,action_delay,risk_gate,0.75,False,False,False,,
262,327,can,action_delay,uncertainty_gate,0.1,False,False,False,,
262,327,can,action_delay,uncertainty_gate,0.25,True,True,True,30.0,0.07229524850845337
262,327,can,action_delay,uncertainty_gate,0.5,True,True,True,30.0,0.07229524850845337
262,327,can,action_delay,uncertainty_gate,0.75,True,True,True,30.0,0.07229524850845337
263,327,can,action_delay,never_help,0.0,False,False,False,,
263,327,can,action_delay,always_help,1.0,True,True,True,10.0,
263,327,can,action_delay,oracle_value,,True,True,True,10.0,1.0
263,327,can,action_delay,value_gate,0.1,False,False,False,,
263,327,can,action_delay,value_gate,0.25,True,True,True,70.0,0.9644582271575928
263,327,can,action_delay,value_gate,0.5,True,True,True,50.0,0.8781131505966187
263,327,can,action_delay,value_gate,0.75,True,True,True,50.0,0.8781131505966187
263,327,can,action_delay,risk_gate,0.1,False,False,False,,
263,327,can,action_delay,risk_gate,0.25,False,False,False,,
263,327,can,action_delay,risk_gate,0.5,False,False,False,,
263,327,can,action_delay,risk_gate,0.75,True,True,True,10.0,0.4319271445274353
263,327,can,action_delay,uncertainty_gate,0.1,False,False,False,,
263,327,can,action_delay,uncertainty_gate,0.25,True,True,True,50.0,0.1361285299062729
263,327,can,action_delay,uncertainty_gate,0.5,True,True,True,50.0,0.1361285299062729
263,327,can,action_delay,uncertainty_gate,0.75,True,True,True,30.0,0.004712832625955343
264,327,can,gripper_slip,never_help,0.0,False,False,False,,
264,327,can,gripper_slip,always_help,1.0,True,True,True,10.0,
264,327,can,gripper_slip,oracle_value,,True,True,True,10.0,1.0
264,327,can,gripper_slip,value_gate,0.1,False,False,False,,
264,327,can,gripper_slip,value_gate,0.25,False,False,False,,
264,327,can,gripper_slip,value_gate,0.5,True,True,True,50.0,0.9523046612739563
264,327,can,gripper_slip,value_gate,0.75,True,True,True,50.0,0.9523046612739563
264,327,can,gripper_slip,risk_gate,0.1,True,True,True,50.0,0.9678606390953064
264,327,can,gripper_slip,risk_gate,0.25,True,True,True,50.0,0.9678606390953064
264,327,can,gripper_slip,risk_gate,0.5,True,True,True,10.0,0.7504263520240784
264,327,can,gripper_slip,risk_gate,0.75,True,True,True,10.0,0.7504263520240784
264,327,can,gripper_slip,uncertainty_gate,0.1,True,True,True,50.0,0.17085310816764832
264,327,can,gripper_slip,uncertainty_gate,0.25,True,True,True,50.0,0.17085310816764832
264,327,can,gripper_slip,uncertainty_gate,0.5,True,True,True,50.0,0.17085310816764832
264,327,can,gripper_slip,uncertainty_gate,0.75,True,True,True,50.0,0.17085310816764832
265,327,can,gripper_slip,never_help,0.0,False,False,False,,
265,327,can,gripper_slip,always_help,1.0,True,True,True,10.0,
265,327,can,gripper_slip,oracle_value,,True,True,True,10.0,1.0
265,327,can,gripper_slip,value_gate,0.1,False,False,False,,
265,327,can,gripper_slip,value_gate,0.25,False,False,False,,
265,327,can,gripper_slip,value_gate,0.5,True,True,True,70.0,0.919734537601471
265,327,can,gripper_slip,value_gate,0.75,True,True,True,30.0,0.6296935081481934
265,327,can,gripper_slip,risk_gate,0.1,False,False,False,,
265,327,can,gripper_slip,risk_gate,0.25,True,True,True,10.0,0.9289821982383728
265,327,can,gripper_slip,risk_gate,0.5,True,True,True,10.0,0.9289821982383728
265,327,can,gripper_slip,risk_gate,0.75,True,True,True,10.0,0.9289821982383728
265,327,can,gripper_slip,uncertainty_gate,0.1,True,True,True,90.0,0.16441631317138672
265,327,can,gripper_slip,uncertainty_gate,0.25,True,True,True,90.0,0.16441631317138672
265,327,can,gripper_slip,uncertainty_gate,0.5,True,True,True,70.0,0.036205511540174484
265,327,can,gripper_slip,uncertainty_gate,0.75,True,True,True,50.0,0.004643035586923361
266,327,can,gripper_slip,never_help,0.0,False,False,False,,
266,327,can,gripper_slip,always_help,1.0,True,True,True,10.0,
266,327,can,gripper_slip,oracle_value,,True,True,True,10.0,1.0
266,327,can,gripper_slip,value_gate,0.1,False,False,False,,
266,327,can,gripper_slip,value_gate,0.25,False,False,False,,
266,327,can,gripper_slip,value_gate,0.5,True,True,True,70.0,0.9424513578414917
266,327,can,gripper_slip,value_gate,0.75,True,True,True,10.0,0.5001688599586487
266,327,can,gripper_slip,risk_gate,0.1,False,False,False,,
266,327,can,gripper_slip,risk_gate,0.25,True,True,True,10.0,0.8798213005065918
266,327,can,gripper_slip,risk_gate,0.5,True,True,True,10.0,0.8798213005065918
266,327,can,gripper_slip,risk_gate,0.75,True,True,True,10.0,0.8798213005065918
266,327,can,gripper_slip,uncertainty_gate,0.1,False,False,False,,
266,327,can,gripper_slip,uncertainty_gate,0.25,False,False,False,,
266,327,can,gripper_slip,uncertainty_gate,0.5,False,False,False,,
266,327,can,gripper_slip,uncertainty_gate,0.75,True,True,True,70.0,0.003467881353572011
267,327,can,gripper_slip,never_help,0.0,False,False,False,,
267,327,can,gripper_slip,always_help,1.0,True,True,True,10.0,
267,327,can,gripper_slip,oracle_value,,True,True,True,10.0,1.0
267,327,can,gripper_slip,value_gate,0.1,False,False,False,,
267,327,can,gripper_slip,value_gate,0.25,False,False,False,,
267,327,can,gripper_slip,value_gate,0.5,True,True,True,70.0,0.8471210598945618
267,327,can,gripper_slip,value_gate,0.75,True,True,True,10.0,0.6170294284820557
267,327,can,gripper_slip,risk_gate,0.1,False,False,False,,
267,327,can,gripper_slip,risk_gate,0.25,False,False,False,,
267,327,can,gripper_slip,risk_gate,0.5,True,True,True,10.0,0.7831206321716309
267,327,can,gripper_slip,risk_gate,0.75,True,True,True,10.0,0.7831206321716309
267,327,can,gripper_slip,uncertainty_gate,0.1,True,True,True,70.0,0.151352196931839
267,327,can,gripper_slip,uncertainty_gate,0.25,True,True,True,70.0,0.151352196931839
267,327,can,gripper_slip,uncertainty_gate,0.5,True,True,True,70.0,0.151352196931839
267,327,can,gripper_slip,uncertainty_gate,0.75,True,True,True,70.0,0.151352196931839
268,327,can,gripper_slip,never_help,0.0,False,False,False,,
268,327,can,gripper_slip,always_help,1.0,True,True,True,10.0,
268,327,can,gripper_slip,oracle_value,,True,True,True,10.0,1.0
268,327,can,gripper_slip,value_gate,0.1,False,False,False,,
268,327,can,gripper_slip,value_gate,0.25,True,True,True,50.0,0.9681466221809387
268,327,can,gripper_slip,value_gate,0.5,True,True,True,50.0,0.9681466221809387
268,327,can,gripper_slip,value_gate,0.75,True,True,True,30.0,0.4857363700866699
268,327,can,gripper_slip,risk_gate,0.1,False,False,False,,
268,327,can,gripper_slip,risk_gate,0.25,False,False,False,,
268,327,can,gripper_slip,risk_gate,0.5,True,True,True,110.0,0.7174255847930908
268,327,can,gripper_slip,risk_gate,0.75,True,True,True,50.0,0.37264278531074524
268,327,can,gripper_slip,uncertainty_gate,0.1,False,False,False,,
268,327,can,gripper_slip,uncertainty_gate,0.25,False,False,False,,
268,327,can,gripper_slip,uncertainty_gate,0.5,False,False,False,,
268,327,can,gripper_slip,uncertainty_gate,0.75,True,True,True,50.0,0.0068390280939638615
269,327,can,gripper_slip,never_help,0.0,False,False,False,,
269,327,can,gripper_slip,always_help,1.0,True,True,True,10.0,
269,327,can,gripper_slip,oracle_value,,True,True,True,10.0,1.0
269,327,can,gripper_slip,value_gate,0.1,False,False,False,,
269,327,can,gripper_slip,value_gate,0.25,False,False,False,,
269,327,can,gripper_slip,value_gate,0.5,True,True,True,70.0,0.8649454712867737
269,327,can,gripper_slip,value_gate,0.75,True,True,True,10.0,0.465237557888031
269,327,can,gripper_slip,risk_gate,0.1,False,False,False,,
269,327,can,gripper_slip,risk_gate,0.25,False,False,False,,
269,327,can,gripper_slip,risk_gate,0.5,True,True,True,10.0,0.8446005582809448
269,327,can,gripper_slip,risk_gate,0.75,True,True,True,10.0,0.8446005582809448
269,327,can,gripper_slip,uncertainty_gate,0.1,True,True,True,90.0,0.17461082339286804
269,327,can,gripper_slip,uncertainty_gate,0.25,True,True,True,90.0,0.17461082339286804
269,327,can,gripper_slip,uncertainty_gate,0.5,True,True,True,90.0,0.17461082339286804
269,327,can,gripper_slip,uncertainty_gate,0.75,True,True,True,50.0,0.01854402758181095
270,327,milk,nominal,never_help,0.0,True,False,False,,
270,327,milk,nominal,always_help,1.0,True,True,False,10.0,
270,327,milk,nominal,oracle_value,,True,False,False,,
270,327,milk,nominal,value_gate,0.1,True,False,False,,
270,327,milk,nominal,value_gate,0.25,True,False,False,,
270,327,milk,nominal,value_gate,0.5,True,False,False,,
270,327,milk,nominal,value_gate,0.75,True,True,False,10.0,0.5132313966751099
270,327,milk,nominal,risk_gate,0.1,True,False,False,,
270,327,milk,nominal,risk_gate,0.25,True,False,False,,
270,327,milk,nominal,risk_gate,0.5,True,False,False,,
270,327,milk,nominal,risk_gate,0.75,True,False,False,,
270,327,milk,nominal,uncertainty_gate,0.1,True,False,False,,
270,327,milk,nominal,uncertainty_gate,0.25,True,False,False,,
270,327,milk,nominal,uncertainty_gate,0.5,True,False,False,,
270,327,milk,nominal,uncertainty_gate,0.75,True,False,False,,
271,327,milk,nominal,never_help,0.0,True,False,False,,
271,327,milk,nominal,always_help,1.0,True,True,False,10.0,
271,327,milk,nominal,oracle_value,,True,False,False,,
271,327,milk,nominal,value_gate,0.1,True,False,False,,
271,327,milk,nominal,value_gate,0.25,True,False,False,,
271,327,milk,nominal,value_gate,0.5,True,False,False,,
271,327,milk,nominal,value_gate,0.75,True,False,False,,
271,327,milk,nominal,risk_gate,0.1,True,False,False,,
271,327,milk,nominal,risk_gate,0.25,True,False,False,,
271,327,milk,nominal,risk_gate,0.5,True,False,False,,
271,327,milk,nominal,risk_gate,0.75,True,False,False,,
271,327,milk,nominal,uncertainty_gate,0.1,True,False,False,,
271,327,milk,nominal,uncertainty_gate,0.25,True,False,False,,
271,327,milk,nominal,uncertainty_gate,0.5,True,False,False,,
271,327,milk,nominal,uncertainty_gate,0.75,True,True,False,30.0,0.005082287825644016
272,327,milk,nominal,never_help,0.0,True,False,False,,
272,327,milk,nominal,always_help,1.0,True,True,False,10.0,
272,327,milk,nominal,oracle_value,,True,False,False,,
272,327,milk,nominal,value_gate,0.1,True,False,False,,
272,327,milk,nominal,value_gate,0.25,True,False,False,,
272,327,milk,nominal,value_gate,0.5,True,False,False,,
272,327,milk,nominal,value_gate,0.75,True,True,False,10.0,0.5181580781936646
272,327,milk,nominal,risk_gate,0.1,True,False,False,,
272,327,milk,nominal,risk_gate,0.25,True,False,False,,
272,327,milk,nominal,risk_gate,0.5,True,False,False,,
272,327,milk,nominal,risk_gate,0.75,True,False,False,,
272,327,milk,nominal,uncertainty_gate,0.1,True,False,False,,
272,327,milk,nominal,uncertainty_gate,0.25,True,False,False,,
272,327,milk,nominal,uncertainty_gate,0.5,True,False,False,,
272,327,milk,nominal,uncertainty_gate,0.75,True,True,False,70.0,0.0034467640798538923
273,327,milk,nominal,never_help,0.0,True,False,False,,
273,327,milk,nominal,always_help,1.0,True,True,False,10.0,
273,327,milk,nominal,oracle_value,,True,False,False,,
273,327,milk,nominal,value_gate,0.1,True,False,False,,
273,327,milk,nominal,value_gate,0.25,True,False,False,,
273,327,milk,nominal,value_gate,0.5,True,False,False,,
273,327,milk,nominal,value_gate,0.75,True,False,False,,
273,327,milk,nominal,risk_gate,0.1,True,False,False,,
273,327,milk,nominal,risk_gate,0.25,True,False,False,,
273,327,milk,nominal,risk_gate,0.5,True,False,False,,
273,327,milk,nominal,risk_gate,0.75,True,False,False,,
273,327,milk,nominal,uncertainty_gate,0.1,True,False,False,,
273,327,milk,nominal,uncertainty_gate,0.25,True,False,False,,
273,327,milk,nominal,uncertainty_gate,0.5,True,False,False,,
273,327,milk,nominal,uncertainty_gate,0.75,True,False,False,,
274,327,milk,nominal,never_help,0.0,True,False,False,,
274,327,milk,nominal,always_help,1.0,True,True,False,10.0,
274,327,milk,nominal,oracle_value,,True,False,False,,
274,327,milk,nominal,value_gate,0.1,True,False,False,,
274,327,milk,nominal,value_gate,0.25,True,False,False,,
274,327,milk,nominal,value_gate,0.5,True,False,False,,
274,327,milk,nominal,value_gate,0.75,True,False,False,,
274,327,milk,nominal,risk_gate,0.1,True,False,False,,
274,327,milk,nominal,risk_gate,0.25,True,False,False,,
274,327,milk,nominal,risk_gate,0.5,True,False,False,,
274,327,milk,nominal,risk_gate,0.75,True,False,False,,
274,327,milk,nominal,uncertainty_gate,0.1,True,False,False,,
274,327,milk,nominal,uncertainty_gate,0.25,True,False,False,,
274,327,milk,nominal,uncertainty_gate,0.5,True,False,False,,
274,327,milk,nominal,uncertainty_gate,0.75,True,True,False,50.0,0.011830964125692844
275,327,milk,nominal,never_help,0.0,True,False,False,,
275,327,milk,nominal,always_help,1.0,True,True,False,10.0,
275,327,milk,nominal,oracle_value,,True,False,False,,
275,327,milk,nominal,value_gate,0.1,True,False,False,,
275,327,milk,nominal,value_gate,0.25,True,False,False,,
275,327,milk,nominal,value_gate,0.5,True,False,False,,
275,327,milk,nominal,value_gate,0.75,True,True,False,10.0,0.627914547920227
275,327,milk,nominal,risk_gate,0.1,True,False,False,,
275,327,milk,nominal,risk_gate,0.25,True,False,False,,
275,327,milk,nominal,risk_gate,0.5,True,False,False,,
275,327,milk,nominal,risk_gate,0.75,True,True,False,10.0,0.5960531830787659
275,327,milk,nominal,uncertainty_gate,0.1,True,False,False,,
275,327,milk,nominal,uncertainty_gate,0.25,True,False,False,,
275,327,milk,nominal,uncertainty_gate,0.5,True,False,False,,
275,327,milk,nominal,uncertainty_gate,0.75,True,True,False,10.0,0.006680517457425594
276,327,milk,object_shift,never_help,0.0,True,False,False,,
276,327,milk,object_shift,always_help,1.0,True,True,False,10.0,
276,327,milk,object_shift,oracle_value,,True,False,False,,
276,327,milk,object_shift,value_gate,0.1,True,False,False,,
276,327,milk,object_shift,value_gate,0.25,True,False,False,,
276,327,milk,object_shift,value_gate,0.5,True,False,False,,
276,327,milk,object_shift,value_gate,0.75,True,True,False,10.0,0.5832693576812744
276,327,milk,object_shift,risk_gate,0.1,True,False,False,,
276,327,milk,object_shift,risk_gate,0.25,True,False,False,,
276,327,milk,object_shift,risk_gate,0.5,True,False,False,,
276,327,milk,object_shift,risk_gate,0.75,True,False,False,,
276,327,milk,object_shift,uncertainty_gate,0.1,True,False,False,,
276,327,milk,object_shift,uncertainty_gate,0.25,True,False,False,,
276,327,milk,object_shift,uncertainty_gate,0.5,True,False,False,,
276,327,milk,object_shift,uncertainty_gate,0.75,True,False,False,,
277,327,milk,object_shift,never_help,0.0,True,False,False,,
277,327,milk,object_shift,always_help,1.0,True,True,False,10.0,
277,327,milk,object_shift,oracle_value,,True,False,False,,
277,327,milk,object_shift,value_gate,0.1,True,False,False,,
277,327,milk,object_shift,value_gate,0.25,True,False,False,,
277,327,milk,object_shift,value_gate,0.5,True,False,False,,
277,327,milk,object_shift,value_gate,0.75,True,True,False,10.0,0.5196967124938965
277,327,milk,object_shift,risk_gate,0.1,True,False,False,,
277,327,milk,object_shift,risk_gate,0.25,True,False,False,,
277,327,milk,object_shift,risk_gate,0.5,True,False,False,,
277,327,milk,object_shift,risk_gate,0.75,True,False,False,,
277,327,milk,object_shift,uncertainty_gate,0.1,True,False,False,,
277,327,milk,object_shift,uncertainty_gate,0.25,True,False,False,,
277,327,milk,object_shift,uncertainty_gate,0.5,True,False,False,,
277,327,milk,object_shift,uncertainty_gate,0.75,True,False,False,,
278,327,milk,object_shift,never_help,0.0,True,False,False,,
278,327,milk,object_shift,always_help,1.0,True,True,False,10.0,
278,327,milk,object_shift,oracle_value,,True,False,False,,
278,327,milk,object_shift,value_gate,0.1,True,False,False,,
278,327,milk,object_shift,value_gate,0.25,True,False,False,,
278,327,milk,object_shift,value_gate,0.5,True,False,False,,
278,327,milk,object_shift,value_gate,0.75,True,False,False,,
278,327,milk,object_shift,risk_gate,0.1,True,False,False,,
278,327,milk,object_shift,risk_gate,0.25,True,False,False,,
278,327,milk,object_shift,risk_gate,0.5,True,False,False,,
278,327,milk,object_shift,risk_gate,0.75,True,False,False,,
278,327,milk,object_shift,uncertainty_gate,0.1,True,False,False,,
278,327,milk,object_shift,uncertainty_gate,0.25,True,False,False,,
278,327,milk,object_shift,uncertainty_gate,0.5,True,False,False,,
278,327,milk,object_shift,uncertainty_gate,0.75,True,True,False,30.0,0.0036119476426392794
279,327,milk,object_shift,never_help,0.0,False,False,False,,
279,327,milk,object_shift,always_help,1.0,True,True,True,10.0,
279,327,milk,object_shift,oracle_value,,True,True,True,10.0,1.0
279,327,milk,object_shift,value_gate,0.1,False,False,False,,
279,327,milk,object_shift,value_gate,0.25,False,False,False,,
279,327,milk,object_shift,value_gate,0.5,True,True,True,110.0,0.9033092856407166
279,327,milk,object_shift,value_gate,0.75,True,True,True,30.0,0.6894857883453369
279,327,milk,object_shift,risk_gate,0.1,False,False,False,,
279,327,milk,object_shift,risk_gate,0.25,False,False,False,,
279,327,milk,object_shift,risk_gate,0.5,True,True,True,30.0,0.8127687573432922
279,327,milk,object_shift,risk_gate,0.75,True,True,True,30.0,0.8127687573432922
279,327,milk,object_shift,uncertainty_gate,0.1,True,True,True,110.0,0.19160781800746918
279,327,milk,object_shift,uncertainty_gate,0.25,True,True,True,30.0,0.09505294263362885
279,327,milk,object_shift,uncertainty_gate,0.5,True,True,True,10.0,0.026675870642066002
279,327,milk,object_shift,uncertainty_gate,0.75,True,True,True,10.0,0.026675870642066002
280,327,milk,object_shift,never_help,0.0,False,False,False,,
280,327,milk,object_shift,always_help,1.0,True,True,True,10.0,
280,327,milk,object_shift,oracle_value,,True,True,True,10.0,1.0
280,327,milk,object_shift,value_gate,0.1,False,False,False,,
280,327,milk,object_shift,value_gate,0.25,False,True,False,30.0,0.9720273613929749
280,327,milk,object_shift,value_gate,0.5,False,True,False,30.0,0.9720273613929749
280,327,milk,object_shift,value_gate,0.75,False,True,False,30.0,0.9720273613929749
280,327,milk,object_shift,risk_gate,0.1,False,True,False,30.0,0.9613417983055115
280,327,milk,object_shift,risk_gate,0.25,False,True,False,30.0,0.9613417983055115
280,327,milk,object_shift,risk_gate,0.5,False,True,False,30.0,0.9613417983055115
280,327,milk,object_shift,risk_gate,0.75,True,True,True,10.0,0.30631223320961
280,327,milk,object_shift,uncertainty_gate,0.1,False,False,False,,
280,327,milk,object_shift,uncertainty_gate,0.25,False,True,False,110.0,0.10986454039812088
280,327,milk,object_shift,uncertainty_gate,0.5,False,True,False,110.0,0.10986454039812088
280,327,milk,object_shift,uncertainty_gate,0.75,False,True,False,30.0,0.005433825310319662
281,327,milk,object_shift,never_help,0.0,True,False,False,,
281,327,milk,object_shift,always_help,1.0,True,True,False,10.0,
281,327,milk,object_shift,oracle_value,,True,False,False,,
281,327,milk,object_shift,value_gate,0.1,True,False,False,,
281,327,milk,object_shift,value_gate,0.25,True,False,False,,
281,327,milk,object_shift,value_gate,0.5,True,False,False,,
281,327,milk,object_shift,value_gate,0.75,True,False,False,,
281,327,milk,object_shift,risk_gate,0.1,True,False,False,,
281,327,milk,object_shift,risk_gate,0.25,True,False,False,,
281,327,milk,object_shift,risk_gate,0.5,True,False,False,,
281,327,milk,object_shift,risk_gate,0.75,True,False,False,,
281,327,milk,object_shift,uncertainty_gate,0.1,True,False,False,,
281,327,milk,object_shift,uncertainty_gate,0.25,True,False,False,,
281,327,milk,object_shift,uncertainty_gate,0.5,True,False,False,,
281,327,milk,object_shift,uncertainty_gate,0.75,True,True,False,50.0,0.0034357530530542135
282,327,milk,action_noise,never_help,0.0,True,False,False,,
282,327,milk,action_noise,always_help,1.0,True,True,False,10.0,
282,327,milk,action_noise,oracle_value,,True,False,False,,
282,327,milk,action_noise,value_gate,0.1,True,False,False,,
282,327,milk,action_noise,value_gate,0.25,True,False,False,,
282,327,milk,action_noise,value_gate,0.5,True,False,False,,
282,327,milk,action_noise,value_gate,0.75,True,False,False,,
282,327,milk,action_noise,risk_gate,0.1,True,False,False,,
282,327,milk,action_noise,risk_gate,0.25,True,False,False,,
282,327,milk,action_noise,risk_gate,0.5,True,True,False,10.0,0.6895870566368103
282,327,milk,action_noise,risk_gate,0.75,True,True,False,10.0,0.6895870566368103
282,327,milk,action_noise,uncertainty_gate,0.1,True,False,False,,
282,327,milk,action_noise,uncertainty_gate,0.25,True,False,False,,
282,327,milk,action_noise,uncertainty_gate,0.5,True,False,False,,
282,327,milk,action_noise,uncertainty_gate,0.75,True,False,False,,
283,327,milk,action_noise,never_help,0.0,True,False,False,,
283,327,milk,action_noise,always_help,1.0,True,True,False,10.0,
283,327,milk,action_noise,oracle_value,,True,False,False,,
283,327,milk,action_noise,value_gate,0.1,True,False,False,,
283,327,milk,action_noise,value_gate,0.25,True,False,False,,
283,327,milk,action_noise,value_gate,0.5,True,False,False,,
283,327,milk,action_noise,value_gate,0.75,True,False,False,,
283,327,milk,action_noise,risk_gate,0.1,True,False,False,,
283,327,milk,action_noise,risk_gate,0.25,True,False,False,,
283,327,milk,action_noise,risk_gate,0.5,True,False,False,,
283,327,milk,action_noise,risk_gate,0.75,True,True,False,10.0,0.6295052170753479
283,327,milk,action_noise,uncertainty_gate,0.1,True,False,False,,
283,327,milk,action_noise,uncertainty_gate,0.25,True,False,False,,
283,327,milk,action_noise,uncertainty_gate,0.5,True,False,False,,
283,327,milk,action_noise,uncertainty_gate,0.75,True,False,False,,
284,327,milk,action_noise,never_help,0.0,True,False,False,,
284,327,milk,action_noise,always_help,1.0,True,True,False,10.0,
284,327,milk,action_noise,oracle_value,,True,False,False,,
284,327,milk,action_noise,value_gate,0.1,True,False,False,,
284,327,milk,action_noise,value_gate,0.25,True,False,False,,
284,327,milk,action_noise,value_gate,0.5,True,False,False,,
284,327,milk,action_noise,value_gate,0.75,True,True,False,50.0,0.5010523796081543
284,327,milk,action_noise,risk_gate,0.1,True,False,False,,
284,327,milk,action_noise,risk_gate,0.25,True,False,False,,
284,327,milk,action_noise,risk_gate,0.5,True,True,False,10.0,0.8623736500740051
284,327,milk,action_noise,risk_gate,0.75,True,True,False,10.0,0.8623736500740051
284,327,milk,action_noise,uncertainty_gate,0.1,True,False,False,,
284,327,milk,action_noise,uncertainty_gate,0.25,True,False,False,,
284,327,milk,action_noise,uncertainty_gate,0.5,True,False,False,,
284,327,milk,action_noise,uncertainty_gate,0.75,True,False,False,,
285,327,milk,action_noise,never_help,0.0,True,False,False,,
285,327,milk,action_noise,always_help,1.0,True,True,False,10.0,
285,327,milk,action_noise,oracle_value,,True,False,False,,
285,327,milk,action_noise,value_gate,0.1,True,False,False,,
285,327,milk,action_noise,value_gate,0.25,True,False,False,,
285,327,milk,action_noise,value_gate,0.5,True,False,False,,
285,327,milk,action_noise,value_gate,0.75,True,True,False,10.0,0.6542253494262695
285,327,milk,action_noise,risk_gate,0.1,True,False,False,,
285,327,milk,action_noise,risk_gate,0.25,True,False,False,,
285,327,milk,action_noise,risk_gate,0.5,True,False,False,,
285,327,milk,action_noise,risk_gate,0.75,True,True,False,10.0,0.45990559458732605
285,327,milk,action_noise,uncertainty_gate,0.1,True,False,False,,
285,327,milk,action_noise,uncertainty_gate,0.25,True,False,False,,
285,327,milk,action_noise,uncertainty_gate,0.5,True,False,False,,
285,327,milk,action_noise,uncertainty_gate,0.75,True,False,False,,
286,327,milk,action_noise,never_help,0.0,True,False,False,,
286,327,milk,action_noise,always_help,1.0,True,True,False,10.0,
286,327,milk,action_noise,oracle_value,,True,False,False,,
286,327,milk,action_noise,value_gate,0.1,True,False,False,,
286,327,milk,action_noise,value_gate,0.25,True,False,False,,
286,327,milk,action_noise,value_gate,0.5,True,False,False,,
286,327,milk,action_noise,value_gate,0.75,True,True,False,10.0,0.5545938611030579
286,327,milk,action_noise,risk_gate,0.1,True,True,False,10.0,0.9747562408447266
286,327,milk,action_noise,risk_gate,0.25,True,True,False,10.0,0.9747562408447266
286,327,milk,action_noise,risk_gate,0.5,True,True,False,10.0,0.9747562408447266
286,327,milk,action_noise,risk_gate,0.75,True,True,False,10.0,0.9747562408447266
286,327,milk,action_noise,uncertainty_gate,0.1,True,False,False,,
286,327,milk,action_noise,uncertainty_gate,0.25,True,False,False,,
286,327,milk,action_noise,uncertainty_gate,0.5,True,False,False,,
286,327,milk,action_noise,uncertainty_gate,0.75,True,False,False,,
287,327,milk,action_noise,never_help,0.0,True,False,False,,
287,327,milk,action_noise,always_help,1.0,True,True,False,10.0,
287,327,milk,action_noise,oracle_value,,True,False,False,,
287,327,milk,action_noise,value_gate,0.1,True,False,False,,
287,327,milk,action_noise,value_gate,0.25,True,False,False,,
287,327,milk,action_noise,value_gate,0.5,True,False,False,,
287,327,milk,action_noise,value_gate,0.75,True,False,False,,
287,327,milk,action_noise,risk_gate,0.1,True,False,False,,
287,327,milk,action_noise,risk_gate,0.25,True,False,False,,
287,327,milk,action_noise,risk_gate,0.5,True,False,False,,
287,327,milk,action_noise,risk_gate,0.75,True,False,False,,
287,327,milk,action_noise,uncertainty_gate,0.1,True,False,False,,
287,327,milk,action_noise,uncertainty_gate,0.25,True,False,False,,
287,327,milk,action_noise,uncertainty_gate,0.5,True,False,False,,
287,327,milk,action_noise,uncertainty_gate,0.75,True,False,False,,
288,327,milk,action_delay,never_help,0.0,False,False,False,,
288,327,milk,action_delay,always_help,1.0,True,True,True,10.0,
288,327,milk,action_delay,oracle_value,,True,True,True,10.0,1.0
288,327,milk,action_delay,value_gate,0.1,False,False,False,,
288,327,milk,action_delay,value_gate,0.25,False,False,False,,
288,327,milk,action_delay,value_gate,0.5,True,True,True,10.0,0.8047615885734558
288,327,milk,action_delay,value_gate,0.75,True,True,True,10.0,0.8047615885734558
288,327,milk,action_delay,risk_gate,0.1,False,False,False,,
288,327,milk,action_delay,risk_gate,0.25,False,False,False,,
288,327,milk,action_delay,risk_gate,0.5,False,False,False,,
288,327,milk,action_delay,risk_gate,0.75,True,True,True,50.0,0.35242193937301636
288,327,milk,action_delay,uncertainty_gate,0.1,False,False,False,,
288,327,milk,action_delay,uncertainty_gate,0.25,True,True,True,70.0,0.08370529115200043
288,327,milk,action_delay,uncertainty_gate,0.5,True,True,True,50.0,0.04282330349087715
288,327,milk,action_delay,uncertainty_gate,0.75,True,True,True,30.0,0.004741914104670286
289,327,milk,action_delay,never_help,0.0,False,False,False,,
289,327,milk,action_delay,always_help,1.0,True,True,True,10.0,
289,327,milk,action_delay,oracle_value,,True,True,True,10.0,1.0
289,327,milk,action_delay,value_gate,0.1,False,False,False,,
289,327,milk,action_delay,value_gate,0.25,False,True,False,130.0,0.9689629673957825
289,327,milk,action_delay,value_gate,0.5,True,True,True,10.0,0.9428810477256775
289,327,milk,action_delay,value_gate,0.75,True,True,True,10.0,0.9428810477256775
289,327,milk,action_delay,risk_gate,0.1,False,False,False,,
289,327,milk,action_delay,risk_gate,0.25,False,False,False,,
289,327,milk,action_delay,risk_gate,0.5,False,False,False,,
289,327,milk,action_delay,risk_gate,0.75,True,True,True,70.0,0.32416829466819763
289,327,milk,action_delay,uncertainty_gate,0.1,False,False,False,,
289,327,milk,action_delay,uncertainty_gate,0.25,True,True,True,30.0,0.06754399091005325
289,327,milk,action_delay,uncertainty_gate,0.5,True,True,True,30.0,0.06754399091005325
289,327,milk,action_delay,uncertainty_gate,0.75,True,True,True,30.0,0.06754399091005325
290,327,milk,action_delay,never_help,0.0,False,False,False,,
290,327,milk,action_delay,always_help,1.0,True,True,True,10.0,
290,327,milk,action_delay,oracle_value,,True,True,True,10.0,1.0
290,327,milk,action_delay,value_gate,0.1,False,False,False,,
290,327,milk,action_delay,value_gate,0.25,False,False,False,,
290,327,milk,action_delay,value_gate,0.5,True,True,True,10.0,0.8370894193649292
290,327,milk,action_delay,value_gate,0.75,True,True,True,10.0,0.8370894193649292
290,327,milk,action_delay,risk_gate,0.1,False,False,False,,
290,327,milk,action_delay,risk_gate,0.25,False,False,False,,
290,327,milk,action_delay,risk_gate,0.5,True,True,True,30.0,0.6897836327552795
290,327,milk,action_delay,risk_gate,0.75,True,True,True,30.0,0.6897836327552795
290,327,milk,action_delay,uncertainty_gate,0.1,False,False,False,,
290,327,milk,action_delay,uncertainty_gate,0.25,False,False,False,,
290,327,milk,action_delay,uncertainty_gate,0.5,False,True,False,130.0,0.046123601496219635
290,327,milk,action_delay,uncertainty_gate,0.75,False,True,False,50.0,0.007901842705905437
291,327,milk,action_delay,never_help,0.0,False,False,False,,
291,327,milk,action_delay,always_help,1.0,True,True,True,10.0,
291,327,milk,action_delay,oracle_value,,True,True,True,10.0,1.0
291,327,milk,action_delay,value_gate,0.1,True,True,True,10.0,0.9836169481277466
291,327,milk,action_delay,value_gate,0.25,True,True,True,10.0,0.9836169481277466
291,327,milk,action_delay,value_gate,0.5,True,True,True,10.0,0.9836169481277466
291,327,milk,action_delay,value_gate,0.75,True,True,True,10.0,0.9836169481277466
291,327,milk,action_delay,risk_gate,0.1,False,False,False,,
291,327,milk,action_delay,risk_gate,0.25,False,False,False,,
291,327,milk,action_delay,risk_gate,0.5,False,False,False,,
291,327,milk,action_delay,risk_gate,0.75,True,True,True,70.0,0.4019536077976227
291,327,milk,action_delay,uncertainty_gate,0.1,False,False,False,,
291,327,milk,action_delay,uncertainty_gate,0.25,False,True,False,90.0,0.10149730741977692
291,327,milk,action_delay,uncertainty_gate,0.5,True,True,True,70.0,0.02913811430335045
291,327,milk,action_delay,uncertainty_gate,0.75,True,True,True,30.0,0.005969473626464605
292,327,milk,action_delay,never_help,0.0,False,False,False,,
292,327,milk,action_delay,always_help,1.0,True,True,True,10.0,
292,327,milk,action_delay,oracle_value,,True,True,True,10.0,1.0
292,327,milk,action_delay,value_gate,0.1,False,False,False,,
292,327,milk,action_delay,value_gate,0.25,False,False,False,,
292,327,milk,action_delay,value_gate,0.5,True,True,True,10.0,0.9340737462043762
292,327,milk,action_delay,value_gate,0.75,True,True,True,10.0,0.9340737462043762
292,327,milk,action_delay,risk_gate,0.1,False,False,False,,
292,327,milk,action_delay,risk_gate,0.25,False,False,False,,
292,327,milk,action_delay,risk_gate,0.5,False,False,False,,
292,327,milk,action_delay,risk_gate,0.75,True,True,True,30.0,0.32342585921287537
292,327,milk,action_delay,uncertainty_gate,0.1,False,False,False,,
292,327,milk,action_delay,uncertainty_gate,0.25,True,True,True,90.0,0.11370665580034256
292,327,milk,action_delay,uncertainty_gate,0.5,True,True,True,70.0,0.0493847094476223
292,327,milk,action_delay,uncertainty_gate,0.75,True,True,True,10.0,0.004240121226757765
293,327,milk,action_delay,never_help,0.0,False,False,False,,
293,327,milk,action_delay,always_help,1.0,True,True,True,10.0,
293,327,milk,action_delay,oracle_value,,True,True,True,10.0,1.0
293,327,milk,action_delay,value_gate,0.1,False,False,False,,
293,327,milk,action_delay,value_gate,0.25,False,False,False,,
293,327,milk,action_delay,value_gate,0.5,True,True,True,10.0,0.9436774253845215
293,327,milk,action_delay,value_gate,0.75,True,True,True,10.0,0.9436774253845215
293,327,milk,action_delay,risk_gate,0.1,False,False,False,,
293,327,milk,action_delay,risk_gate,0.25,False,False,False,,
293,327,milk,action_delay,risk_gate,0.5,False,False,False,,
293,327,milk,action_delay,risk_gate,0.75,True,True,True,70.0,0.3631570041179657
293,327,milk,action_delay,uncertainty_gate,0.1,True,True,True,70.0,0.18419580161571503
293,327,milk,action_delay,uncertainty_gate,0.25,True,True,True,70.0,0.18419580161571503
293,327,milk,action_delay,uncertainty_gate,0.5,False,True,False,30.0,0.02909625694155693
293,327,milk,action_delay,uncertainty_gate,0.75,False,True,False,30.0,0.02909625694155693
294,327,milk,gripper_slip,never_help,0.0,False,False,False,,
294,327,milk,gripper_slip,always_help,1.0,True,True,True,10.0,
294,327,milk,gripper_slip,oracle_value,,True,True,True,10.0,1.0
294,327,milk,gripper_slip,value_gate,0.1,False,False,False,,
294,327,milk,gripper_slip,value_gate,0.25,False,False,False,,
294,327,milk,gripper_slip,value_gate,0.5,True,True,True,50.0,0.9005178809165955
294,327,milk,gripper_slip,value_gate,0.75,True,True,True,50.0,0.9005178809165955
294,327,milk,gripper_slip,risk_gate,0.1,False,False,False,,
294,327,milk,gripper_slip,risk_gate,0.25,True,True,True,10.0,0.9398516416549683
294,327,milk,gripper_slip,risk_gate,0.5,True,True,True,10.0,0.9398516416549683
294,327,milk,gripper_slip,risk_gate,0.75,True,True,True,10.0,0.9398516416549683
294,327,milk,gripper_slip,uncertainty_gate,0.1,True,True,True,90.0,0.19220273196697235
294,327,milk,gripper_slip,uncertainty_gate,0.25,True,True,True,50.0,0.11924765259027481
294,327,milk,gripper_slip,uncertainty_gate,0.5,True,True,True,50.0,0.11924765259027481
294,327,milk,gripper_slip,uncertainty_gate,0.75,True,True,True,50.0,0.11924765259027481
295,327,milk,gripper_slip,never_help,0.0,False,False,False,,
295,327,milk,gripper_slip,always_help,1.0,True,True,True,10.0,
295,327,milk,gripper_slip,oracle_value,,True,True,True,10.0,1.0
295,327,milk,gripper_slip,value_gate,0.1,False,False,False,,
295,327,milk,gripper_slip,value_gate,0.25,False,False,False,,
295,327,milk,gripper_slip,value_gate,0.5,True,True,True,50.0,0.9426805973052979
295,327,milk,gripper_slip,value_gate,0.75,True,True,True,10.0,0.4895763695240021
295,327,milk,gripper_slip,risk_gate,0.1,False,False,False,,
295,327,milk,gripper_slip,risk_gate,0.25,True,True,True,50.0,0.9163980484008789
295,327,milk,gripper_slip,risk_gate,0.5,True,True,True,50.0,0.9163980484008789
295,327,milk,gripper_slip,risk_gate,0.75,True,True,True,10.0,0.33192211389541626
295,327,milk,gripper_slip,uncertainty_gate,0.1,True,True,True,70.0,0.15837962925434113
295,327,milk,gripper_slip,uncertainty_gate,0.25,True,True,True,70.0,0.15837962925434113
295,327,milk,gripper_slip,uncertainty_gate,0.5,True,True,True,50.0,0.03893264755606651
295,327,milk,gripper_slip,uncertainty_gate,0.75,True,True,True,50.0,0.03893264755606651
296,327,milk,gripper_slip,never_help,0.0,False,False,False,,
296,327,milk,gripper_slip,always_help,1.0,True,True,True,10.0,
296,327,milk,gripper_slip,oracle_value,,True,True,True,10.0,1.0
296,327,milk,gripper_slip,value_gate,0.1,False,False,False,,
296,327,milk,gripper_slip,value_gate,0.25,False,False,False,,
296,327,milk,gripper_slip,value_gate,0.5,True,True,True,70.0,0.8797800540924072
296,327,milk,gripper_slip,value_gate,0.75,True,True,True,10.0,0.5324869155883789
296,327,milk,gripper_slip,risk_gate,0.1,False,True,False,110.0,0.9857155680656433
296,327,milk,gripper_slip,risk_gate,0.25,True,True,True,10.0,0.875349223613739
296,327,milk,gripper_slip,risk_gate,0.5,True,True,True,10.0,0.875349223613739
296,327,milk,gripper_slip,risk_gate,0.75,True,True,True,10.0,0.875349223613739
296,327,milk,gripper_slip,uncertainty_gate,0.1,False,False,False,,
296,327,milk,gripper_slip,uncertainty_gate,0.25,False,False,False,,
296,327,milk,gripper_slip,uncertainty_gate,0.5,True,True,True,50.0,0.02370755933225155
296,327,milk,gripper_slip,uncertainty_gate,0.75,True,True,True,50.0,0.02370755933225155
297,327,milk,gripper_slip,never_help,0.0,False,False,False,,
297,327,milk,gripper_slip,always_help,1.0,True,True,True,10.0,
297,327,milk,gripper_slip,oracle_value,,True,True,True,10.0,1.0
297,327,milk,gripper_slip,value_gate,0.1,False,False,False,,
297,327,milk,gripper_slip,value_gate,0.25,False,True,False,90.0,0.9713529348373413
297,327,milk,gripper_slip,value_gate,0.5,True,True,True,50.0,0.9524506330490112
297,327,milk,gripper_slip,value_gate,0.75,True,True,True,50.0,0.9524506330490112
297,327,milk,gripper_slip,risk_gate,0.1,False,False,False,,
297,327,milk,gripper_slip,risk_gate,0.25,False,False,False,,
297,327,milk,gripper_slip,risk_gate,0.5,True,True,True,10.0,0.7567915320396423
297,327,milk,gripper_slip,risk_gate,0.75,True,True,True,10.0,0.7567915320396423
297,327,milk,gripper_slip,uncertainty_gate,0.1,False,False,False,,
297,327,milk,gripper_slip,uncertainty_gate,0.25,True,True,True,70.0,0.12627942860126495
297,327,milk,gripper_slip,uncertainty_gate,0.5,True,True,True,10.0,0.02526547573506832
297,327,milk,gripper_slip,uncertainty_gate,0.75,True,True,True,10.0,0.02526547573506832
298,327,milk,gripper_slip,never_help,0.0,False,False,False,,
298,327,milk,gripper_slip,always_help,1.0,True,True,True,10.0,
298,327,milk,gripper_slip,oracle_value,,True,True,True,10.0,1.0
298,327,milk,gripper_slip,value_gate,0.1,False,False,False,,
298,327,milk,gripper_slip,value_gate,0.25,False,False,False,,
298,327,milk,gripper_slip,value_gate,0.5,False,True,False,50.0,0.8148263692855835
298,327,milk,gripper_slip,value_gate,0.75,False,True,False,50.0,0.8148263692855835
298,327,milk,gripper_slip,risk_gate,0.1,True,True,True,10.0,0.97074955701828
298,327,milk,gripper_slip,risk_gate,0.25,True,True,True,10.0,0.97074955701828
298,327,milk,gripper_slip,risk_gate,0.5,True,True,True,10.0,0.97074955701828
298,327,milk,gripper_slip,risk_gate,0.75,True,True,True,10.0,0.97074955701828
298,327,milk,gripper_slip,uncertainty_gate,0.1,False,True,False,130.0,0.1738806813955307
298,327,milk,gripper_slip,uncertainty_gate,0.25,False,True,False,110.0,0.09315121918916702
298,327,milk,gripper_slip,uncertainty_gate,0.5,True,True,True,70.0,0.03322554752230644
298,327,milk,gripper_slip,uncertainty_gate,0.75,False,True,False,50.0,0.006710775662213564
299,327,milk,gripper_slip,never_help,0.0,False,False,False,,
299,327,milk,gripper_slip,always_help,1.0,True,True,True,10.0,
299,327,milk,gripper_slip,oracle_value,,True,True,True,10.0,1.0
299,327,milk,gripper_slip,value_gate,0.1,False,False,False,,
299,327,milk,gripper_slip,value_gate,0.25,True,True,True,50.0,0.9673759341239929
299,327,milk,gripper_slip,value_gate,0.5,True,True,True,50.0,0.9673759341239929
299,327,milk,gripper_slip,value_gate,0.75,True,True,True,10.0,0.5979418754577637
299,327,milk,gripper_slip,risk_gate,0.1,True,True,True,50.0,0.9849407076835632
299,327,milk,gripper_slip,risk_gate,0.25,True,True,True,50.0,0.9849407076835632
299,327,milk,gripper_slip,risk_gate,0.5,True,True,True,50.0,0.9849407076835632
299,327,milk,gripper_slip,risk_gate,0.75,True,True,True,50.0,0.9849407076835632
299,327,milk,gripper_slip,uncertainty_gate,0.1,False,False,False,,
299,327,milk,gripper_slip,uncertainty_gate,0.25,False,False,False,,
299,327,milk,gripper_slip,uncertainty_gate,0.5,True,True,True,50.0,0.0285115335136652
299,327,milk,gripper_slip,uncertainty_gate,0.75,True,True,True,50.0,0.0285115335136652
300,327,bread,nominal,never_help,0.0,False,False,False,,
300,327,bread,nominal,always_help,1.0,True,True,True,10.0,
300,327,bread,nominal,oracle_value,,True,True,True,10.0,1.0
300,327,bread,nominal,value_gate,0.1,True,True,True,90.0,0.985451340675354
300,327,bread,nominal,value_gate,0.25,True,True,True,70.0,0.9611660838127136
300,327,bread,nominal,value_gate,0.5,True,True,True,30.0,0.8419239521026611
300,327,bread,nominal,value_gate,0.75,True,True,True,10.0,0.5174093842506409
300,327,bread,nominal,risk_gate,0.1,False,False,False,,
300,327,bread,nominal,risk_gate,0.25,True,True,True,90.0,0.9453518390655518
300,327,bread,nominal,risk_gate,0.5,True,True,True,90.0,0.9453518390655518
300,327,bread,nominal,risk_gate,0.75,True,True,True,10.0,0.5042863488197327
300,327,bread,nominal,uncertainty_gate,0.1,False,False,False,,
300,327,bread,nominal,uncertainty_gate,0.25,False,False,False,,
300,327,bread,nominal,uncertainty_gate,0.5,True,True,True,70.0,0.04091367498040199
300,327,bread,nominal,uncertainty_gate,0.75,True,True,True,50.0,0.018820643424987793
301,327,bread,nominal,never_help,0.0,False,False,False,,
301,327,bread,nominal,always_help,1.0,True,True,True,10.0,
301,327,bread,nominal,oracle_value,,True,True,True,10.0,1.0
301,327,bread,nominal,value_gate,0.1,False,False,False,,
301,327,bread,nominal,value_gate,0.25,True,True,True,110.0,0.9766567945480347
301,327,bread,nominal,value_gate,0.5,True,True,True,30.0,0.8801741600036621
301,327,bread,nominal,value_gate,0.75,True,True,True,10.0,0.7116289734840393
301,327,bread,nominal,risk_gate,0.1,False,False,False,,
301,327,bread,nominal,risk_gate,0.25,False,False,False,,
301,327,bread,nominal,risk_gate,0.5,True,True,True,110.0,0.8094186186790466
301,327,bread,nominal,risk_gate,0.75,True,True,True,30.0,0.4544152021408081
301,327,bread,nominal,uncertainty_gate,0.1,False,False,False,,
301,327,bread,nominal,uncertainty_gate,0.25,False,False,False,,
301,327,bread,nominal,uncertainty_gate,0.5,True,True,True,90.0,0.040181875228881836
301,327,bread,nominal,uncertainty_gate,0.75,True,True,True,30.0,0.006092085503041744
302,327,bread,nominal,never_help,0.0,False,False,False,,
302,327,bread,nominal,always_help,1.0,True,True,True,10.0,
302,327,bread,nominal,oracle_value,,True,True,True,10.0,1.0
302,327,bread,nominal,value_gate,0.1,True,True,True,70.0,0.9799891114234924
302,327,bread,nominal,value_gate,0.25,True,True,True,70.0,0.9799891114234924
302,327,bread,nominal,value_gate,0.5,True,True,True,50.0,0.9451872706413269
302,327,bread,nominal,value_gate,0.75,True,True,True,10.0,0.4660271406173706
302,327,bread,nominal,risk_gate,0.1,False,False,False,,
302,327,bread,nominal,risk_gate,0.25,False,False,False,,
302,327,bread,nominal,risk_gate,0.5,True,True,True,30.0,0.6885204315185547
302,327,bread,nominal,risk_gate,0.75,True,True,True,10.0,0.5298214554786682
302,327,bread,nominal,uncertainty_gate,0.1,True,True,True,70.0,0.22593753039836884
302,327,bread,nominal,uncertainty_gate,0.25,True,True,True,70.0,0.22593753039836884
302,327,bread,nominal,uncertainty_gate,0.5,True,True,True,70.0,0.22593753039836884
302,327,bread,nominal,uncertainty_gate,0.75,True,True,True,50.0,0.013721587136387825
303,327,bread,nominal,never_help,0.0,False,False,False,,
303,327,bread,nominal,always_help,1.0,True,True,True,10.0,
303,327,bread,nominal,oracle_value,,True,True,True,10.0,1.0
303,327,bread,nominal,value_gate,0.1,False,False,False,,
303,327,bread,nominal,value_gate,0.25,True,True,True,50.0,0.9663997888565063
303,327,bread,nominal,value_gate,0.5,True,True,True,50.0,0.9663997888565063
303,327,bread,nominal,value_gate,0.75,True,True,True,10.0,0.46793895959854126
303,327,bread,nominal,risk_gate,0.1,False,False,False,,
303,327,bread,nominal,risk_gate,0.25,False,False,False,,
303,327,bread,nominal,risk_gate,0.5,False,False,False,,
303,327,bread,nominal,risk_gate,0.75,True,True,True,10.0,0.46866387128829956
303,327,bread,nominal,uncertainty_gate,0.1,False,False,False,,
303,327,bread,nominal,uncertainty_gate,0.25,False,False,False,,
303,327,bread,nominal,uncertainty_gate,0.5,True,True,True,130.0,0.03596746549010277
303,327,bread,nominal,uncertainty_gate,0.75,True,True,True,50.0,0.008337787352502346
304,327,bread,nominal,never_help,0.0,False,False,False,,
304,327,bread,nominal,always_help,1.0,False,True,False,10.0,
304,327,bread,nominal,oracle_value,,False,False,False,,
304,327,bread,nominal,value_gate,0.1,False,False,False,,
304,327,bread,nominal,value_gate,0.25,False,False,False,,
304,327,bread,nominal,value_gate,0.5,False,False,False,,
304,327,bread,nominal,value_gate,0.75,False,True,False,30.0,0.7586086392402649
304,327,bread,nominal,risk_gate,0.1,False,False,False,,
304,327,bread,nominal,risk_gate,0.25,False,False,False,,
304,327,bread,nominal,risk_gate,0.5,False,True,False,110.0,0.7011719942092896
304,327,bread,nominal,risk_gate,0.75,False,True,False,10.0,0.4579722583293915
304,327,bread,nominal,uncertainty_gate,0.1,False,False,False,,
304,327,bread,nominal,uncertainty_gate,0.25,False,True,False,130.0,0.13733960688114166
304,327,bread,nominal,uncertainty_gate,0.5,False,True,False,110.0,0.0411825068295002
304,327,bread,nominal,uncertainty_gate,0.75,False,True,False,50.0,0.003857595380395651
305,327,bread,nominal,never_help,0.0,True,False,False,,
305,327,bread,nominal,always_help,1.0,True,True,False,10.0,
305,327,bread,nominal,oracle_value,,True,False,False,,
305,327,bread,nominal,value_gate,0.1,True,False,False,,
305,327,bread,nominal,value_gate,0.25,True,False,False,,
305,327,bread,nominal,value_gate,0.5,True,False,False,,
305,327,bread,nominal,value_gate,0.75,True,True,False,10.0,0.7365074753761292
305,327,bread,nominal,risk_gate,0.1,True,False,False,,
305,327,bread,nominal,risk_gate,0.25,True,False,False,,
305,327,bread,nominal,risk_gate,0.5,True,True,False,10.0,0.7113707661628723
305,327,bread,nominal,risk_gate,0.75,True,True,False,10.0,0.7113707661628723
305,327,bread,nominal,uncertainty_gate,0.1,True,False,False,,
305,327,bread,nominal,uncertainty_gate,0.25,True,False,False,,
305,327,bread,nominal,uncertainty_gate,0.5,True,False,False,,
305,327,bread,nominal,uncertainty_gate,0.75,True,False,False,,
306,327,bread,object_shift,never_help,0.0,True,False,False,,
306,327,bread,object_shift,always_help,1.0,True,True,False,10.0,
306,327,bread,object_shift,oracle_value,,True,False,False,,
306,327,bread,object_shift,value_gate,0.1,True,False,False,,
306,327,bread,object_shift,value_gate,0.25,True,False,False,,
306,327,bread,object_shift,value_gate,0.5,True,False,False,,
306,327,bread,object_shift,value_gate,0.75,True,True,False,10.0,0.5537203550338745
306,327,bread,object_shift,risk_gate,0.1,True,False,False,,
306,327,bread,object_shift,risk_gate,0.25,True,False,False,,
306,327,bread,object_shift,risk_gate,0.5,True,False,False,,
306,327,bread,object_shift,risk_gate,0.75,True,False,False,,
306,327,bread,object_shift,uncertainty_gate,0.1,True,False,False,,
306,327,bread,object_shift,uncertainty_gate,0.25,True,False,False,,
306,327,bread,object_shift,uncertainty_gate,0.5,True,False,False,,
306,327,bread,object_shift,uncertainty_gate,0.75,True,True,False,110.0,0.004652086179703474
307,327,bread,object_shift,never_help,0.0,False,False,False,,
307,327,bread,object_shift,always_help,1.0,True,True,True,10.0,
307,327,bread,object_shift,oracle_value,,True,True,True,10.0,1.0
307,327,bread,object_shift,value_gate,0.1,True,True,True,110.0,0.98410564661026
307,327,bread,object_shift,value_gate,0.25,True,True,True,110.0,0.98410564661026
307,327,bread,object_shift,value_gate,0.5,True,True,True,30.0,0.8820223808288574
307,327,bread,object_shift,value_gate,0.75,True,True,True,30.0,0.8820223808288574
307,327,bread,object_shift,risk_gate,0.1,False,False,False,,
307,327,bread,object_shift,risk_gate,0.25,False,False,False,,
307,327,bread,object_shift,risk_gate,0.5,True,True,True,110.0,0.7736698389053345
307,327,bread,object_shift,risk_gate,0.75,True,True,True,110.0,0.7736698389053345
307,327,bread,object_shift,uncertainty_gate,0.1,False,False,False,,
307,327,bread,object_shift,uncertainty_gate,0.25,False,False,False,,
307,327,bread,object_shift,uncertainty_gate,0.5,True,True,True,70.0,0.04793188348412514
307,327,bread,object_shift,uncertainty_gate,0.75,True,True,True,30.0,0.004352953750640154
308,327,bread,object_shift,never_help,0.0,False,False,False,,
308,327,bread,object_shift,always_help,1.0,True,True,True,10.0,
308,327,bread,object_shift,oracle_value,,True,True,True,10.0,1.0
308,327,bread,object_shift,value_gate,0.1,False,False,False,,
308,327,bread,object_shift,value_gate,0.25,False,False,False,,
308,327,bread,object_shift,value_gate,0.5,True,True,True,90.0,0.8328348994255066
308,327,bread,object_shift,value_gate,0.75,True,True,True,10.0,0.4771115779876709
308,327,bread,object_shift,risk_gate,0.1,False,False,False,,
308,327,bread,object_shift,risk_gate,0.25,False,False,False,,
308,327,bread,object_shift,risk_gate,0.5,True,True,True,130.0,0.7075178623199463
308,327,bread,object_shift,risk_gate,0.75,True,True,True,10.0,0.5465933680534363
308,327,bread,object_shift,uncertainty_gate,0.1,False,False,False,,
308,327,bread,object_shift,uncertainty_gate,0.25,False,False,False,,
308,327,bread,object_shift,uncertainty_gate,0.5,False,True,False,70.0,0.03704744204878807
308,327,bread,object_shift,uncertainty_gate,0.75,False,True,False,70.0,0.03704744204878807
309,327,bread,object_shift,never_help,0.0,False,False,False,,
309,327,bread,object_shift,always_help,1.0,True,True,True,10.0,
309,327,bread,object_shift,oracle_value,,True,True,True,10.0,1.0
309,327,bread,object_shift,value_gate,0.1,False,False,False,,
309,327,bread,object_shift,value_gate,0.25,False,False,False,,
309,327,bread,object_shift,value_gate,0.5,False,False,False,,
309,327,bread,object_shift,value_gate,0.75,True,True,True,10.0,0.6331104040145874
309,327,bread,object_shift,risk_gate,0.1,False,False,False,,
309,327,bread,object_shift,risk_gate,0.25,False,False,False,,
309,327,bread,object_shift,risk_gate,0.5,False,False,False,,
309,327,bread,object_shift,risk_gate,0.75,True,True,True,10.0,0.34936875104904175
309,327,bread,object_shift,uncertainty_gate,0.1,False,False,False,,
309,327,bread,object_shift,uncertainty_gate,0.25,False,False,False,,
309,327,bread,object_shift,uncertainty_gate,0.5,False,False,False,,
309,327,bread,object_shift,uncertainty_gate,0.75,True,True,True,30.0,0.0033436312805861235
310,327,bread,object_shift,never_help,0.0,False,False,False,,
310,327,bread,object_shift,always_help,1.0,True,True,True,10.0,
310,327,bread,object_shift,oracle_value,,True,True,True,10.0,1.0
310,327,bread,object_shift,value_gate,0.1,True,True,True,130.0,0.9843214750289917
310,327,bread,object_shift,value_gate,0.25,True,True,True,30.0,0.972682535648346
310,327,bread,object_shift,value_gate,0.5,True,True,True,30.0,0.972682535648346
310,327,bread,object_shift,value_gate,0.75,True,True,True,10.0,0.564116895198822
310,327,bread,object_shift,risk_gate,0.1,False,False,False,,
310,327,bread,object_shift,risk_gate,0.25,False,False,False,,
310,327,bread,object_shift,risk_gate,0.5,True,True,True,130.0,0.8395097255706787
310,327,bread,object_shift,risk_gate,0.75,True,True,True,130.0,0.8395097255706787
310,327,bread,object_shift,uncertainty_gate,0.1,False,False,False,,
310,327,bread,object_shift,uncertainty_gate,0.25,False,False,False,,
310,327,bread,object_shift,uncertainty_gate,0.5,False,False,False,,
310,327,bread,object_shift,uncertainty_gate,0.75,False,True,False,70.0,0.004829570185393095
311,327,bread,object_shift,never_help,0.0,False,False,False,,
311,327,bread,object_shift,always_help,1.0,True,True,True,10.0,
311,327,bread,object_shift,oracle_value,,True,True,True,10.0,1.0
311,327,bread,object_shift,value_gate,0.1,False,False,False,,
311,327,bread,object_shift,value_gate,0.25,False,True,False,130.0,0.9731577634811401
311,327,bread,object_shift,value_gate,0.5,False,True,False,130.0,0.9731577634811401
311,327,bread,object_shift,value_gate,0.75,True,True,True,10.0,0.6960974931716919
311,327,bread,object_shift,risk_gate,0.1,False,False,False,,
311,327,bread,object_shift,risk_gate,0.25,False,False,False,,
311,327,bread,object_shift,risk_gate,0.5,False,True,False,130.0,0.8371102213859558
311,327,bread,object_shift,risk_gate,0.75,True,True,True,10.0,0.38801687955856323
311,327,bread,object_shift,uncertainty_gate,0.1,False,False,False,,
311,327,bread,object_shift,uncertainty_gate,0.25,False,False,False,,
311,327,bread,object_shift,uncertainty_gate,0.5,False,True,False,130.0,0.025540953502058983
311,327,bread,object_shift,uncertainty_gate,0.75,True,True,True,30.0,0.0035305607598274946
312,327,bread,action_noise,never_help,0.0,False,False,False,,
312,327,bread,action_noise,always_help,1.0,True,True,True,10.0,
312,327,bread,action_noise,oracle_value,,True,True,True,10.0,1.0
312,327,bread,action_noise,value_gate,0.1,True,True,True,110.0,0.9869368672370911
312,327,bread,action_noise,value_gate,0.25,True,True,True,110.0,0.9869368672370911
312,327,bread,action_noise,value_gate,0.5,True,True,True,110.0,0.9869368672370911
312,327,bread,action_noise,value_gate,0.75,True,True,True,30.0,0.7094840407371521
312,327,bread,action_noise,risk_gate,0.1,False,False,False,,
312,327,bread,action_noise,risk_gate,0.25,False,False,False,,
312,327,bread,action_noise,risk_gate,0.5,True,True,True,110.0,0.7698668837547302
312,327,bread,action_noise,risk_gate,0.75,True,True,True,10.0,0.3544241786003113
312,327,bread,action_noise,uncertainty_gate,0.1,False,False,False,,
312,327,bread,action_noise,uncertainty_gate,0.25,False,False,False,,
312,327,bread,action_noise,uncertainty_gate,0.5,True,True,True,130.0,0.02627416141331196
312,327,bread,action_noise,uncertainty_gate,0.75,True,True,True,30.0,0.0035685559269040823
313,327,bread,action_noise,never_help,0.0,False,False,False,,
313,327,bread,action_noise,always_help,1.0,True,True,True,10.0,
313,327,bread,action_noise,oracle_value,,True,True,True,10.0,1.0
313,327,bread,action_noise,value_gate,0.1,False,False,False,,
313,327,bread,action_noise,value_gate,0.25,False,False,False,,
313,327,bread,action_noise,value_gate,0.5,True,True,True,130.0,0.9468050003051758
313,327,bread,action_noise,value_gate,0.75,True,True,True,10.0,0.4980141520500183
313,327,bread,action_noise,risk_gate,0.1,False,False,False,,
313,327,bread,action_noise,risk_gate,0.25,True,True,True,130.0,0.8829237222671509
313,327,bread,action_noise,risk_gate,0.5,True,True,True,130.0,0.8829237222671509
313,327,bread,action_noise,risk_gate,0.75,True,True,True,10.0,0.5743018984794617
313,327,bread,action_noise,uncertainty_gate,0.1,False,False,False,,
313,327,bread,action_noise,uncertainty_gate,0.25,False,False,False,,
313,327,bread,action_noise,uncertainty_gate,0.5,True,True,True,110.0,0.046299077570438385
313,327,bread,action_noise,uncertainty_gate,0.75,False,True,False,50.0,0.014283967204391956
314,327,bread,action_noise,never_help,0.0,False,False,False,,
314,327,bread,action_noise,always_help,1.0,True,True,True,10.0,
314,327,bread,action_noise,oracle_value,,True,True,True,10.0,1.0
314,327,bread,action_noise,value_gate,0.1,True,True,True,30.0,0.9831585884094238
314,327,bread,action_noise,value_gate,0.25,True,True,True,30.0,0.9831585884094238
314,327,bread,action_noise,value_gate,0.5,True,True,True,30.0,0.9831585884094238
314,327,bread,action_noise,value_gate,0.75,True,True,True,10.0,0.6383344531059265
314,327,bread,action_noise,risk_gate,0.1,False,False,False,,
314,327,bread,action_noise,risk_gate,0.25,True,True,True,30.0,0.8969409465789795
314,327,bread,action_noise,risk_gate,0.5,True,True,True,30.0,0.8969409465789795
314,327,bread,action_noise,risk_gate,0.75,True,True,True,10.0,0.47990232706069946
314,327,bread,action_noise,uncertainty_gate,0.1,False,False,False,,
314,327,bread,action_noise,uncertainty_gate,0.25,False,False,False,,
314,327,bread,action_noise,uncertainty_gate,0.5,True,True,True,50.0,0.05037865415215492
314,327,bread,action_noise,uncertainty_gate,0.75,True,True,True,10.0,0.004846084862947464
315,327,bread,action_noise,never_help,0.0,False,False,False,,
315,327,bread,action_noise,always_help,1.0,True,True,True,10.0,
315,327,bread,action_noise,oracle_value,,True,True,True,10.0,1.0
315,327,bread,action_noise,value_gate,0.1,True,True,True,30.0,0.9825082421302795
315,327,bread,action_noise,value_gate,0.25,True,True,True,30.0,0.9825082421302795
315,327,bread,action_noise,value_gate,0.5,True,True,True,30.0,0.9825082421302795
315,327,bread,action_noise,value_gate,0.75,True,True,True,30.0,0.9825082421302795
315,327,bread,action_noise,risk_gate,0.1,False,False,False,,
315,327,bread,action_noise,risk_gate,0.25,False,False,False,,
315,327,bread,action_noise,risk_gate,0.5,False,False,False,,
315,327,bread,action_noise,risk_gate,0.75,True,True,True,30.0,0.41267913579940796
315,327,bread,action_noise,uncertainty_gate,0.1,False,False,False,,
315,327,bread,action_noise,uncertainty_gate,0.25,False,False,False,,
315,327,bread,action_noise,uncertainty_gate,0.5,True,True,True,70.0,0.03358326852321625
315,327,bread,action_noise,uncertainty_gate,0.75,True,True,True,10.0,0.005497652105987072
316,327,bread,action_noise,never_help,0.0,True,False,False,,
316,327,bread,action_noise,always_help,1.0,True,True,False,10.0,
316,327,bread,action_noise,oracle_value,,True,False,False,,
316,327,bread,action_noise,value_gate,0.1,True,False,False,,
316,327,bread,action_noise,value_gate,0.25,True,False,False,,
316,327,bread,action_noise,value_gate,0.5,True,False,False,,
316,327,bread,action_noise,value_gate,0.75,True,True,False,30.0,0.7422173023223877
316,327,bread,action_noise,risk_gate,0.1,True,False,False,,
316,327,bread,action_noise,risk_gate,0.25,True,False,False,,
316,327,bread,action_noise,risk_gate,0.5,True,False,False,,
316,327,bread,action_noise,risk_gate,0.75,True,False,False,,
316,327,bread,action_noise,uncertainty_gate,0.1,True,False,False,,
316,327,bread,action_noise,uncertainty_gate,0.25,True,False,False,,
316,327,bread,action_noise,uncertainty_gate,0.5,True,False,False,,
316,327,bread,action_noise,uncertainty_gate,0.75,True,False,False,,
317,327,bread,action_noise,never_help,0.0,False,False,False,,
317,327,bread,action_noise,always_help,1.0,True,True,True,10.0,
317,327,bread,action_noise,oracle_value,,True,True,True,10.0,1.0
317,327,bread,action_noise,value_gate,0.1,False,False,False,,
317,327,bread,action_noise,value_gate,0.25,False,False,False,,
317,327,bread,action_noise,value_gate,0.5,True,True,True,90.0,0.9572370648384094
317,327,bread,action_noise,value_gate,0.75,True,True,True,10.0,0.7282237410545349
317,327,bread,action_noise,risk_gate,0.1,True,True,True,10.0,0.9806339740753174
317,327,bread,action_noise,risk_gate,0.25,True,True,True,10.0,0.9806339740753174
317,327,bread,action_noise,risk_gate,0.5,True,True,True,10.0,0.9806339740753174
317,327,bread,action_noise,risk_gate,0.75,True,True,True,10.0,0.9806339740753174
317,327,bread,action_noise,uncertainty_gate,0.1,True,True,True,110.0,0.24291284382343292
317,327,bread,action_noise,uncertainty_gate,0.25,True,True,True,110.0,0.24291284382343292
317,327,bread,action_noise,uncertainty_gate,0.5,True,True,True,90.0,0.03481395170092583
317,327,bread,action_noise,uncertainty_gate,0.75,True,True,True,30.0,0.0040938230231404305
318,327,bread,action_delay,never_help,0.0,True,False,False,,
318,327,bread,action_delay,always_help,1.0,True,True,False,10.0,
318,327,bread,action_delay,oracle_value,,True,False,False,,
318,327,bread,action_delay,value_gate,0.1,True,False,False,,
318,327,bread,action_delay,value_gate,0.25,True,False,False,,
318,327,bread,action_delay,value_gate,0.5,True,True,False,10.0,0.8129227757453918
318,327,bread,action_delay,value_gate,0.75,True,True,False,10.0,0.8129227757453918
318,327,bread,action_delay,risk_gate,0.1,True,False,False,,
318,327,bread,action_delay,risk_gate,0.25,True,False,False,,
318,327,bread,action_delay,risk_gate,0.5,True,False,False,,
318,327,bread,action_delay,risk_gate,0.75,True,True,False,30.0,0.582043468952179
318,327,bread,action_delay,uncertainty_gate,0.1,True,False,False,,
318,327,bread,action_delay,uncertainty_gate,0.25,True,True,False,30.0,0.12510423362255096
318,327,bread,action_delay,uncertainty_gate,0.5,True,True,False,30.0,0.12510423362255096
318,327,bread,action_delay,uncertainty_gate,0.75,True,True,False,30.0,0.12510423362255096
319,327,bread,action_delay,never_help,0.0,False,False,False,,
319,327,bread,action_delay,always_help,1.0,True,True,True,10.0,
319,327,bread,action_delay,oracle_value,,True,True,True,10.0,1.0
319,327,bread,action_delay,value_gate,0.1,False,False,False,,
319,327,bread,action_delay,value_gate,0.25,False,False,False,,
319,327,bread,action_delay,value_gate,0.5,True,True,True,10.0,0.9488041400909424
319,327,bread,action_delay,value_gate,0.75,True,True,True,10.0,0.9488041400909424
319,327,bread,action_delay,risk_gate,0.1,False,False,False,,
319,327,bread,action_delay,risk_gate,0.25,False,False,False,,
319,327,bread,action_delay,risk_gate,0.5,False,False,False,,
319,327,bread,action_delay,risk_gate,0.75,False,False,False,,
319,327,bread,action_delay,uncertainty_gate,0.1,False,False,False,,
319,327,bread,action_delay,uncertainty_gate,0.25,False,False,False,,
319,327,bread,action_delay,uncertainty_gate,0.5,True,True,True,130.0,0.05780792981386185
319,327,bread,action_delay,uncertainty_gate,0.75,True,True,True,110.0,0.009924364276230335
320,327,bread,action_delay,never_help,0.0,False,False,False,,
320,327,bread,action_delay,always_help,1.0,True,True,True,10.0,
320,327,bread,action_delay,oracle_value,,True,True,True,10.0,1.0
320,327,bread,action_delay,value_gate,0.1,False,False,False,,
320,327,bread,action_delay,value_gate,0.25,False,False,False,,
320,327,bread,action_delay,value_gate,0.5,True,True,True,70.0,0.8142746090888977
320,327,bread,action_delay,value_gate,0.75,True,True,True,10.0,0.6910338401794434
320,327,bread,action_delay,risk_gate,0.1,False,False,False,,
320,327,bread,action_delay,risk_gate,0.25,False,False,False,,
320,327,bread,action_delay,risk_gate,0.5,True,True,True,110.0,0.8348135948181152
320,327,bread,action_delay,risk_gate,0.75,True,True,True,110.0,0.8348135948181152
320,327,bread,action_delay,uncertainty_gate,0.1,False,False,False,,
320,327,bread,action_delay,uncertainty_gate,0.25,True,True,True,50.0,0.1103203296661377
320,327,bread,action_delay,uncertainty_gate,0.5,True,True,True,50.0,0.1103203296661377
320,327,bread,action_delay,uncertainty_gate,0.75,True,True,True,50.0,0.1103203296661377
321,327,bread,action_delay,never_help,0.0,False,False,False,,
321,327,bread,action_delay,always_help,1.0,True,True,True,10.0,
321,327,bread,action_delay,oracle_value,,True,True,True,10.0,1.0
321,327,bread,action_delay,value_gate,0.1,True,True,True,110.0,0.9818353652954102
321,327,bread,action_delay,value_gate,0.25,True,True,True,110.0,0.9818353652954102
321,327,bread,action_delay,value_gate,0.5,True,True,True,70.0,0.8798822164535522
321,327,bread,action_delay,value_gate,0.75,True,True,True,10.0,0.6473343968391418
321,327,bread,action_delay,risk_gate,0.1,False,False,False,,
321,327,bread,action_delay,risk_gate,0.25,False,False,False,,
321,327,bread,action_delay,risk_gate,0.5,True,True,True,110.0,0.7752276062965393
321,327,bread,action_delay,risk_gate,0.75,True,True,True,110.0,0.7752276062965393
321,327,bread,action_delay,uncertainty_gate,0.1,False,False,False,,
321,327,bread,action_delay,uncertainty_gate,0.25,True,True,True,50.0,0.12037665396928787
321,327,bread,action_delay,uncertainty_gate,0.5,True,True,True,50.0,0.12037665396928787
321,327,bread,action_delay,uncertainty_gate,0.75,True,True,True,50.0,0.12037665396928787
322,327,bread,action_delay,never_help,0.0,True,False,False,,
322,327,bread,action_delay,always_help,1.0,True,True,False,10.0,
322,327,bread,action_delay,oracle_value,,True,False,False,,
322,327,bread,action_delay,value_gate,0.1,True,False,False,,
322,327,bread,action_delay,value_gate,0.25,True,False,False,,
322,327,bread,action_delay,value_gate,0.5,True,True,False,10.0,0.9191133379936218
322,327,bread,action_delay,value_gate,0.75,True,True,False,10.0,0.9191133379936218
322,327,bread,action_delay,risk_gate,0.1,True,False,False,,
322,327,bread,action_delay,risk_gate,0.25,True,False,False,,
322,327,bread,action_delay,risk_gate,0.5,True,False,False,,
322,327,bread,action_delay,risk_gate,0.75,True,False,False,,
322,327,bread,action_delay,uncertainty_gate,0.1,True,False,False,,
322,327,bread,action_delay,uncertainty_gate,0.25,True,False,False,,
322,327,bread,action_delay,uncertainty_gate,0.5,True,False,False,,
322,327,bread,action_delay,uncertainty_gate,0.75,True,False,False,,
323,327,bread,action_delay,never_help,0.0,True,False,False,,
323,327,bread,action_delay,always_help,1.0,True,True,False,10.0,
323,327,bread,action_delay,oracle_value,,True,False,False,,
323,327,bread,action_delay,value_gate,0.1,True,False,False,,
323,327,bread,action_delay,value_gate,0.25,True,False,False,,
323,327,bread,action_delay,value_gate,0.5,True,True,False,10.0,0.8486906886100769
323,327,bread,action_delay,value_gate,0.75,True,True,False,10.0,0.8486906886100769
323,327,bread,action_delay,risk_gate,0.1,True,False,False,,
323,327,bread,action_delay,risk_gate,0.25,True,False,False,,
323,327,bread,action_delay,risk_gate,0.5,True,False,False,,
323,327,bread,action_delay,risk_gate,0.75,True,False,False,,
323,327,bread,action_delay,uncertainty_gate,0.1,True,False,False,,
323,327,bread,action_delay,uncertainty_gate,0.25,True,False,False,,
323,327,bread,action_delay,uncertainty_gate,0.5,True,False,False,,
323,327,bread,action_delay,uncertainty_gate,0.75,True,True,False,110.0,0.014233258552849293
324,327,bread,gripper_slip,never_help,0.0,False,False,False,,
324,327,bread,gripper_slip,always_help,1.0,True,True,True,10.0,
324,327,bread,gripper_slip,oracle_value,,True,True,True,10.0,1.0
324,327,bread,gripper_slip,value_gate,0.1,False,False,False,,
324,327,bread,gripper_slip,value_gate,0.25,False,False,False,,
324,327,bread,gripper_slip,value_gate,0.5,False,False,False,,
324,327,bread,gripper_slip,value_gate,0.75,True,True,True,10.0,0.5381450057029724
324,327,bread,gripper_slip,risk_gate,0.1,False,False,False,,
324,327,bread,gripper_slip,risk_gate,0.25,False,False,False,,
324,327,bread,gripper_slip,risk_gate,0.5,False,False,False,,
324,327,bread,gripper_slip,risk_gate,0.75,False,False,False,,
324,327,bread,gripper_slip,uncertainty_gate,0.1,False,False,False,,
324,327,bread,gripper_slip,uncertainty_gate,0.25,False,False,False,,
324,327,bread,gripper_slip,uncertainty_gate,0.5,False,True,False,130.0,0.033193301409482956
324,327,bread,gripper_slip,uncertainty_gate,0.75,True,True,True,50.0,0.016907641664147377
325,327,bread,gripper_slip,never_help,0.0,False,False,False,,
325,327,bread,gripper_slip,always_help,1.0,True,True,True,10.0,
325,327,bread,gripper_slip,oracle_value,,True,True,True,10.0,1.0
325,327,bread,gripper_slip,value_gate,0.1,True,True,True,70.0,0.9859046339988708
325,327,bread,gripper_slip,value_gate,0.25,True,True,True,70.0,0.9859046339988708
325,327,bread,gripper_slip,value_gate,0.5,True,True,True,50.0,0.820713996887207
325,327,bread,gripper_slip,value_gate,0.75,True,True,True,10.0,0.48622366786003113
325,327,bread,gripper_slip,risk_gate,0.1,False,False,False,,
325,327,bread,gripper_slip,risk_gate,0.25,False,False,False,,
325,327,bread,gripper_slip,risk_gate,0.5,True,True,True,10.0,0.7628208994865417
325,327,bread,gripper_slip,risk_gate,0.75,True,True,True,10.0,0.7628208994865417
325,327,bread,gripper_slip,uncertainty_gate,0.1,False,False,False,,
325,327,bread,gripper_slip,uncertainty_gate,0.25,False,False,False,,
325,327,bread,gripper_slip,uncertainty_gate,0.5,True,True,True,50.0,0.033516623079776764
325,327,bread,gripper_slip,uncertainty_gate,0.75,True,True,True,50.0,0.033516623079776764
326,327,bread,gripper_slip,never_help,0.0,False,False,False,,
326,327,bread,gripper_slip,always_help,1.0,True,True,True,10.0,
326,327,bread,gripper_slip,oracle_value,,True,True,True,10.0,1.0
326,327,bread,gripper_slip,value_gate,0.1,True,True,True,70.0,0.9890928268432617
326,327,bread,gripper_slip,value_gate,0.25,True,True,True,70.0,0.9890928268432617
326,327,bread,gripper_slip,value_gate,0.5,True,True,True,30.0,0.9310751557350159
326,327,bread,gripper_slip,value_gate,0.75,True,True,True,10.0,0.46107831597328186
326,327,bread,gripper_slip,risk_gate,0.1,False,False,False,,
326,327,bread,gripper_slip,risk_gate,0.25,False,False,False,,
326,327,bread,gripper_slip,risk_gate,0.5,True,True,True,70.0,0.7319251894950867
326,327,bread,gripper_slip,risk_gate,0.75,True,True,True,10.0,0.5193967819213867
326,327,bread,gripper_slip,uncertainty_gate,0.1,False,False,False,,
326,327,bread,gripper_slip,uncertainty_gate,0.25,False,False,False,,
326,327,bread,gripper_slip,uncertainty_gate,0.5,False,False,False,,
326,327,bread,gripper_slip,uncertainty_gate,0.75,True,True,True,50.0,0.008237862959504128
327,327,bread,gripper_slip,never_help,0.0,False,False,False,,
327,327,bread,gripper_slip,always_help,1.0,True,True,True,10.0,
327,327,bread,gripper_slip,oracle_value,,True,True,True,10.0,1.0
327,327,bread,gripper_slip,value_gate,0.1,True,True,True,110.0,0.98514324426651
327,327,bread,gripper_slip,value_gate,0.25,True,True,True,30.0,0.9645801186561584
327,327,bread,gripper_slip,value_gate,0.5,True,True,True,10.0,0.8013960719108582
327,327,bread,gripper_slip,value_gate,0.75,True,True,True,10.0,0.8013960719108582
327,327,bread,gripper_slip,risk_gate,0.1,False,False,False,,
327,327,bread,gripper_slip,risk_gate,0.25,False,False,False,,
327,327,bread,gripper_slip,risk_gate,0.5,True,True,True,90.0,0.7177139520645142
327,327,bread,gripper_slip,risk_gate,0.75,True,True,True,10.0,0.3423800468444824
327,327,bread,gripper_slip,uncertainty_gate,0.1,False,False,False,,
327,327,bread,gripper_slip,uncertainty_gate,0.25,True,True,True,50.0,0.06176075339317322
327,327,bread,gripper_slip,uncertainty_gate,0.5,True,True,True,50.0,0.06176075339317322
327,327,bread,gripper_slip,uncertainty_gate,0.75,True,True,True,50.0,0.06176075339317322
328,327,bread,gripper_slip,never_help,0.0,False,False,False,,
328,327,bread,gripper_slip,always_help,1.0,True,True,True,10.0,
328,327,bread,gripper_slip,oracle_value,,True,True,True,10.0,1.0
328,327,bread,gripper_slip,value_gate,0.1,True,True,True,70.0,0.9851698279380798
328,327,bread,gripper_slip,value_gate,0.25,True,True,True,70.0,0.9851698279380798
328,327,bread,gripper_slip,value_gate,0.5,True,True,True,50.0,0.9453246593475342
328,327,bread,gripper_slip,value_gate,0.75,True,True,True,10.0,0.48348867893218994
328,327,bread,gripper_slip,risk_gate,0.1,False,False,False,,
328,327,bread,gripper_slip,risk_gate,0.25,True,True,True,70.0,0.8824407458305359
328,327,bread,gripper_slip,risk_gate,0.5,True,True,True,70.0,0.8824407458305359
328,327,bread,gripper_slip,risk_gate,0.75,True,True,True,10.0,0.6134377717971802
328,327,bread,gripper_slip,uncertainty_gate,0.1,False,False,False,,
328,327,bread,gripper_slip,uncertainty_gate,0.25,True,True,True,50.0,0.09120867401361465
328,327,bread,gripper_slip,uncertainty_gate,0.5,True,True,True,50.0,0.09120867401361465
328,327,bread,gripper_slip,uncertainty_gate,0.75,True,True,True,50.0,0.09120867401361465
329,327,bread,gripper_slip,never_help,0.0,False,False,False,,
329,327,bread,gripper_slip,always_help,1.0,True,True,True,10.0,
329,327,bread,gripper_slip,oracle_value,,True,True,True,10.0,1.0
329,327,bread,gripper_slip,value_gate,0.1,True,True,True,90.0,0.9872768521308899
329,327,bread,gripper_slip,value_gate,0.25,True,True,True,30.0,0.9716198444366455
329,327,bread,gripper_slip,value_gate,0.5,True,True,True,30.0,0.9716198444366455
329,327,bread,gripper_slip,value_gate,0.75,True,True,True,10.0,0.5752332210540771
329,327,bread,gripper_slip,risk_gate,0.1,False,False,False,,
329,327,bread,gripper_slip,risk_gate,0.25,True,True,True,90.0,0.911257266998291
329,327,bread,gripper_slip,risk_gate,0.5,True,True,True,90.0,0.911257266998291
329,327,bread,gripper_slip,risk_gate,0.75,True,True,True,10.0,0.41107413172721863
329,327,bread,gripper_slip,uncertainty_gate,0.1,False,False,False,,
329,327,bread,gripper_slip,uncertainty_gate,0.25,False,False,False,,
329,327,bread,gripper_slip,uncertainty_gate,0.5,True,True,True,70.0,0.024010898545384407
329,327,bread,gripper_slip,uncertainty_gate,0.75,True,True,True,50.0,0.006695381365716457
330,327,cereal,nominal,never_help,0.0,True,False,False,,
330,327,cereal,nominal,always_help,1.0,True,True,False,10.0,
330,327,cereal,nominal,oracle_value,,True,False,False,,
330,327,cereal,nominal,value_gate,0.1,True,False,False,,
330,327,cereal,nominal,value_gate,0.25,True,False,False,,
330,327,cereal,nominal,value_gate,0.5,True,False,False,,
330,327,cereal,nominal,value_gate,0.75,True,True,False,30.0,0.5960691571235657
330,327,cereal,nominal,risk_gate,0.1,True,False,False,,
330,327,cereal,nominal,risk_gate,0.25,True,False,False,,
330,327,cereal,nominal,risk_gate,0.5,True,False,False,,
330,327,cereal,nominal,risk_gate,0.75,True,True,False,10.0,0.47941166162490845
330,327,cereal,nominal,uncertainty_gate,0.1,True,False,False,,
330,327,cereal,nominal,uncertainty_gate,0.25,True,False,False,,
330,327,cereal,nominal,uncertainty_gate,0.5,True,False,False,,
330,327,cereal,nominal,uncertainty_gate,0.75,True,False,False,,
331,327,cereal,nominal,never_help,0.0,True,False,False,,
331,327,cereal,nominal,always_help,1.0,True,True,False,10.0,
331,327,cereal,nominal,oracle_value,,True,False,False,,
331,327,cereal,nominal,value_gate,0.1,True,False,False,,
331,327,cereal,nominal,value_gate,0.25,True,False,False,,
331,327,cereal,nominal,value_gate,0.5,True,False,False,,
331,327,cereal,nominal,value_gate,0.75,True,True,False,30.0,0.46093887090682983
331,327,cereal,nominal,risk_gate,0.1,True,False,False,,
331,327,cereal,nominal,risk_gate,0.25,True,False,False,,
331,327,cereal,nominal,risk_gate,0.5,True,False,False,,
331,327,cereal,nominal,risk_gate,0.75,True,False,False,,
331,327,cereal,nominal,uncertainty_gate,0.1,True,False,False,,
331,327,cereal,nominal,uncertainty_gate,0.25,True,False,False,,
331,327,cereal,nominal,uncertainty_gate,0.5,True,False,False,,
331,327,cereal,nominal,uncertainty_gate,0.75,True,False,False,,
332,327,cereal,nominal,never_help,0.0,True,False,False,,
332,327,cereal,nominal,always_help,1.0,True,True,False,10.0,
332,327,cereal,nominal,oracle_value,,True,False,False,,
332,327,cereal,nominal,value_gate,0.1,True,False,False,,
332,327,cereal,nominal,value_gate,0.25,True,False,False,,
332,327,cereal,nominal,value_gate,0.5,True,True,False,30.0,0.8855913281440735
332,327,cereal,nominal,value_gate,0.75,True,True,False,10.0,0.7358065247535706
332,327,cereal,nominal,risk_gate,0.1,True,False,False,,
332,327,cereal,nominal,risk_gate,0.25,True,True,False,10.0,0.9177034497261047
332,327,cereal,nominal,risk_gate,0.5,True,True,False,10.0,0.9177034497261047
332,327,cereal,nominal,risk_gate,0.75,True,True,False,10.0,0.9177034497261047
332,327,cereal,nominal,uncertainty_gate,0.1,True,False,False,,
332,327,cereal,nominal,uncertainty_gate,0.25,True,False,False,,
332,327,cereal,nominal,uncertainty_gate,0.5,True,False,False,,
332,327,cereal,nominal,uncertainty_gate,0.75,True,False,False,,
333,327,cereal,nominal,never_help,0.0,True,False,False,,
333,327,cereal,nominal,always_help,1.0,True,True,False,10.0,
333,327,cereal,nominal,oracle_value,,True,False,False,,
333,327,cereal,nominal,value_gate,0.1,True,False,False,,
333,327,cereal,nominal,value_gate,0.25,True,False,False,,
333,327,cereal,nominal,value_gate,0.5,True,True,False,10.0,0.8479871153831482
333,327,cereal,nominal,value_gate,0.75,True,True,False,10.0,0.8479871153831482
333,327,cereal,nominal,risk_gate,0.1,True,True,False,10.0,0.973743200302124
333,327,cereal,nominal,risk_gate,0.25,True,True,False,10.0,0.973743200302124
333,327,cereal,nominal,risk_gate,0.5,True,True,False,10.0,0.973743200302124
333,327,cereal,nominal,risk_gate,0.75,True,True,False,10.0,0.973743200302124
333,327,cereal,nominal,uncertainty_gate,0.1,True,False,False,,
333,327,cereal,nominal,uncertainty_gate,0.25,True,False,False,,
333,327,cereal,nominal,uncertainty_gate,0.5,True,False,False,,
333,327,cereal,nominal,uncertainty_gate,0.75,True,True,False,70.0,0.00681757228448987
334,327,cereal,nominal,never_help,0.0,True,False,False,,
334,327,cereal,nominal,always_help,1.0,True,True,False,10.0,
334,327,cereal,nominal,oracle_value,,True,False,False,,
334,327,cereal,nominal,value_gate,0.1,True,False,False,,
334,327,cereal,nominal,value_gate,0.25,True,False,False,,
334,327,cereal,nominal,value_gate,0.5,True,False,False,,
334,327,cereal,nominal,value_gate,0.75,True,True,False,30.0,0.5009963512420654
334,327,cereal,nominal,risk_gate,0.1,True,False,False,,
334,327,cereal,nominal,risk_gate,0.25,True,False,False,,
334,327,cereal,nominal,risk_gate,0.5,True,False,False,,
334,327,cereal,nominal,risk_gate,0.75,True,False,False,,
334,327,cereal,nominal,uncertainty_gate,0.1,True,False,False,,
334,327,cereal,nominal,uncertainty_gate,0.25,True,False,False,,
334,327,cereal,nominal,uncertainty_gate,0.5,True,False,False,,
334,327,cereal,nominal,uncertainty_gate,0.75,True,True,False,50.0,0.005703866947442293
335,327,cereal,nominal,never_help,0.0,True,False,False,,
335,327,cereal,nominal,always_help,1.0,True,True,False,10.0,
335,327,cereal,nominal,oracle_value,,True,False,False,,
335,327,cereal,nominal,value_gate,0.1,True,False,False,,
335,327,cereal,nominal,value_gate,0.25,True,False,False,,
335,327,cereal,nominal,value_gate,0.5,True,True,False,10.0,0.8585854172706604
335,327,cereal,nominal,value_gate,0.75,True,True,False,10.0,0.8585854172706604
335,327,cereal,nominal,risk_gate,0.1,True,True,False,10.0,0.9700493812561035
335,327,cereal,nominal,risk_gate,0.25,True,True,False,10.0,0.9700493812561035
335,327,cereal,nominal,risk_gate,0.5,True,True,False,10.0,0.9700493812561035
335,327,cereal,nominal,risk_gate,0.75,True,True,False,10.0,0.9700493812561035
335,327,cereal,nominal,uncertainty_gate,0.1,True,False,False,,
335,327,cereal,nominal,uncertainty_gate,0.25,True,False,False,,
335,327,cereal,nominal,uncertainty_gate,0.5,True,False,False,,
335,327,cereal,nominal,uncertainty_gate,0.75,True,True,False,10.0,0.006507549900561571
336,327,cereal,object_shift,never_help,0.0,False,False,False,,
336,327,cereal,object_shift,always_help,1.0,True,True,True,10.0,
336,327,cereal,object_shift,oracle_value,,True,True,True,10.0,1.0
336,327,cereal,object_shift,value_gate,0.1,False,False,False,,
336,327,cereal,object_shift,value_gate,0.25,False,False,False,,
336,327,cereal,object_shift,value_gate,0.5,True,True,True,30.0,0.9384625554084778
336,327,cereal,object_shift,value_gate,0.75,True,True,True,30.0,0.9384625554084778
336,327,cereal,object_shift,risk_gate,0.1,False,False,False,,
336,327,cereal,object_shift,risk_gate,0.25,False,False,False,,
336,327,cereal,object_shift,risk_gate,0.5,False,False,False,,
336,327,cereal,object_shift,risk_gate,0.75,False,True,False,70.0,0.5111657381057739
336,327,cereal,object_shift,uncertainty_gate,0.1,False,True,False,70.0,0.1607019603252411
336,327,cereal,object_shift,uncertainty_gate,0.25,False,True,False,70.0,0.1607019603252411
336,327,cereal,object_shift,uncertainty_gate,0.5,False,True,False,70.0,0.1607019603252411
336,327,cereal,object_shift,uncertainty_gate,0.75,True,True,True,30.0,0.010358190163969994
337,327,cereal,object_shift,never_help,0.0,True,False,False,,
337,327,cereal,object_shift,always_help,1.0,True,True,False,10.0,
337,327,cereal,object_shift,oracle_value,,True,False,False,,
337,327,cereal,object_shift,value_gate,0.1,True,False,False,,
337,327,cereal,object_shift,value_gate,0.25,True,False,False,,
337,327,cereal,object_shift,value_gate,0.5,True,False,False,,
337,327,cereal,object_shift,value_gate,0.75,True,True,False,30.0,0.5584944486618042
337,327,cereal,object_shift,risk_gate,0.1,True,False,False,,
337,327,cereal,object_shift,risk_gate,0.25,True,False,False,,
337,327,cereal,object_shift,risk_gate,0.5,True,False,False,,
337,327,cereal,object_shift,risk_gate,0.75,True,False,False,,
337,327,cereal,object_shift,uncertainty_gate,0.1,True,False,False,,
337,327,cereal,object_shift,uncertainty_gate,0.25,True,False,False,,
337,327,cereal,object_shift,uncertainty_gate,0.5,True,False,False,,
337,327,cereal,object_shift,uncertainty_gate,0.75,True,False,False,,
338,327,cereal,object_shift,never_help,0.0,False,False,False,,
338,327,cereal,object_shift,always_help,1.0,True,True,True,10.0,
338,327,cereal,object_shift,oracle_value,,True,True,True,10.0,1.0
338,327,cereal,object_shift,value_gate,0.1,False,False,False,,
338,327,cereal,object_shift,value_gate,0.25,False,False,False,,
338,327,cereal,object_shift,value_gate,0.5,True,True,True,30.0,0.9207119941711426
338,327,cereal,object_shift,value_gate,0.75,True,True,True,30.0,0.9207119941711426
338,327,cereal,object_shift,risk_gate,0.1,False,False,False,,
338,327,cereal,object_shift,risk_gate,0.25,False,False,False,,
338,327,cereal,object_shift,risk_gate,0.5,True,True,True,130.0,0.8226046562194824
338,327,cereal,object_shift,risk_gate,0.75,True,True,True,10.0,0.5729965567588806
338,327,cereal,object_shift,uncertainty_gate,0.1,False,False,False,,
338,327,cereal,object_shift,uncertainty_gate,0.25,True,True,True,110.0,0.062407054007053375
338,327,cereal,object_shift,uncertainty_gate,0.5,True,True,True,50.0,0.033240191638469696
338,327,cereal,object_shift,uncertainty_gate,0.75,True,True,True,30.0,0.01757328398525715
339,327,cereal,object_shift,never_help,0.0,True,False,False,,
339,327,cereal,object_shift,always_help,1.0,True,True,False,10.0,
339,327,cereal,object_shift,oracle_value,,True,False,False,,
339,327,cereal,object_shift,value_gate,0.1,True,False,False,,
339,327,cereal,object_shift,value_gate,0.25,True,False,False,,
339,327,cereal,object_shift,value_gate,0.5,True,False,False,,
339,327,cereal,object_shift,value_gate,0.75,True,True,False,30.0,0.502591609954834
339,327,cereal,object_shift,risk_gate,0.1,True,False,False,,
339,327,cereal,object_shift,risk_gate,0.25,True,False,False,,
339,327,cereal,object_shift,risk_gate,0.5,True,False,False,,
339,327,cereal,object_shift,risk_gate,0.75,True,False,False,,
339,327,cereal,object_shift,uncertainty_gate,0.1,True,False,False,,
339,327,cereal,object_shift,uncertainty_gate,0.25,True,False,False,,
339,327,cereal,object_shift,uncertainty_gate,0.5,True,True,False,130.0,0.026069698855280876
339,327,cereal,object_shift,uncertainty_gate,0.75,True,True,False,130.0,0.026069698855280876
340,327,cereal,object_shift,never_help,0.0,True,False,False,,
340,327,cereal,object_shift,always_help,1.0,True,True,False,10.0,
340,327,cereal,object_shift,oracle_value,,True,False,False,,
340,327,cereal,object_shift,value_gate,0.1,True,False,False,,
340,327,cereal,object_shift,value_gate,0.25,True,False,False,,
340,327,cereal,object_shift,value_gate,0.5,True,False,False,,
340,327,cereal,object_shift,value_gate,0.75,True,False,False,,
340,327,cereal,object_shift,risk_gate,0.1,True,False,False,,
340,327,cereal,object_shift,risk_gate,0.25,True,False,False,,
340,327,cereal,object_shift,risk_gate,0.5,True,False,False,,
340,327,cereal,object_shift,risk_gate,0.75,True,True,False,10.0,0.46618348360061646
340,327,cereal,object_shift,uncertainty_gate,0.1,True,False,False,,
340,327,cereal,object_shift,uncertainty_gate,0.25,True,False,False,,
340,327,cereal,object_shift,uncertainty_gate,0.5,True,False,False,,
340,327,cereal,object_shift,uncertainty_gate,0.75,True,True,False,30.0,0.004635334014892578
341,327,cereal,object_shift,never_help,0.0,True,False,False,,
341,327,cereal,object_shift,always_help,1.0,True,True,False,10.0,
341,327,cereal,object_shift,oracle_value,,True,False,False,,
341,327,cereal,object_shift,value_gate,0.1,True,False,False,,
341,327,cereal,object_shift,value_gate,0.25,True,False,False,,
341,327,cereal,object_shift,value_gate,0.5,True,False,False,,
341,327,cereal,object_shift,value_gate,0.75,True,False,False,,
341,327,cereal,object_shift,risk_gate,0.1,True,False,False,,
341,327,cereal,object_shift,risk_gate,0.25,True,False,False,,
341,327,cereal,object_shift,risk_gate,0.5,True,False,False,,
341,327,cereal,object_shift,risk_gate,0.75,True,True,False,10.0,0.3953985571861267
341,327,cereal,object_shift,uncertainty_gate,0.1,True,False,False,,
341,327,cereal,object_shift,uncertainty_gate,0.25,True,False,False,,
341,327,cereal,object_shift,uncertainty_gate,0.5,True,False,False,,
341,327,cereal,object_shift,uncertainty_gate,0.75,True,False,False,,
342,327,cereal,action_noise,never_help,0.0,False,False,False,,
342,327,cereal,action_noise,always_help,1.0,True,True,True,10.0,
342,327,cereal,action_noise,oracle_value,,True,True,True,10.0,1.0
342,327,cereal,action_noise,value_gate,0.1,False,False,False,,
342,327,cereal,action_noise,value_gate,0.25,False,False,False,,
342,327,cereal,action_noise,value_gate,0.5,False,True,False,70.0,0.8825547695159912
342,327,cereal,action_noise,value_gate,0.75,False,True,False,70.0,0.8825547695159912
342,327,cereal,action_noise,risk_gate,0.1,False,False,False,,
342,327,cereal,action_noise,risk_gate,0.25,False,False,False,,
342,327,cereal,action_noise,risk_gate,0.5,False,True,False,70.0,0.7008398175239563
342,327,cereal,action_noise,risk_gate,0.75,True,True,True,10.0,0.6358869075775146
342,327,cereal,action_noise,uncertainty_gate,0.1,False,False,False,,
342,327,cereal,action_noise,uncertainty_gate,0.25,True,True,True,50.0,0.12328403443098068
342,327,cereal,action_noise,uncertainty_gate,0.5,True,True,True,50.0,0.12328403443098068
342,327,cereal,action_noise,uncertainty_gate,0.75,True,True,True,50.0,0.12328403443098068
343,327,cereal,action_noise,never_help,0.0,True,False,False,,
343,327,cereal,action_noise,always_help,1.0,True,True,False,10.0,
343,327,cereal,action_noise,oracle_value,,True,False,False,,
343,327,cereal,action_noise,value_gate,0.1,True,False,False,,
343,327,cereal,action_noise,value_gate,0.25,True,False,False,,
343,327,cereal,action_noise,value_gate,0.5,True,False,False,,
343,327,cereal,action_noise,value_gate,0.75,True,True,False,30.0,0.7238332629203796
343,327,cereal,action_noise,risk_gate,0.1,True,False,False,,
343,327,cereal,action_noise,risk_gate,0.25,True,False,False,,
343,327,cereal,action_noise,risk_gate,0.5,True,False,False,,
343,327,cereal,action_noise,risk_gate,0.75,True,True,False,10.0,0.6211656332015991
343,327,cereal,action_noise,uncertainty_gate,0.1,True,False,False,,
343,327,cereal,action_noise,uncertainty_gate,0.25,True,False,False,,
343,327,cereal,action_noise,uncertainty_gate,0.5,True,False,False,,
343,327,cereal,action_noise,uncertainty_gate,0.75,True,False,False,,
344,327,cereal,action_noise,never_help,0.0,True,False,False,,
344,327,cereal,action_noise,always_help,1.0,True,True,False,10.0,
344,327,cereal,action_noise,oracle_value,,True,False,False,,
344,327,cereal,action_noise,value_gate,0.1,True,False,False,,
344,327,cereal,action_noise,value_gate,0.25,True,False,False,,
344,327,cereal,action_noise,value_gate,0.5,True,False,False,,
344,327,cereal,action_noise,value_gate,0.75,True,False,False,,
344,327,cereal,action_noise,risk_gate,0.1,True,False,False,,
344,327,cereal,action_noise,risk_gate,0.25,True,False,False,,
344,327,cereal,action_noise,risk_gate,0.5,True,False,False,,
344,327,cereal,action_noise,risk_gate,0.75,True,True,False,10.0,0.6369439363479614
344,327,cereal,action_noise,uncertainty_gate,0.1,True,False,False,,
344,327,cereal,action_noise,uncertainty_gate,0.25,True,False,False,,
344,327,cereal,action_noise,uncertainty_gate,0.5,True,False,False,,
344,327,cereal,action_noise,uncertainty_gate,0.75,True,True,False,30.0,0.004481051117181778
345,327,cereal,action_noise,never_help,0.0,True,False,False,,
345,327,cereal,action_noise,always_help,1.0,True,True,False,10.0,
345,327,cereal,action_noise,oracle_value,,True,False,False,,
345,327,cereal,action_noise,value_gate,0.1,True,False,False,,
345,327,cereal,action_noise,value_gate,0.25,True,False,False,,
345,327,cereal,action_noise,value_gate,0.5,True,False,False,,
345,327,cereal,action_noise,value_gate,0.75,True,False,False,,
345,327,cereal,action_noise,risk_gate,0.1,True,False,False,,
345,327,cereal,action_noise,risk_gate,0.25,True,False,False,,
345,327,cereal,action_noise,risk_gate,0.5,True,True,False,10.0,0.7543291449546814
345,327,cereal,action_noise,risk_gate,0.75,True,True,False,10.0,0.7543291449546814
345,327,cereal,action_noise,uncertainty_gate,0.1,True,False,False,,
345,327,cereal,action_noise,uncertainty_gate,0.25,True,False,False,,
345,327,cereal,action_noise,uncertainty_gate,0.5,True,False,False,,
345,327,cereal,action_noise,uncertainty_gate,0.75,False,True,False,50.0,0.013699471950531006
346,327,cereal,action_noise,never_help,0.0,True,False,False,,
346,327,cereal,action_noise,always_help,1.0,True,True,False,10.0,
346,327,cereal,action_noise,oracle_value,,True,False,False,,
346,327,cereal,action_noise,value_gate,0.1,True,False,False,,
346,327,cereal,action_noise,value_gate,0.25,True,False,False,,
346,327,cereal,action_noise,value_gate,0.5,True,False,False,,
346,327,cereal,action_noise,value_gate,0.75,True,True,False,30.0,0.6325070261955261
346,327,cereal,action_noise,risk_gate,0.1,True,False,False,,
346,327,cereal,action_noise,risk_gate,0.25,True,False,False,,
346,327,cereal,action_noise,risk_gate,0.5,True,False,False,,
346,327,cereal,action_noise,risk_gate,0.75,True,True,False,10.0,0.5721853375434875
346,327,cereal,action_noise,uncertainty_gate,0.1,True,False,False,,
346,327,cereal,action_noise,uncertainty_gate,0.25,True,False,False,,
346,327,cereal,action_noise,uncertainty_gate,0.5,True,False,False,,
346,327,cereal,action_noise,uncertainty_gate,0.75,True,True,False,90.0,0.004192239139229059
347,327,cereal,action_noise,never_help,0.0,False,False,False,,
347,327,cereal,action_noise,always_help,1.0,True,True,True,10.0,
347,327,cereal,action_noise,oracle_value,,True,True,True,10.0,1.0
347,327,cereal,action_noise,value_gate,0.1,False,False,False,,
347,327,cereal,action_noise,value_gate,0.25,True,True,True,70.0,0.9658451080322266
347,327,cereal,action_noise,value_gate,0.5,True,True,True,30.0,0.8992225527763367
347,327,cereal,action_noise,value_gate,0.75,True,True,True,30.0,0.8992225527763367
347,327,cereal,action_noise,risk_gate,0.1,True,True,True,10.0,0.9830884337425232
347,327,cereal,action_noise,risk_gate,0.25,True,True,True,10.0,0.9830884337425232
347,327,cereal,action_noise,risk_gate,0.5,True,True,True,10.0,0.9830884337425232
347,327,cereal,action_noise,risk_gate,0.75,True,True,True,10.0,0.9830884337425232
347,327,cereal,action_noise,uncertainty_gate,0.1,True,True,True,50.0,0.2303215116262436
347,327,cereal,action_noise,uncertainty_gate,0.25,True,True,True,50.0,0.2303215116262436
347,327,cereal,action_noise,uncertainty_gate,0.5,True,True,True,50.0,0.2303215116262436
347,327,cereal,action_noise,uncertainty_gate,0.75,True,True,True,30.0,0.004349663387984037
348,327,cereal,action_delay,never_help,0.0,True,False,False,,
348,327,cereal,action_delay,always_help,1.0,True,True,False,10.0,
348,327,cereal,action_delay,oracle_value,,True,False,False,,
348,327,cereal,action_delay,value_gate,0.1,True,False,False,,
348,327,cereal,action_delay,value_gate,0.25,True,False,False,,
348,327,cereal,action_delay,value_gate,0.5,True,True,False,10.0,0.9034495949745178
348,327,cereal,action_delay,value_gate,0.75,True,True,False,10.0,0.9034495949745178
348,327,cereal,action_delay,risk_gate,0.1,True,False,False,,
348,327,cereal,action_delay,risk_gate,0.25,True,False,False,,
348,327,cereal,action_delay,risk_gate,0.5,True,False,False,,
348,327,cereal,action_delay,risk_gate,0.75,True,True,False,30.0,0.5488132238388062
348,327,cereal,action_delay,uncertainty_gate,0.1,True,False,False,,
348,327,cereal,action_delay,uncertainty_gate,0.25,True,False,False,,
348,327,cereal,action_delay,uncertainty_gate,0.5,True,False,False,,
348,327,cereal,action_delay,uncertainty_gate,0.75,True,True,False,30.0,0.003834308823570609
349,327,cereal,action_delay,never_help,0.0,False,False,False,,
349,327,cereal,action_delay,always_help,1.0,True,True,True,10.0,
349,327,cereal,action_delay,oracle_value,,True,True,True,10.0,1.0
349,327,cereal,action_delay,value_gate,0.1,False,False,False,,
349,327,cereal,action_delay,value_gate,0.25,True,True,True,10.0,0.9780089855194092
349,327,cereal,action_delay,value_gate,0.5,True,True,True,10.0,0.9780089855194092
349,327,cereal,action_delay,value_gate,0.75,True,True,True,10.0,0.9780089855194092
349,327,cereal,action_delay,risk_gate,0.1,False,False,False,,
349,327,cereal,action_delay,risk_gate,0.25,False,False,False,,
349,327,cereal,action_delay,risk_gate,0.5,False,False,False,,
349,327,cereal,action_delay,risk_gate,0.75,False,False,False,,
349,327,cereal,action_delay,uncertainty_gate,0.1,False,False,False,,
349,327,cereal,action_delay,uncertainty_gate,0.25,True,True,True,50.0,0.08689010888338089
349,327,cereal,action_delay,uncertainty_gate,0.5,True,True,True,50.0,0.08689010888338089
349,327,cereal,action_delay,uncertainty_gate,0.75,True,True,True,50.0,0.08689010888338089
350,327,cereal,action_delay,never_help,0.0,True,False,False,,
350,327,cereal,action_delay,always_help,1.0,True,True,False,10.0,
350,327,cereal,action_delay,oracle_value,,True,False,False,,
350,327,cereal,action_delay,value_gate,0.1,True,False,False,,
350,327,cereal,action_delay,value_gate,0.25,True,False,False,,
350,327,cereal,action_delay,value_gate,0.5,True,True,False,10.0,0.8925271034240723
350,327,cereal,action_delay,value_gate,0.75,True,True,False,10.0,0.8925271034240723
350,327,cereal,action_delay,risk_gate,0.1,True,False,False,,
350,327,cereal,action_delay,risk_gate,0.25,True,False,False,,
350,327,cereal,action_delay,risk_gate,0.5,True,False,False,,
350,327,cereal,action_delay,risk_gate,0.75,True,False,False,,
350,327,cereal,action_delay,uncertainty_gate,0.1,True,False,False,,
350,327,cereal,action_delay,uncertainty_gate,0.25,True,False,False,,
350,327,cereal,action_delay,uncertainty_gate,0.5,True,False,False,,
350,327,cereal,action_delay,uncertainty_gate,0.75,True,True,False,110.0,0.003832978894934058
351,327,cereal,action_delay,never_help,0.0,False,False,False,,
351,327,cereal,action_delay,always_help,1.0,True,True,True,10.0,
351,327,cereal,action_delay,oracle_value,,True,True,True,10.0,1.0
351,327,cereal,action_delay,value_gate,0.1,True,True,True,10.0,0.9818856120109558
351,327,cereal,action_delay,value_gate,0.25,True,True,True,10.0,0.9818856120109558
351,327,cereal,action_delay,value_gate,0.5,True,True,True,10.0,0.9818856120109558
351,327,cereal,action_delay,value_gate,0.75,True,True,True,10.0,0.9818856120109558
351,327,cereal,action_delay,risk_gate,0.1,False,False,False,,
351,327,cereal,action_delay,risk_gate,0.25,False,False,False,,
351,327,cereal,action_delay,risk_gate,0.5,False,False,False,,
351,327,cereal,action_delay,risk_gate,0.75,False,True,False,110.0,0.3548760414123535
351,327,cereal,action_delay,uncertainty_gate,0.1,False,True,False,130.0,0.16083507239818573
351,327,cereal,action_delay,uncertainty_gate,0.25,False,True,False,130.0,0.16083507239818573
351,327,cereal,action_delay,uncertainty_gate,0.5,True,True,True,70.0,0.03460521250963211
351,327,cereal,action_delay,uncertainty_gate,0.75,True,True,True,50.0,0.01905975118279457
352,327,cereal,action_delay,never_help,0.0,False,False,False,,
352,327,cereal,action_delay,always_help,1.0,True,True,True,10.0,
352,327,cereal,action_delay,oracle_value,,True,True,True,10.0,1.0
352,327,cereal,action_delay,value_gate,0.1,False,False,False,,
352,327,cereal,action_delay,value_gate,0.25,True,True,True,10.0,0.9656250476837158
352,327,cereal,action_delay,value_gate,0.5,True,True,True,10.0,0.9656250476837158
352,327,cereal,action_delay,value_gate,0.75,True,True,True,10.0,0.9656250476837158
352,327,cereal,action_delay,risk_gate,0.1,False,False,False,,
352,327,cereal,action_delay,risk_gate,0.25,False,False,False,,
352,327,cereal,action_delay,risk_gate,0.5,False,False,False,,
352,327,cereal,action_delay,risk_gate,0.75,True,True,True,30.0,0.4191741943359375
352,327,cereal,action_delay,uncertainty_gate,0.1,False,False,False,,
352,327,cereal,action_delay,uncertainty_gate,0.25,True,True,True,90.0,0.12811879813671112
352,327,cereal,action_delay,uncertainty_gate,0.5,True,True,True,70.0,0.03611151501536369
352,327,cereal,action_delay,uncertainty_gate,0.75,True,True,True,30.0,0.00594375329092145
353,327,cereal,action_delay,never_help,0.0,False,False,False,,
353,327,cereal,action_delay,always_help,1.0,True,True,True,10.0,
353,327,cereal,action_delay,oracle_value,,True,True,True,10.0,1.0
353,327,cereal,action_delay,value_gate,0.1,False,False,False,,
353,327,cereal,action_delay,value_gate,0.25,True,True,True,10.0,0.962854266166687
353,327,cereal,action_delay,value_gate,0.5,True,True,True,10.0,0.962854266166687
353,327,cereal,action_delay,value_gate,0.75,True,True,True,10.0,0.962854266166687
353,327,cereal,action_delay,risk_gate,0.1,False,False,False,,
353,327,cereal,action_delay,risk_gate,0.25,False,False,False,,
353,327,cereal,action_delay,risk_gate,0.5,False,False,False,,
353,327,cereal,action_delay,risk_gate,0.75,False,False,False,,
353,327,cereal,action_delay,uncertainty_gate,0.1,False,False,False,,
353,327,cereal,action_delay,uncertainty_gate,0.25,False,True,False,70.0,0.10717668384313583
353,327,cereal,action_delay,uncertainty_gate,0.5,True,True,True,30.0,0.05771809443831444
353,327,cereal,action_delay,uncertainty_gate,0.75,True,True,True,30.0,0.05771809443831444
354,327,cereal,gripper_slip,never_help,0.0,False,False,False,,
354,327,cereal,gripper_slip,always_help,1.0,True,True,True,10.0,
354,327,cereal,gripper_slip,oracle_value,,True,True,True,10.0,1.0
354,327,cereal,gripper_slip,value_gate,0.1,False,False,False,,
354,327,cereal,gripper_slip,value_gate,0.25,True,True,True,50.0,0.9738948345184326
354,327,cereal,gripper_slip,value_gate,0.5,True,True,True,50.0,0.9738948345184326
354,327,cereal,gripper_slip,value_gate,0.75,True,True,True,10.0,0.5216042399406433
354,327,cereal,gripper_slip,risk_gate,0.1,False,False,False,,
354,327,cereal,gripper_slip,risk_gate,0.25,False,False,False,,
354,327,cereal,gripper_slip,risk_gate,0.5,True,True,True,10.0,0.7325779795646667
354,327,cereal,gripper_slip,risk_gate,0.75,True,True,True,10.0,0.7325779795646667
354,327,cereal,gripper_slip,uncertainty_gate,0.1,True,True,True,110.0,0.1613602191209793
354,327,cereal,gripper_slip,uncertainty_gate,0.25,True,True,True,110.0,0.1613602191209793
354,327,cereal,gripper_slip,uncertainty_gate,0.5,True,True,True,50.0,0.041373156011104584
354,327,cereal,gripper_slip,uncertainty_gate,0.75,True,True,True,50.0,0.041373156011104584
355,327,cereal,gripper_slip,never_help,0.0,False,False,False,,
355,327,cereal,gripper_slip,always_help,1.0,True,True,True,10.0,
355,327,cereal,gripper_slip,oracle_value,,True,True,True,10.0,1.0
355,327,cereal,gripper_slip,value_gate,0.1,False,False,False,,
355,327,cereal,gripper_slip,value_gate,0.25,False,False,False,,
355,327,cereal,gripper_slip,value_gate,0.5,True,True,True,90.0,0.9053641557693481
355,327,cereal,gripper_slip,value_gate,0.75,True,True,True,50.0,0.54362952709198
355,327,cereal,gripper_slip,risk_gate,0.1,False,False,False,,
355,327,cereal,gripper_slip,risk_gate,0.25,True,True,True,10.0,0.9248190522193909
355,327,cereal,gripper_slip,risk_gate,0.5,True,True,True,10.0,0.9248190522193909
355,327,cereal,gripper_slip,risk_gate,0.75,True,True,True,10.0,0.9248190522193909
355,327,cereal,gripper_slip,uncertainty_gate,0.1,False,False,False,,
355,327,cereal,gripper_slip,uncertainty_gate,0.25,False,False,False,,
355,327,cereal,gripper_slip,uncertainty_gate,0.5,True,True,True,90.0,0.029367506504058838
355,327,cereal,gripper_slip,uncertainty_gate,0.75,True,True,True,70.0,0.015877511352300644
356,327,cereal,gripper_slip,never_help,0.0,False,False,False,,
356,327,cereal,gripper_slip,always_help,1.0,True,True,True,10.0,
356,327,cereal,gripper_slip,oracle_value,,True,True,True,10.0,1.0
356,327,cereal,gripper_slip,value_gate,0.1,False,False,False,,
356,327,cereal,gripper_slip,value_gate,0.25,True,True,True,70.0,0.9749106764793396
356,327,cereal,gripper_slip,value_gate,0.5,True,True,True,10.0,0.8619212508201599
356,327,cereal,gripper_slip,value_gate,0.75,True,True,True,10.0,0.8619212508201599
356,327,cereal,gripper_slip,risk_gate,0.1,True,True,True,10.0,0.9744423627853394
356,327,cereal,gripper_slip,risk_gate,0.25,True,True,True,10.0,0.9744423627853394
356,327,cereal,gripper_slip,risk_gate,0.5,True,True,True,10.0,0.9744423627853394
356,327,cereal,gripper_slip,risk_gate,0.75,True,True,True,10.0,0.9744423627853394
356,327,cereal,gripper_slip,uncertainty_gate,0.1,False,False,False,,
356,327,cereal,gripper_slip,uncertainty_gate,0.25,False,False,False,,
356,327,cereal,gripper_slip,uncertainty_gate,0.5,True,True,True,90.0,0.028174908831715584
356,327,cereal,gripper_slip,uncertainty_gate,0.75,True,True,True,10.0,0.00798261258751154
357,327,cereal,gripper_slip,never_help,0.0,False,False,False,,
357,327,cereal,gripper_slip,always_help,1.0,True,True,True,10.0,
357,327,cereal,gripper_slip,oracle_value,,True,True,True,10.0,1.0
357,327,cereal,gripper_slip,value_gate,0.1,False,False,False,,
357,327,cereal,gripper_slip,value_gate,0.25,True,True,True,50.0,0.9657353162765503
357,327,cereal,gripper_slip,value_gate,0.5,True,True,True,50.0,0.9657353162765503
357,327,cereal,gripper_slip,value_gate,0.75,True,True,True,50.0,0.9657353162765503
357,327,cereal,gripper_slip,risk_gate,0.1,False,False,False,,
357,327,cereal,gripper_slip,risk_gate,0.25,False,False,False,,
357,327,cereal,gripper_slip,risk_gate,0.5,False,False,False,,
357,327,cereal,gripper_slip,risk_gate,0.75,True,True,True,10.0,0.5235476493835449
357,327,cereal,gripper_slip,uncertainty_gate,0.1,False,False,False,,
357,327,cereal,gripper_slip,uncertainty_gate,0.25,False,False,False,,
357,327,cereal,gripper_slip,uncertainty_gate,0.5,False,False,False,,
357,327,cereal,gripper_slip,uncertainty_gate,0.75,True,True,True,50.0,0.021352339535951614
358,327,cereal,gripper_slip,never_help,0.0,False,False,False,,
358,327,cereal,gripper_slip,always_help,1.0,True,True,True,10.0,
358,327,cereal,gripper_slip,oracle_value,,True,True,True,10.0,1.0
358,327,cereal,gripper_slip,value_gate,0.1,False,False,False,,
358,327,cereal,gripper_slip,value_gate,0.25,True,True,True,50.0,0.9670184850692749
358,327,cereal,gripper_slip,value_gate,0.5,True,True,True,50.0,0.9670184850692749
358,327,cereal,gripper_slip,value_gate,0.75,True,True,True,10.0,0.685121476650238
358,327,cereal,gripper_slip,risk_gate,0.1,False,False,False,,
358,327,cereal,gripper_slip,risk_gate,0.25,True,True,True,90.0,0.9181321263313293
358,327,cereal,gripper_slip,risk_gate,0.5,True,True,True,10.0,0.8223915100097656
358,327,cereal,gripper_slip,risk_gate,0.75,True,True,True,10.0,0.8223915100097656
358,327,cereal,gripper_slip,uncertainty_gate,0.1,False,False,False,,
358,327,cereal,gripper_slip,uncertainty_gate,0.25,False,False,False,,
358,327,cereal,gripper_slip,uncertainty_gate,0.5,True,True,True,50.0,0.024563023820519447
358,327,cereal,gripper_slip,uncertainty_gate,0.75,True,True,True,50.0,0.024563023820519447
359,327,cereal,gripper_slip,never_help,0.0,False,False,False,,
359,327,cereal,gripper_slip,always_help,1.0,True,True,True,10.0,
359,327,cereal,gripper_slip,oracle_value,,True,True,True,10.0,1.0
359,327,cereal,gripper_slip,value_gate,0.1,False,False,False,,
359,327,cereal,gripper_slip,value_gate,0.25,False,False,False,,
359,327,cereal,gripper_slip,value_gate,0.5,True,True,True,10.0,0.9390479922294617
359,327,cereal,gripper_slip,value_gate,0.75,True,True,True,10.0,0.9390479922294617
359,327,cereal,gripper_slip,risk_gate,0.1,True,True,True,10.0,0.9778843522071838
359,327,cereal,gripper_slip,risk_gate,0.25,True,True,True,10.0,0.9778843522071838
359,327,cereal,gripper_slip,risk_gate,0.5,True,True,True,10.0,0.9778843522071838
359,327,cereal,gripper_slip,risk_gate,0.75,True,True,True,10.0,0.9778843522071838
359,327,cereal,gripper_slip,uncertainty_gate,0.1,False,False,False,,
359,327,cereal,gripper_slip,uncertainty_gate,0.25,True,True,True,70.0,0.0943264439702034
359,327,cereal,gripper_slip,uncertainty_gate,0.5,True,True,True,10.0,0.027335578575730324
359,327,cereal,gripper_slip,uncertainty_gate,0.75,True,True,True,10.0,0.027335578575730324
360,427,can,nominal,never_help,0.0,True,False,False,,
360,427,can,nominal,always_help,1.0,True,True,False,10.0,
360,427,can,nominal,oracle_value,,True,False,False,,
360,427,can,nominal,value_gate,0.1,True,False,False,,
360,427,can,nominal,value_gate,0.25,True,False,False,,
360,427,can,nominal,value_gate,0.5,True,False,False,,
360,427,can,nominal,value_gate,0.75,True,False,False,,
360,427,can,nominal,risk_gate,0.1,True,False,False,,
360,427,can,nominal,risk_gate,0.25,True,False,False,,
360,427,can,nominal,risk_gate,0.5,True,True,False,10.0,0.8312371373176575
360,427,can,nominal,risk_gate,0.75,True,True,False,10.0,0.8312371373176575
360,427,can,nominal,uncertainty_gate,0.1,True,False,False,,
360,427,can,nominal,uncertainty_gate,0.25,True,False,False,,
360,427,can,nominal,uncertainty_gate,0.5,True,False,False,,
360,427,can,nominal,uncertainty_gate,0.75,True,True,False,50.0,0.0038330245297402143
361,427,can,nominal,never_help,0.0,True,False,False,,
361,427,can,nominal,always_help,1.0,True,True,False,10.0,
361,427,can,nominal,oracle_value,,True,False,False,,
361,427,can,nominal,value_gate,0.1,True,False,False,,
361,427,can,nominal,value_gate,0.25,True,False,False,,
361,427,can,nominal,value_gate,0.5,True,False,False,,
361,427,can,nominal,value_gate,0.75,True,False,False,,
361,427,can,nominal,risk_gate,0.1,True,False,False,,
361,427,can,nominal,risk_gate,0.25,True,False,False,,
361,427,can,nominal,risk_gate,0.5,True,True,False,10.0,0.7291578650474548
361,427,can,nominal,risk_gate,0.75,True,True,False,10.0,0.7291578650474548
361,427,can,nominal,uncertainty_gate,0.1,True,False,False,,
361,427,can,nominal,uncertainty_gate,0.25,True,False,False,,
361,427,can,nominal,uncertainty_gate,0.5,True,False,False,,
361,427,can,nominal,uncertainty_gate,0.75,True,False,False,,
362,427,can,nominal,never_help,0.0,True,False,False,,
362,427,can,nominal,always_help,1.0,True,True,False,10.0,
362,427,can,nominal,oracle_value,,True,False,False,,
362,427,can,nominal,value_gate,0.1,True,False,False,,
362,427,can,nominal,value_gate,0.25,True,False,False,,
362,427,can,nominal,value_gate,0.5,True,True,False,30.0,0.8138754963874817
362,427,can,nominal,value_gate,0.75,True,True,False,10.0,0.503743052482605
362,427,can,nominal,risk_gate,0.1,True,False,False,,
362,427,can,nominal,risk_gate,0.25,True,True,False,10.0,0.8817285895347595
362,427,can,nominal,risk_gate,0.5,True,True,False,10.0,0.8817285895347595
362,427,can,nominal,risk_gate,0.75,True,True,False,10.0,0.8817285895347595
362,427,can,nominal,uncertainty_gate,0.1,True,False,False,,
362,427,can,nominal,uncertainty_gate,0.25,True,False,False,,
362,427,can,nominal,uncertainty_gate,0.5,True,False,False,,
362,427,can,nominal,uncertainty_gate,0.75,True,True,False,50.0,0.004833198618143797
363,427,can,nominal,never_help,0.0,True,False,False,,
363,427,can,nominal,always_help,1.0,True,True,False,10.0,
363,427,can,nominal,oracle_value,,True,False,False,,
363,427,can,nominal,value_gate,0.1,True,False,False,,
363,427,can,nominal,value_gate,0.25,True,False,False,,
363,427,can,nominal,value_gate,0.5,True,False,False,,
363,427,can,nominal,value_gate,0.75,True,True,False,30.0,0.5458951592445374
363,427,can,nominal,risk_gate,0.1,True,False,False,,
363,427,can,nominal,risk_gate,0.25,True,False,False,,
363,427,can,nominal,risk_gate,0.5,True,False,False,,
363,427,can,nominal,risk_gate,0.75,True,True,False,10.0,0.39516445994377136
363,427,can,nominal,uncertainty_gate,0.1,True,False,False,,
363,427,can,nominal,uncertainty_gate,0.25,True,False,False,,
363,427,can,nominal,uncertainty_gate,0.5,True,False,False,,
363,427,can,nominal,uncertainty_gate,0.75,True,False,False,,
364,427,can,nominal,never_help,0.0,True,False,False,,
364,427,can,nominal,always_help,1.0,True,True,False,10.0,
364,427,can,nominal,oracle_value,,True,False,False,,
364,427,can,nominal,value_gate,0.1,True,False,False,,
364,427,can,nominal,value_gate,0.25,True,False,False,,
364,427,can,nominal,value_gate,0.5,True,False,False,,
364,427,can,nominal,value_gate,0.75,True,False,False,,
364,427,can,nominal,risk_gate,0.1,True,False,False,,
364,427,can,nominal,risk_gate,0.25,True,False,False,,
364,427,can,nominal,risk_gate,0.5,True,True,False,10.0,0.7306668162345886
364,427,can,nominal,risk_gate,0.75,True,True,False,10.0,0.7306668162345886
364,427,can,nominal,uncertainty_gate,0.1,True,False,False,,
364,427,can,nominal,uncertainty_gate,0.25,True,False,False,,
364,427,can,nominal,uncertainty_gate,0.5,True,False,False,,
364,427,can,nominal,uncertainty_gate,0.75,True,True,False,50.0,0.0061133913695812225
365,427,can,nominal,never_help,0.0,True,False,False,,
365,427,can,nominal,always_help,1.0,True,True,False,10.0,
365,427,can,nominal,oracle_value,,True,False,False,,
365,427,can,nominal,value_gate,0.1,True,False,False,,
365,427,can,nominal,value_gate,0.25,True,False,False,,
365,427,can,nominal,value_gate,0.5,True,False,False,,
365,427,can,nominal,value_gate,0.75,True,True,False,30.0,0.5872310400009155
365,427,can,nominal,risk_gate,0.1,True,False,False,,
365,427,can,nominal,risk_gate,0.25,True,False,False,,
365,427,can,nominal,risk_gate,0.5,True,False,False,,
365,427,can,nominal,risk_gate,0.75,True,False,False,,
365,427,can,nominal,uncertainty_gate,0.1,True,False,False,,
365,427,can,nominal,uncertainty_gate,0.25,True,False,False,,
365,427,can,nominal,uncertainty_gate,0.5,True,False,False,,
365,427,can,nominal,uncertainty_gate,0.75,True,False,False,,
366,427,can,object_shift,never_help,0.0,False,False,False,,
366,427,can,object_shift,always_help,1.0,True,True,True,10.0,
366,427,can,object_shift,oracle_value,,True,True,True,10.0,1.0
366,427,can,object_shift,value_gate,0.1,False,False,False,,
366,427,can,object_shift,value_gate,0.25,False,False,False,,
366,427,can,object_shift,value_gate,0.5,False,False,False,,
366,427,can,object_shift,value_gate,0.75,False,True,False,110.0,0.7882583737373352
366,427,can,object_shift,risk_gate,0.1,False,False,False,,
366,427,can,object_shift,risk_gate,0.25,False,False,False,,
366,427,can,object_shift,risk_gate,0.5,False,False,False,,
366,427,can,object_shift,risk_gate,0.75,True,True,True,10.0,0.684586763381958
366,427,can,object_shift,uncertainty_gate,0.1,False,False,False,,
366,427,can,object_shift,uncertainty_gate,0.25,False,False,False,,
366,427,can,object_shift,uncertainty_gate,0.5,False,False,False,,
366,427,can,object_shift,uncertainty_gate,0.75,False,True,False,30.0,0.01387109886854887
367,427,can,object_shift,never_help,0.0,False,False,False,,
367,427,can,object_shift,always_help,1.0,True,True,True,10.0,
367,427,can,object_shift,oracle_value,,True,True,True,10.0,1.0
367,427,can,object_shift,value_gate,0.1,False,False,False,,
367,427,can,object_shift,value_gate,0.25,True,True,True,130.0,0.9656715393066406
367,427,can,object_shift,value_gate,0.5,True,True,True,70.0,0.8767040967941284
367,427,can,object_shift,value_gate,0.75,True,True,True,70.0,0.8767040967941284
367,427,can,object_shift,risk_gate,0.1,False,False,False,,
367,427,can,object_shift,risk_gate,0.25,False,False,False,,
367,427,can,object_shift,risk_gate,0.5,True,True,True,10.0,0.829573392868042
367,427,can,object_shift,risk_gate,0.75,True,True,True,10.0,0.829573392868042
367,427,can,object_shift,uncertainty_gate,0.1,False,False,False,,
367,427,can,object_shift,uncertainty_gate,0.25,False,False,False,,
367,427,can,object_shift,uncertainty_gate,0.5,True,True,True,70.0,0.025905180722475052
367,427,can,object_shift,uncertainty_gate,0.75,True,True,True,30.0,0.007835929282009602
368,427,can,object_shift,never_help,0.0,True,False,False,,
368,427,can,object_shift,always_help,1.0,True,True,False,10.0,
368,427,can,object_shift,oracle_value,,True,False,False,,
368,427,can,object_shift,value_gate,0.1,True,False,False,,
368,427,can,object_shift,value_gate,0.25,True,False,False,,
368,427,can,object_shift,value_gate,0.5,True,False,False,,
368,427,can,object_shift,value_gate,0.75,True,True,False,10.0,0.6365172266960144
368,427,can,object_shift,risk_gate,0.1,True,False,False,,
368,427,can,object_shift,risk_gate,0.25,True,False,False,,
368,427,can,object_shift,risk_gate,0.5,True,False,False,,
368,427,can,object_shift,risk_gate,0.75,True,False,False,,
368,427,can,object_shift,uncertainty_gate,0.1,True,False,False,,
368,427,can,object_shift,uncertainty_gate,0.25,True,False,False,,
368,427,can,object_shift,uncertainty_gate,0.5,True,True,False,50.0,0.026800762861967087
368,427,can,object_shift,uncertainty_gate,0.75,True,True,False,50.0,0.026800762861967087
369,427,can,object_shift,never_help,0.0,False,False,False,,
369,427,can,object_shift,always_help,1.0,True,True,True,10.0,
369,427,can,object_shift,oracle_value,,True,True,True,10.0,1.0
369,427,can,object_shift,value_gate,0.1,False,False,False,,
369,427,can,object_shift,value_gate,0.25,False,False,False,,
369,427,can,object_shift,value_gate,0.5,True,True,True,30.0,0.896511435508728
369,427,can,object_shift,value_gate,0.75,True,True,True,30.0,0.896511435508728
369,427,can,object_shift,risk_gate,0.1,False,False,False,,
369,427,can,object_shift,risk_gate,0.25,True,True,True,10.0,0.8955909609794617
369,427,can,object_shift,risk_gate,0.5,True,True,True,10.0,0.8955909609794617
369,427,can,object_shift,risk_gate,0.75,True,True,True,10.0,0.8955909609794617
369,427,can,object_shift,uncertainty_gate,0.1,False,False,False,,
369,427,can,object_shift,uncertainty_gate,0.25,True,True,True,90.0,0.12046176940202713
369,427,can,object_shift,uncertainty_gate,0.5,True,True,True,90.0,0.12046176940202713
369,427,can,object_shift,uncertainty_gate,0.75,True,True,True,30.0,0.005426411982625723
370,427,can,object_shift,never_help,0.0,False,False,False,,
370,427,can,object_shift,always_help,1.0,True,True,True,10.0,
370,427,can,object_shift,oracle_value,,True,True,True,10.0,1.0
370,427,can,object_shift,value_gate,0.1,False,False,False,,
370,427,can,object_shift,value_gate,0.25,False,False,False,,
370,427,can,object_shift,value_gate,0.5,True,True,True,50.0,0.9234979152679443
370,427,can,object_shift,value_gate,0.75,True,True,True,30.0,0.6142263412475586
370,427,can,object_shift,risk_gate,0.1,False,False,False,,
370,427,can,object_shift,risk_gate,0.25,False,False,False,,
370,427,can,object_shift,risk_gate,0.5,False,False,False,,
370,427,can,object_shift,risk_gate,0.75,True,True,True,50.0,0.398603230714798
370,427,can,object_shift,uncertainty_gate,0.1,False,False,False,,
370,427,can,object_shift,uncertainty_gate,0.25,True,True,True,90.0,0.14003464579582214
370,427,can,object_shift,uncertainty_gate,0.5,True,True,True,90.0,0.14003464579582214
370,427,can,object_shift,uncertainty_gate,0.75,True,True,True,50.0,0.016613256186246872
371,427,can,object_shift,never_help,0.0,True,False,False,,
371,427,can,object_shift,always_help,1.0,True,True,False,10.0,
371,427,can,object_shift,oracle_value,,True,False,False,,
371,427,can,object_shift,value_gate,0.1,True,False,False,,
371,427,can,object_shift,value_gate,0.25,True,False,False,,
371,427,can,object_shift,value_gate,0.5,True,False,False,,
371,427,can,object_shift,value_gate,0.75,True,False,False,,
371,427,can,object_shift,risk_gate,0.1,True,False,False,,
371,427,can,object_shift,risk_gate,0.25,True,True,False,10.0,0.9354441165924072
371,427,can,object_shift,risk_gate,0.5,True,True,False,10.0,0.9354441165924072
371,427,can,object_shift,risk_gate,0.75,True,True,False,10.0,0.9354441165924072
371,427,can,object_shift,uncertainty_gate,0.1,True,False,False,,
371,427,can,object_shift,uncertainty_gate,0.25,True,False,False,,
371,427,can,object_shift,uncertainty_gate,0.5,True,False,False,,
371,427,can,object_shift,uncertainty_gate,0.75,True,False,False,,
372,427,can,action_noise,never_help,0.0,True,False,False,,
372,427,can,action_noise,always_help,1.0,True,True,False,10.0,
372,427,can,action_noise,oracle_value,,True,False,False,,
372,427,can,action_noise,value_gate,0.1,True,False,False,,
372,427,can,action_noise,value_gate,0.25,True,False,False,,
372,427,can,action_noise,value_gate,0.5,True,False,False,,
372,427,can,action_noise,value_gate,0.75,True,True,False,30.0,0.5590401887893677
372,427,can,action_noise,risk_gate,0.1,True,False,False,,
372,427,can,action_noise,risk_gate,0.25,True,True,False,10.0,0.9273632764816284
372,427,can,action_noise,risk_gate,0.5,True,True,False,10.0,0.9273632764816284
372,427,can,action_noise,risk_gate,0.75,True,True,False,10.0,0.9273632764816284
372,427,can,action_noise,uncertainty_gate,0.1,True,False,False,,
372,427,can,action_noise,uncertainty_gate,0.25,True,False,False,,
372,427,can,action_noise,uncertainty_gate,0.5,True,False,False,,
372,427,can,action_noise,uncertainty_gate,0.75,True,False,False,,
373,427,can,action_noise,never_help,0.0,False,False,False,,
373,427,can,action_noise,always_help,1.0,True,True,True,10.0,
373,427,can,action_noise,oracle_value,,True,True,True,10.0,1.0
373,427,can,action_noise,value_gate,0.1,False,False,False,,
373,427,can,action_noise,value_gate,0.25,False,False,False,,
373,427,can,action_noise,value_gate,0.5,False,False,False,,
373,427,can,action_noise,value_gate,0.75,True,True,True,30.0,0.5338795185089111
373,427,can,action_noise,risk_gate,0.1,False,False,False,,
373,427,can,action_noise,risk_gate,0.25,True,True,True,10.0,0.8810518383979797
373,427,can,action_noise,risk_gate,0.5,True,True,True,10.0,0.8810518383979797
373,427,can,action_noise,risk_gate,0.75,True,True,True,10.0,0.8810518383979797
373,427,can,action_noise,uncertainty_gate,0.1,False,False,False,,
373,427,can,action_noise,uncertainty_gate,0.25,True,True,True,130.0,0.13570667803287506
373,427,can,action_noise,uncertainty_gate,0.5,True,True,True,90.0,0.04163949564099312
373,427,can,action_noise,uncertainty_gate,0.75,True,True,True,30.0,0.01903279311954975
374,427,can,action_noise,never_help,0.0,False,False,False,,
374,427,can,action_noise,always_help,1.0,True,True,True,10.0,
374,427,can,action_noise,oracle_value,,True,True,True,10.0,1.0
374,427,can,action_noise,value_gate,0.1,False,False,False,,
374,427,can,action_noise,value_gate,0.25,False,False,False,,
374,427,can,action_noise,value_gate,0.5,False,False,False,,
374,427,can,action_noise,value_gate,0.75,False,True,False,90.0,0.5797100067138672
374,427,can,action_noise,risk_gate,0.1,False,False,False,,
374,427,can,action_noise,risk_gate,0.25,False,False,False,,
374,427,can,action_noise,risk_gate,0.5,False,False,False,,
374,427,can,action_noise,risk_gate,0.75,False,False,False,,
374,427,can,action_noise,uncertainty_gate,0.1,False,False,False,,
374,427,can,action_noise,uncertainty_gate,0.25,False,False,False,,
374,427,can,action_noise,uncertainty_gate,0.5,False,True,False,70.0,0.023946937173604965
374,427,can,action_noise,uncertainty_gate,0.75,True,True,True,30.0,0.003689112141728401
375,427,can,action_noise,never_help,0.0,True,False,False,,
375,427,can,action_noise,always_help,1.0,True,True,False,10.0,
375,427,can,action_noise,oracle_value,,True,False,False,,
375,427,can,action_noise,value_gate,0.1,True,False,False,,
375,427,can,action_noise,value_gate,0.25,True,False,False,,
375,427,can,action_noise,value_gate,0.5,True,False,False,,
375,427,can,action_noise,value_gate,0.75,True,False,False,,
375,427,can,action_noise,risk_gate,0.1,True,False,False,,
375,427,can,action_noise,risk_gate,0.25,True,False,False,,
375,427,can,action_noise,risk_gate,0.5,True,True,False,10.0,0.722892701625824
375,427,can,action_noise,risk_gate,0.75,True,True,False,10.0,0.722892701625824
375,427,can,action_noise,uncertainty_gate,0.1,True,False,False,,
375,427,can,action_noise,uncertainty_gate,0.25,True,False,False,,
375,427,can,action_noise,uncertainty_gate,0.5,True,False,False,,
375,427,can,action_noise,uncertainty_gate,0.75,True,True,False,50.0,0.005226672627031803
376,427,can,action_noise,never_help,0.0,False,False,False,,
376,427,can,action_noise,always_help,1.0,True,True,True,10.0,
376,427,can,action_noise,oracle_value,,True,True,True,10.0,1.0
376,427,can,action_noise,value_gate,0.1,False,False,False,,
376,427,can,action_noise,value_gate,0.25,False,False,False,,
376,427,can,action_noise,value_gate,0.5,False,False,False,,
376,427,can,action_noise,value_gate,0.75,False,True,False,50.0,0.6597209572792053
376,427,can,action_noise,risk_gate,0.1,False,False,False,,
376,427,can,action_noise,risk_gate,0.25,True,True,True,10.0,0.9076967239379883
376,427,can,action_noise,risk_gate,0.5,True,True,True,10.0,0.9076967239379883
376,427,can,action_noise,risk_gate,0.75,True,True,True,10.0,0.9076967239379883
376,427,can,action_noise,uncertainty_gate,0.1,False,False,False,,
376,427,can,action_noise,uncertainty_gate,0.25,False,False,False,,
376,427,can,action_noise,uncertainty_gate,0.5,False,True,False,90.0,0.06566066294908524
376,427,can,action_noise,uncertainty_gate,0.75,False,True,False,50.0,0.014953124336898327
377,427,can,action_noise,never_help,0.0,True,False,False,,
377,427,can,action_noise,always_help,1.0,True,True,False,10.0,
377,427,can,action_noise,oracle_value,,True,False,False,,
377,427,can,action_noise,value_gate,0.1,True,False,False,,
377,427,can,action_noise,value_gate,0.25,True,False,False,,
377,427,can,action_noise,value_gate,0.5,True,False,False,,
377,427,can,action_noise,value_gate,0.75,True,True,False,10.0,0.7868590950965881
377,427,can,action_noise,risk_gate,0.1,True,False,False,,
377,427,can,action_noise,risk_gate,0.25,True,False,False,,
377,427,can,action_noise,risk_gate,0.5,True,False,False,,
377,427,can,action_noise,risk_gate,0.75,True,True,False,10.0,0.4625062346458435
377,427,can,action_noise,uncertainty_gate,0.1,True,False,False,,
377,427,can,action_noise,uncertainty_gate,0.25,True,False,False,,
377,427,can,action_noise,uncertainty_gate,0.5,True,False,False,,
377,427,can,action_noise,uncertainty_gate,0.75,True,True,False,110.0,0.010091811418533325
378,427,can,action_delay,never_help,0.0,False,False,False,,
378,427,can,action_delay,always_help,1.0,True,True,True,10.0,
378,427,can,action_delay,oracle_value,,True,True,True,10.0,1.0
378,427,can,action_delay,value_gate,0.1,False,False,False,,
378,427,can,action_delay,value_gate,0.25,False,False,False,,
378,427,can,action_delay,value_gate,0.5,True,True,True,90.0,0.8478476405143738
378,427,can,action_delay,value_gate,0.75,True,True,True,10.0,0.6000927090644836
378,427,can,action_delay,risk_gate,0.1,False,False,False,,
378,427,can,action_delay,risk_gate,0.25,False,False,False,,
378,427,can,action_delay,risk_gate,0.5,False,False,False,,
378,427,can,action_delay,risk_gate,0.75,False,False,False,,
378,427,can,action_delay,uncertainty_gate,0.1,False,False,False,,
378,427,can,action_delay,uncertainty_gate,0.25,False,False,False,,
378,427,can,action_delay,uncertainty_gate,0.5,True,True,True,70.0,0.0274533499032259
378,427,can,action_delay,uncertainty_gate,0.75,True,True,True,70.0,0.0274533499032259
379,427,can,action_delay,never_help,0.0,False,False,False,,
379,427,can,action_delay,always_help,1.0,True,True,True,10.0,
379,427,can,action_delay,oracle_value,,True,True,True,10.0,1.0
379,427,can,action_delay,value_gate,0.1,False,False,False,,
379,427,can,action_delay,value_gate,0.25,True,True,True,90.0,0.9662976861000061
379,427,can,action_delay,value_gate,0.5,True,True,True,10.0,0.8385279774665833
379,427,can,action_delay,value_gate,0.75,True,True,True,10.0,0.8385279774665833
379,427,can,action_delay,risk_gate,0.1,False,False,False,,
379,427,can,action_delay,risk_gate,0.25,False,False,False,,
379,427,can,action_delay,risk_gate,0.5,False,False,False,,
379,427,can,action_delay,risk_gate,0.75,False,False,False,,
379,427,can,action_delay,uncertainty_gate,0.1,False,False,False,,
379,427,can,action_delay,uncertainty_gate,0.25,False,False,False,,
379,427,can,action_delay,uncertainty_gate,0.5,True,True,True,30.0,0.025893304497003555
379,427,can,action_delay,uncertainty_gate,0.75,True,True,True,30.0,0.025893304497003555
380,427,can,action_delay,never_help,0.0,False,False,False,,
380,427,can,action_delay,always_help,1.0,True,True,True,10.0,
380,427,can,action_delay,oracle_value,,True,True,True,10.0,1.0
380,427,can,action_delay,value_gate,0.1,False,False,False,,
380,427,can,action_delay,value_gate,0.25,False,False,False,,
380,427,can,action_delay,value_gate,0.5,True,True,True,10.0,0.8838368654251099
380,427,can,action_delay,value_gate,0.75,True,True,True,10.0,0.8838368654251099
380,427,can,action_delay,risk_gate,0.1,False,False,False,,
380,427,can,action_delay,risk_gate,0.25,False,False,False,,
380,427,can,action_delay,risk_gate,0.5,False,False,False,,
380,427,can,action_delay,risk_gate,0.75,True,True,True,70.0,0.4147401750087738
380,427,can,action_delay,uncertainty_gate,0.1,False,False,False,,
380,427,can,action_delay,uncertainty_gate,0.25,False,False,False,,
380,427,can,action_delay,uncertainty_gate,0.5,True,True,True,130.0,0.031210865825414658
380,427,can,action_delay,uncertainty_gate,0.75,True,True,True,50.0,0.015264814719557762
381,427,can,action_delay,never_help,0.0,True,False,False,,
381,427,can,action_delay,always_help,1.0,True,True,False,10.0,
381,427,can,action_delay,oracle_value,,True,False,False,,
381,427,can,action_delay,value_gate,0.1,True,False,False,,
381,427,can,action_delay,value_gate,0.25,True,False,False,,
381,427,can,action_delay,value_gate,0.5,True,True,False,10.0,0.8416756987571716
381,427,can,action_delay,value_gate,0.75,True,True,False,10.0,0.8416756987571716
381,427,can,action_delay,risk_gate,0.1,True,False,False,,
381,427,can,action_delay,risk_gate,0.25,True,False,False,,
381,427,can,action_delay,risk_gate,0.5,True,False,False,,
381,427,can,action_delay,risk_gate,0.75,True,False,False,,
381,427,can,action_delay,uncertainty_gate,0.1,True,False,False,,
381,427,can,action_delay,uncertainty_gate,0.25,True,False,False,,
381,427,can,action_delay,uncertainty_gate,0.5,True,True,False,130.0,0.02833380736410618
381,427,can,action_delay,uncertainty_gate,0.75,True,True,False,130.0,0.02833380736410618
382,427,can,action_delay,never_help,0.0,False,False,False,,
382,427,can,action_delay,always_help,1.0,True,True,True,10.0,
382,427,can,action_delay,oracle_value,,True,True,True,10.0,1.0
382,427,can,action_delay,value_gate,0.1,False,False,False,,
382,427,can,action_delay,value_gate,0.25,False,False,False,,
382,427,can,action_delay,value_gate,0.5,True,True,True,10.0,0.8224589228630066
382,427,can,action_delay,value_gate,0.75,True,True,True,10.0,0.8224589228630066
382,427,can,action_delay,risk_gate,0.1,False,False,False,,
382,427,can,action_delay,risk_gate,0.25,False,False,False,,
382,427,can,action_delay,risk_gate,0.5,True,True,True,70.0,0.8567715287208557
382,427,can,action_delay,risk_gate,0.75,True,True,True,70.0,0.8567715287208557
382,427,can,action_delay,uncertainty_gate,0.1,False,False,False,,
382,427,can,action_delay,uncertainty_gate,0.25,False,False,False,,
382,427,can,action_delay,uncertainty_gate,0.5,True,True,True,70.0,0.09613621234893799
382,427,can,action_delay,uncertainty_gate,0.75,True,True,True,30.0,0.004787504207342863
383,427,can,action_delay,never_help,0.0,False,False,False,,
383,427,can,action_delay,always_help,1.0,True,True,True,10.0,
383,427,can,action_delay,oracle_value,,True,True,True,10.0,1.0
383,427,can,action_delay,value_gate,0.1,False,False,False,,
383,427,can,action_delay,value_gate,0.25,False,False,False,,
383,427,can,action_delay,value_gate,0.5,True,True,True,10.0,0.8559966683387756
383,427,can,action_delay,value_gate,0.75,True,True,True,10.0,0.8559966683387756
383,427,can,action_delay,risk_gate,0.1,False,False,False,,
383,427,can,action_delay,risk_gate,0.25,False,False,False,,
383,427,can,action_delay,risk_gate,0.5,False,False,False,,
383,427,can,action_delay,risk_gate,0.75,True,True,True,70.0,0.4742566645145416
383,427,can,action_delay,uncertainty_gate,0.1,False,False,False,,
383,427,can,action_delay,uncertainty_gate,0.25,False,False,False,,
383,427,can,action_delay,uncertainty_gate,0.5,False,True,False,130.0,0.03472613915801048
383,427,can,action_delay,uncertainty_gate,0.75,True,True,True,50.0,0.01448326837271452
384,427,can,gripper_slip,never_help,0.0,False,False,False,,
384,427,can,gripper_slip,always_help,1.0,True,True,True,10.0,
384,427,can,gripper_slip,oracle_value,,True,True,True,10.0,1.0
384,427,can,gripper_slip,value_gate,0.1,False,False,False,,
384,427,can,gripper_slip,value_gate,0.25,False,False,False,,
384,427,can,gripper_slip,value_gate,0.5,True,True,True,70.0,0.8786195516586304
384,427,can,gripper_slip,value_gate,0.75,True,True,True,70.0,0.8786195516586304
384,427,can,gripper_slip,risk_gate,0.1,False,False,False,,
384,427,can,gripper_slip,risk_gate,0.25,False,False,False,,
384,427,can,gripper_slip,risk_gate,0.5,False,False,False,,
384,427,can,gripper_slip,risk_gate,0.75,False,False,False,,
384,427,can,gripper_slip,uncertainty_gate,0.1,False,False,False,,
384,427,can,gripper_slip,uncertainty_gate,0.25,False,False,False,,
384,427,can,gripper_slip,uncertainty_gate,0.5,True,True,True,110.0,0.05914316326379776
384,427,can,gripper_slip,uncertainty_gate,0.75,True,True,True,90.0,0.009849267080426216
385,427,can,gripper_slip,never_help,0.0,False,False,False,,
385,427,can,gripper_slip,always_help,1.0,True,True,True,10.0,
385,427,can,gripper_slip,oracle_value,,True,True,True,10.0,1.0
385,427,can,gripper_slip,value_gate,0.1,False,False,False,,
385,427,can,gripper_slip,value_gate,0.25,False,False,False,,
385,427,can,gripper_slip,value_gate,0.5,False,True,False,70.0,0.860731303691864
385,427,can,gripper_slip,value_gate,0.75,True,True,True,30.0,0.5050647854804993
385,427,can,gripper_slip,risk_gate,0.1,False,False,False,,
385,427,can,gripper_slip,risk_gate,0.25,False,False,False,,
385,427,can,gripper_slip,risk_gate,0.5,False,True,False,70.0,0.8590278625488281
385,427,can,gripper_slip,risk_gate,0.75,False,True,False,70.0,0.8590278625488281
385,427,can,gripper_slip,uncertainty_gate,0.1,False,False,False,,
385,427,can,gripper_slip,uncertainty_gate,0.25,False,False,False,,
385,427,can,gripper_slip,uncertainty_gate,0.5,False,True,False,90.0,0.02897326834499836
385,427,can,gripper_slip,uncertainty_gate,0.75,False,True,False,50.0,0.021858183667063713
386,427,can,gripper_slip,never_help,0.0,False,False,False,,
386,427,can,gripper_slip,always_help,1.0,True,True,True,10.0,
386,427,can,gripper_slip,oracle_value,,True,True,True,10.0,1.0
386,427,can,gripper_slip,value_gate,0.1,True,True,True,50.0,0.9777942299842834
386,427,can,gripper_slip,value_gate,0.25,True,True,True,50.0,0.9777942299842834
386,427,can,gripper_slip,value_gate,0.5,True,True,True,50.0,0.9777942299842834
386,427,can,gripper_slip,value_gate,0.75,True,True,True,10.0,0.525301992893219
386,427,can,gripper_slip,risk_gate,0.1,False,False,False,,
386,427,can,gripper_slip,risk_gate,0.25,False,False,False,,
386,427,can,gripper_slip,risk_gate,0.5,False,False,False,,
386,427,can,gripper_slip,risk_gate,0.75,True,True,True,50.0,0.38587623834609985
386,427,can,gripper_slip,uncertainty_gate,0.1,True,True,True,90.0,0.1667041927576065
386,427,can,gripper_slip,uncertainty_gate,0.25,True,True,True,90.0,0.1667041927576065
386,427,can,gripper_slip,uncertainty_gate,0.5,True,True,True,90.0,0.1667041927576065
386,427,can,gripper_slip,uncertainty_gate,0.75,True,True,True,50.0,0.014031887985765934
387,427,can,gripper_slip,never_help,0.0,False,False,False,,
387,427,can,gripper_slip,always_help,1.0,True,True,True,10.0,
387,427,can,gripper_slip,oracle_value,,True,True,True,10.0,1.0
387,427,can,gripper_slip,value_gate,0.1,False,False,False,,
387,427,can,gripper_slip,value_gate,0.25,True,True,True,50.0,0.9705743193626404
387,427,can,gripper_slip,value_gate,0.5,True,True,True,50.0,0.9705743193626404
387,427,can,gripper_slip,value_gate,0.75,True,True,True,50.0,0.9705743193626404
387,427,can,gripper_slip,risk_gate,0.1,True,True,True,50.0,0.9882082343101501
387,427,can,gripper_slip,risk_gate,0.25,True,True,True,50.0,0.9882082343101501
387,427,can,gripper_slip,risk_gate,0.5,True,True,True,50.0,0.9882082343101501
387,427,can,gripper_slip,risk_gate,0.75,True,True,True,10.0,0.6542589068412781
387,427,can,gripper_slip,uncertainty_gate,0.1,True,True,True,130.0,0.1712699979543686
387,427,can,gripper_slip,uncertainty_gate,0.25,True,True,True,130.0,0.1712699979543686
387,427,can,gripper_slip,uncertainty_gate,0.5,True,True,True,130.0,0.1712699979543686
387,427,can,gripper_slip,uncertainty_gate,0.75,True,True,True,50.0,0.01005113311111927
388,427,can,gripper_slip,never_help,0.0,False,False,False,,
388,427,can,gripper_slip,always_help,1.0,True,True,True,10.0,
388,427,can,gripper_slip,oracle_value,,True,True,True,10.0,1.0
388,427,can,gripper_slip,value_gate,0.1,False,False,False,,
388,427,can,gripper_slip,value_gate,0.25,False,False,False,,
388,427,can,gripper_slip,value_gate,0.5,False,True,False,70.0,0.8532717227935791
388,427,can,gripper_slip,value_gate,0.75,True,True,True,10.0,0.6568755507469177
388,427,can,gripper_slip,risk_gate,0.1,False,False,False,,
388,427,can,gripper_slip,risk_gate,0.25,False,False,False,,
388,427,can,gripper_slip,risk_gate,0.5,False,False,False,,
388,427,can,gripper_slip,risk_gate,0.75,False,False,False,,
388,427,can,gripper_slip,uncertainty_gate,0.1,False,False,False,,
388,427,can,gripper_slip,uncertainty_gate,0.25,False,False,False,,
388,427,can,gripper_slip,uncertainty_gate,0.5,False,True,False,70.0,0.04500635713338852
388,427,can,gripper_slip,uncertainty_gate,0.75,False,True,False,50.0,0.00823378749191761
389,427,can,gripper_slip,never_help,0.0,False,False,False,,
389,427,can,gripper_slip,always_help,1.0,True,True,True,10.0,
389,427,can,gripper_slip,oracle_value,,True,True,True,10.0,1.0
389,427,can,gripper_slip,value_gate,0.1,False,False,False,,
389,427,can,gripper_slip,value_gate,0.25,False,False,False,,
389,427,can,gripper_slip,value_gate,0.5,False,True,False,130.0,0.8464359045028687
389,427,can,gripper_slip,value_gate,0.75,True,True,True,10.0,0.5648840069770813
389,427,can,gripper_slip,risk_gate,0.1,False,False,False,,
389,427,can,gripper_slip,risk_gate,0.25,False,False,False,,
389,427,can,gripper_slip,risk_gate,0.5,True,True,True,10.0,0.8066245317459106
389,427,can,gripper_slip,risk_gate,0.75,True,True,True,10.0,0.8066245317459106
389,427,can,gripper_slip,uncertainty_gate,0.1,False,False,False,,
389,427,can,gripper_slip,uncertainty_gate,0.25,False,False,False,,
389,427,can,gripper_slip,uncertainty_gate,0.5,True,True,True,110.0,0.024235010147094727
389,427,can,gripper_slip,uncertainty_gate,0.75,True,True,True,30.0,0.010760332457721233
390,427,milk,nominal,never_help,0.0,True,False,False,,
390,427,milk,nominal,always_help,1.0,True,True,False,10.0,
390,427,milk,nominal,oracle_value,,True,False,False,,
390,427,milk,nominal,value_gate,0.1,True,False,False,,
390,427,milk,nominal,value_gate,0.25,True,False,False,,
390,427,milk,nominal,value_gate,0.5,True,False,False,,
390,427,milk,nominal,value_gate,0.75,True,True,False,10.0,0.616485059261322
390,427,milk,nominal,risk_gate,0.1,True,False,False,,
390,427,milk,nominal,risk_gate,0.25,True,False,False,,
390,427,milk,nominal,risk_gate,0.5,True,True,False,10.0,0.8336816430091858
390,427,milk,nominal,risk_gate,0.75,True,True,False,10.0,0.8336816430091858
390,427,milk,nominal,uncertainty_gate,0.1,True,False,False,,
390,427,milk,nominal,uncertainty_gate,0.25,True,False,False,,
390,427,milk,nominal,uncertainty_gate,0.5,True,False,False,,
390,427,milk,nominal,uncertainty_gate,0.75,True,False,False,,
391,427,milk,nominal,never_help,0.0,True,False,False,,
391,427,milk,nominal,always_help,1.0,False,True,False,10.0,
391,427,milk,nominal,oracle_value,,True,False,False,,
391,427,milk,nominal,value_gate,0.1,True,False,False,,
391,427,milk,nominal,value_gate,0.25,True,False,False,,
391,427,milk,nominal,value_gate,0.5,True,False,False,,
391,427,milk,nominal,value_gate,0.75,False,True,False,10.0,0.7288313508033752
391,427,milk,nominal,risk_gate,0.1,True,False,False,,
391,427,milk,nominal,risk_gate,0.25,True,False,False,,
391,427,milk,nominal,risk_gate,0.5,True,False,False,,
391,427,milk,nominal,risk_gate,0.75,True,False,False,,
391,427,milk,nominal,uncertainty_gate,0.1,True,False,False,,
391,427,milk,nominal,uncertainty_gate,0.25,True,False,False,,
391,427,milk,nominal,uncertainty_gate,0.5,True,False,False,,
391,427,milk,nominal,uncertainty_gate,0.75,True,False,False,,
392,427,milk,nominal,never_help,0.0,True,False,False,,
392,427,milk,nominal,always_help,1.0,True,True,False,10.0,
392,427,milk,nominal,oracle_value,,True,False,False,,
392,427,milk,nominal,value_gate,0.1,True,False,False,,
392,427,milk,nominal,value_gate,0.25,True,False,False,,
392,427,milk,nominal,value_gate,0.5,True,False,False,,
392,427,milk,nominal,value_gate,0.75,True,True,False,10.0,0.5889027118682861
392,427,milk,nominal,risk_gate,0.1,True,False,False,,
392,427,milk,nominal,risk_gate,0.25,True,False,False,,
392,427,milk,nominal,risk_gate,0.5,True,False,False,,
392,427,milk,nominal,risk_gate,0.75,True,True,False,10.0,0.5675212144851685
392,427,milk,nominal,uncertainty_gate,0.1,True,False,False,,
392,427,milk,nominal,uncertainty_gate,0.25,True,False,False,,
392,427,milk,nominal,uncertainty_gate,0.5,True,False,False,,
392,427,milk,nominal,uncertainty_gate,0.75,True,False,False,,
393,427,milk,nominal,never_help,0.0,True,False,False,,
393,427,milk,nominal,always_help,1.0,True,True,False,10.0,
393,427,milk,nominal,oracle_value,,True,False,False,,
393,427,milk,nominal,value_gate,0.1,True,False,False,,
393,427,milk,nominal,value_gate,0.25,True,False,False,,
393,427,milk,nominal,value_gate,0.5,True,False,False,,
393,427,milk,nominal,value_gate,0.75,True,True,False,10.0,0.6681860685348511
393,427,milk,nominal,risk_gate,0.1,True,False,False,,
393,427,milk,nominal,risk_gate,0.25,True,False,False,,
393,427,milk,nominal,risk_gate,0.5,True,False,False,,
393,427,milk,nominal,risk_gate,0.75,True,False,False,,
393,427,milk,nominal,uncertainty_gate,0.1,True,False,False,,
393,427,milk,nominal,uncertainty_gate,0.25,True,False,False,,
393,427,milk,nominal,uncertainty_gate,0.5,True,False,False,,
393,427,milk,nominal,uncertainty_gate,0.75,True,False,False,,
394,427,milk,nominal,never_help,0.0,True,False,False,,
394,427,milk,nominal,always_help,1.0,True,True,False,10.0,
394,427,milk,nominal,oracle_value,,True,False,False,,
394,427,milk,nominal,value_gate,0.1,True,False,False,,
394,427,milk,nominal,value_gate,0.25,True,False,False,,
394,427,milk,nominal,value_gate,0.5,True,False,False,,
394,427,milk,nominal,value_gate,0.75,True,True,False,10.0,0.477915495634079
394,427,milk,nominal,risk_gate,0.1,True,False,False,,
394,427,milk,nominal,risk_gate,0.25,True,False,False,,
394,427,milk,nominal,risk_gate,0.5,True,False,False,,
394,427,milk,nominal,risk_gate,0.75,True,True,False,10.0,0.5392395853996277
394,427,milk,nominal,uncertainty_gate,0.1,True,False,False,,
394,427,milk,nominal,uncertainty_gate,0.25,True,False,False,,
394,427,milk,nominal,uncertainty_gate,0.5,True,False,False,,
394,427,milk,nominal,uncertainty_gate,0.75,True,False,False,,
395,427,milk,nominal,never_help,0.0,True,False,False,,
395,427,milk,nominal,always_help,1.0,True,True,False,10.0,
395,427,milk,nominal,oracle_value,,True,False,False,,
395,427,milk,nominal,value_gate,0.1,True,False,False,,
395,427,milk,nominal,value_gate,0.25,True,False,False,,
395,427,milk,nominal,value_gate,0.5,True,False,False,,
395,427,milk,nominal,value_gate,0.75,True,False,False,,
395,427,milk,nominal,risk_gate,0.1,True,False,False,,
395,427,milk,nominal,risk_gate,0.25,True,False,False,,
395,427,milk,nominal,risk_gate,0.5,True,False,False,,
395,427,milk,nominal,risk_gate,0.75,True,False,False,,
395,427,milk,nominal,uncertainty_gate,0.1,True,False,False,,
395,427,milk,nominal,uncertainty_gate,0.25,True,False,False,,
395,427,milk,nominal,uncertainty_gate,0.5,True,False,False,,
395,427,milk,nominal,uncertainty_gate,0.75,True,False,False,,
396,427,milk,object_shift,never_help,0.0,True,False,False,,
396,427,milk,object_shift,always_help,1.0,True,True,False,10.0,
396,427,milk,object_shift,oracle_value,,True,False,False,,
396,427,milk,object_shift,value_gate,0.1,True,False,False,,
396,427,milk,object_shift,value_gate,0.25,True,False,False,,
396,427,milk,object_shift,value_gate,0.5,True,False,False,,
396,427,milk,object_shift,value_gate,0.75,True,False,False,,
396,427,milk,object_shift,risk_gate,0.1,True,False,False,,
396,427,milk,object_shift,risk_gate,0.25,True,False,False,,
396,427,milk,object_shift,risk_gate,0.5,True,False,False,,
396,427,milk,object_shift,risk_gate,0.75,True,False,False,,
396,427,milk,object_shift,uncertainty_gate,0.1,True,False,False,,
396,427,milk,object_shift,uncertainty_gate,0.25,True,False,False,,
396,427,milk,object_shift,uncertainty_gate,0.5,True,False,False,,
396,427,milk,object_shift,uncertainty_gate,0.75,False,True,False,50.0,0.008549684658646584
397,427,milk,object_shift,never_help,0.0,True,False,False,,
397,427,milk,object_shift,always_help,1.0,True,True,False,10.0,
397,427,milk,object_shift,oracle_value,,True,False,False,,
397,427,milk,object_shift,value_gate,0.1,True,False,False,,
397,427,milk,object_shift,value_gate,0.25,True,False,False,,
397,427,milk,object_shift,value_gate,0.5,True,False,False,,
397,427,milk,object_shift,value_gate,0.75,True,True,False,10.0,0.6461881399154663
397,427,milk,object_shift,risk_gate,0.1,True,False,False,,
397,427,milk,object_shift,risk_gate,0.25,True,False,False,,
397,427,milk,object_shift,risk_gate,0.5,True,False,False,,
397,427,milk,object_shift,risk_gate,0.75,True,True,False,10.0,0.38076984882354736
397,427,milk,object_shift,uncertainty_gate,0.1,True,False,False,,
397,427,milk,object_shift,uncertainty_gate,0.25,True,False,False,,
397,427,milk,object_shift,uncertainty_gate,0.5,True,False,False,,
397,427,milk,object_shift,uncertainty_gate,0.75,True,False,False,,
398,427,milk,object_shift,never_help,0.0,True,False,False,,
398,427,milk,object_shift,always_help,1.0,True,True,False,10.0,
398,427,milk,object_shift,oracle_value,,True,False,False,,
398,427,milk,object_shift,value_gate,0.1,True,False,False,,
398,427,milk,object_shift,value_gate,0.25,True,False,False,,
398,427,milk,object_shift,value_gate,0.5,True,False,False,,
398,427,milk,object_shift,value_gate,0.75,True,True,False,10.0,0.5405476689338684
398,427,milk,object_shift,risk_gate,0.1,True,False,False,,
398,427,milk,object_shift,risk_gate,0.25,True,False,False,,
398,427,milk,object_shift,risk_gate,0.5,True,False,False,,
398,427,milk,object_shift,risk_gate,0.75,True,False,False,,
398,427,milk,object_shift,uncertainty_gate,0.1,True,False,False,,
398,427,milk,object_shift,uncertainty_gate,0.25,True,False,False,,
398,427,milk,object_shift,uncertainty_gate,0.5,True,True,False,30.0,0.026486124843358994
398,427,milk,object_shift,uncertainty_gate,0.75,True,True,False,30.0,0.026486124843358994
399,427,milk,object_shift,never_help,0.0,True,False,False,,
399,427,milk,object_shift,always_help,1.0,True,True,False,10.0,
399,427,milk,object_shift,oracle_value,,True,False,False,,
399,427,milk,object_shift,value_gate,0.1,True,False,False,,
399,427,milk,object_shift,value_gate,0.25,True,False,False,,
399,427,milk,object_shift,value_gate,0.5,True,False,False,,
399,427,milk,object_shift,value_gate,0.75,True,True,False,10.0,0.5715428590774536
399,427,milk,object_shift,risk_gate,0.1,True,False,False,,
399,427,milk,object_shift,risk_gate,0.25,True,False,False,,
399,427,milk,object_shift,risk_gate,0.5,True,False,False,,
399,427,milk,object_shift,risk_gate,0.75,True,False,False,,
399,427,milk,object_shift,uncertainty_gate,0.1,True,False,False,,
399,427,milk,object_shift,uncertainty_gate,0.25,True,False,False,,
399,427,milk,object_shift,uncertainty_gate,0.5,True,False,False,,
399,427,milk,object_shift,uncertainty_gate,0.75,True,False,False,,
400,427,milk,object_shift,never_help,0.0,True,False,False,,
400,427,milk,object_shift,always_help,1.0,True,True,False,10.0,
400,427,milk,object_shift,oracle_value,,True,False,False,,
400,427,milk,object_shift,value_gate,0.1,True,False,False,,
400,427,milk,object_shift,value_gate,0.25,True,False,False,,
400,427,milk,object_shift,value_gate,0.5,True,False,False,,
400,427,milk,object_shift,value_gate,0.75,True,False,False,,
400,427,milk,object_shift,risk_gate,0.1,True,False,False,,
400,427,milk,object_shift,risk_gate,0.25,True,False,False,,
400,427,milk,object_shift,risk_gate,0.5,True,False,False,,
400,427,milk,object_shift,risk_gate,0.75,True,False,False,,
400,427,milk,object_shift,uncertainty_gate,0.1,True,False,False,,
400,427,milk,object_shift,uncertainty_gate,0.25,True,False,False,,
400,427,milk,object_shift,uncertainty_gate,0.5,True,False,False,,
400,427,milk,object_shift,uncertainty_gate,0.75,True,False,False,,
401,427,milk,object_shift,never_help,0.0,True,False,False,,
401,427,milk,object_shift,always_help,1.0,True,True,False,10.0,
401,427,milk,object_shift,oracle_value,,True,False,False,,
401,427,milk,object_shift,value_gate,0.1,True,False,False,,
401,427,milk,object_shift,value_gate,0.25,True,False,False,,
401,427,milk,object_shift,value_gate,0.5,True,True,False,30.0,0.9077330231666565
401,427,milk,object_shift,value_gate,0.75,True,True,False,10.0,0.5845781564712524
401,427,milk,object_shift,risk_gate,0.1,True,False,False,,
401,427,milk,object_shift,risk_gate,0.25,True,False,False,,
401,427,milk,object_shift,risk_gate,0.5,True,False,False,,
401,427,milk,object_shift,risk_gate,0.75,True,True,False,10.0,0.648960530757904
401,427,milk,object_shift,uncertainty_gate,0.1,True,False,False,,
401,427,milk,object_shift,uncertainty_gate,0.25,True,False,False,,
401,427,milk,object_shift,uncertainty_gate,0.5,True,True,False,70.0,0.03231991454958916
401,427,milk,object_shift,uncertainty_gate,0.75,True,True,False,30.0,0.006429936736822128
402,427,milk,action_noise,never_help,0.0,True,False,False,,
402,427,milk,action_noise,always_help,1.0,True,True,False,10.0,
402,427,milk,action_noise,oracle_value,,True,False,False,,
402,427,milk,action_noise,value_gate,0.1,True,False,False,,
402,427,milk,action_noise,value_gate,0.25,True,False,False,,
402,427,milk,action_noise,value_gate,0.5,True,False,False,,
402,427,milk,action_noise,value_gate,0.75,True,True,False,30.0,0.4914366900920868
402,427,milk,action_noise,risk_gate,0.1,True,False,False,,
402,427,milk,action_noise,risk_gate,0.25,True,False,False,,
402,427,milk,action_noise,risk_gate,0.5,True,True,False,10.0,0.8200656175613403
402,427,milk,action_noise,risk_gate,0.75,True,True,False,10.0,0.8200656175613403
402,427,milk,action_noise,uncertainty_gate,0.1,True,False,False,,
402,427,milk,action_noise,uncertainty_gate,0.25,True,False,False,,
402,427,milk,action_noise,uncertainty_gate,0.5,True,False,False,,
402,427,milk,action_noise,uncertainty_gate,0.75,True,False,False,,
403,427,milk,action_noise,never_help,0.0,True,False,False,,
403,427,milk,action_noise,always_help,1.0,True,True,False,10.0,
403,427,milk,action_noise,oracle_value,,True,False,False,,
403,427,milk,action_noise,value_gate,0.1,True,False,False,,
403,427,milk,action_noise,value_gate,0.25,True,False,False,,
403,427,milk,action_noise,value_gate,0.5,True,False,False,,
403,427,milk,action_noise,value_gate,0.75,True,False,False,,
403,427,milk,action_noise,risk_gate,0.1,True,False,False,,
403,427,milk,action_noise,risk_gate,0.25,True,False,False,,
403,427,milk,action_noise,risk_gate,0.5,True,False,False,,
403,427,milk,action_noise,risk_gate,0.75,True,False,False,,
403,427,milk,action_noise,uncertainty_gate,0.1,True,False,False,,
403,427,milk,action_noise,uncertainty_gate,0.25,True,False,False,,
403,427,milk,action_noise,uncertainty_gate,0.5,True,False,False,,
403,427,milk,action_noise,uncertainty_gate,0.75,True,False,False,,
404,427,milk,action_noise,never_help,0.0,True,False,False,,
404,427,milk,action_noise,always_help,1.0,True,True,False,10.0,
404,427,milk,action_noise,oracle_value,,True,False,False,,
404,427,milk,action_noise,value_gate,0.1,True,False,False,,
404,427,milk,action_noise,value_gate,0.25,True,False,False,,
404,427,milk,action_noise,value_gate,0.5,True,False,False,,
404,427,milk,action_noise,value_gate,0.75,True,False,False,,
404,427,milk,action_noise,risk_gate,0.1,True,False,False,,
404,427,milk,action_noise,risk_gate,0.25,True,False,False,,
404,427,milk,action_noise,risk_gate,0.5,True,False,False,,
404,427,milk,action_noise,risk_gate,0.75,True,False,False,,
404,427,milk,action_noise,uncertainty_gate,0.1,True,False,False,,
404,427,milk,action_noise,uncertainty_gate,0.25,True,False,False,,
404,427,milk,action_noise,uncertainty_gate,0.5,True,False,False,,
404,427,milk,action_noise,uncertainty_gate,0.75,True,True,False,90.0,0.007609853986650705
405,427,milk,action_noise,never_help,0.0,True,False,False,,
405,427,milk,action_noise,always_help,1.0,True,True,False,10.0,
405,427,milk,action_noise,oracle_value,,True,False,False,,
405,427,milk,action_noise,value_gate,0.1,True,False,False,,
405,427,milk,action_noise,value_gate,0.25,True,False,False,,
405,427,milk,action_noise,value_gate,0.5,True,False,False,,
405,427,milk,action_noise,value_gate,0.75,True,False,False,,
405,427,milk,action_noise,risk_gate,0.1,True,False,False,,
405,427,milk,action_noise,risk_gate,0.25,True,False,False,,
405,427,milk,action_noise,risk_gate,0.5,True,False,False,,
405,427,milk,action_noise,risk_gate,0.75,True,False,False,,
405,427,milk,action_noise,uncertainty_gate,0.1,True,False,False,,
405,427,milk,action_noise,uncertainty_gate,0.25,True,False,False,,
405,427,milk,action_noise,uncertainty_gate,0.5,True,False,False,,
405,427,milk,action_noise,uncertainty_gate,0.75,True,False,False,,
406,427,milk,action_noise,never_help,0.0,True,False,False,,
406,427,milk,action_noise,always_help,1.0,True,True,False,10.0,
406,427,milk,action_noise,oracle_value,,True,False,False,,
406,427,milk,action_noise,value_gate,0.1,True,False,False,,
406,427,milk,action_noise,value_gate,0.25,True,False,False,,
406,427,milk,action_noise,value_gate,0.5,True,False,False,,
406,427,milk,action_noise,value_gate,0.75,True,False,False,,
406,427,milk,action_noise,risk_gate,0.1,True,False,False,,
406,427,milk,action_noise,risk_gate,0.25,True,False,False,,
406,427,milk,action_noise,risk_gate,0.5,True,True,False,10.0,0.7383869290351868
406,427,milk,action_noise,risk_gate,0.75,True,True,False,10.0,0.7383869290351868
406,427,milk,action_noise,uncertainty_gate,0.1,True,False,False,,
406,427,milk,action_noise,uncertainty_gate,0.25,True,False,False,,
406,427,milk,action_noise,uncertainty_gate,0.5,True,False,False,,
406,427,milk,action_noise,uncertainty_gate,0.75,True,False,False,,
407,427,milk,action_noise,never_help,0.0,True,False,False,,
407,427,milk,action_noise,always_help,1.0,True,True,False,10.0,
407,427,milk,action_noise,oracle_value,,True,False,False,,
407,427,milk,action_noise,value_gate,0.1,True,False,False,,
407,427,milk,action_noise,value_gate,0.25,True,False,False,,
407,427,milk,action_noise,value_gate,0.5,True,False,False,,
407,427,milk,action_noise,value_gate,0.75,True,True,False,10.0,0.5943965911865234
407,427,milk,action_noise,risk_gate,0.1,True,False,False,,
407,427,milk,action_noise,risk_gate,0.25,True,False,False,,
407,427,milk,action_noise,risk_gate,0.5,True,False,False,,
407,427,milk,action_noise,risk_gate,0.75,True,False,False,,
407,427,milk,action_noise,uncertainty_gate,0.1,True,False,False,,
407,427,milk,action_noise,uncertainty_gate,0.25,True,False,False,,
407,427,milk,action_noise,uncertainty_gate,0.5,True,False,False,,
407,427,milk,action_noise,uncertainty_gate,0.75,True,True,False,70.0,0.0038900941144675016
408,427,milk,action_delay,never_help,0.0,False,False,False,,
408,427,milk,action_delay,always_help,1.0,True,True,True,10.0,
408,427,milk,action_delay,oracle_value,,True,True,True,10.0,1.0
408,427,milk,action_delay,value_gate,0.1,False,False,False,,
408,427,milk,action_delay,value_gate,0.25,False,False,False,,
408,427,milk,action_delay,value_gate,0.5,False,False,False,,
408,427,milk,action_delay,value_gate,0.75,True,True,True,10.0,0.5825120806694031
408,427,milk,action_delay,risk_gate,0.1,False,False,False,,
408,427,milk,action_delay,risk_gate,0.25,False,False,False,,
408,427,milk,action_delay,risk_gate,0.5,False,False,False,,
408,427,milk,action_delay,risk_gate,0.75,False,True,False,50.0,0.3788999319076538
408,427,milk,action_delay,uncertainty_gate,0.1,False,False,False,,
408,427,milk,action_delay,uncertainty_gate,0.25,False,False,False,,
408,427,milk,action_delay,uncertainty_gate,0.5,False,True,False,50.0,0.050111062824726105
408,427,milk,action_delay,uncertainty_gate,0.75,False,True,False,50.0,0.050111062824726105
409,427,milk,action_delay,never_help,0.0,False,False,False,,
409,427,milk,action_delay,always_help,1.0,True,True,True,10.0,
409,427,milk,action_delay,oracle_value,,True,True,True,10.0,1.0
409,427,milk,action_delay,value_gate,0.1,False,False,False,,
409,427,milk,action_delay,value_gate,0.25,True,True,True,10.0,0.960921585559845
409,427,milk,action_delay,value_gate,0.5,True,True,True,10.0,0.960921585559845
409,427,milk,action_delay,value_gate,0.75,True,True,True,10.0,0.960921585559845
409,427,milk,action_delay,risk_gate,0.1,False,False,False,,
409,427,milk,action_delay,risk_gate,0.25,False,False,False,,
409,427,milk,action_delay,risk_gate,0.5,False,True,False,130.0,0.8587598204612732
409,427,milk,action_delay,risk_gate,0.75,False,True,False,70.0,0.6828513741493225
409,427,milk,action_delay,uncertainty_gate,0.1,False,False,False,,
409,427,milk,action_delay,uncertainty_gate,0.25,False,False,False,,
409,427,milk,action_delay,uncertainty_gate,0.5,True,True,True,30.0,0.05218356102705002
409,427,milk,action_delay,uncertainty_gate,0.75,True,True,True,30.0,0.05218356102705002
410,427,milk,action_delay,never_help,0.0,False,False,False,,
410,427,milk,action_delay,always_help,1.0,True,True,True,10.0,
410,427,milk,action_delay,oracle_value,,True,True,True,10.0,1.0
410,427,milk,action_delay,value_gate,0.1,False,False,False,,
410,427,milk,action_delay,value_gate,0.25,False,False,False,,
410,427,milk,action_delay,value_gate,0.5,True,True,True,10.0,0.872027575969696
410,427,milk,action_delay,value_gate,0.75,True,True,True,10.0,0.872027575969696
410,427,milk,action_delay,risk_gate,0.1,False,False,False,,
410,427,milk,action_delay,risk_gate,0.25,False,False,False,,
410,427,milk,action_delay,risk_gate,0.5,False,False,False,,
410,427,milk,action_delay,risk_gate,0.75,False,True,False,50.0,0.5621852874755859
410,427,milk,action_delay,uncertainty_gate,0.1,False,False,False,,
410,427,milk,action_delay,uncertainty_gate,0.25,False,False,False,,
410,427,milk,action_delay,uncertainty_gate,0.5,False,True,False,50.0,0.0263528935611248
410,427,milk,action_delay,uncertainty_gate,0.75,False,True,False,50.0,0.0263528935611248
411,427,milk,action_delay,never_help,0.0,False,False,False,,
411,427,milk,action_delay,always_help,1.0,True,True,True,10.0,
411,427,milk,action_delay,oracle_value,,True,True,True,10.0,1.0
411,427,milk,action_delay,value_gate,0.1,False,False,False,,
411,427,milk,action_delay,value_gate,0.25,False,False,False,,
411,427,milk,action_delay,value_gate,0.5,True,True,True,10.0,0.8504538536071777
411,427,milk,action_delay,value_gate,0.75,True,True,True,10.0,0.8504538536071777
411,427,milk,action_delay,risk_gate,0.1,False,False,False,,
411,427,milk,action_delay,risk_gate,0.25,False,False,False,,
411,427,milk,action_delay,risk_gate,0.5,False,False,False,,
411,427,milk,action_delay,risk_gate,0.75,False,True,False,50.0,0.6385464668273926
411,427,milk,action_delay,uncertainty_gate,0.1,False,False,False,,
411,427,milk,action_delay,uncertainty_gate,0.25,False,False,False,,
411,427,milk,action_delay,uncertainty_gate,0.5,False,True,False,50.0,0.027011465281248093
411,427,milk,action_delay,uncertainty_gate,0.75,False,True,False,50.0,0.027011465281248093
412,427,milk,action_delay,never_help,0.0,False,False,False,,
412,427,milk,action_delay,always_help,1.0,True,True,True,10.0,
412,427,milk,action_delay,oracle_value,,True,True,True,10.0,1.0
412,427,milk,action_delay,value_gate,0.1,False,False,False,,
412,427,milk,action_delay,value_gate,0.25,False,False,False,,
412,427,milk,action_delay,value_gate,0.5,True,True,True,10.0,0.9486830830574036
412,427,milk,action_delay,value_gate,0.75,True,True,True,10.0,0.9486830830574036
412,427,milk,action_delay,risk_gate,0.1,False,False,False,,
412,427,milk,action_delay,risk_gate,0.25,False,False,False,,
412,427,milk,action_delay,risk_gate,0.5,False,False,False,,
412,427,milk,action_delay,risk_gate,0.75,False,True,False,110.0,0.4433075785636902
412,427,milk,action_delay,uncertainty_gate,0.1,False,False,False,,
412,427,milk,action_delay,uncertainty_gate,0.25,False,True,False,130.0,0.15740898251533508
412,427,milk,action_delay,uncertainty_gate,0.5,True,True,True,70.0,0.030117938295006752
412,427,milk,action_delay,uncertainty_gate,0.75,True,True,True,50.0,0.008231213316321373
413,427,milk,action_delay,never_help,0.0,False,False,False,,
413,427,milk,action_delay,always_help,1.0,True,True,True,10.0,
413,427,milk,action_delay,oracle_value,,True,True,True,10.0,1.0
413,427,milk,action_delay,value_gate,0.1,False,False,False,,
413,427,milk,action_delay,value_gate,0.25,False,False,False,,
413,427,milk,action_delay,value_gate,0.5,True,True,True,10.0,0.9398380517959595
413,427,milk,action_delay,value_gate,0.75,True,True,True,10.0,0.9398380517959595
413,427,milk,action_delay,risk_gate,0.1,False,False,False,,
413,427,milk,action_delay,risk_gate,0.25,False,False,False,,
413,427,milk,action_delay,risk_gate,0.5,False,False,False,,
413,427,milk,action_delay,risk_gate,0.75,False,False,False,,
413,427,milk,action_delay,uncertainty_gate,0.1,False,False,False,,
413,427,milk,action_delay,uncertainty_gate,0.25,False,False,False,,
413,427,milk,action_delay,uncertainty_gate,0.5,True,True,True,70.0,0.026490475982427597
413,427,milk,action_delay,uncertainty_gate,0.75,True,True,True,30.0,0.01527838408946991
414,427,milk,gripper_slip,never_help,0.0,False,False,False,,
414,427,milk,gripper_slip,always_help,1.0,True,True,True,10.0,
414,427,milk,gripper_slip,oracle_value,,True,True,True,10.0,1.0
414,427,milk,gripper_slip,value_gate,0.1,False,False,False,,
414,427,milk,gripper_slip,value_gate,0.25,True,True,True,90.0,0.975250780582428
414,427,milk,gripper_slip,value_gate,0.5,True,True,True,90.0,0.975250780582428
414,427,milk,gripper_slip,value_gate,0.75,True,True,True,50.0,0.623954176902771
414,427,milk,gripper_slip,risk_gate,0.1,True,True,True,50.0,0.9779068231582642
414,427,milk,gripper_slip,risk_gate,0.25,True,True,True,50.0,0.9779068231582642
414,427,milk,gripper_slip,risk_gate,0.5,True,True,True,10.0,0.8441967964172363
414,427,milk,gripper_slip,risk_gate,0.75,True,True,True,10.0,0.8441967964172363
414,427,milk,gripper_slip,uncertainty_gate,0.1,False,False,False,,
414,427,milk,gripper_slip,uncertainty_gate,0.25,False,False,False,,
414,427,milk,gripper_slip,uncertainty_gate,0.5,True,True,True,130.0,0.043097224086523056
414,427,milk,gripper_slip,uncertainty_gate,0.75,True,True,True,30.0,0.00999426655471325
415,427,milk,gripper_slip,never_help,0.0,True,False,False,,
415,427,milk,gripper_slip,always_help,1.0,True,True,False,10.0,
415,427,milk,gripper_slip,oracle_value,,True,False,False,,
415,427,milk,gripper_slip,value_gate,0.1,True,False,False,,
415,427,milk,gripper_slip,value_gate,0.25,True,False,False,,
415,427,milk,gripper_slip,value_gate,0.5,True,False,False,,
415,427,milk,gripper_slip,value_gate,0.75,True,True,False,10.0,0.5598831176757812
415,427,milk,gripper_slip,risk_gate,0.1,True,False,False,,
415,427,milk,gripper_slip,risk_gate,0.25,True,True,False,90.0,0.897034764289856
415,427,milk,gripper_slip,risk_gate,0.5,True,True,False,90.0,0.897034764289856
415,427,milk,gripper_slip,risk_gate,0.75,True,True,False,90.0,0.897034764289856
415,427,milk,gripper_slip,uncertainty_gate,0.1,True,False,False,,
415,427,milk,gripper_slip,uncertainty_gate,0.25,True,False,False,,
415,427,milk,gripper_slip,uncertainty_gate,0.5,True,True,False,110.0,0.04510097950696945
415,427,milk,gripper_slip,uncertainty_gate,0.75,False,True,False,50.0,0.010220671072602272
416,427,milk,gripper_slip,never_help,0.0,False,False,False,,
416,427,milk,gripper_slip,always_help,1.0,True,True,True,10.0,
416,427,milk,gripper_slip,oracle_value,,True,True,True,10.0,1.0
416,427,milk,gripper_slip,value_gate,0.1,False,False,False,,
416,427,milk,gripper_slip,value_gate,0.25,False,False,False,,
416,427,milk,gripper_slip,value_gate,0.5,True,True,True,50.0,0.9237498044967651
416,427,milk,gripper_slip,value_gate,0.75,True,True,True,50.0,0.9237498044967651
416,427,milk,gripper_slip,risk_gate,0.1,False,False,False,,
416,427,milk,gripper_slip,risk_gate,0.25,True,True,True,50.0,0.947300136089325
416,427,milk,gripper_slip,risk_gate,0.5,True,True,True,50.0,0.947300136089325
416,427,milk,gripper_slip,risk_gate,0.75,True,True,True,50.0,0.947300136089325
416,427,milk,gripper_slip,uncertainty_gate,0.1,False,False,False,,
416,427,milk,gripper_slip,uncertainty_gate,0.25,False,False,False,,
416,427,milk,gripper_slip,uncertainty_gate,0.5,True,True,True,110.0,0.044659558683633804
416,427,milk,gripper_slip,uncertainty_gate,0.75,True,True,True,50.0,0.007364384364336729
417,427,milk,gripper_slip,never_help,0.0,False,False,False,,
417,427,milk,gripper_slip,always_help,1.0,True,True,True,10.0,
417,427,milk,gripper_slip,oracle_value,,True,True,True,10.0,1.0
417,427,milk,gripper_slip,value_gate,0.1,False,False,False,,
417,427,milk,gripper_slip,value_gate,0.25,False,False,False,,
417,427,milk,gripper_slip,value_gate,0.5,True,True,True,50.0,0.8690027594566345
417,427,milk,gripper_slip,value_gate,0.75,True,True,True,50.0,0.8690027594566345
417,427,milk,gripper_slip,risk_gate,0.1,False,False,False,,
417,427,milk,gripper_slip,risk_gate,0.25,False,False,False,,
417,427,milk,gripper_slip,risk_gate,0.5,False,False,False,,
417,427,milk,gripper_slip,risk_gate,0.75,True,True,True,50.0,0.669588029384613
417,427,milk,gripper_slip,uncertainty_gate,0.1,False,False,False,,
417,427,milk,gripper_slip,uncertainty_gate,0.25,False,False,False,,
417,427,milk,gripper_slip,uncertainty_gate,0.5,True,True,True,130.0,0.025066951289772987
417,427,milk,gripper_slip,uncertainty_gate,0.75,True,True,True,50.0,0.015981707721948624
418,427,milk,gripper_slip,never_help,0.0,True,False,False,,
418,427,milk,gripper_slip,always_help,1.0,True,True,False,10.0,
418,427,milk,gripper_slip,oracle_value,,True,False,False,,
418,427,milk,gripper_slip,value_gate,0.1,True,False,False,,
418,427,milk,gripper_slip,value_gate,0.25,True,False,False,,
418,427,milk,gripper_slip,value_gate,0.5,True,False,False,,
418,427,milk,gripper_slip,value_gate,0.75,True,True,False,50.0,0.6087399125099182
418,427,milk,gripper_slip,risk_gate,0.1,True,False,False,,
418,427,milk,gripper_slip,risk_gate,0.25,True,True,False,10.0,0.8790808320045471
418,427,milk,gripper_slip,risk_gate,0.5,True,True,False,10.0,0.8790808320045471
418,427,milk,gripper_slip,risk_gate,0.75,True,True,False,10.0,0.8790808320045471
418,427,milk,gripper_slip,uncertainty_gate,0.1,True,False,False,,
418,427,milk,gripper_slip,uncertainty_gate,0.25,True,False,False,,
418,427,milk,gripper_slip,uncertainty_gate,0.5,True,True,False,50.0,0.030808892101049423
418,427,milk,gripper_slip,uncertainty_gate,0.75,True,True,False,10.0,0.0037944826763123274
419,427,milk,gripper_slip,never_help,0.0,False,False,False,,
419,427,milk,gripper_slip,always_help,1.0,True,True,True,10.0,
419,427,milk,gripper_slip,oracle_value,,True,True,True,10.0,1.0
419,427,milk,gripper_slip,value_gate,0.1,False,False,False,,
419,427,milk,gripper_slip,value_gate,0.25,False,False,False,,
419,427,milk,gripper_slip,value_gate,0.5,True,True,True,50.0,0.9142314791679382
419,427,milk,gripper_slip,value_gate,0.75,True,True,True,50.0,0.9142314791679382
419,427,milk,gripper_slip,risk_gate,0.1,False,False,False,,
419,427,milk,gripper_slip,risk_gate,0.25,False,False,False,,
419,427,milk,gripper_slip,risk_gate,0.5,True,True,True,50.0,0.8011292815208435
419,427,milk,gripper_slip,risk_gate,0.75,True,True,True,50.0,0.8011292815208435
419,427,milk,gripper_slip,uncertainty_gate,0.1,False,False,False,,
419,427,milk,gripper_slip,uncertainty_gate,0.25,True,True,True,130.0,0.13639400899410248
419,427,milk,gripper_slip,uncertainty_gate,0.5,True,True,True,130.0,0.13639400899410248
419,427,milk,gripper_slip,uncertainty_gate,0.75,True,True,True,50.0,0.009899510070681572
420,427,bread,nominal,never_help,0.0,False,False,False,,
420,427,bread,nominal,always_help,1.0,False,True,False,10.0,
420,427,bread,nominal,oracle_value,,True,True,True,130.0,1.0
420,427,bread,nominal,value_gate,0.1,False,False,False,,
420,427,bread,nominal,value_gate,0.25,False,False,False,,
420,427,bread,nominal,value_gate,0.5,False,False,False,,
420,427,bread,nominal,value_gate,0.75,False,False,False,,
420,427,bread,nominal,risk_gate,0.1,False,False,False,,
420,427,bread,nominal,risk_gate,0.25,True,True,True,130.0,0.8975359797477722
420,427,bread,nominal,risk_gate,0.5,True,True,True,130.0,0.8975359797477722
420,427,bread,nominal,risk_gate,0.75,False,True,False,10.0,0.45729801058769226
420,427,bread,nominal,uncertainty_gate,0.1,False,False,False,,
420,427,bread,nominal,uncertainty_gate,0.25,False,False,False,,
420,427,bread,nominal,uncertainty_gate,0.5,False,False,False,,
420,427,bread,nominal,uncertainty_gate,0.75,False,True,False,70.0,0.005374775268137455
421,427,bread,nominal,never_help,0.0,True,False,False,,
421,427,bread,nominal,always_help,1.0,True,True,False,10.0,
421,427,bread,nominal,oracle_value,,True,False,False,,
421,427,bread,nominal,value_gate,0.1,True,False,False,,
421,427,bread,nominal,value_gate,0.25,True,False,False,,
421,427,bread,nominal,value_gate,0.5,True,False,False,,
421,427,bread,nominal,value_gate,0.75,True,False,False,,
421,427,bread,nominal,risk_gate,0.1,True,False,False,,
421,427,bread,nominal,risk_gate,0.25,True,False,False,,
421,427,bread,nominal,risk_gate,0.5,True,False,False,,
421,427,bread,nominal,risk_gate,0.75,True,True,False,10.0,0.4549066722393036
421,427,bread,nominal,uncertainty_gate,0.1,True,False,False,,
421,427,bread,nominal,uncertainty_gate,0.25,True,False,False,,
421,427,bread,nominal,uncertainty_gate,0.5,True,False,False,,
421,427,bread,nominal,uncertainty_gate,0.75,True,False,False,,
422,427,bread,nominal,never_help,0.0,True,False,False,,
422,427,bread,nominal,always_help,1.0,True,True,False,10.0,
422,427,bread,nominal,oracle_value,,True,False,False,,
422,427,bread,nominal,value_gate,0.1,True,False,False,,
422,427,bread,nominal,value_gate,0.25,True,False,False,,
422,427,bread,nominal,value_gate,0.5,True,False,False,,
422,427,bread,nominal,value_gate,0.75,True,True,False,10.0,0.7082123160362244
422,427,bread,nominal,risk_gate,0.1,True,True,False,10.0,0.9737663865089417
422,427,bread,nominal,risk_gate,0.25,True,True,False,10.0,0.9737663865089417
422,427,bread,nominal,risk_gate,0.5,True,True,False,10.0,0.9737663865089417
422,427,bread,nominal,risk_gate,0.75,True,True,False,10.0,0.9737663865089417
422,427,bread,nominal,uncertainty_gate,0.1,True,False,False,,
422,427,bread,nominal,uncertainty_gate,0.25,True,False,False,,
422,427,bread,nominal,uncertainty_gate,0.5,True,False,False,,
422,427,bread,nominal,uncertainty_gate,0.75,True,False,False,,
423,427,bread,nominal,never_help,0.0,True,False,False,,
423,427,bread,nominal,always_help,1.0,True,True,False,10.0,
423,427,bread,nominal,oracle_value,,True,False,False,,
423,427,bread,nominal,value_gate,0.1,True,False,False,,
423,427,bread,nominal,value_gate,0.25,True,False,False,,
423,427,bread,nominal,value_gate,0.5,True,False,False,,
423,427,bread,nominal,value_gate,0.75,True,True,False,10.0,0.785763144493103
423,427,bread,nominal,risk_gate,0.1,True,False,False,,
423,427,bread,nominal,risk_gate,0.25,True,False,False,,
423,427,bread,nominal,risk_gate,0.5,True,False,False,,
423,427,bread,nominal,risk_gate,0.75,True,True,False,10.0,0.4164228141307831
423,427,bread,nominal,uncertainty_gate,0.1,True,False,False,,
423,427,bread,nominal,uncertainty_gate,0.25,True,False,False,,
423,427,bread,nominal,uncertainty_gate,0.5,True,False,False,,
423,427,bread,nominal,uncertainty_gate,0.75,True,False,False,,
424,427,bread,nominal,never_help,0.0,True,False,False,,
424,427,bread,nominal,always_help,1.0,True,True,False,10.0,
424,427,bread,nominal,oracle_value,,True,False,False,,
424,427,bread,nominal,value_gate,0.1,True,False,False,,
424,427,bread,nominal,value_gate,0.25,True,False,False,,
424,427,bread,nominal,value_gate,0.5,True,True,False,10.0,0.8067336678504944
424,427,bread,nominal,value_gate,0.75,True,True,False,10.0,0.8067336678504944
424,427,bread,nominal,risk_gate,0.1,True,False,False,,
424,427,bread,nominal,risk_gate,0.25,True,False,False,,
424,427,bread,nominal,risk_gate,0.5,True,True,False,10.0,0.7597686052322388
424,427,bread,nominal,risk_gate,0.75,True,True,False,10.0,0.7597686052322388
424,427,bread,nominal,uncertainty_gate,0.1,True,False,False,,
424,427,bread,nominal,uncertainty_gate,0.25,True,False,False,,
424,427,bread,nominal,uncertainty_gate,0.5,True,False,False,,
424,427,bread,nominal,uncertainty_gate,0.75,True,False,False,,
425,427,bread,nominal,never_help,0.0,True,False,False,,
425,427,bread,nominal,always_help,1.0,True,True,False,10.0,
425,427,bread,nominal,oracle_value,,True,False,False,,
425,427,bread,nominal,value_gate,0.1,True,False,False,,
425,427,bread,nominal,value_gate,0.25,True,False,False,,
425,427,bread,nominal,value_gate,0.5,True,True,False,10.0,0.8684069514274597
425,427,bread,nominal,value_gate,0.75,True,True,False,10.0,0.8684069514274597
425,427,bread,nominal,risk_gate,0.1,True,False,False,,
425,427,bread,nominal,risk_gate,0.25,True,False,False,,
425,427,bread,nominal,risk_gate,0.5,True,False,False,,
425,427,bread,nominal,risk_gate,0.75,True,True,False,10.0,0.45792585611343384
425,427,bread,nominal,uncertainty_gate,0.1,True,False,False,,
425,427,bread,nominal,uncertainty_gate,0.25,True,False,False,,
425,427,bread,nominal,uncertainty_gate,0.5,True,False,False,,
425,427,bread,nominal,uncertainty_gate,0.75,True,False,False,,
426,427,bread,object_shift,never_help,0.0,False,False,False,,
426,427,bread,object_shift,always_help,1.0,True,True,True,10.0,
426,427,bread,object_shift,oracle_value,,True,True,True,10.0,1.0
426,427,bread,object_shift,value_gate,0.1,False,False,False,,
426,427,bread,object_shift,value_gate,0.25,True,True,True,130.0,0.9755951166152954
426,427,bread,object_shift,value_gate,0.5,True,True,True,30.0,0.8588255643844604
426,427,bread,object_shift,value_gate,0.75,True,True,True,10.0,0.7617632150650024
426,427,bread,object_shift,risk_gate,0.1,True,True,True,130.0,0.9728620648384094
426,427,bread,object_shift,risk_gate,0.25,True,True,True,130.0,0.9728620648384094
426,427,bread,object_shift,risk_gate,0.5,True,True,True,130.0,0.9728620648384094
426,427,bread,object_shift,risk_gate,0.75,True,True,True,10.0,0.5535743832588196
426,427,bread,object_shift,uncertainty_gate,0.1,False,False,False,,
426,427,bread,object_shift,uncertainty_gate,0.25,False,False,False,,
426,427,bread,object_shift,uncertainty_gate,0.5,True,True,True,50.0,0.03707787021994591
426,427,bread,object_shift,uncertainty_gate,0.75,True,True,True,30.0,0.006680272053927183
427,427,bread,object_shift,never_help,0.0,True,False,False,,
427,427,bread,object_shift,always_help,1.0,True,True,False,10.0,
427,427,bread,object_shift,oracle_value,,True,False,False,,
427,427,bread,object_shift,value_gate,0.1,True,False,False,,
427,427,bread,object_shift,value_gate,0.25,True,False,False,,
427,427,bread,object_shift,value_gate,0.5,True,True,False,30.0,0.8931920528411865
427,427,bread,object_shift,value_gate,0.75,True,True,False,10.0,0.5539087057113647
427,427,bread,object_shift,risk_gate,0.1,True,False,False,,
427,427,bread,object_shift,risk_gate,0.25,True,False,False,,
427,427,bread,object_shift,risk_gate,0.5,True,False,False,,
427,427,bread,object_shift,risk_gate,0.75,True,False,False,,
427,427,bread,object_shift,uncertainty_gate,0.1,True,False,False,,
427,427,bread,object_shift,uncertainty_gate,0.25,True,True,False,30.0,0.11923123896121979
427,427,bread,object_shift,uncertainty_gate,0.5,True,True,False,30.0,0.11923123896121979
427,427,bread,object_shift,uncertainty_gate,0.75,True,True,False,30.0,0.11923123896121979
428,427,bread,object_shift,never_help,0.0,True,False,False,,
428,427,bread,object_shift,always_help,1.0,True,True,False,10.0,
428,427,bread,object_shift,oracle_value,,True,False,False,,
428,427,bread,object_shift,value_gate,0.1,True,False,False,,
428,427,bread,object_shift,value_gate,0.25,True,False,False,,
428,427,bread,object_shift,value_gate,0.5,True,True,False,70.0,0.8342812657356262
428,427,bread,object_shift,value_gate,0.75,True,True,False,70.0,0.8342812657356262
428,427,bread,object_shift,risk_gate,0.1,True,False,False,,
428,427,bread,object_shift,risk_gate,0.25,True,False,False,,
428,427,bread,object_shift,risk_gate,0.5,True,False,False,,
428,427,bread,object_shift,risk_gate,0.75,True,False,False,,
428,427,bread,object_shift,uncertainty_gate,0.1,True,False,False,,
428,427,bread,object_shift,uncertainty_gate,0.25,True,False,False,,
428,427,bread,object_shift,uncertainty_gate,0.5,True,False,False,,
428,427,bread,object_shift,uncertainty_gate,0.75,True,True,False,70.0,0.018071642145514488
429,427,bread,object_shift,never_help,0.0,False,False,False,,
429,427,bread,object_shift,always_help,1.0,True,True,True,10.0,
429,427,bread,object_shift,oracle_value,,True,True,True,10.0,1.0
429,427,bread,object_shift,value_gate,0.1,True,True,True,30.0,0.9818152785301208
429,427,bread,object_shift,value_gate,0.25,True,True,True,30.0,0.9818152785301208
429,427,bread,object_shift,value_gate,0.5,True,True,True,10.0,0.9061263799667358
429,427,bread,object_shift,value_gate,0.75,True,True,True,10.0,0.9061263799667358
429,427,bread,object_shift,risk_gate,0.1,True,True,True,70.0,0.9809304475784302
429,427,bread,object_shift,risk_gate,0.25,True,True,True,30.0,0.9450438618659973
429,427,bread,object_shift,risk_gate,0.5,True,True,True,30.0,0.9450438618659973
429,427,bread,object_shift,risk_gate,0.75,True,True,True,30.0,0.9450438618659973
429,427,bread,object_shift,uncertainty_gate,0.1,False,False,False,,
429,427,bread,object_shift,uncertainty_gate,0.25,False,False,False,,
429,427,bread,object_shift,uncertainty_gate,0.5,True,True,True,90.0,0.03607359156012535
429,427,bread,object_shift,uncertainty_gate,0.75,True,True,True,30.0,0.015063093043863773
430,427,bread,object_shift,never_help,0.0,False,False,False,,
430,427,bread,object_shift,always_help,1.0,True,True,True,10.0,
430,427,bread,object_shift,oracle_value,,True,True,True,10.0,1.0
430,427,bread,object_shift,value_gate,0.1,False,False,False,,
430,427,bread,object_shift,value_gate,0.25,True,True,True,30.0,0.9767950177192688
430,427,bread,object_shift,value_gate,0.5,True,True,True,10.0,0.8935911059379578
430,427,bread,object_shift,value_gate,0.75,True,True,True,10.0,0.8935911059379578
430,427,bread,object_shift,risk_gate,0.1,False,False,False,,
430,427,bread,object_shift,risk_gate,0.25,True,True,True,130.0,0.893355131149292
430,427,bread,object_shift,risk_gate,0.5,True,True,True,30.0,0.7389938831329346
430,427,bread,object_shift,risk_gate,0.75,True,True,True,10.0,0.4877796471118927
430,427,bread,object_shift,uncertainty_gate,0.1,True,True,True,30.0,0.21625320613384247
430,427,bread,object_shift,uncertainty_gate,0.25,True,True,True,30.0,0.21625320613384247
430,427,bread,object_shift,uncertainty_gate,0.5,True,True,True,30.0,0.21625320613384247
430,427,bread,object_shift,uncertainty_gate,0.75,True,True,True,30.0,0.21625320613384247
431,427,bread,object_shift,never_help,0.0,False,False,False,,
431,427,bread,object_shift,always_help,1.0,True,True,True,10.0,
431,427,bread,object_shift,oracle_value,,True,True,True,10.0,1.0
431,427,bread,object_shift,value_gate,0.1,False,False,False,,
431,427,bread,object_shift,value_gate,0.25,False,False,False,,
431,427,bread,object_shift,value_gate,0.5,False,False,False,,
431,427,bread,object_shift,value_gate,0.75,True,True,True,10.0,0.6898009777069092
431,427,bread,object_shift,risk_gate,0.1,False,False,False,,
431,427,bread,object_shift,risk_gate,0.25,False,False,False,,
431,427,bread,object_shift,risk_gate,0.5,True,True,True,10.0,0.822914183139801
431,427,bread,object_shift,risk_gate,0.75,True,True,True,10.0,0.822914183139801
431,427,bread,object_shift,uncertainty_gate,0.1,False,False,False,,
431,427,bread,object_shift,uncertainty_gate,0.25,False,False,False,,
431,427,bread,object_shift,uncertainty_gate,0.5,False,True,False,130.0,0.04293105751276016
431,427,bread,object_shift,uncertainty_gate,0.75,False,True,False,70.0,0.005976006388664246
432,427,bread,action_noise,never_help,0.0,True,False,False,,
432,427,bread,action_noise,always_help,1.0,True,True,False,10.0,
432,427,bread,action_noise,oracle_value,,True,False,False,,
432,427,bread,action_noise,value_gate,0.1,True,False,False,,
432,427,bread,action_noise,value_gate,0.25,True,False,False,,
432,427,bread,action_noise,value_gate,0.5,True,False,False,,
432,427,bread,action_noise,value_gate,0.75,True,True,False,10.0,0.5326239466667175
432,427,bread,action_noise,risk_gate,0.1,True,False,False,,
432,427,bread,action_noise,risk_gate,0.25,True,False,False,,
432,427,bread,action_noise,risk_gate,0.5,True,False,False,,
432,427,bread,action_noise,risk_gate,0.75,True,False,False,,
432,427,bread,action_noise,uncertainty_gate,0.1,True,False,False,,
432,427,bread,action_noise,uncertainty_gate,0.25,True,False,False,,
432,427,bread,action_noise,uncertainty_gate,0.5,True,False,False,,
432,427,bread,action_noise,uncertainty_gate,0.75,True,False,False,,
433,427,bread,action_noise,never_help,0.0,True,False,False,,
433,427,bread,action_noise,always_help,1.0,True,True,False,10.0,
433,427,bread,action_noise,oracle_value,,True,False,False,,
433,427,bread,action_noise,value_gate,0.1,True,False,False,,
433,427,bread,action_noise,value_gate,0.25,True,False,False,,
433,427,bread,action_noise,value_gate,0.5,True,False,False,,
433,427,bread,action_noise,value_gate,0.75,True,True,False,10.0,0.7093936800956726
433,427,bread,action_noise,risk_gate,0.1,True,False,False,,
433,427,bread,action_noise,risk_gate,0.25,True,True,False,10.0,0.9292327761650085
433,427,bread,action_noise,risk_gate,0.5,True,True,False,10.0,0.9292327761650085
433,427,bread,action_noise,risk_gate,0.75,True,True,False,10.0,0.9292327761650085
433,427,bread,action_noise,uncertainty_gate,0.1,True,False,False,,
433,427,bread,action_noise,uncertainty_gate,0.25,True,False,False,,
433,427,bread,action_noise,uncertainty_gate,0.5,True,False,False,,
433,427,bread,action_noise,uncertainty_gate,0.75,True,True,False,90.0,0.018612226471304893
434,427,bread,action_noise,never_help,0.0,True,False,False,,
434,427,bread,action_noise,always_help,1.0,True,True,False,10.0,
434,427,bread,action_noise,oracle_value,,True,False,False,,
434,427,bread,action_noise,value_gate,0.1,True,False,False,,
434,427,bread,action_noise,value_gate,0.25,True,False,False,,
434,427,bread,action_noise,value_gate,0.5,True,False,False,,
434,427,bread,action_noise,value_gate,0.75,True,True,False,10.0,0.6279075145721436
434,427,bread,action_noise,risk_gate,0.1,True,False,False,,
434,427,bread,action_noise,risk_gate,0.25,True,True,False,10.0,0.9550452828407288
434,427,bread,action_noise,risk_gate,0.5,True,True,False,10.0,0.9550452828407288
434,427,bread,action_noise,risk_gate,0.75,True,True,False,10.0,0.9550452828407288
434,427,bread,action_noise,uncertainty_gate,0.1,True,False,False,,
434,427,bread,action_noise,uncertainty_gate,0.25,True,False,False,,
434,427,bread,action_noise,uncertainty_gate,0.5,True,False,False,,
434,427,bread,action_noise,uncertainty_gate,0.75,True,True,False,110.0,0.01042842399328947
435,427,bread,action_noise,never_help,0.0,False,False,False,,
435,427,bread,action_noise,always_help,1.0,True,True,True,10.0,
435,427,bread,action_noise,oracle_value,,True,True,True,10.0,1.0
435,427,bread,action_noise,value_gate,0.1,False,False,False,,
435,427,bread,action_noise,value_gate,0.25,False,False,False,,
435,427,bread,action_noise,value_gate,0.5,False,False,False,,
435,427,bread,action_noise,value_gate,0.75,True,True,True,70.0,0.5536365509033203
435,427,bread,action_noise,risk_gate,0.1,False,True,False,110.0,0.9593398571014404
435,427,bread,action_noise,risk_gate,0.25,False,True,False,110.0,0.9593398571014404
435,427,bread,action_noise,risk_gate,0.5,False,True,False,110.0,0.9593398571014404
435,427,bread,action_noise,risk_gate,0.75,True,True,True,10.0,0.6067876219749451
435,427,bread,action_noise,uncertainty_gate,0.1,False,False,False,,
435,427,bread,action_noise,uncertainty_gate,0.25,False,False,False,,
435,427,bread,action_noise,uncertainty_gate,0.5,True,True,True,70.0,0.03154457360506058
435,427,bread,action_noise,uncertainty_gate,0.75,True,True,True,70.0,0.03154457360506058
436,427,bread,action_noise,never_help,0.0,True,False,False,,
436,427,bread,action_noise,always_help,1.0,True,True,False,10.0,
436,427,bread,action_noise,oracle_value,,True,False,False,,
436,427,bread,action_noise,value_gate,0.1,True,False,False,,
436,427,bread,action_noise,value_gate,0.25,True,False,False,,
436,427,bread,action_noise,value_gate,0.5,True,False,False,,
436,427,bread,action_noise,value_gate,0.75,True,False,False,,
436,427,bread,action_noise,risk_gate,0.1,True,False,False,,
436,427,bread,action_noise,risk_gate,0.25,True,False,False,,
436,427,bread,action_noise,risk_gate,0.5,True,False,False,,
436,427,bread,action_noise,risk_gate,0.75,True,True,False,10.0,0.668033242225647
436,427,bread,action_noise,uncertainty_gate,0.1,True,False,False,,
436,427,bread,action_noise,uncertainty_gate,0.25,True,False,False,,
436,427,bread,action_noise,uncertainty_gate,0.5,True,False,False,,
436,427,bread,action_noise,uncertainty_gate,0.75,True,False,False,,
437,427,bread,action_noise,never_help,0.0,True,False,False,,
437,427,bread,action_noise,always_help,1.0,True,True,False,10.0,
437,427,bread,action_noise,oracle_value,,True,False,False,,
437,427,bread,action_noise,value_gate,0.1,True,False,False,,
437,427,bread,action_noise,value_gate,0.25,True,False,False,,
437,427,bread,action_noise,value_gate,0.5,True,False,False,,
437,427,bread,action_noise,value_gate,0.75,True,True,False,30.0,0.4810013771057129
437,427,bread,action_noise,risk_gate,0.1,True,False,False,,
437,427,bread,action_noise,risk_gate,0.25,True,False,False,,
437,427,bread,action_noise,risk_gate,0.5,True,False,False,,
437,427,bread,action_noise,risk_gate,0.75,True,True,False,10.0,0.5630143880844116
437,427,bread,action_noise,uncertainty_gate,0.1,True,False,False,,
437,427,bread,action_noise,uncertainty_gate,0.25,True,False,False,,
437,427,bread,action_noise,uncertainty_gate,0.5,True,False,False,,
437,427,bread,action_noise,uncertainty_gate,0.75,True,False,False,,
438,427,bread,action_delay,never_help,0.0,False,False,False,,
438,427,bread,action_delay,always_help,1.0,True,True,True,10.0,
438,427,bread,action_delay,oracle_value,,True,True,True,10.0,1.0
438,427,bread,action_delay,value_gate,0.1,False,False,False,,
438,427,bread,action_delay,value_gate,0.25,True,True,True,90.0,0.9643375873565674
438,427,bread,action_delay,value_gate,0.5,True,True,True,10.0,0.8004404306411743
438,427,bread,action_delay,value_gate,0.75,True,True,True,10.0,0.8004404306411743
438,427,bread,action_delay,risk_gate,0.1,False,False,False,,
438,427,bread,action_delay,risk_gate,0.25,False,False,False,,
438,427,bread,action_delay,risk_gate,0.5,True,True,True,130.0,0.7740561366081238
438,427,bread,action_delay,risk_gate,0.75,True,True,True,30.0,0.4093972146511078
438,427,bread,action_delay,uncertainty_gate,0.1,False,False,False,,
438,427,bread,action_delay,uncertainty_gate,0.25,True,True,True,50.0,0.1206413134932518
438,427,bread,action_delay,uncertainty_gate,0.5,True,True,True,50.0,0.1206413134932518
438,427,bread,action_delay,uncertainty_gate,0.75,True,True,True,30.0,0.004784492310136557
439,427,bread,action_delay,never_help,0.0,False,False,False,,
439,427,bread,action_delay,always_help,1.0,True,True,True,10.0,
439,427,bread,action_delay,oracle_value,,True,True,True,10.0,1.0
439,427,bread,action_delay,value_gate,0.1,False,False,False,,
439,427,bread,action_delay,value_gate,0.25,False,False,False,,
439,427,bread,action_delay,value_gate,0.5,True,True,True,30.0,0.8522678017616272
439,427,bread,action_delay,value_gate,0.75,True,True,True,10.0,0.4882861077785492
439,427,bread,action_delay,risk_gate,0.1,False,False,False,,
439,427,bread,action_delay,risk_gate,0.25,False,False,False,,
439,427,bread,action_delay,risk_gate,0.5,False,False,False,,
439,427,bread,action_delay,risk_gate,0.75,False,False,False,,
439,427,bread,action_delay,uncertainty_gate,0.1,False,False,False,,
439,427,bread,action_delay,uncertainty_gate,0.25,False,False,False,,
439,427,bread,action_delay,uncertainty_gate,0.5,False,False,False,,
439,427,bread,action_delay,uncertainty_gate,0.75,True,True,True,50.0,0.011167247779667377
440,427,bread,action_delay,never_help,0.0,False,False,False,,
440,427,bread,action_delay,always_help,1.0,True,True,True,10.0,
440,427,bread,action_delay,oracle_value,,True,True,True,10.0,1.0
440,427,bread,action_delay,value_gate,0.1,False,False,False,,
440,427,bread,action_delay,value_gate,0.25,False,False,False,,
440,427,bread,action_delay,value_gate,0.5,True,True,True,10.0,0.8209736943244934
440,427,bread,action_delay,value_gate,0.75,True,True,True,10.0,0.8209736943244934
440,427,bread,action_delay,risk_gate,0.1,False,False,False,,
440,427,bread,action_delay,risk_gate,0.25,False,False,False,,
440,427,bread,action_delay,risk_gate,0.5,False,False,False,,
440,427,bread,action_delay,risk_gate,0.75,True,True,True,50.0,0.6179969906806946
440,427,bread,action_delay,uncertainty_gate,0.1,False,False,False,,
440,427,bread,action_delay,uncertainty_gate,0.25,False,False,False,,
440,427,bread,action_delay,uncertainty_gate,0.5,True,True,True,110.0,0.030834240838885307
440,427,bread,action_delay,uncertainty_gate,0.75,True,True,True,50.0,0.006824863608926535
441,427,bread,action_delay,never_help,0.0,False,False,False,,
441,427,bread,action_delay,always_help,1.0,True,True,True,10.0,
441,427,bread,action_delay,oracle_value,,True,True,True,10.0,1.0
441,427,bread,action_delay,value_gate,0.1,True,True,True,50.0,0.979972779750824
441,427,bread,action_delay,value_gate,0.25,True,True,True,10.0,0.9677582383155823
441,427,bread,action_delay,value_gate,0.5,True,True,True,10.0,0.9677582383155823
441,427,bread,action_delay,value_gate,0.75,True,True,True,10.0,0.9677582383155823
441,427,bread,action_delay,risk_gate,0.1,False,False,False,,
441,427,bread,action_delay,risk_gate,0.25,False,False,False,,
441,427,bread,action_delay,risk_gate,0.5,False,False,False,,
441,427,bread,action_delay,risk_gate,0.75,True,True,True,50.0,0.5923795700073242
441,427,bread,action_delay,uncertainty_gate,0.1,False,False,False,,
441,427,bread,action_delay,uncertainty_gate,0.25,False,False,False,,
441,427,bread,action_delay,uncertainty_gate,0.5,True,True,True,90.0,0.04603826254606247
441,427,bread,action_delay,uncertainty_gate,0.75,True,True,True,50.0,0.0074286204762756824
442,427,bread,action_delay,never_help,0.0,False,False,False,,
442,427,bread,action_delay,always_help,1.0,True,True,True,10.0,
442,427,bread,action_delay,oracle_value,,True,True,True,10.0,1.0
442,427,bread,action_delay,value_gate,0.1,False,False,False,,
442,427,bread,action_delay,value_gate,0.25,False,False,False,,
442,427,bread,action_delay,value_gate,0.5,False,False,False,,
442,427,bread,action_delay,value_gate,0.75,True,True,True,10.0,0.7070058584213257
442,427,bread,action_delay,risk_gate,0.1,False,False,False,,
442,427,bread,action_delay,risk_gate,0.25,False,False,False,,
442,427,bread,action_delay,risk_gate,0.5,False,False,False,,
442,427,bread,action_delay,risk_gate,0.75,False,False,False,,
442,427,bread,action_delay,uncertainty_gate,0.1,False,False,False,,
442,427,bread,action_delay,uncertainty_gate,0.25,False,False,False,,
442,427,bread,action_delay,uncertainty_gate,0.5,False,False,False,,
442,427,bread,action_delay,uncertainty_gate,0.75,True,True,True,30.0,0.00481960317119956
443,427,bread,action_delay,never_help,0.0,False,False,False,,
443,427,bread,action_delay,always_help,1.0,True,True,True,10.0,
443,427,bread,action_delay,oracle_value,,True,True,True,10.0,1.0
443,427,bread,action_delay,value_gate,0.1,False,False,False,,
443,427,bread,action_delay,value_gate,0.25,False,False,False,,
443,427,bread,action_delay,value_gate,0.5,False,False,False,,
443,427,bread,action_delay,value_gate,0.75,True,True,True,10.0,0.7314072251319885
443,427,bread,action_delay,risk_gate,0.1,True,True,True,130.0,0.9606615304946899
443,427,bread,action_delay,risk_gate,0.25,True,True,True,110.0,0.9370110034942627
443,427,bread,action_delay,risk_gate,0.5,True,True,True,110.0,0.9370110034942627
443,427,bread,action_delay,risk_gate,0.75,True,True,True,110.0,0.9370110034942627
443,427,bread,action_delay,uncertainty_gate,0.1,False,False,False,,
443,427,bread,action_delay,uncertainty_gate,0.25,False,False,False,,
443,427,bread,action_delay,uncertainty_gate,0.5,True,True,True,110.0,0.04258698597550392
443,427,bread,action_delay,uncertainty_gate,0.75,True,True,True,30.0,0.014735899865627289
444,427,bread,gripper_slip,never_help,0.0,False,False,False,,
444,427,bread,gripper_slip,always_help,1.0,True,True,True,10.0,
444,427,bread,gripper_slip,oracle_value,,True,True,True,10.0,1.0
444,427,bread,gripper_slip,value_gate,0.1,False,False,False,,
444,427,bread,gripper_slip,value_gate,0.25,True,True,True,70.0,0.9712125062942505
444,427,bread,gripper_slip,value_gate,0.5,True,True,True,70.0,0.9712125062942505
444,427,bread,gripper_slip,value_gate,0.75,True,True,True,10.0,0.5506497621536255
444,427,bread,gripper_slip,risk_gate,0.1,False,False,False,,
444,427,bread,gripper_slip,risk_gate,0.25,True,True,True,130.0,0.8947904706001282
444,427,bread,gripper_slip,risk_gate,0.5,True,True,True,110.0,0.8728227615356445
444,427,bread,gripper_slip,risk_gate,0.75,True,True,True,10.0,0.5653829574584961
444,427,bread,gripper_slip,uncertainty_gate,0.1,False,False,False,,
444,427,bread,gripper_slip,uncertainty_gate,0.25,False,False,False,,
444,427,bread,gripper_slip,uncertainty_gate,0.5,True,True,True,110.0,0.03884611278772354
444,427,bread,gripper_slip,uncertainty_gate,0.75,True,True,True,70.0,0.007573222275823355
445,427,bread,gripper_slip,never_help,0.0,False,False,False,,
445,427,bread,gripper_slip,always_help,1.0,True,True,True,10.0,
445,427,bread,gripper_slip,oracle_value,,True,True,True,10.0,1.0
445,427,bread,gripper_slip,value_gate,0.1,False,False,False,,
445,427,bread,gripper_slip,value_gate,0.25,True,True,True,70.0,0.9717188477516174
445,427,bread,gripper_slip,value_gate,0.5,True,True,True,10.0,0.8225964307785034
445,427,bread,gripper_slip,value_gate,0.75,True,True,True,10.0,0.8225964307785034
445,427,bread,gripper_slip,risk_gate,0.1,False,False,False,,
445,427,bread,gripper_slip,risk_gate,0.25,False,False,False,,
445,427,bread,gripper_slip,risk_gate,0.5,True,True,True,110.0,0.8499287366867065
445,427,bread,gripper_slip,risk_gate,0.75,True,True,True,10.0,0.47508692741394043
445,427,bread,gripper_slip,uncertainty_gate,0.1,False,False,False,,
445,427,bread,gripper_slip,uncertainty_gate,0.25,False,False,False,,
445,427,bread,gripper_slip,uncertainty_gate,0.5,True,True,True,110.0,0.038591478019952774
445,427,bread,gripper_slip,uncertainty_gate,0.75,True,True,True,70.0,0.017818843945860863
446,427,bread,gripper_slip,never_help,0.0,False,False,False,,
446,427,bread,gripper_slip,always_help,1.0,True,True,True,10.0,
446,427,bread,gripper_slip,oracle_value,,True,True,True,10.0,1.0
446,427,bread,gripper_slip,value_gate,0.1,False,False,False,,
446,427,bread,gripper_slip,value_gate,0.25,True,True,True,70.0,0.9665957689285278
446,427,bread,gripper_slip,value_gate,0.5,True,True,True,70.0,0.9665957689285278
446,427,bread,gripper_slip,value_gate,0.75,True,True,True,10.0,0.7160501480102539
446,427,bread,gripper_slip,risk_gate,0.1,False,False,False,,
446,427,bread,gripper_slip,risk_gate,0.25,True,True,True,70.0,0.893378496170044
446,427,bread,gripper_slip,risk_gate,0.5,True,True,True,70.0,0.893378496170044
446,427,bread,gripper_slip,risk_gate,0.75,True,True,True,10.0,0.5604093074798584
446,427,bread,gripper_slip,uncertainty_gate,0.1,False,False,False,,
446,427,bread,gripper_slip,uncertainty_gate,0.25,False,False,False,,
446,427,bread,gripper_slip,uncertainty_gate,0.5,False,True,False,90.0,0.03228933736681938
446,427,bread,gripper_slip,uncertainty_gate,0.75,True,True,True,70.0,0.016661908477544785
447,427,bread,gripper_slip,never_help,0.0,False,False,False,,
447,427,bread,gripper_slip,always_help,1.0,True,True,True,10.0,
447,427,bread,gripper_slip,oracle_value,,True,True,True,10.0,1.0
447,427,bread,gripper_slip,value_gate,0.1,False,False,False,,
447,427,bread,gripper_slip,value_gate,0.25,False,False,False,,
447,427,bread,gripper_slip,value_gate,0.5,True,True,True,90.0,0.8908418416976929
447,427,bread,gripper_slip,value_gate,0.75,True,True,True,90.0,0.8908418416976929
447,427,bread,gripper_slip,risk_gate,0.1,True,True,True,130.0,0.9595001935958862
447,427,bread,gripper_slip,risk_gate,0.25,True,True,True,70.0,0.9459130167961121
447,427,bread,gripper_slip,risk_gate,0.5,True,True,True,70.0,0.9459130167961121
447,427,bread,gripper_slip,risk_gate,0.75,True,True,True,10.0,0.4929157495498657
447,427,bread,gripper_slip,uncertainty_gate,0.1,False,False,False,,
447,427,bread,gripper_slip,uncertainty_gate,0.25,False,False,False,,
447,427,bread,gripper_slip,uncertainty_gate,0.5,False,False,False,,
447,427,bread,gripper_slip,uncertainty_gate,0.75,True,True,True,70.0,0.00585211580619216
448,427,bread,gripper_slip,never_help,0.0,False,False,False,,
448,427,bread,gripper_slip,always_help,1.0,True,True,True,10.0,
448,427,bread,gripper_slip,oracle_value,,True,True,True,10.0,1.0
448,427,bread,gripper_slip,value_gate,0.1,False,False,False,,
448,427,bread,gripper_slip,value_gate,0.25,False,False,False,,
448,427,bread,gripper_slip,value_gate,0.5,False,False,False,,
448,427,bread,gripper_slip,value_gate,0.75,True,True,True,10.0,0.47615909576416016
448,427,bread,gripper_slip,risk_gate,0.1,False,False,False,,
448,427,bread,gripper_slip,risk_gate,0.25,False,False,False,,
448,427,bread,gripper_slip,risk_gate,0.5,False,False,False,,
448,427,bread,gripper_slip,risk_gate,0.75,True,True,True,10.0,0.5626145005226135
448,427,bread,gripper_slip,uncertainty_gate,0.1,False,False,False,,
448,427,bread,gripper_slip,uncertainty_gate,0.25,False,False,False,,
448,427,bread,gripper_slip,uncertainty_gate,0.5,False,False,False,,
448,427,bread,gripper_slip,uncertainty_gate,0.75,False,True,False,70.0,0.0071419356390833855
449,427,bread,gripper_slip,never_help,0.0,False,False,False,,
449,427,bread,gripper_slip,always_help,1.0,True,True,True,10.0,
449,427,bread,gripper_slip,oracle_value,,True,True,True,10.0,1.0
449,427,bread,gripper_slip,value_gate,0.1,True,True,True,70.0,0.9856597185134888
449,427,bread,gripper_slip,value_gate,0.25,True,True,True,70.0,0.9856597185134888
449,427,bread,gripper_slip,value_gate,0.5,True,True,True,10.0,0.8274710178375244
449,427,bread,gripper_slip,value_gate,0.75,True,True,True,10.0,0.8274710178375244
449,427,bread,gripper_slip,risk_gate,0.1,False,False,False,,
449,427,bread,gripper_slip,risk_gate,0.25,False,False,False,,
449,427,bread,gripper_slip,risk_gate,0.5,True,True,True,70.0,0.8404675126075745
449,427,bread,gripper_slip,risk_gate,0.75,True,True,True,10.0,0.6021742820739746
449,427,bread,gripper_slip,uncertainty_gate,0.1,True,True,True,70.0,0.1725006401538849
449,427,bread,gripper_slip,uncertainty_gate,0.25,True,True,True,70.0,0.1725006401538849
449,427,bread,gripper_slip,uncertainty_gate,0.5,True,True,True,70.0,0.1725006401538849
449,427,bread,gripper_slip,uncertainty_gate,0.75,True,True,True,70.0,0.1725006401538849
450,427,cereal,nominal,never_help,0.0,True,False,False,,
450,427,cereal,nominal,always_help,1.0,True,True,False,10.0,
450,427,cereal,nominal,oracle_value,,True,False,False,,
450,427,cereal,nominal,value_gate,0.1,True,False,False,,
450,427,cereal,nominal,value_gate,0.25,True,False,False,,
450,427,cereal,nominal,value_gate,0.5,True,False,False,,
450,427,cereal,nominal,value_gate,0.75,True,False,False,,
450,427,cereal,nominal,risk_gate,0.1,True,False,False,,
450,427,cereal,nominal,risk_gate,0.25,True,False,False,,
450,427,cereal,nominal,risk_gate,0.5,True,False,False,,
450,427,cereal,nominal,risk_gate,0.75,True,False,False,,
450,427,cereal,nominal,uncertainty_gate,0.1,True,False,False,,
450,427,cereal,nominal,uncertainty_gate,0.25,True,False,False,,
450,427,cereal,nominal,uncertainty_gate,0.5,True,False,False,,
450,427,cereal,nominal,uncertainty_gate,0.75,True,False,False,,
451,427,cereal,nominal,never_help,0.0,True,False,False,,
451,427,cereal,nominal,always_help,1.0,True,True,False,10.0,
451,427,cereal,nominal,oracle_value,,True,False,False,,
451,427,cereal,nominal,value_gate,0.1,True,False,False,,
451,427,cereal,nominal,value_gate,0.25,True,False,False,,
451,427,cereal,nominal,value_gate,0.5,True,False,False,,
451,427,cereal,nominal,value_gate,0.75,True,False,False,,
451,427,cereal,nominal,risk_gate,0.1,True,False,False,,
451,427,cereal,nominal,risk_gate,0.25,True,False,False,,
451,427,cereal,nominal,risk_gate,0.5,True,False,False,,
451,427,cereal,nominal,risk_gate,0.75,True,False,False,,
451,427,cereal,nominal,uncertainty_gate,0.1,True,False,False,,
451,427,cereal,nominal,uncertainty_gate,0.25,True,False,False,,
451,427,cereal,nominal,uncertainty_gate,0.5,True,False,False,,
451,427,cereal,nominal,uncertainty_gate,0.75,True,False,False,,
452,427,cereal,nominal,never_help,0.0,True,False,False,,
452,427,cereal,nominal,always_help,1.0,True,True,False,10.0,
452,427,cereal,nominal,oracle_value,,True,False,False,,
452,427,cereal,nominal,value_gate,0.1,True,False,False,,
452,427,cereal,nominal,value_gate,0.25,True,False,False,,
452,427,cereal,nominal,value_gate,0.5,True,False,False,,
452,427,cereal,nominal,value_gate,0.75,True,False,False,,
452,427,cereal,nominal,risk_gate,0.1,True,False,False,,
452,427,cereal,nominal,risk_gate,0.25,True,False,False,,
452,427,cereal,nominal,risk_gate,0.5,True,False,False,,
452,427,cereal,nominal,risk_gate,0.75,True,False,False,,
452,427,cereal,nominal,uncertainty_gate,0.1,True,False,False,,
452,427,cereal,nominal,uncertainty_gate,0.25,True,False,False,,
452,427,cereal,nominal,uncertainty_gate,0.5,True,False,False,,
452,427,cereal,nominal,uncertainty_gate,0.75,True,False,False,,
453,427,cereal,nominal,never_help,0.0,True,False,False,,
453,427,cereal,nominal,always_help,1.0,True,True,False,10.0,
453,427,cereal,nominal,oracle_value,,True,False,False,,
453,427,cereal,nominal,value_gate,0.1,True,False,False,,
453,427,cereal,nominal,value_gate,0.25,True,False,False,,
453,427,cereal,nominal,value_gate,0.5,True,False,False,,
453,427,cereal,nominal,value_gate,0.75,True,False,False,,
453,427,cereal,nominal,risk_gate,0.1,True,False,False,,
453,427,cereal,nominal,risk_gate,0.25,True,False,False,,
453,427,cereal,nominal,risk_gate,0.5,True,False,False,,
453,427,cereal,nominal,risk_gate,0.75,True,False,False,,
453,427,cereal,nominal,uncertainty_gate,0.1,True,False,False,,
453,427,cereal,nominal,uncertainty_gate,0.25,True,False,False,,
453,427,cereal,nominal,uncertainty_gate,0.5,True,False,False,,
453,427,cereal,nominal,uncertainty_gate,0.75,True,False,False,,
454,427,cereal,nominal,never_help,0.0,True,False,False,,
454,427,cereal,nominal,always_help,1.0,True,True,False,10.0,
454,427,cereal,nominal,oracle_value,,True,False,False,,
454,427,cereal,nominal,value_gate,0.1,True,False,False,,
454,427,cereal,nominal,value_gate,0.25,True,False,False,,
454,427,cereal,nominal,value_gate,0.5,True,False,False,,
454,427,cereal,nominal,value_gate,0.75,True,False,False,,
454,427,cereal,nominal,risk_gate,0.1,True,False,False,,
454,427,cereal,nominal,risk_gate,0.25,True,False,False,,
454,427,cereal,nominal,risk_gate,0.5,True,False,False,,
454,427,cereal,nominal,risk_gate,0.75,True,False,False,,
454,427,cereal,nominal,uncertainty_gate,0.1,True,False,False,,
454,427,cereal,nominal,uncertainty_gate,0.25,True,False,False,,
454,427,cereal,nominal,uncertainty_gate,0.5,True,False,False,,
454,427,cereal,nominal,uncertainty_gate,0.75,True,True,False,50.0,0.005469395779073238
455,427,cereal,nominal,never_help,0.0,True,False,False,,
455,427,cereal,nominal,always_help,1.0,True,True,False,10.0,
455,427,cereal,nominal,oracle_value,,True,False,False,,
455,427,cereal,nominal,value_gate,0.1,True,False,False,,
455,427,cereal,nominal,value_gate,0.25,True,False,False,,
455,427,cereal,nominal,value_gate,0.5,True,False,False,,
455,427,cereal,nominal,value_gate,0.75,True,True,False,10.0,0.48861244320869446
455,427,cereal,nominal,risk_gate,0.1,True,False,False,,
455,427,cereal,nominal,risk_gate,0.25,True,False,False,,
455,427,cereal,nominal,risk_gate,0.5,True,False,False,,
455,427,cereal,nominal,risk_gate,0.75,True,False,False,,
455,427,cereal,nominal,uncertainty_gate,0.1,True,False,False,,
455,427,cereal,nominal,uncertainty_gate,0.25,True,False,False,,
455,427,cereal,nominal,uncertainty_gate,0.5,True,False,False,,
455,427,cereal,nominal,uncertainty_gate,0.75,True,True,False,50.0,0.006579817738384008
456,427,cereal,object_shift,never_help,0.0,False,False,False,,
456,427,cereal,object_shift,always_help,1.0,True,True,True,10.0,
456,427,cereal,object_shift,oracle_value,,True,True,True,10.0,1.0
456,427,cereal,object_shift,value_gate,0.1,True,True,True,90.0,0.9771929383277893
456,427,cereal,object_shift,value_gate,0.25,True,True,True,90.0,0.9771929383277893
456,427,cereal,object_shift,value_gate,0.5,True,True,True,30.0,0.847385585308075
456,427,cereal,object_shift,value_gate,0.75,True,True,True,10.0,0.5738932490348816
456,427,cereal,object_shift,risk_gate,0.1,True,True,True,10.0,0.9750199913978577
456,427,cereal,object_shift,risk_gate,0.25,True,True,True,10.0,0.9750199913978577
456,427,cereal,object_shift,risk_gate,0.5,True,True,True,10.0,0.9750199913978577
456,427,cereal,object_shift,risk_gate,0.75,True,True,True,10.0,0.9750199913978577
456,427,cereal,object_shift,uncertainty_gate,0.1,False,False,False,,
456,427,cereal,object_shift,uncertainty_gate,0.25,False,False,False,,
456,427,cereal,object_shift,uncertainty_gate,0.5,True,True,True,70.0,0.031921446323394775
456,427,cereal,object_shift,uncertainty_gate,0.75,True,True,True,10.0,0.022799253463745117
457,427,cereal,object_shift,never_help,0.0,True,False,False,,
457,427,cereal,object_shift,always_help,1.0,True,True,False,10.0,
457,427,cereal,object_shift,oracle_value,,True,False,False,,
457,427,cereal,object_shift,value_gate,0.1,True,False,False,,
457,427,cereal,object_shift,value_gate,0.25,True,False,False,,
457,427,cereal,object_shift,value_gate,0.5,True,False,False,,
457,427,cereal,object_shift,value_gate,0.75,True,False,False,,
457,427,cereal,object_shift,risk_gate,0.1,True,False,False,,
457,427,cereal,object_shift,risk_gate,0.25,True,False,False,,
457,427,cereal,object_shift,risk_gate,0.5,True,False,False,,
457,427,cereal,object_shift,risk_gate,0.75,True,True,False,10.0,0.5230945348739624
457,427,cereal,object_shift,uncertainty_gate,0.1,True,False,False,,
457,427,cereal,object_shift,uncertainty_gate,0.25,True,False,False,,
457,427,cereal,object_shift,uncertainty_gate,0.5,True,False,False,,
457,427,cereal,object_shift,uncertainty_gate,0.75,True,False,False,,
458,427,cereal,object_shift,never_help,0.0,False,False,False,,
458,427,cereal,object_shift,always_help,1.0,True,True,True,10.0,
458,427,cereal,object_shift,oracle_value,,True,True,True,10.0,1.0
458,427,cereal,object_shift,value_gate,0.1,False,False,False,,
458,427,cereal,object_shift,value_gate,0.25,False,False,False,,
458,427,cereal,object_shift,value_gate,0.5,True,True,True,30.0,0.8608964681625366
458,427,cereal,object_shift,value_gate,0.75,True,True,True,30.0,0.8608964681625366
458,427,cereal,object_shift,risk_gate,0.1,True,True,True,10.0,0.9624337553977966
458,427,cereal,object_shift,risk_gate,0.25,True,True,True,10.0,0.9624337553977966
458,427,cereal,object_shift,risk_gate,0.5,True,True,True,10.0,0.9624337553977966
458,427,cereal,object_shift,risk_gate,0.75,True,True,True,10.0,0.9624337553977966
458,427,cereal,object_shift,uncertainty_gate,0.1,False,False,False,,
458,427,cereal,object_shift,uncertainty_gate,0.25,False,True,False,130.0,0.12781958281993866
458,427,cereal,object_shift,uncertainty_gate,0.5,False,True,False,130.0,0.12781958281993866
458,427,cereal,object_shift,uncertainty_gate,0.75,True,True,True,30.0,0.021442502737045288
459,427,cereal,object_shift,never_help,0.0,False,False,False,,
459,427,cereal,object_shift,always_help,1.0,True,True,True,10.0,
459,427,cereal,object_shift,oracle_value,,True,True,True,10.0,1.0
459,427,cereal,object_shift,value_gate,0.1,False,False,False,,
459,427,cereal,object_shift,value_gate,0.25,True,True,True,30.0,0.9610967636108398
459,427,cereal,object_shift,value_gate,0.5,True,True,True,30.0,0.9610967636108398
459,427,cereal,object_shift,value_gate,0.75,True,True,True,10.0,0.5644848346710205
459,427,cereal,object_shift,risk_gate,0.1,True,True,True,10.0,0.9570310711860657
459,427,cereal,object_shift,risk_gate,0.25,True,True,True,10.0,0.9570310711860657
459,427,cereal,object_shift,risk_gate,0.5,True,True,True,10.0,0.9570310711860657
459,427,cereal,object_shift,risk_gate,0.75,True,True,True,10.0,0.9570310711860657
459,427,cereal,object_shift,uncertainty_gate,0.1,False,False,False,,
459,427,cereal,object_shift,uncertainty_gate,0.25,False,False,False,,
459,427,cereal,object_shift,uncertainty_gate,0.5,True,True,True,30.0,0.04447226971387863
459,427,cereal,object_shift,uncertainty_gate,0.75,True,True,True,30.0,0.04447226971387863
460,427,cereal,object_shift,never_help,0.0,True,False,False,,
460,427,cereal,object_shift,always_help,1.0,True,True,False,10.0,
460,427,cereal,object_shift,oracle_value,,True,False,False,,
460,427,cereal,object_shift,value_gate,0.1,True,False,False,,
460,427,cereal,object_shift,value_gate,0.25,True,False,False,,
460,427,cereal,object_shift,value_gate,0.5,True,False,False,,
460,427,cereal,object_shift,value_gate,0.75,True,False,False,,
460,427,cereal,object_shift,risk_gate,0.1,True,False,False,,
460,427,cereal,object_shift,risk_gate,0.25,True,False,False,,
460,427,cereal,object_shift,risk_gate,0.5,True,False,False,,
460,427,cereal,object_shift,risk_gate,0.75,True,False,False,,
460,427,cereal,object_shift,uncertainty_gate,0.1,True,False,False,,
460,427,cereal,object_shift,uncertainty_gate,0.25,True,False,False,,
460,427,cereal,object_shift,uncertainty_gate,0.5,True,False,False,,
460,427,cereal,object_shift,uncertainty_gate,0.75,True,False,False,,
461,427,cereal,object_shift,never_help,0.0,False,False,False,,
461,427,cereal,object_shift,always_help,1.0,True,True,True,10.0,
461,427,cereal,object_shift,oracle_value,,True,True,True,10.0,1.0
461,427,cereal,object_shift,value_gate,0.1,False,False,False,,
461,427,cereal,object_shift,value_gate,0.25,False,False,False,,
461,427,cereal,object_shift,value_gate,0.5,True,True,True,130.0,0.8023865818977356
461,427,cereal,object_shift,value_gate,0.75,True,True,True,10.0,0.6111733913421631
461,427,cereal,object_shift,risk_gate,0.1,False,False,False,,
461,427,cereal,object_shift,risk_gate,0.25,False,False,False,,
461,427,cereal,object_shift,risk_gate,0.5,True,True,True,10.0,0.7508546710014343
461,427,cereal,object_shift,risk_gate,0.75,True,True,True,10.0,0.7508546710014343
461,427,cereal,object_shift,uncertainty_gate,0.1,False,False,False,,
461,427,cereal,object_shift,uncertainty_gate,0.25,False,False,False,,
461,427,cereal,object_shift,uncertainty_gate,0.5,True,True,True,90.0,0.02949477545917034
461,427,cereal,object_shift,uncertainty_gate,0.75,True,True,True,30.0,0.017873313277959824
462,427,cereal,action_noise,never_help,0.0,True,False,False,,
462,427,cereal,action_noise,always_help,1.0,True,True,False,10.0,
462,427,cereal,action_noise,oracle_value,,True,False,False,,
462,427,cereal,action_noise,value_gate,0.1,True,False,False,,
462,427,cereal,action_noise,value_gate,0.25,True,False,False,,
462,427,cereal,action_noise,value_gate,0.5,True,False,False,,
462,427,cereal,action_noise,value_gate,0.75,True,True,False,10.0,0.4944959878921509
462,427,cereal,action_noise,risk_gate,0.1,True,True,False,10.0,0.9708607792854309
462,427,cereal,action_noise,risk_gate,0.25,True,True,False,10.0,0.9708607792854309
462,427,cereal,action_noise,risk_gate,0.5,True,True,False,10.0,0.9708607792854309
462,427,cereal,action_noise,risk_gate,0.75,True,True,False,10.0,0.9708607792854309
462,427,cereal,action_noise,uncertainty_gate,0.1,True,False,False,,
462,427,cereal,action_noise,uncertainty_gate,0.25,True,False,False,,
462,427,cereal,action_noise,uncertainty_gate,0.5,True,False,False,,
462,427,cereal,action_noise,uncertainty_gate,0.75,True,False,False,,
463,427,cereal,action_noise,never_help,0.0,True,False,False,,
463,427,cereal,action_noise,always_help,1.0,True,True,False,10.0,
463,427,cereal,action_noise,oracle_value,,True,False,False,,
463,427,cereal,action_noise,value_gate,0.1,True,False,False,,
463,427,cereal,action_noise,value_gate,0.25,True,False,False,,
463,427,cereal,action_noise,value_gate,0.5,True,False,False,,
463,427,cereal,action_noise,value_gate,0.75,True,False,False,,
463,427,cereal,action_noise,risk_gate,0.1,True,False,False,,
463,427,cereal,action_noise,risk_gate,0.25,True,False,False,,
463,427,cereal,action_noise,risk_gate,0.5,True,False,False,,
463,427,cereal,action_noise,risk_gate,0.75,True,False,False,,
463,427,cereal,action_noise,uncertainty_gate,0.1,True,False,False,,
463,427,cereal,action_noise,uncertainty_gate,0.25,True,False,False,,
463,427,cereal,action_noise,uncertainty_gate,0.5,True,False,False,,
463,427,cereal,action_noise,uncertainty_gate,0.75,True,True,False,50.0,0.006859893910586834
464,427,cereal,action_noise,never_help,0.0,True,False,False,,
464,427,cereal,action_noise,always_help,1.0,True,True,False,10.0,
464,427,cereal,action_noise,oracle_value,,True,False,False,,
464,427,cereal,action_noise,value_gate,0.1,True,False,False,,
464,427,cereal,action_noise,value_gate,0.25,True,False,False,,
464,427,cereal,action_noise,value_gate,0.5,True,False,False,,
464,427,cereal,action_noise,value_gate,0.75,True,True,False,10.0,0.6724131107330322
464,427,cereal,action_noise,risk_gate,0.1,True,False,False,,
464,427,cereal,action_noise,risk_gate,0.25,True,False,False,,
464,427,cereal,action_noise,risk_gate,0.5,True,True,False,10.0,0.8104121685028076
464,427,cereal,action_noise,risk_gate,0.75,True,True,False,10.0,0.8104121685028076
464,427,cereal,action_noise,uncertainty_gate,0.1,True,False,False,,
464,427,cereal,action_noise,uncertainty_gate,0.25,True,False,False,,
464,427,cereal,action_noise,uncertainty_gate,0.5,True,False,False,,
464,427,cereal,action_noise,uncertainty_gate,0.75,True,False,False,,
465,427,cereal,action_noise,never_help,0.0,True,False,False,,
465,427,cereal,action_noise,always_help,1.0,True,True,False,10.0,
465,427,cereal,action_noise,oracle_value,,True,False,False,,
465,427,cereal,action_noise,value_gate,0.1,True,False,False,,
465,427,cereal,action_noise,value_gate,0.25,True,False,False,,
465,427,cereal,action_noise,value_gate,0.5,True,False,False,,
465,427,cereal,action_noise,value_gate,0.75,True,False,False,,
465,427,cereal,action_noise,risk_gate,0.1,True,False,False,,
465,427,cereal,action_noise,risk_gate,0.25,True,False,False,,
465,427,cereal,action_noise,risk_gate,0.5,True,False,False,,
465,427,cereal,action_noise,risk_gate,0.75,True,True,False,10.0,0.3981555998325348
465,427,cereal,action_noise,uncertainty_gate,0.1,True,False,False,,
465,427,cereal,action_noise,uncertainty_gate,0.25,True,False,False,,
465,427,cereal,action_noise,uncertainty_gate,0.5,True,False,False,,
465,427,cereal,action_noise,uncertainty_gate,0.75,True,False,False,,
466,427,cereal,action_noise,never_help,0.0,True,False,False,,
466,427,cereal,action_noise,always_help,1.0,True,True,False,10.0,
466,427,cereal,action_noise,oracle_value,,True,False,False,,
466,427,cereal,action_noise,value_gate,0.1,True,False,False,,
466,427,cereal,action_noise,value_gate,0.25,True,False,False,,
466,427,cereal,action_noise,value_gate,0.5,True,True,False,10.0,0.8795721530914307
466,427,cereal,action_noise,value_gate,0.75,True,True,False,10.0,0.8795721530914307
466,427,cereal,action_noise,risk_gate,0.1,True,False,False,,
466,427,cereal,action_noise,risk_gate,0.25,True,False,False,,
466,427,cereal,action_noise,risk_gate,0.5,True,False,False,,
466,427,cereal,action_noise,risk_gate,0.75,True,True,False,10.0,0.6340471506118774
466,427,cereal,action_noise,uncertainty_gate,0.1,True,False,False,,
466,427,cereal,action_noise,uncertainty_gate,0.25,True,False,False,,
466,427,cereal,action_noise,uncertainty_gate,0.5,True,False,False,,
466,427,cereal,action_noise,uncertainty_gate,0.75,True,False,False,,
467,427,cereal,action_noise,never_help,0.0,True,False,False,,
467,427,cereal,action_noise,always_help,1.0,True,True,False,10.0,
467,427,cereal,action_noise,oracle_value,,True,False,False,,
467,427,cereal,action_noise,value_gate,0.1,True,False,False,,
467,427,cereal,action_noise,value_gate,0.25,True,False,False,,
467,427,cereal,action_noise,value_gate,0.5,True,False,False,,
467,427,cereal,action_noise,value_gate,0.75,True,False,False,,
467,427,cereal,action_noise,risk_gate,0.1,True,False,False,,
467,427,cereal,action_noise,risk_gate,0.25,True,False,False,,
467,427,cereal,action_noise,risk_gate,0.5,True,False,False,,
467,427,cereal,action_noise,risk_gate,0.75,True,True,False,10.0,0.43260103464126587
467,427,cereal,action_noise,uncertainty_gate,0.1,True,False,False,,
467,427,cereal,action_noise,uncertainty_gate,0.25,True,False,False,,
467,427,cereal,action_noise,uncertainty_gate,0.5,True,False,False,,
467,427,cereal,action_noise,uncertainty_gate,0.75,True,False,False,,
468,427,cereal,action_delay,never_help,0.0,False,False,False,,
468,427,cereal,action_delay,always_help,1.0,True,True,True,10.0,
468,427,cereal,action_delay,oracle_value,,True,True,True,10.0,1.0
468,427,cereal,action_delay,value_gate,0.1,False,False,False,,
468,427,cereal,action_delay,value_gate,0.25,False,False,False,,
468,427,cereal,action_delay,value_gate,0.5,True,True,True,10.0,0.883658766746521
468,427,cereal,action_delay,value_gate,0.75,True,True,True,10.0,0.883658766746521
468,427,cereal,action_delay,risk_gate,0.1,False,False,False,,
468,427,cereal,action_delay,risk_gate,0.25,False,False,False,,
468,427,cereal,action_delay,risk_gate,0.5,False,False,False,,
468,427,cereal,action_delay,risk_gate,0.75,True,True,True,30.0,0.43981698155403137
468,427,cereal,action_delay,uncertainty_gate,0.1,False,False,False,,
468,427,cereal,action_delay,uncertainty_gate,0.25,False,False,False,,
468,427,cereal,action_delay,uncertainty_gate,0.5,True,True,True,70.0,0.023926470428705215
468,427,cereal,action_delay,uncertainty_gate,0.75,True,True,True,30.0,0.003415546612814069
469,427,cereal,action_delay,never_help,0.0,False,False,False,,
469,427,cereal,action_delay,always_help,1.0,True,True,True,10.0,
469,427,cereal,action_delay,oracle_value,,True,True,True,10.0,1.0
469,427,cereal,action_delay,value_gate,0.1,False,False,False,,
469,427,cereal,action_delay,value_gate,0.25,True,True,True,90.0,0.9607580304145813
469,427,cereal,action_delay,value_gate,0.5,True,True,True,10.0,0.9297205209732056
469,427,cereal,action_delay,value_gate,0.75,True,True,True,10.0,0.9297205209732056
469,427,cereal,action_delay,risk_gate,0.1,False,False,False,,
469,427,cereal,action_delay,risk_gate,0.25,False,False,False,,
469,427,cereal,action_delay,risk_gate,0.5,False,False,False,,
469,427,cereal,action_delay,risk_gate,0.75,True,True,True,30.0,0.61564701795578
469,427,cereal,action_delay,uncertainty_gate,0.1,False,False,False,,
469,427,cereal,action_delay,uncertainty_gate,0.25,False,False,False,,
469,427,cereal,action_delay,uncertainty_gate,0.5,True,True,True,50.0,0.06590330600738525
469,427,cereal,action_delay,uncertainty_gate,0.75,True,True,True,50.0,0.06590330600738525
470,427,cereal,action_delay,never_help,0.0,False,False,False,,
470,427,cereal,action_delay,always_help,1.0,True,True,True,10.0,
470,427,cereal,action_delay,oracle_value,,True,True,True,10.0,1.0
470,427,cereal,action_delay,value_gate,0.1,False,False,False,,
470,427,cereal,action_delay,value_gate,0.25,False,False,False,,
470,427,cereal,action_delay,value_gate,0.5,True,True,True,30.0,0.9154437184333801
470,427,cereal,action_delay,value_gate,0.75,True,True,True,10.0,0.7845684289932251
470,427,cereal,action_delay,risk_gate,0.1,False,False,False,,
470,427,cereal,action_delay,risk_gate,0.25,False,False,False,,
470,427,cereal,action_delay,risk_gate,0.5,False,False,False,,
470,427,cereal,action_delay,risk_gate,0.75,False,False,False,,
470,427,cereal,action_delay,uncertainty_gate,0.1,False,False,False,,
470,427,cereal,action_delay,uncertainty_gate,0.25,False,False,False,,
470,427,cereal,action_delay,uncertainty_gate,0.5,False,True,False,50.0,0.037179652601480484
470,427,cereal,action_delay,uncertainty_gate,0.75,False,True,False,50.0,0.037179652601480484
471,427,cereal,action_delay,never_help,0.0,False,False,False,,
471,427,cereal,action_delay,always_help,1.0,True,True,True,10.0,
471,427,cereal,action_delay,oracle_value,,True,True,True,10.0,1.0
471,427,cereal,action_delay,value_gate,0.1,False,False,False,,
471,427,cereal,action_delay,value_gate,0.25,False,False,False,,
471,427,cereal,action_delay,value_gate,0.5,True,True,True,30.0,0.859283983707428
471,427,cereal,action_delay,value_gate,0.75,True,True,True,10.0,0.6319082975387573
471,427,cereal,action_delay,risk_gate,0.1,False,False,False,,
471,427,cereal,action_delay,risk_gate,0.25,False,False,False,,
471,427,cereal,action_delay,risk_gate,0.5,False,False,False,,
471,427,cereal,action_delay,risk_gate,0.75,False,False,False,,
471,427,cereal,action_delay,uncertainty_gate,0.1,False,False,False,,
471,427,cereal,action_delay,uncertainty_gate,0.25,False,False,False,,
471,427,cereal,action_delay,uncertainty_gate,0.5,False,False,False,,
471,427,cereal,action_delay,uncertainty_gate,0.75,True,True,True,30.0,0.017617972567677498
472,427,cereal,action_delay,never_help,0.0,False,False,False,,
472,427,cereal,action_delay,always_help,1.0,True,True,True,10.0,
472,427,cereal,action_delay,oracle_value,,True,True,True,10.0,1.0
472,427,cereal,action_delay,value_gate,0.1,False,False,False,,
472,427,cereal,action_delay,value_gate,0.25,True,True,True,10.0,0.9618146419525146
472,427,cereal,action_delay,value_gate,0.5,True,True,True,10.0,0.9618146419525146
472,427,cereal,action_delay,value_gate,0.75,True,True,True,10.0,0.9618146419525146
472,427,cereal,action_delay,risk_gate,0.1,False,False,False,,
472,427,cereal,action_delay,risk_gate,0.25,False,False,False,,
472,427,cereal,action_delay,risk_gate,0.5,False,False,False,,
472,427,cereal,action_delay,risk_gate,0.75,False,False,False,,
472,427,cereal,action_delay,uncertainty_gate,0.1,False,False,False,,
472,427,cereal,action_delay,uncertainty_gate,0.25,False,False,False,,
472,427,cereal,action_delay,uncertainty_gate,0.5,True,True,True,70.0,0.03490135446190834
472,427,cereal,action_delay,uncertainty_gate,0.75,True,True,True,50.0,0.014816408976912498
473,427,cereal,action_delay,never_help,0.0,False,False,False,,
473,427,cereal,action_delay,always_help,1.0,True,True,True,10.0,
473,427,cereal,action_delay,oracle_value,,True,True,True,10.0,1.0
473,427,cereal,action_delay,value_gate,0.1,False,False,False,,
473,427,cereal,action_delay,value_gate,0.25,True,True,True,10.0,0.9633237719535828
473,427,cereal,action_delay,value_gate,0.5,True,True,True,10.0,0.9633237719535828
473,427,cereal,action_delay,value_gate,0.75,True,True,True,10.0,0.9633237719535828
473,427,cereal,action_delay,risk_gate,0.1,False,False,False,,
473,427,cereal,action_delay,risk_gate,0.25,False,False,False,,
473,427,cereal,action_delay,risk_gate,0.5,False,False,False,,
473,427,cereal,action_delay,risk_gate,0.75,True,True,True,30.0,0.4890799820423126
473,427,cereal,action_delay,uncertainty_gate,0.1,False,False,False,,
473,427,cereal,action_delay,uncertainty_gate,0.25,False,False,False,,
473,427,cereal,action_delay,uncertainty_gate,0.5,True,True,True,110.0,0.026674538850784302
473,427,cereal,action_delay,uncertainty_gate,0.75,True,True,True,30.0,0.004054556135088205
474,427,cereal,gripper_slip,never_help,0.0,False,False,False,,
474,427,cereal,gripper_slip,always_help,1.0,True,True,True,10.0,
474,427,cereal,gripper_slip,oracle_value,,True,True,True,10.0,1.0
474,427,cereal,gripper_slip,value_gate,0.1,True,True,True,130.0,0.9794175028800964
474,427,cereal,gripper_slip,value_gate,0.25,True,True,True,130.0,0.9794175028800964
474,427,cereal,gripper_slip,value_gate,0.5,True,True,True,130.0,0.9794175028800964
474,427,cereal,gripper_slip,value_gate,0.75,True,True,True,70.0,0.7968820333480835
474,427,cereal,gripper_slip,risk_gate,0.1,False,False,False,,
474,427,cereal,gripper_slip,risk_gate,0.25,False,False,False,,
474,427,cereal,gripper_slip,risk_gate,0.5,False,False,False,,
474,427,cereal,gripper_slip,risk_gate,0.75,False,False,False,,
474,427,cereal,gripper_slip,uncertainty_gate,0.1,False,False,False,,
474,427,cereal,gripper_slip,uncertainty_gate,0.25,False,False,False,,
474,427,cereal,gripper_slip,uncertainty_gate,0.5,True,True,True,90.0,0.06581857055425644
474,427,cereal,gripper_slip,uncertainty_gate,0.75,True,True,True,70.0,0.007360834162682295
475,427,cereal,gripper_slip,never_help,0.0,False,False,False,,
475,427,cereal,gripper_slip,always_help,1.0,True,True,True,10.0,
475,427,cereal,gripper_slip,oracle_value,,True,True,True,10.0,1.0
475,427,cereal,gripper_slip,value_gate,0.1,False,False,False,,
475,427,cereal,gripper_slip,value_gate,0.25,False,False,False,,
475,427,cereal,gripper_slip,value_gate,0.5,True,True,True,50.0,0.9016568660736084
475,427,cereal,gripper_slip,value_gate,0.75,True,True,True,10.0,0.5355597734451294
475,427,cereal,gripper_slip,risk_gate,0.1,True,True,True,50.0,0.9824406504631042
475,427,cereal,gripper_slip,risk_gate,0.25,True,True,True,50.0,0.9824406504631042
475,427,cereal,gripper_slip,risk_gate,0.5,True,True,True,50.0,0.9824406504631042
475,427,cereal,gripper_slip,risk_gate,0.75,True,True,True,10.0,0.5892531871795654
475,427,cereal,gripper_slip,uncertainty_gate,0.1,False,False,False,,
475,427,cereal,gripper_slip,uncertainty_gate,0.25,False,False,False,,
475,427,cereal,gripper_slip,uncertainty_gate,0.5,True,True,True,90.0,0.029566628858447075
475,427,cereal,gripper_slip,uncertainty_gate,0.75,True,True,True,50.0,0.017521807923913002
476,427,cereal,gripper_slip,never_help,0.0,False,False,False,,
476,427,cereal,gripper_slip,always_help,1.0,True,True,True,10.0,
476,427,cereal,gripper_slip,oracle_value,,True,True,True,10.0,1.0
476,427,cereal,gripper_slip,value_gate,0.1,False,False,False,,
476,427,cereal,gripper_slip,value_gate,0.25,False,False,False,,
476,427,cereal,gripper_slip,value_gate,0.5,False,False,False,,
476,427,cereal,gripper_slip,value_gate,0.75,True,True,True,70.0,0.7497115731239319
476,427,cereal,gripper_slip,risk_gate,0.1,False,False,False,,
476,427,cereal,gripper_slip,risk_gate,0.25,False,False,False,,
476,427,cereal,gripper_slip,risk_gate,0.5,False,False,False,,
476,427,cereal,gripper_slip,risk_gate,0.75,False,False,False,,
476,427,cereal,gripper_slip,uncertainty_gate,0.1,False,False,False,,
476,427,cereal,gripper_slip,uncertainty_gate,0.25,False,False,False,,
476,427,cereal,gripper_slip,uncertainty_gate,0.5,True,True,True,90.0,0.026398995891213417
476,427,cereal,gripper_slip,uncertainty_gate,0.75,True,True,True,70.0,0.009639458730816841
477,427,cereal,gripper_slip,never_help,0.0,False,False,False,,
477,427,cereal,gripper_slip,always_help,1.0,True,True,True,10.0,
477,427,cereal,gripper_slip,oracle_value,,True,True,True,10.0,1.0
477,427,cereal,gripper_slip,value_gate,0.1,False,False,False,,
477,427,cereal,gripper_slip,value_gate,0.25,False,False,False,,
477,427,cereal,gripper_slip,value_gate,0.5,True,True,True,70.0,0.9424437284469604
477,427,cereal,gripper_slip,value_gate,0.75,True,True,True,50.0,0.7625746726989746
477,427,cereal,gripper_slip,risk_gate,0.1,False,False,False,,
477,427,cereal,gripper_slip,risk_gate,0.25,False,False,False,,
477,427,cereal,gripper_slip,risk_gate,0.5,True,True,True,10.0,0.8241831064224243
477,427,cereal,gripper_slip,risk_gate,0.75,True,True,True,10.0,0.8241831064224243
477,427,cereal,gripper_slip,uncertainty_gate,0.1,False,False,False,,
477,427,cereal,gripper_slip,uncertainty_gate,0.25,False,False,False,,
477,427,cereal,gripper_slip,uncertainty_gate,0.5,False,True,False,90.0,0.03059428371489048
477,427,cereal,gripper_slip,uncertainty_gate,0.75,True,True,True,50.0,0.006582985632121563
478,427,cereal,gripper_slip,never_help,0.0,False,False,False,,
478,427,cereal,gripper_slip,always_help,1.0,True,True,True,10.0,
478,427,cereal,gripper_slip,oracle_value,,True,True,True,10.0,1.0
478,427,cereal,gripper_slip,value_gate,0.1,False,False,False,,
478,427,cereal,gripper_slip,value_gate,0.25,False,False,False,,
478,427,cereal,gripper_slip,value_gate,0.5,True,True,True,50.0,0.9539729952812195
478,427,cereal,gripper_slip,value_gate,0.75,True,True,True,10.0,0.6853315234184265
478,427,cereal,gripper_slip,risk_gate,0.1,False,False,False,,
478,427,cereal,gripper_slip,risk_gate,0.25,False,False,False,,
478,427,cereal,gripper_slip,risk_gate,0.5,True,True,True,10.0,0.8706391453742981
478,427,cereal,gripper_slip,risk_gate,0.75,True,True,True,10.0,0.8706391453742981
478,427,cereal,gripper_slip,uncertainty_gate,0.1,False,False,False,,
478,427,cereal,gripper_slip,uncertainty_gate,0.25,False,False,False,,
478,427,cereal,gripper_slip,uncertainty_gate,0.5,True,True,True,50.0,0.033715542405843735
478,427,cereal,gripper_slip,uncertainty_gate,0.75,True,True,True,50.0,0.033715542405843735
479,427,cereal,gripper_slip,never_help,0.0,False,False,False,,
479,427,cereal,gripper_slip,always_help,1.0,True,True,True,10.0,
479,427,cereal,gripper_slip,oracle_value,,True,True,True,10.0,1.0
479,427,cereal,gripper_slip,value_gate,0.1,False,False,False,,
479,427,cereal,gripper_slip,value_gate,0.25,False,False,False,,
479,427,cereal,gripper_slip,value_gate,0.5,False,False,False,,
479,427,cereal,gripper_slip,value_gate,0.75,True,True,True,70.0,0.6957314610481262
479,427,cereal,gripper_slip,risk_gate,0.1,False,False,False,,
479,427,cereal,gripper_slip,risk_gate,0.25,False,False,False,,
479,427,cereal,gripper_slip,risk_gate,0.5,False,False,False,,
479,427,cereal,gripper_slip,risk_gate,0.75,False,False,False,,
479,427,cereal,gripper_slip,uncertainty_gate,0.1,False,False,False,,
479,427,cereal,gripper_slip,uncertainty_gate,0.25,False,False,False,,
479,427,cereal,gripper_slip,uncertainty_gate,0.5,True,True,True,90.0,0.05024007335305214
479,427,cereal,gripper_slip,uncertainty_gate,0.75,True,True,True,70.0,0.010615101084113121
