episode_id,policy_seed,task,disturbance,method,target_budget,success,help_requested,helpful_request,request_step,request_score
0,327,can,nominal,never_help,0.0,True,False,False,,
0,327,can,nominal,always_help,1.0,True,True,False,10.0,
0,327,can,nominal,oracle_value,,True,False,False,,
0,327,can,nominal,value_gate,0.1,True,False,False,,
0,327,can,nominal,value_gate,0.25,True,False,False,,
0,327,can,nominal,value_gate,0.5,True,False,False,,
0,327,can,nominal,value_gate,0.75,True,True,False,10.0,0.6259546279907227
0,327,can,nominal,risk_gate,0.1,True,False,False,,
0,327,can,nominal,risk_gate,0.25,True,False,False,,
0,327,can,nominal,risk_gate,0.5,True,False,False,,
0,327,can,nominal,risk_gate,0.75,True,True,False,10.0,0.4767473638057709
0,327,can,nominal,uncertainty_gate,0.1,True,False,False,,
0,327,can,nominal,uncertainty_gate,0.25,True,False,False,,
0,327,can,nominal,uncertainty_gate,0.5,True,False,False,,
0,327,can,nominal,uncertainty_gate,0.75,True,False,False,,
1,327,can,nominal,never_help,0.0,True,False,False,,
1,327,can,nominal,always_help,1.0,True,True,False,10.0,
1,327,can,nominal,oracle_value,,True,False,False,,
1,327,can,nominal,value_gate,0.1,True,False,False,,
1,327,can,nominal,value_gate,0.25,True,False,False,,
1,327,can,nominal,value_gate,0.5,True,False,False,,
1,327,can,nominal,value_gate,0.75,True,False,False,,
1,327,can,nominal,risk_gate,0.1,True,False,False,,
1,327,can,nominal,risk_gate,0.25,True,False,False,,
1,327,can,nominal,risk_gate,0.5,True,False,False,,
1,327,can,nominal,risk_gate,0.75,True,False,False,,
1,327,can,nominal,uncertainty_gate,0.1,True,False,False,,
1,327,can,nominal,uncertainty_gate,0.25,True,False,False,,
1,327,can,nominal,uncertainty_gate,0.5,True,False,False,,
1,327,can,nominal,uncertainty_gate,0.75,True,True,False,50.0,0.007524367421865463
2,327,can,nominal,never_help,0.0,True,False,False,,
2,327,can,nominal,always_help,1.0,True,True,False,10.0,
2,327,can,nominal,oracle_value,,True,False,False,,
2,327,can,nominal,value_gate,0.1,True,False,False,,
2,327,can,nominal,value_gate,0.25,True,False,False,,
2,327,can,nominal,value_gate,0.5,True,False,False,,
2,327,can,nominal,value_gate,0.75,True,False,False,,
2,327,can,nominal,risk_gate,0.1,True,False,False,,
2,327,can,nominal,risk_gate,0.25,True,False,False,,
2,327,can,nominal,risk_gate,0.5,True,True,False,10.0,0.8723695874214172
2,327,can,nominal,risk_gate,0.75,True,True,False,10.0,0.8723695874214172
2,327,can,nominal,uncertainty_gate,0.1,True,False,False,,
2,327,can,nominal,uncertainty_gate,0.25,True,False,False,,
2,327,can,nominal,uncertainty_gate,0.5,True,False,False,,
2,327,can,nominal,uncertainty_gate,0.75,True,False,False,,
3,327,can,nominal,never_help,0.0,True,False,False,,
3,327,can,nominal,always_help,1.0,True,True,False,10.0,
3,327,can,nominal,oracle_value,,True,False,False,,
3,327,can,nominal,value_gate,0.1,True,False,False,,
3,327,can,nominal,value_gate,0.25,True,False,False,,
3,327,can,nominal,value_gate,0.5,True,False,False,,
3,327,can,nominal,value_gate,0.75,True,False,False,,
3,327,can,nominal,risk_gate,0.1,True,False,False,,
3,327,can,nominal,risk_gate,0.25,True,False,False,,
3,327,can,nominal,risk_gate,0.5,True,False,False,,
3,327,can,nominal,risk_gate,0.75,True,True,False,10.0,0.689436137676239
3,327,can,nominal,uncertainty_gate,0.1,True,False,False,,
3,327,can,nominal,uncertainty_gate,0.25,True,False,False,,
3,327,can,nominal,uncertainty_gate,0.5,True,False,False,,
3,327,can,nominal,uncertainty_gate,0.75,True,False,False,,
4,327,can,nominal,never_help,0.0,True,False,False,,
4,327,can,nominal,always_help,1.0,True,True,False,10.0,
4,327,can,nominal,oracle_value,,True,False,False,,
4,327,can,nominal,value_gate,0.1,True,False,False,,
4,327,can,nominal,value_gate,0.25,True,False,False,,
4,327,can,nominal,value_gate,0.5,True,False,False,,
4,327,can,nominal,value_gate,0.75,True,False,False,,
4,327,can,nominal,risk_gate,0.1,True,False,False,,
4,327,can,nominal,risk_gate,0.25,True,False,False,,
4,327,can,nominal,risk_gate,0.5,True,True,False,10.0,0.848566472530365
4,327,can,nominal,risk_gate,0.75,True,True,False,10.0,0.848566472530365
4,327,can,nominal,uncertainty_gate,0.1,True,False,False,,
4,327,can,nominal,uncertainty_gate,0.25,True,False,False,,
4,327,can,nominal,uncertainty_gate,0.5,True,True,False,130.0,0.02336565963923931
4,327,can,nominal,uncertainty_gate,0.75,True,True,False,50.0,0.005599710159003735
5,327,can,nominal,never_help,0.0,True,False,False,,
5,327,can,nominal,always_help,1.0,True,True,False,10.0,
5,327,can,nominal,oracle_value,,True,False,False,,
5,327,can,nominal,value_gate,0.1,True,False,False,,
5,327,can,nominal,value_gate,0.25,True,False,False,,
5,327,can,nominal,value_gate,0.5,True,False,False,,
5,327,can,nominal,value_gate,0.75,True,True,False,30.0,0.6973447203636169
5,327,can,nominal,risk_gate,0.1,True,False,False,,
5,327,can,nominal,risk_gate,0.25,True,False,False,,
5,327,can,nominal,risk_gate,0.5,True,True,False,10.0,0.7976937294006348
5,327,can,nominal,risk_gate,0.75,True,True,False,10.0,0.7976937294006348
5,327,can,nominal,uncertainty_gate,0.1,True,False,False,,
5,327,can,nominal,uncertainty_gate,0.25,True,False,False,,
5,327,can,nominal,uncertainty_gate,0.5,True,False,False,,
5,327,can,nominal,uncertainty_gate,0.75,True,False,False,,
6,327,can,object_shift,never_help,0.0,False,False,False,,
6,327,can,object_shift,always_help,1.0,True,True,True,10.0,
6,327,can,object_shift,oracle_value,,True,True,True,10.0,1.0
6,327,can,object_shift,value_gate,0.1,False,False,False,,
6,327,can,object_shift,value_gate,0.25,False,False,False,,
6,327,can,object_shift,value_gate,0.5,True,True,True,30.0,0.9414868354797363
6,327,can,object_shift,value_gate,0.75,True,True,True,30.0,0.9414868354797363
6,327,can,object_shift,risk_gate,0.1,False,False,False,,
6,327,can,object_shift,risk_gate,0.25,False,False,False,,
6,327,can,object_shift,risk_gate,0.5,False,True,False,50.0,0.7457641959190369
6,327,can,object_shift,risk_gate,0.75,True,True,True,10.0,0.6785792112350464
6,327,can,object_shift,uncertainty_gate,0.1,False,False,False,,
6,327,can,object_shift,uncertainty_gate,0.25,False,True,False,90.0,0.1293705552816391
6,327,can,object_shift,uncertainty_gate,0.5,False,True,False,90.0,0.1293705552816391
6,327,can,object_shift,uncertainty_gate,0.75,True,True,True,30.0,0.006224365439265966
7,327,can,object_shift,never_help,0.0,False,False,False,,
7,327,can,object_shift,always_help,1.0,True,True,True,10.0,
7,327,can,object_shift,oracle_value,,True,True,True,10.0,1.0
7,327,can,object_shift,value_gate,0.1,False,False,False,,
7,327,can,object_shift,value_gate,0.25,False,True,False,110.0,0.9602397084236145
7,327,can,object_shift,value_gate,0.5,True,True,True,30.0,0.9169768691062927
7,327,can,object_shift,value_gate,0.75,True,True,True,10.0,0.6778306365013123
7,327,can,object_shift,risk_gate,0.1,False,False,False,,
7,327,can,object_shift,risk_gate,0.25,False,False,False,,
7,327,can,object_shift,risk_gate,0.5,False,False,False,,
7,327,can,object_shift,risk_gate,0.75,True,True,True,30.0,0.4162176251411438
7,327,can,object_shift,uncertainty_gate,0.1,False,False,False,,
7,327,can,object_shift,uncertainty_gate,0.25,False,False,False,,
7,327,can,object_shift,uncertainty_gate,0.5,True,True,True,30.0,0.038769759237766266
7,327,can,object_shift,uncertainty_gate,0.75,True,True,True,30.0,0.038769759237766266
8,327,can,object_shift,never_help,0.0,False,False,False,,
8,327,can,object_shift,always_help,1.0,True,True,True,10.0,
8,327,can,object_shift,oracle_value,,True,True,True,10.0,1.0
8,327,can,object_shift,value_gate,0.1,False,False,False,,
8,327,can,object_shift,value_gate,0.25,True,True,True,50.0,0.9589442014694214
8,327,can,object_shift,value_gate,0.5,True,True,True,30.0,0.8201504349708557
8,327,can,object_shift,value_gate,0.75,True,True,True,30.0,0.8201504349708557
8,327,can,object_shift,risk_gate,0.1,False,False,False,,
8,327,can,object_shift,risk_gate,0.25,False,False,False,,
8,327,can,object_shift,risk_gate,0.5,False,False,False,,
8,327,can,object_shift,risk_gate,0.75,True,True,True,50.0,0.6432125568389893
8,327,can,object_shift,uncertainty_gate,0.1,False,False,False,,
8,327,can,object_shift,uncertainty_gate,0.25,True,True,True,110.0,0.11333536356687546
8,327,can,object_shift,uncertainty_gate,0.5,True,True,True,70.0,0.08137893676757812
8,327,can,object_shift,uncertainty_gate,0.75,True,True,True,30.0,0.005345807410776615
9,327,can,object_shift,never_help,0.0,False,False,False,,
9,327,can,object_shift,always_help,1.0,False,True,False,10.0,
9,327,can,object_shift,oracle_value,,True,True,True,30.0,1.0
9,327,can,object_shift,value_gate,0.1,False,False,False,,
9,327,can,object_shift,value_gate,0.25,True,True,True,50.0,0.9715796709060669
9,327,can,object_shift,value_gate,0.5,True,True,True,30.0,0.946357786655426
9,327,can,object_shift,value_gate,0.75,False,True,False,10.0,0.6577656865119934
9,327,can,object_shift,risk_gate,0.1,False,False,False,,
9,327,can,object_shift,risk_gate,0.25,False,False,False,,
9,327,can,object_shift,risk_gate,0.5,True,True,True,70.0,0.8099889159202576
9,327,can,object_shift,risk_gate,0.75,True,True,True,30.0,0.335700124502182
9,327,can,object_shift,uncertainty_gate,0.1,False,False,False,,
9,327,can,object_shift,uncertainty_gate,0.25,False,False,False,,
9,327,can,object_shift,uncertainty_gate,0.5,False,False,False,,
9,327,can,object_shift,uncertainty_gate,0.75,True,True,True,70.0,0.005471402313560247
10,327,can,object_shift,never_help,0.0,True,False,False,,
10,327,can,object_shift,always_help,1.0,True,True,False,10.0,
10,327,can,object_shift,oracle_value,,True,False,False,,
10,327,can,object_shift,value_gate,0.1,True,False,False,,
10,327,can,object_shift,value_gate,0.25,True,False,False,,
10,327,can,object_shift,value_gate,0.5,True,False,False,,
10,327,can,object_shift,value_gate,0.75,True,True,False,30.0,0.7432228326797485
10,327,can,object_shift,risk_gate,0.1,True,False,False,,
10,327,can,object_shift,risk_gate,0.25,True,True,False,10.0,0.8785951733589172
10,327,can,object_shift,risk_gate,0.5,True,True,False,10.0,0.8785951733589172
10,327,can,object_shift,risk_gate,0.75,True,True,False,10.0,0.8785951733589172
10,327,can,object_shift,uncertainty_gate,0.1,True,False,False,,
10,327,can,object_shift,uncertainty_gate,0.25,True,False,False,,
10,327,can,object_shift,uncertainty_gate,0.5,True,False,False,,
10,327,can,object_shift,uncertainty_gate,0.75,True,True,False,50.0,0.004204729106277227
11,327,can,object_shift,never_help,0.0,False,False,False,,
11,327,can,object_shift,always_help,1.0,True,True,True,10.0,
11,327,can,object_shift,oracle_value,,True,True,True,10.0,1.0
11,327,can,object_shift,value_gate,0.1,False,True,False,70.0,0.9740414023399353
11,327,can,object_shift,value_gate,0.25,False,True,False,50.0,0.9551989436149597
11,327,can,object_shift,value_gate,0.5,False,True,False,50.0,0.9551989436149597
11,327,can,object_shift,value_gate,0.75,False,True,False,30.0,0.7494674921035767
11,327,can,object_shift,risk_gate,0.1,False,False,False,,
11,327,can,object_shift,risk_gate,0.25,False,False,False,,
11,327,can,object_shift,risk_gate,0.5,True,True,True,10.0,0.741034209728241
11,327,can,object_shift,risk_gate,0.75,True,True,True,10.0,0.741034209728241
11,327,can,object_shift,uncertainty_gate,0.1,False,False,False,,
11,327,can,object_shift,uncertainty_gate,0.25,False,False,False,,
11,327,can,object_shift,uncertainty_gate,0.5,False,False,False,,
11,327,can,object_shift,uncertainty_gate,0.75,False,True,False,30.0,0.00876691285520792
12,327,can,action_noise,never_help,0.0,True,False,False,,
12,327,can,action_noise,always_help,1.0,True,True,False,10.0,
12,327,can,action_noise,oracle_value,,True,False,False,,
12,327,can,action_noise,value_gate,0.1,True,False,False,,
12,327,can,action_noise,value_gate,0.25,True,False,False,,
12,327,can,action_noise,value_gate,0.5,True,True,False,10.0,0.8129140734672546
12,327,can,action_noise,value_gate,0.75,True,True,False,10.0,0.8129140734672546
12,327,can,action_noise,risk_gate,0.1,True,False,False,,
12,327,can,action_noise,risk_gate,0.25,True,False,False,,
12,327,can,action_noise,risk_gate,0.5,True,True,False,10.0,0.8123940825462341
12,327,can,action_noise,risk_gate,0.75,True,True,False,10.0,0.8123940825462341
12,327,can,action_noise,uncertainty_gate,0.1,True,False,False,,
12,327,can,action_noise,uncertainty_gate,0.25,True,False,False,,
12,327,can,action_noise,uncertainty_gate,0.5,True,False,False,,
12,327,can,action_noise,uncertainty_gate,0.75,True,False,False,,
13,327,can,action_noise,never_help,0.0,False,False,False,,
13,327,can,action_noise,always_help,1.0,True,True,True,10.0,
13,327,can,action_noise,oracle_value,,True,True,True,10.0,1.0
13,327,can,action_noise,value_gate,0.1,False,False,False,,
13,327,can,action_noise,value_gate,0.25,False,False,False,,
13,327,can,action_noise,value_gate,0.5,False,True,False,70.0,0.9175352454185486
13,327,can,action_noise,value_gate,0.75,True,True,True,30.0,0.600706934928894
13,327,can,action_noise,risk_gate,0.1,False,False,False,,
13,327,can,action_noise,risk_gate,0.25,False,True,False,130.0,0.8829262256622314
13,327,can,action_noise,risk_gate,0.5,True,True,True,10.0,0.7382491827011108
13,327,can,action_noise,risk_gate,0.75,True,True,True,10.0,0.7382491827011108
13,327,can,action_noise,uncertainty_gate,0.1,False,False,False,,
13,327,can,action_noise,uncertainty_gate,0.25,False,False,False,,
13,327,can,action_noise,uncertainty_gate,0.5,False,True,False,110.0,0.025548597797751427
13,327,can,action_noise,uncertainty_gate,0.75,False,True,False,50.0,0.007938357070088387
14,327,can,action_noise,never_help,0.0,True,False,False,,
14,327,can,action_noise,always_help,1.0,True,True,False,10.0,
14,327,can,action_noise,oracle_value,,True,False,False,,
14,327,can,action_noise,value_gate,0.1,True,False,False,,
14,327,can,action_noise,value_gate,0.25,True,False,False,,
14,327,can,action_noise,value_gate,0.5,True,False,False,,
14,327,can,action_noise,value_gate,0.75,True,False,False,,
14,327,can,action_noise,risk_gate,0.1,True,False,False,,
14,327,can,action_noise,risk_gate,0.25,True,True,False,10.0,0.8954749703407288
14,327,can,action_noise,risk_gate,0.5,True,True,False,10.0,0.8954749703407288
14,327,can,action_noise,risk_gate,0.75,True,True,False,10.0,0.8954749703407288
14,327,can,action_noise,uncertainty_gate,0.1,True,False,False,,
14,327,can,action_noise,uncertainty_gate,0.25,True,False,False,,
14,327,can,action_noise,uncertainty_gate,0.5,True,False,False,,
14,327,can,action_noise,uncertainty_gate,0.75,True,False,False,,
15,327,can,action_noise,never_help,0.0,True,False,False,,
15,327,can,action_noise,always_help,1.0,True,True,False,10.0,
15,327,can,action_noise,oracle_value,,True,False,False,,
15,327,can,action_noise,value_gate,0.1,True,False,False,,
15,327,can,action_noise,value_gate,0.25,True,False,False,,
15,327,can,action_noise,value_gate,0.5,True,False,False,,
15,327,can,action_noise,value_gate,0.75,True,True,False,30.0,0.6170598864555359
15,327,can,action_noise,risk_gate,0.1,True,False,False,,
15,327,can,action_noise,risk_gate,0.25,True,True,False,10.0,0.9061428308486938
15,327,can,action_noise,risk_gate,0.5,True,True,False,10.0,0.9061428308486938
15,327,can,action_noise,risk_gate,0.75,True,True,False,10.0,0.9061428308486938
15,327,can,action_noise,uncertainty_gate,0.1,True,False,False,,
15,327,can,action_noise,uncertainty_gate,0.25,True,False,False,,
15,327,can,action_noise,uncertainty_gate,0.5,True,False,False,,
15,327,can,action_noise,uncertainty_gate,0.75,True,False,False,,
16,327,can,action_noise,never_help,0.0,True,False,False,,
16,327,can,action_noise,always_help,1.0,True,True,False,10.0,
16,327,can,action_noise,oracle_value,,True,False,False,,
16,327,can,action_noise,value_gate,0.1,True,False,False,,
16,327,can,action_noise,value_gate,0.25,True,False,False,,
16,327,can,action_noise,value_gate,0.5,True,False,False,,
16,327,can,action_noise,value_gate,0.75,True,True,False,30.0,0.6801137924194336
16,327,can,action_noise,risk_gate,0.1,True,False,False,,
16,327,can,action_noise,risk_gate,0.25,True,True,False,10.0,0.9050092697143555
16,327,can,action_noise,risk_gate,0.5,True,True,False,10.0,0.9050092697143555
16,327,can,action_noise,risk_gate,0.75,True,True,False,10.0,0.9050092697143555
16,327,can,action_noise,uncertainty_gate,0.1,True,False,False,,
16,327,can,action_noise,uncertainty_gate,0.25,True,False,False,,
16,327,can,action_noise,uncertainty_gate,0.5,True,False,False,,
16,327,can,action_noise,uncertainty_gate,0.75,True,True,False,50.0,0.005852132104337215
17,327,can,action_noise,never_help,0.0,True,False,False,,
17,327,can,action_noise,always_help,1.0,True,True,False,10.0,
17,327,can,action_noise,oracle_value,,True,False,False,,
17,327,can,action_noise,value_gate,0.1,True,False,False,,
17,327,can,action_noise,value_gate,0.25,True,False,False,,
17,327,can,action_noise,value_gate,0.5,True,False,False,,
17,327,can,action_noise,value_gate,0.75,True,False,False,,
17,327,can,action_noise,risk_gate,0.1,True,False,False,,
17,327,can,action_noise,risk_gate,0.25,True,False,False,,
17,327,can,action_noise,risk_gate,0.5,True,True,False,10.0,0.7822635769844055
17,327,can,action_noise,risk_gate,0.75,True,True,False,10.0,0.7822635769844055
17,327,can,action_noise,uncertainty_gate,0.1,True,False,False,,
17,327,can,action_noise,uncertainty_gate,0.25,True,False,False,,
17,327,can,action_noise,uncertainty_gate,0.5,True,False,False,,
17,327,can,action_noise,uncertainty_gate,0.75,True,False,False,,
18,327,can,action_delay,never_help,0.0,False,False,False,,
18,327,can,action_delay,always_help,1.0,True,True,True,10.0,
18,327,can,action_delay,oracle_value,,True,True,True,10.0,1.0
18,327,can,action_delay,value_gate,0.1,False,False,False,,
18,327,can,action_delay,value_gate,0.25,False,True,False,110.0,0.9675766229629517
18,327,can,action_delay,value_gate,0.5,True,True,True,10.0,0.9092575907707214
18,327,can,action_delay,value_gate,0.75,True,True,True,10.0,0.9092575907707214
18,327,can,action_delay,risk_gate,0.1,False,False,False,,
18,327,can,action_delay,risk_gate,0.25,False,False,False,,
18,327,can,action_delay,risk_gate,0.5,False,True,False,50.0,0.8070295453071594
18,327,can,action_delay,risk_gate,0.75,False,True,False,50.0,0.8070295453071594
18,327,can,action_delay,uncertainty_gate,0.1,False,False,False,,
18,327,can,action_delay,uncertainty_gate,0.25,False,True,False,50.0,0.14389944076538086
18,327,can,action_delay,uncertainty_gate,0.5,False,True,False,50.0,0.14389944076538086
18,327,can,action_delay,uncertainty_gate,0.75,True,True,True,10.0,0.004253193270415068
19,327,can,action_delay,never_help,0.0,False,False,False,,
19,327,can,action_delay,always_help,1.0,True,True,True,10.0,
19,327,can,action_delay,oracle_value,,True,True,True,10.0,1.0
19,327,can,action_delay,value_gate,0.1,False,False,False,,
19,327,can,action_delay,value_gate,0.25,True,True,True,70.0,0.9587703943252563
19,327,can,action_delay,value_gate,0.5,True,True,True,50.0,0.83162921667099
19,327,can,action_delay,value_gate,0.75,True,True,True,10.0,0.729453980922699
19,327,can,action_delay,risk_gate,0.1,False,False,False,,
19,327,can,action_delay,risk_gate,0.25,False,False,False,,
19,327,can,action_delay,risk_gate,0.5,True,True,True,70.0,0.8099861145019531
19,327,can,action_delay,risk_gate,0.75,True,True,True,70.0,0.8099861145019531
19,327,can,action_delay,uncertainty_gate,0.1,False,False,False,,
19,327,can,action_delay,uncertainty_gate,0.25,False,False,False,,
19,327,can,action_delay,uncertainty_gate,0.5,False,False,False,,
19,327,can,action_delay,uncertainty_gate,0.75,True,True,True,70.0,0.022000374272465706
20,327,can,action_delay,never_help,0.0,False,False,False,,
20,327,can,action_delay,always_help,1.0,True,True,True,10.0,
20,327,can,action_delay,oracle_value,,True,True,True,10.0,1.0
20,327,can,action_delay,value_gate,0.1,False,False,False,,
20,327,can,action_delay,value_gate,0.25,True,True,True,90.0,0.9619132876396179
20,327,can,action_delay,value_gate,0.5,True,True,True,10.0,0.8828178644180298
20,327,can,action_delay,value_gate,0.75,True,True,True,10.0,0.8828178644180298
20,327,can,action_delay,risk_gate,0.1,False,False,False,,
20,327,can,action_delay,risk_gate,0.25,True,True,True,70.0,0.9463436603546143
20,327,can,action_delay,risk_gate,0.5,True,True,True,70.0,0.9463436603546143
20,327,can,action_delay,risk_gate,0.75,True,True,True,30.0,0.4878254234790802
20,327,can,action_delay,uncertainty_gate,0.1,False,False,False,,
20,327,can,action_delay,uncertainty_gate,0.25,False,False,False,,
20,327,can,action_delay,uncertainty_gate,0.5,False,False,False,,
20,327,can,action_delay,uncertainty_gate,0.75,True,True,True,30.0,0.00934483390301466
21,327,can,action_delay,never_help,0.0,False,False,False,,
21,327,can,action_delay,always_help,1.0,True,True,True,10.0,
21,327,can,action_delay,oracle_value,,True,True,True,10.0,1.0
21,327,can,action_delay,value_gate,0.1,False,True,False,70.0,0.9738995432853699
21,327,can,action_delay,value_gate,0.25,True,True,True,10.0,0.954500138759613
21,327,can,action_delay,value_gate,0.5,True,True,True,10.0,0.954500138759613
21,327,can,action_delay,value_gate,0.75,True,True,True,10.0,0.954500138759613
21,327,can,action_delay,risk_gate,0.1,False,False,False,,
21,327,can,action_delay,risk_gate,0.25,False,True,False,110.0,0.9420859217643738
21,327,can,action_delay,risk_gate,0.5,False,True,False,110.0,0.9420859217643738
21,327,can,action_delay,risk_gate,0.75,False,True,False,50.0,0.7055577039718628
21,327,can,action_delay,uncertainty_gate,0.1,False,False,False,,
21,327,can,action_delay,uncertainty_gate,0.25,False,False,False,,
21,327,can,action_delay,uncertainty_gate,0.5,False,True,False,110.0,0.029393017292022705
21,327,can,action_delay,uncertainty_gate,0.75,True,True,True,30.0,0.02235632948577404
22,327,can,action_delay,never_help,0.0,False,False,False,,
22,327,can,action_delay,always_help,1.0,True,True,True,10.0,
22,327,can,action_delay,oracle_value,,True,True,True,10.0,1.0
22,327,can,action_delay,value_gate,0.1,False,False,False,,
22,327,can,action_delay,value_gate,0.25,True,True,True,10.0,0.9574809074401855
22,327,can,action_delay,value_gate,0.5,True,True,True,10.0,0.9574809074401855
22,327,can,action_delay,value_gate,0.75,True,True,True,10.0,0.9574809074401855
22,327,can,action_delay,risk_gate,0.1,False,False,False,,
22,327,can,action_delay,risk_gate,0.25,False,False,False,,
22,327,can,action_delay,risk_gate,0.5,False,False,False,,
22,327,can,action_delay,risk_gate,0.75,False,False,False,,
22,327,can,action_delay,uncertainty_gate,0.1,False,False,False,,
22,327,can,action_delay,uncertainty_gate,0.25,False,False,False,,
22,327,can,action_delay,uncertainty_gate,0.5,True,True,True,30.0,0.07229524850845337
22,327,can,action_delay,uncertainty_gate,0.75,True,True,True,30.0,0.07229524850845337
23,327,can,action_delay,never_help,0.0,False,False,False,,
23,327,can,action_delay,always_help,1.0,True,True,True,10.0,
23,327,can,action_delay,oracle_value,,True,True,True,10.0,1.0
23,327,can,action_delay,value_gate,0.1,False,False,False,,
23,327,can,action_delay,value_gate,0.25,True,True,True,110.0,0.9662617444992065
23,327,can,action_delay,value_gate,0.5,True,True,True,50.0,0.9384454488754272
23,327,can,action_delay,value_gate,0.75,True,True,True,10.0,0.6093337535858154
23,327,can,action_delay,risk_gate,0.1,False,False,False,,
23,327,can,action_delay,risk_gate,0.25,False,False,False,,
23,327,can,action_delay,risk_gate,0.5,False,False,False,,
23,327,can,action_delay,risk_gate,0.75,True,True,True,10.0,0.4319271445274353
23,327,can,action_delay,uncertainty_gate,0.1,False,False,False,,
23,327,can,action_delay,uncertainty_gate,0.25,True,True,True,50.0,0.1361285299062729
23,327,can,action_delay,uncertainty_gate,0.5,True,True,True,50.0,0.1361285299062729
23,327,can,action_delay,uncertainty_gate,0.75,True,True,True,30.0,0.004712832625955343
24,327,can,gripper_slip,never_help,0.0,False,False,False,,
24,327,can,gripper_slip,always_help,1.0,True,True,True,10.0,
24,327,can,gripper_slip,oracle_value,,True,True,True,10.0,1.0
24,327,can,gripper_slip,value_gate,0.1,False,False,False,,
24,327,can,gripper_slip,value_gate,0.25,False,False,False,,
24,327,can,gripper_slip,value_gate,0.5,True,True,True,50.0,0.8588665723800659
24,327,can,gripper_slip,value_gate,0.75,True,True,True,50.0,0.8588665723800659
24,327,can,gripper_slip,risk_gate,0.1,True,True,True,50.0,0.9678606390953064
24,327,can,gripper_slip,risk_gate,0.25,True,True,True,50.0,0.9678606390953064
24,327,can,gripper_slip,risk_gate,0.5,True,True,True,10.0,0.7504263520240784
24,327,can,gripper_slip,risk_gate,0.75,True,True,True,10.0,0.7504263520240784
24,327,can,gripper_slip,uncertainty_gate,0.1,False,False,False,,
24,327,can,gripper_slip,uncertainty_gate,0.25,True,True,True,50.0,0.17085310816764832
24,327,can,gripper_slip,uncertainty_gate,0.5,True,True,True,50.0,0.17085310816764832
24,327,can,gripper_slip,uncertainty_gate,0.75,True,True,True,50.0,0.17085310816764832
25,327,can,gripper_slip,never_help,0.0,False,False,False,,
25,327,can,gripper_slip,always_help,1.0,True,True,True,10.0,
25,327,can,gripper_slip,oracle_value,,True,True,True,10.0,1.0
25,327,can,gripper_slip,value_gate,0.1,True,True,True,70.0,0.9749830365180969
25,327,can,gripper_slip,value_gate,0.25,True,True,True,70.0,0.9749830365180969
25,327,can,gripper_slip,value_gate,0.5,True,True,True,70.0,0.9749830365180969
25,327,can,gripper_slip,value_gate,0.75,True,True,True,70.0,0.9749830365180969
25,327,can,gripper_slip,risk_gate,0.1,False,False,False,,
25,327,can,gripper_slip,risk_gate,0.25,True,True,True,10.0,0.9289821982383728
25,327,can,gripper_slip,risk_gate,0.5,True,True,True,10.0,0.9289821982383728
25,327,can,gripper_slip,risk_gate,0.75,True,True,True,10.0,0.9289821982383728
25,327,can,gripper_slip,uncertainty_gate,0.1,False,False,False,,
25,327,can,gripper_slip,uncertainty_gate,0.25,True,True,True,90.0,0.16441631317138672
25,327,can,gripper_slip,uncertainty_gate,0.5,True,True,True,70.0,0.036205511540174484
25,327,can,gripper_slip,uncertainty_gate,0.75,True,True,True,50.0,0.004643035586923361
26,327,can,gripper_slip,never_help,0.0,False,False,False,,
26,327,can,gripper_slip,always_help,1.0,True,True,True,10.0,
26,327,can,gripper_slip,oracle_value,,True,True,True,10.0,1.0
26,327,can,gripper_slip,value_gate,0.1,True,True,True,130.0,0.9757676124572754
26,327,can,gripper_slip,value_gate,0.25,True,True,True,70.0,0.9562669396400452
26,327,can,gripper_slip,value_gate,0.5,True,True,True,70.0,0.9562669396400452
26,327,can,gripper_slip,value_gate,0.75,True,True,True,70.0,0.9562669396400452
26,327,can,gripper_slip,risk_gate,0.1,False,False,False,,
26,327,can,gripper_slip,risk_gate,0.25,True,True,True,10.0,0.8798213005065918
26,327,can,gripper_slip,risk_gate,0.5,True,True,True,10.0,0.8798213005065918
26,327,can,gripper_slip,risk_gate,0.75,True,True,True,10.0,0.8798213005065918
26,327,can,gripper_slip,uncertainty_gate,0.1,False,False,False,,
26,327,can,gripper_slip,uncertainty_gate,0.25,False,False,False,,
26,327,can,gripper_slip,uncertainty_gate,0.5,False,False,False,,
26,327,can,gripper_slip,uncertainty_gate,0.75,True,True,True,70.0,0.003467881353572011
27,327,can,gripper_slip,never_help,0.0,False,False,False,,
27,327,can,gripper_slip,always_help,1.0,True,True,True,10.0,
27,327,can,gripper_slip,oracle_value,,True,True,True,10.0,1.0
27,327,can,gripper_slip,value_gate,0.1,False,False,False,,
27,327,can,gripper_slip,value_gate,0.25,False,False,False,,
27,327,can,gripper_slip,value_gate,0.5,True,True,True,110.0,0.9314706921577454
27,327,can,gripper_slip,value_gate,0.75,True,True,True,10.0,0.4661957919597626
27,327,can,gripper_slip,risk_gate,0.1,False,False,False,,
27,327,can,gripper_slip,risk_gate,0.25,False,False,False,,
27,327,can,gripper_slip,risk_gate,0.5,True,True,True,10.0,0.7831206321716309
27,327,can,gripper_slip,risk_gate,0.75,True,True,True,10.0,0.7831206321716309
27,327,can,gripper_slip,uncertainty_gate,0.1,False,False,False,,
27,327,can,gripper_slip,uncertainty_gate,0.25,True,True,True,70.0,0.151352196931839
27,327,can,gripper_slip,uncertainty_gate,0.5,True,True,True,70.0,0.151352196931839
27,327,can,gripper_slip,uncertainty_gate,0.75,True,True,True,70.0,0.151352196931839
28,327,can,gripper_slip,never_help,0.0,False,False,False,,
28,327,can,gripper_slip,always_help,1.0,True,True,True,10.0,
28,327,can,gripper_slip,oracle_value,,True,True,True,10.0,1.0
28,327,can,gripper_slip,value_gate,0.1,False,False,False,,
28,327,can,gripper_slip,value_gate,0.25,True,True,True,50.0,0.9634782075881958
28,327,can,gripper_slip,value_gate,0.5,True,True,True,50.0,0.9634782075881958
28,327,can,gripper_slip,value_gate,0.75,True,True,True,50.0,0.9634782075881958
28,327,can,gripper_slip,risk_gate,0.1,False,False,False,,
28,327,can,gripper_slip,risk_gate,0.25,False,False,False,,
28,327,can,gripper_slip,risk_gate,0.5,False,False,False,,
28,327,can,gripper_slip,risk_gate,0.75,True,True,True,50.0,0.37264278531074524
28,327,can,gripper_slip,uncertainty_gate,0.1,False,False,False,,
28,327,can,gripper_slip,uncertainty_gate,0.25,False,False,False,,
28,327,can,gripper_slip,uncertainty_gate,0.5,False,False,False,,
28,327,can,gripper_slip,uncertainty_gate,0.75,True,True,True,50.0,0.0068390280939638615
29,327,can,gripper_slip,never_help,0.0,False,False,False,,
29,327,can,gripper_slip,always_help,1.0,True,True,True,10.0,
29,327,can,gripper_slip,oracle_value,,True,True,True,10.0,1.0
29,327,can,gripper_slip,value_gate,0.1,False,False,False,,
29,327,can,gripper_slip,value_gate,0.25,True,True,True,70.0,0.9501594305038452
29,327,can,gripper_slip,value_gate,0.5,True,True,True,70.0,0.9501594305038452
29,327,can,gripper_slip,value_gate,0.75,True,True,True,70.0,0.9501594305038452
29,327,can,gripper_slip,risk_gate,0.1,False,False,False,,
29,327,can,gripper_slip,risk_gate,0.25,False,False,False,,
29,327,can,gripper_slip,risk_gate,0.5,True,True,True,10.0,0.8446005582809448
29,327,can,gripper_slip,risk_gate,0.75,True,True,True,10.0,0.8446005582809448
29,327,can,gripper_slip,uncertainty_gate,0.1,True,True,True,90.0,0.17461082339286804
29,327,can,gripper_slip,uncertainty_gate,0.25,True,True,True,90.0,0.17461082339286804
29,327,can,gripper_slip,uncertainty_gate,0.5,True,True,True,90.0,0.17461082339286804
29,327,can,gripper_slip,uncertainty_gate,0.75,True,True,True,50.0,0.01854402758181095
30,327,milk,nominal,never_help,0.0,True,False,False,,
30,327,milk,nominal,always_help,1.0,True,True,False,10.0,
30,327,milk,nominal,oracle_value,,True,False,False,,
30,327,milk,nominal,value_gate,0.1,True,False,False,,
30,327,milk,nominal,value_gate,0.25,True,False,False,,
30,327,milk,nominal,value_gate,0.5,True,False,False,,
30,327,milk,nominal,value_gate,0.75,True,True,False,10.0,0.734307050704956
30,327,milk,nominal,risk_gate,0.1,True,False,False,,
30,327,milk,nominal,risk_gate,0.25,True,False,False,,
30,327,milk,nominal,risk_gate,0.5,True,False,False,,
30,327,milk,nominal,risk_gate,0.75,True,False,False,,
30,327,milk,nominal,uncertainty_gate,0.1,True,False,False,,
30,327,milk,nominal,uncertainty_gate,0.25,True,False,False,,
30,327,milk,nominal,uncertainty_gate,0.5,True,False,False,,
30,327,milk,nominal,uncertainty_gate,0.75,True,False,False,,
31,327,milk,nominal,never_help,0.0,True,False,False,,
31,327,milk,nominal,always_help,1.0,True,True,False,10.0,
31,327,milk,nominal,oracle_value,,True,False,False,,
31,327,milk,nominal,value_gate,0.1,True,False,False,,
31,327,milk,nominal,value_gate,0.25,True,False,False,,
31,327,milk,nominal,value_gate,0.5,True,False,False,,
31,327,milk,nominal,value_gate,0.75,True,True,False,10.0,0.4929235875606537
31,327,milk,nominal,risk_gate,0.1,True,False,False,,
31,327,milk,nominal,risk_gate,0.25,True,False,False,,
31,327,milk,nominal,risk_gate,0.5,True,False,False,,
31,327,milk,nominal,risk_gate,0.75,True,False,False,,
31,327,milk,nominal,uncertainty_gate,0.1,True,False,False,,
31,327,milk,nominal,uncertainty_gate,0.25,True,False,False,,
31,327,milk,nominal,uncertainty_gate,0.5,True,False,False,,
31,327,milk,nominal,uncertainty_gate,0.75,True,True,False,30.0,0.005082287825644016
32,327,milk,nominal,never_help,0.0,True,False,False,,
32,327,milk,nominal,always_help,1.0,True,True,False,10.0,
32,327,milk,nominal,oracle_value,,True,False,False,,
32,327,milk,nominal,value_gate,0.1,True,False,False,,
32,327,milk,nominal,value_gate,0.25,True,False,False,,
32,327,milk,nominal,value_gate,0.5,True,False,False,,
32,327,milk,nominal,value_gate,0.75,True,True,False,10.0,0.7157466411590576
32,327,milk,nominal,risk_gate,0.1,True,False,False,,
32,327,milk,nominal,risk_gate,0.25,True,False,False,,
32,327,milk,nominal,risk_gate,0.5,True,False,False,,
32,327,milk,nominal,risk_gate,0.75,True,False,False,,
32,327,milk,nominal,uncertainty_gate,0.1,True,False,False,,
32,327,milk,nominal,uncertainty_gate,0.25,True,False,False,,
32,327,milk,nominal,uncertainty_gate,0.5,True,False,False,,
32,327,milk,nominal,uncertainty_gate,0.75,True,True,False,70.0,0.0034467640798538923
33,327,milk,nominal,never_help,0.0,True,False,False,,
33,327,milk,nominal,always_help,1.0,True,True,False,10.0,
33,327,milk,nominal,oracle_value,,True,False,False,,
33,327,milk,nominal,value_gate,0.1,True,False,False,,
33,327,milk,nominal,value_gate,0.25,True,False,False,,
33,327,milk,nominal,value_gate,0.5,True,False,False,,
33,327,milk,nominal,value_gate,0.75,True,True,False,30.0,0.5644143223762512
33,327,milk,nominal,risk_gate,0.1,True,False,False,,
33,327,milk,nominal,risk_gate,0.25,True,False,False,,
33,327,milk,nominal,risk_gate,0.5,True,False,False,,
33,327,milk,nominal,risk_gate,0.75,True,False,False,,
33,327,milk,nominal,uncertainty_gate,0.1,True,False,False,,
33,327,milk,nominal,uncertainty_gate,0.25,True,False,False,,
33,327,milk,nominal,uncertainty_gate,0.5,True,False,False,,
33,327,milk,nominal,uncertainty_gate,0.75,True,False,False,,
34,327,milk,nominal,never_help,0.0,True,False,False,,
34,327,milk,nominal,always_help,1.0,True,True,False,10.0,
34,327,milk,nominal,oracle_value,,True,False,False,,
34,327,milk,nominal,value_gate,0.1,True,False,False,,
34,327,milk,nominal,value_gate,0.25,True,False,False,,
34,327,milk,nominal,value_gate,0.5,True,False,False,,
34,327,milk,nominal,value_gate,0.75,True,True,False,10.0,0.6110758185386658
34,327,milk,nominal,risk_gate,0.1,True,False,False,,
34,327,milk,nominal,risk_gate,0.25,True,False,False,,
34,327,milk,nominal,risk_gate,0.5,True,False,False,,
34,327,milk,nominal,risk_gate,0.75,True,False,False,,
34,327,milk,nominal,uncertainty_gate,0.1,True,False,False,,
34,327,milk,nominal,uncertainty_gate,0.25,True,False,False,,
34,327,milk,nominal,uncertainty_gate,0.5,True,False,False,,
34,327,milk,nominal,uncertainty_gate,0.75,True,True,False,50.0,0.011830964125692844
35,327,milk,nominal,never_help,0.0,True,False,False,,
35,327,milk,nominal,always_help,1.0,True,True,False,10.0,
35,327,milk,nominal,oracle_value,,True,False,False,,
35,327,milk,nominal,value_gate,0.1,True,False,False,,
35,327,milk,nominal,value_gate,0.25,True,False,False,,
35,327,milk,nominal,value_gate,0.5,True,False,False,,
35,327,milk,nominal,value_gate,0.75,True,True,False,10.0,0.6592065691947937
35,327,milk,nominal,risk_gate,0.1,True,False,False,,
35,327,milk,nominal,risk_gate,0.25,True,False,False,,
35,327,milk,nominal,risk_gate,0.5,True,False,False,,
35,327,milk,nominal,risk_gate,0.75,True,True,False,10.0,0.5960531830787659
35,327,milk,nominal,uncertainty_gate,0.1,True,False,False,,
35,327,milk,nominal,uncertainty_gate,0.25,True,False,False,,
35,327,milk,nominal,uncertainty_gate,0.5,True,False,False,,
35,327,milk,nominal,uncertainty_gate,0.75,True,True,False,10.0,0.006680517457425594
36,327,milk,object_shift,never_help,0.0,True,False,False,,
36,327,milk,object_shift,always_help,1.0,True,True,False,10.0,
36,327,milk,object_shift,oracle_value,,True,False,False,,
36,327,milk,object_shift,value_gate,0.1,True,False,False,,
36,327,milk,object_shift,value_gate,0.25,True,False,False,,
36,327,milk,object_shift,value_gate,0.5,True,False,False,,
36,327,milk,object_shift,value_gate,0.75,True,True,False,10.0,0.7130458950996399
36,327,milk,object_shift,risk_gate,0.1,True,False,False,,
36,327,milk,object_shift,risk_gate,0.25,True,False,False,,
36,327,milk,object_shift,risk_gate,0.5,True,False,False,,
36,327,milk,object_shift,risk_gate,0.75,True,False,False,,
36,327,milk,object_shift,uncertainty_gate,0.1,True,False,False,,
36,327,milk,object_shift,uncertainty_gate,0.25,True,False,False,,
36,327,milk,object_shift,uncertainty_gate,0.5,True,False,False,,
36,327,milk,object_shift,uncertainty_gate,0.75,True,False,False,,
37,327,milk,object_shift,never_help,0.0,True,False,False,,
37,327,milk,object_shift,always_help,1.0,True,True,False,10.0,
37,327,milk,object_shift,oracle_value,,True,False,False,,
37,327,milk,object_shift,value_gate,0.1,True,False,False,,
37,327,milk,object_shift,value_gate,0.25,True,False,False,,
37,327,milk,object_shift,value_gate,0.5,True,False,False,,
37,327,milk,object_shift,value_gate,0.75,True,True,False,10.0,0.48928993940353394
37,327,milk,object_shift,risk_gate,0.1,True,False,False,,
37,327,milk,object_shift,risk_gate,0.25,True,False,False,,
37,327,milk,object_shift,risk_gate,0.5,True,False,False,,
37,327,milk,object_shift,risk_gate,0.75,True,False,False,,
37,327,milk,object_shift,uncertainty_gate,0.1,True,False,False,,
37,327,milk,object_shift,uncertainty_gate,0.25,True,False,False,,
37,327,milk,object_shift,uncertainty_gate,0.5,True,False,False,,
37,327,milk,object_shift,uncertainty_gate,0.75,True,False,False,,
38,327,milk,object_shift,never_help,0.0,True,False,False,,
38,327,milk,object_shift,always_help,1.0,True,True,False,10.0,
38,327,milk,object_shift,oracle_value,,True,False,False,,
38,327,milk,object_shift,value_gate,0.1,True,False,False,,
38,327,milk,object_shift,value_gate,0.25,True,False,False,,
38,327,milk,object_shift,value_gate,0.5,True,False,False,,
38,327,milk,object_shift,value_gate,0.75,True,False,False,,
38,327,milk,object_shift,risk_gate,0.1,True,False,False,,
38,327,milk,object_shift,risk_gate,0.25,True,False,False,,
38,327,milk,object_shift,risk_gate,0.5,True,False,False,,
38,327,milk,object_shift,risk_gate,0.75,True,False,False,,
38,327,milk,object_shift,uncertainty_gate,0.1,True,False,False,,
38,327,milk,object_shift,uncertainty_gate,0.25,True,False,False,,
38,327,milk,object_shift,uncertainty_gate,0.5,True,False,False,,
38,327,milk,object_shift,uncertainty_gate,0.75,True,True,False,30.0,0.0036119476426392794
39,327,milk,object_shift,never_help,0.0,False,False,False,,
39,327,milk,object_shift,always_help,1.0,True,True,True,10.0,
39,327,milk,object_shift,oracle_value,,True,True,True,10.0,1.0
39,327,milk,object_shift,value_gate,0.1,False,False,False,,
39,327,milk,object_shift,value_gate,0.25,False,False,False,,
39,327,milk,object_shift,value_gate,0.5,True,True,True,50.0,0.841686487197876
39,327,milk,object_shift,value_gate,0.75,True,True,True,30.0,0.6150277256965637
39,327,milk,object_shift,risk_gate,0.1,False,False,False,,
39,327,milk,object_shift,risk_gate,0.25,False,False,False,,
39,327,milk,object_shift,risk_gate,0.5,True,True,True,30.0,0.8127687573432922
39,327,milk,object_shift,risk_gate,0.75,True,True,True,30.0,0.8127687573432922
39,327,milk,object_shift,uncertainty_gate,0.1,True,True,True,110.0,0.19160781800746918
39,327,milk,object_shift,uncertainty_gate,0.25,True,True,True,30.0,0.09505294263362885
39,327,milk,object_shift,uncertainty_gate,0.5,True,True,True,10.0,0.026675870642066002
39,327,milk,object_shift,uncertainty_gate,0.75,True,True,True,10.0,0.026675870642066002
40,327,milk,object_shift,never_help,0.0,False,False,False,,
40,327,milk,object_shift,always_help,1.0,True,True,True,10.0,
40,327,milk,object_shift,oracle_value,,True,True,True,10.0,1.0
40,327,milk,object_shift,value_gate,0.1,False,False,False,,
40,327,milk,object_shift,value_gate,0.25,False,False,False,,
40,327,milk,object_shift,value_gate,0.5,False,True,False,30.0,0.8169084191322327
40,327,milk,object_shift,value_gate,0.75,True,True,True,10.0,0.6114357709884644
40,327,milk,object_shift,risk_gate,0.1,False,True,False,30.0,0.9613417983055115
40,327,milk,object_shift,risk_gate,0.25,False,True,False,30.0,0.9613417983055115
40,327,milk,object_shift,risk_gate,0.5,False,True,False,30.0,0.9613417983055115
40,327,milk,object_shift,risk_gate,0.75,False,True,False,30.0,0.9613417983055115
40,327,milk,object_shift,uncertainty_gate,0.1,False,False,False,,
40,327,milk,object_shift,uncertainty_gate,0.25,False,True,False,110.0,0.10986454039812088
40,327,milk,object_shift,uncertainty_gate,0.5,False,True,False,110.0,0.10986454039812088
40,327,milk,object_shift,uncertainty_gate,0.75,False,True,False,30.0,0.005433825310319662
41,327,milk,object_shift,never_help,0.0,True,False,False,,
41,327,milk,object_shift,always_help,1.0,True,True,False,10.0,
41,327,milk,object_shift,oracle_value,,True,False,False,,
41,327,milk,object_shift,value_gate,0.1,True,False,False,,
41,327,milk,object_shift,value_gate,0.25,True,False,False,,
41,327,milk,object_shift,value_gate,0.5,True,False,False,,
41,327,milk,object_shift,value_gate,0.75,True,True,False,10.0,0.4947720170021057
41,327,milk,object_shift,risk_gate,0.1,True,False,False,,
41,327,milk,object_shift,risk_gate,0.25,True,False,False,,
41,327,milk,object_shift,risk_gate,0.5,True,False,False,,
41,327,milk,object_shift,risk_gate,0.75,True,False,False,,
41,327,milk,object_shift,uncertainty_gate,0.1,True,False,False,,
41,327,milk,object_shift,uncertainty_gate,0.25,True,False,False,,
41,327,milk,object_shift,uncertainty_gate,0.5,True,False,False,,
41,327,milk,object_shift,uncertainty_gate,0.75,True,True,False,50.0,0.0034357530530542135
42,327,milk,action_noise,never_help,0.0,True,False,False,,
42,327,milk,action_noise,always_help,1.0,True,True,False,10.0,
42,327,milk,action_noise,oracle_value,,True,False,False,,
42,327,milk,action_noise,value_gate,0.1,True,False,False,,
42,327,milk,action_noise,value_gate,0.25,True,False,False,,
42,327,milk,action_noise,value_gate,0.5,True,False,False,,
42,327,milk,action_noise,value_gate,0.75,True,True,False,10.0,0.5736233592033386
42,327,milk,action_noise,risk_gate,0.1,True,False,False,,
42,327,milk,action_noise,risk_gate,0.25,True,False,False,,
42,327,milk,action_noise,risk_gate,0.5,True,False,False,,
42,327,milk,action_noise,risk_gate,0.75,True,True,False,10.0,0.6895870566368103
42,327,milk,action_noise,uncertainty_gate,0.1,True,False,False,,
42,327,milk,action_noise,uncertainty_gate,0.25,True,False,False,,
42,327,milk,action_noise,uncertainty_gate,0.5,True,False,False,,
42,327,milk,action_noise,uncertainty_gate,0.75,True,False,False,,
43,327,milk,action_noise,never_help,0.0,True,False,False,,
43,327,milk,action_noise,always_help,1.0,True,True,False,10.0,
43,327,milk,action_noise,oracle_value,,True,False,False,,
43,327,milk,action_noise,value_gate,0.1,True,False,False,,
43,327,milk,action_noise,value_gate,0.25,True,False,False,,
43,327,milk,action_noise,value_gate,0.5,True,False,False,,
43,327,milk,action_noise,value_gate,0.75,True,True,False,10.0,0.7706485390663147
43,327,milk,action_noise,risk_gate,0.1,True,False,False,,
43,327,milk,action_noise,risk_gate,0.25,True,False,False,,
43,327,milk,action_noise,risk_gate,0.5,True,False,False,,
43,327,milk,action_noise,risk_gate,0.75,True,True,False,10.0,0.6295052170753479
43,327,milk,action_noise,uncertainty_gate,0.1,True,False,False,,
43,327,milk,action_noise,uncertainty_gate,0.25,True,False,False,,
43,327,milk,action_noise,uncertainty_gate,0.5,True,False,False,,
43,327,milk,action_noise,uncertainty_gate,0.75,True,False,False,,
44,327,milk,action_noise,never_help,0.0,True,False,False,,
44,327,milk,action_noise,always_help,1.0,True,True,False,10.0,
44,327,milk,action_noise,oracle_value,,True,False,False,,
44,327,milk,action_noise,value_gate,0.1,True,False,False,,
44,327,milk,action_noise,value_gate,0.25,True,False,False,,
44,327,milk,action_noise,value_gate,0.5,True,False,False,,
44,327,milk,action_noise,value_gate,0.75,True,True,False,10.0,0.544895589351654
44,327,milk,action_noise,risk_gate,0.1,True,False,False,,
44,327,milk,action_noise,risk_gate,0.25,True,False,False,,
44,327,milk,action_noise,risk_gate,0.5,True,True,False,10.0,0.8623736500740051
44,327,milk,action_noise,risk_gate,0.75,True,True,False,10.0,0.8623736500740051
44,327,milk,action_noise,uncertainty_gate,0.1,True,False,False,,
44,327,milk,action_noise,uncertainty_gate,0.25,True,False,False,,
44,327,milk,action_noise,uncertainty_gate,0.5,True,False,False,,
44,327,milk,action_noise,uncertainty_gate,0.75,True,False,False,,
45,327,milk,action_noise,never_help,0.0,True,False,False,,
45,327,milk,action_noise,always_help,1.0,True,True,False,10.0,
45,327,milk,action_noise,oracle_value,,True,False,False,,
45,327,milk,action_noise,value_gate,0.1,True,False,False,,
45,327,milk,action_noise,value_gate,0.25,True,False,False,,
45,327,milk,action_noise,value_gate,0.5,True,False,False,,
45,327,milk,action_noise,value_gate,0.75,True,True,False,10.0,0.5883156657218933
45,327,milk,action_noise,risk_gate,0.1,True,False,False,,
45,327,milk,action_noise,risk_gate,0.25,True,False,False,,
45,327,milk,action_noise,risk_gate,0.5,True,False,False,,
45,327,milk,action_noise,risk_gate,0.75,True,True,False,10.0,0.45990559458732605
45,327,milk,action_noise,uncertainty_gate,0.1,True,False,False,,
45,327,milk,action_noise,uncertainty_gate,0.25,True,False,False,,
45,327,milk,action_noise,uncertainty_gate,0.5,True,False,False,,
45,327,milk,action_noise,uncertainty_gate,0.75,True,False,False,,
46,327,milk,action_noise,never_help,0.0,True,False,False,,
46,327,milk,action_noise,always_help,1.0,True,True,False,10.0,
46,327,milk,action_noise,oracle_value,,True,False,False,,
46,327,milk,action_noise,value_gate,0.1,True,False,False,,
46,327,milk,action_noise,value_gate,0.25,True,False,False,,
46,327,milk,action_noise,value_gate,0.5,True,False,False,,
46,327,milk,action_noise,value_gate,0.75,True,False,False,,
46,327,milk,action_noise,risk_gate,0.1,True,True,False,10.0,0.9747562408447266
46,327,milk,action_noise,risk_gate,0.25,True,True,False,10.0,0.9747562408447266
46,327,milk,action_noise,risk_gate,0.5,True,True,False,10.0,0.9747562408447266
46,327,milk,action_noise,risk_gate,0.75,True,True,False,10.0,0.9747562408447266
46,327,milk,action_noise,uncertainty_gate,0.1,True,False,False,,
46,327,milk,action_noise,uncertainty_gate,0.25,True,False,False,,
46,327,milk,action_noise,uncertainty_gate,0.5,True,False,False,,
46,327,milk,action_noise,uncertainty_gate,0.75,True,False,False,,
47,327,milk,action_noise,never_help,0.0,True,False,False,,
47,327,milk,action_noise,always_help,1.0,True,True,False,10.0,
47,327,milk,action_noise,oracle_value,,True,False,False,,
47,327,milk,action_noise,value_gate,0.1,True,False,False,,
47,327,milk,action_noise,value_gate,0.25,True,False,False,,
47,327,milk,action_noise,value_gate,0.5,True,False,False,,
47,327,milk,action_noise,value_gate,0.75,True,True,False,30.0,0.7041030526161194
47,327,milk,action_noise,risk_gate,0.1,True,False,False,,
47,327,milk,action_noise,risk_gate,0.25,True,False,False,,
47,327,milk,action_noise,risk_gate,0.5,True,False,False,,
47,327,milk,action_noise,risk_gate,0.75,True,False,False,,
47,327,milk,action_noise,uncertainty_gate,0.1,True,False,False,,
47,327,milk,action_noise,uncertainty_gate,0.25,True,False,False,,
47,327,milk,action_noise,uncertainty_gate,0.5,True,False,False,,
47,327,milk,action_noise,uncertainty_gate,0.75,True,False,False,,
48,327,milk,action_delay,never_help,0.0,False,False,False,,
48,327,milk,action_delay,always_help,1.0,True,True,True,10.0,
48,327,milk,action_delay,oracle_value,,True,True,True,10.0,1.0
48,327,milk,action_delay,value_gate,0.1,False,False,False,,
48,327,milk,action_delay,value_gate,0.25,False,False,False,,
48,327,milk,action_delay,value_gate,0.5,True,True,True,50.0,0.9216592311859131
48,327,milk,action_delay,value_gate,0.75,True,True,True,10.0,0.7789357304573059
48,327,milk,action_delay,risk_gate,0.1,False,False,False,,
48,327,milk,action_delay,risk_gate,0.25,False,False,False,,
48,327,milk,action_delay,risk_gate,0.5,False,False,False,,
48,327,milk,action_delay,risk_gate,0.75,True,True,True,50.0,0.35242193937301636
48,327,milk,action_delay,uncertainty_gate,0.1,False,False,False,,
48,327,milk,action_delay,uncertainty_gate,0.25,False,False,False,,
48,327,milk,action_delay,uncertainty_gate,0.5,True,True,True,50.0,0.04282330349087715
48,327,milk,action_delay,uncertainty_gate,0.75,True,True,True,30.0,0.004741914104670286
49,327,milk,action_delay,never_help,0.0,False,False,False,,
49,327,milk,action_delay,always_help,1.0,True,True,True,10.0,
49,327,milk,action_delay,oracle_value,,True,True,True,10.0,1.0
49,327,milk,action_delay,value_gate,0.1,False,False,False,,
49,327,milk,action_delay,value_gate,0.25,False,False,False,,
49,327,milk,action_delay,value_gate,0.5,True,True,True,10.0,0.9109106659889221
49,327,milk,action_delay,value_gate,0.75,True,True,True,10.0,0.9109106659889221
49,327,milk,action_delay,risk_gate,0.1,False,False,False,,
49,327,milk,action_delay,risk_gate,0.25,False,False,False,,
49,327,milk,action_delay,risk_gate,0.5,False,False,False,,
49,327,milk,action_delay,risk_gate,0.75,False,True,False,130.0,0.5129754543304443
49,327,milk,action_delay,uncertainty_gate,0.1,False,False,False,,
49,327,milk,action_delay,uncertainty_gate,0.25,False,False,False,,
49,327,milk,action_delay,uncertainty_gate,0.5,True,True,True,30.0,0.06754399091005325
49,327,milk,action_delay,uncertainty_gate,0.75,True,True,True,30.0,0.06754399091005325
50,327,milk,action_delay,never_help,0.0,False,False,False,,
50,327,milk,action_delay,always_help,1.0,True,True,True,10.0,
50,327,milk,action_delay,oracle_value,,True,True,True,10.0,1.0
50,327,milk,action_delay,value_gate,0.1,False,False,False,,
50,327,milk,action_delay,value_gate,0.25,False,False,False,,
50,327,milk,action_delay,value_gate,0.5,True,True,True,10.0,0.8513504266738892
50,327,milk,action_delay,value_gate,0.75,True,True,True,10.0,0.8513504266738892
50,327,milk,action_delay,risk_gate,0.1,False,False,False,,
50,327,milk,action_delay,risk_gate,0.25,False,False,False,,
50,327,milk,action_delay,risk_gate,0.5,False,False,False,,
50,327,milk,action_delay,risk_gate,0.75,True,True,True,30.0,0.6897836327552795
50,327,milk,action_delay,uncertainty_gate,0.1,False,False,False,,
50,327,milk,action_delay,uncertainty_gate,0.25,False,False,False,,
50,327,milk,action_delay,uncertainty_gate,0.5,False,True,False,130.0,0.046123601496219635
50,327,milk,action_delay,uncertainty_gate,0.75,False,True,False,50.0,0.007901842705905437
51,327,milk,action_delay,never_help,0.0,False,False,False,,
51,327,milk,action_delay,always_help,1.0,True,True,True,10.0,
51,327,milk,action_delay,oracle_value,,True,True,True,10.0,1.0
51,327,milk,action_delay,value_gate,0.1,False,False,False,,
51,327,milk,action_delay,value_gate,0.25,True,True,True,10.0,0.9691633582115173
51,327,milk,action_delay,value_gate,0.5,True,True,True,10.0,0.9691633582115173
51,327,milk,action_delay,value_gate,0.75,True,True,True,10.0,0.9691633582115173
51,327,milk,action_delay,risk_gate,0.1,False,False,False,,
51,327,milk,action_delay,risk_gate,0.25,False,False,False,,
51,327,milk,action_delay,risk_gate,0.5,False,False,False,,
51,327,milk,action_delay,risk_gate,0.75,True,True,True,70.0,0.4019536077976227
51,327,milk,action_delay,uncertainty_gate,0.1,False,False,False,,
51,327,milk,action_delay,uncertainty_gate,0.25,False,True,False,90.0,0.10149730741977692
51,327,milk,action_delay,uncertainty_gate,0.5,True,True,True,70.0,0.02913811430335045
51,327,milk,action_delay,uncertainty_gate,0.75,True,True,True,30.0,0.005969473626464605
52,327,milk,action_delay,never_help,0.0,False,False,False,,
52,327,milk,action_delay,always_help,1.0,True,True,True,10.0,
52,327,milk,action_delay,oracle_value,,True,True,True,10.0,1.0
52,327,milk,action_delay,value_gate,0.1,False,False,False,,
52,327,milk,action_delay,value_gate,0.25,False,False,False,,
52,327,milk,action_delay,value_gate,0.5,True,True,True,10.0,0.9228996634483337
52,327,milk,action_delay,value_gate,0.75,True,True,True,10.0,0.9228996634483337
52,327,milk,action_delay,risk_gate,0.1,False,False,False,,
52,327,milk,action_delay,risk_gate,0.25,False,False,False,,
52,327,milk,action_delay,risk_gate,0.5,False,False,False,,
52,327,milk,action_delay,risk_gate,0.75,True,True,True,70.0,0.4442594051361084
52,327,milk,action_delay,uncertainty_gate,0.1,False,False,False,,
52,327,milk,action_delay,uncertainty_gate,0.25,True,True,True,90.0,0.11370665580034256
52,327,milk,action_delay,uncertainty_gate,0.5,True,True,True,70.0,0.0493847094476223
52,327,milk,action_delay,uncertainty_gate,0.75,True,True,True,10.0,0.004240121226757765
53,327,milk,action_delay,never_help,0.0,False,False,False,,
53,327,milk,action_delay,always_help,1.0,True,True,True,10.0,
53,327,milk,action_delay,oracle_value,,True,True,True,10.0,1.0
53,327,milk,action_delay,value_gate,0.1,False,False,False,,
53,327,milk,action_delay,value_gate,0.25,False,False,False,,
53,327,milk,action_delay,value_gate,0.5,True,True,True,10.0,0.9062131643295288
53,327,milk,action_delay,value_gate,0.75,True,True,True,10.0,0.9062131643295288
53,327,milk,action_delay,risk_gate,0.1,False,False,False,,
53,327,milk,action_delay,risk_gate,0.25,False,False,False,,
53,327,milk,action_delay,risk_gate,0.5,False,False,False,,
53,327,milk,action_delay,risk_gate,0.75,True,True,True,70.0,0.3631570041179657
53,327,milk,action_delay,uncertainty_gate,0.1,True,True,True,70.0,0.18419580161571503
53,327,milk,action_delay,uncertainty_gate,0.25,True,True,True,70.0,0.18419580161571503
53,327,milk,action_delay,uncertainty_gate,0.5,False,True,False,30.0,0.02909625694155693
53,327,milk,action_delay,uncertainty_gate,0.75,False,True,False,30.0,0.02909625694155693
54,327,milk,gripper_slip,never_help,0.0,False,False,False,,
54,327,milk,gripper_slip,always_help,1.0,True,True,True,10.0,
54,327,milk,gripper_slip,oracle_value,,True,True,True,10.0,1.0
54,327,milk,gripper_slip,value_gate,0.1,False,False,False,,
54,327,milk,gripper_slip,value_gate,0.25,False,False,False,,
54,327,milk,gripper_slip,value_gate,0.5,True,True,True,90.0,0.8675338625907898
54,327,milk,gripper_slip,value_gate,0.75,True,True,True,30.0,0.46975916624069214
54,327,milk,gripper_slip,risk_gate,0.1,False,False,False,,
54,327,milk,gripper_slip,risk_gate,0.25,True,True,True,10.0,0.9398516416549683
54,327,milk,gripper_slip,risk_gate,0.5,True,True,True,10.0,0.9398516416549683
54,327,milk,gripper_slip,risk_gate,0.75,True,True,True,10.0,0.9398516416549683
54,327,milk,gripper_slip,uncertainty_gate,0.1,True,True,True,90.0,0.19220273196697235
54,327,milk,gripper_slip,uncertainty_gate,0.25,True,True,True,50.0,0.11924765259027481
54,327,milk,gripper_slip,uncertainty_gate,0.5,True,True,True,50.0,0.11924765259027481
54,327,milk,gripper_slip,uncertainty_gate,0.75,True,True,True,50.0,0.11924765259027481
55,327,milk,gripper_slip,never_help,0.0,False,False,False,,
55,327,milk,gripper_slip,always_help,1.0,True,True,True,10.0,
55,327,milk,gripper_slip,oracle_value,,True,True,True,10.0,1.0
55,327,milk,gripper_slip,value_gate,0.1,False,False,False,,
55,327,milk,gripper_slip,value_gate,0.25,True,True,True,50.0,0.9565097689628601
55,327,milk,gripper_slip,value_gate,0.5,True,True,True,50.0,0.9565097689628601
55,327,milk,gripper_slip,value_gate,0.75,True,True,True,10.0,0.5704022645950317
55,327,milk,gripper_slip,risk_gate,0.1,False,False,False,,
55,327,milk,gripper_slip,risk_gate,0.25,True,True,True,50.0,0.9163980484008789
55,327,milk,gripper_slip,risk_gate,0.5,True,True,True,50.0,0.9163980484008789
55,327,milk,gripper_slip,risk_gate,0.75,True,True,True,50.0,0.9163980484008789
55,327,milk,gripper_slip,uncertainty_gate,0.1,False,False,False,,
55,327,milk,gripper_slip,uncertainty_gate,0.25,True,True,True,70.0,0.15837962925434113
55,327,milk,gripper_slip,uncertainty_gate,0.5,True,True,True,50.0,0.03893264755606651
55,327,milk,gripper_slip,uncertainty_gate,0.75,True,True,True,50.0,0.03893264755606651
56,327,milk,gripper_slip,never_help,0.0,False,False,False,,
56,327,milk,gripper_slip,always_help,1.0,True,True,True,10.0,
56,327,milk,gripper_slip,oracle_value,,True,True,True,10.0,1.0
56,327,milk,gripper_slip,value_gate,0.1,False,False,False,,
56,327,milk,gripper_slip,value_gate,0.25,False,False,False,,
56,327,milk,gripper_slip,value_gate,0.5,True,True,True,70.0,0.8729277849197388
56,327,milk,gripper_slip,value_gate,0.75,True,True,True,10.0,0.6837872862815857
56,327,milk,gripper_slip,risk_gate,0.1,False,True,False,110.0,0.9857155680656433
56,327,milk,gripper_slip,risk_gate,0.25,False,True,False,110.0,0.9857155680656433
56,327,milk,gripper_slip,risk_gate,0.5,True,True,True,10.0,0.875349223613739
56,327,milk,gripper_slip,risk_gate,0.75,True,True,True,10.0,0.875349223613739
56,327,milk,gripper_slip,uncertainty_gate,0.1,False,False,False,,
56,327,milk,gripper_slip,uncertainty_gate,0.25,False,False,False,,
56,327,milk,gripper_slip,uncertainty_gate,0.5,True,True,True,50.0,0.02370755933225155
56,327,milk,gripper_slip,uncertainty_gate,0.75,True,True,True,50.0,0.02370755933225155
57,327,milk,gripper_slip,never_help,0.0,False,False,False,,
57,327,milk,gripper_slip,always_help,1.0,True,True,True,10.0,
57,327,milk,gripper_slip,oracle_value,,True,True,True,10.0,1.0
57,327,milk,gripper_slip,value_gate,0.1,False,False,False,,
57,327,milk,gripper_slip,value_gate,0.25,False,False,False,,
57,327,milk,gripper_slip,value_gate,0.5,True,True,True,50.0,0.8693896532058716
57,327,milk,gripper_slip,value_gate,0.75,True,True,True,10.0,0.5195208787918091
57,327,milk,gripper_slip,risk_gate,0.1,False,False,False,,
57,327,milk,gripper_slip,risk_gate,0.25,False,False,False,,
57,327,milk,gripper_slip,risk_gate,0.5,True,True,True,10.0,0.7567915320396423
57,327,milk,gripper_slip,risk_gate,0.75,True,True,True,10.0,0.7567915320396423
57,327,milk,gripper_slip,uncertainty_gate,0.1,False,False,False,,
57,327,milk,gripper_slip,uncertainty_gate,0.25,True,True,True,70.0,0.12627942860126495
57,327,milk,gripper_slip,uncertainty_gate,0.5,True,True,True,10.0,0.02526547573506832
57,327,milk,gripper_slip,uncertainty_gate,0.75,True,True,True,10.0,0.02526547573506832
58,327,milk,gripper_slip,never_help,0.0,False,False,False,,
58,327,milk,gripper_slip,always_help,1.0,True,True,True,10.0,
58,327,milk,gripper_slip,oracle_value,,True,True,True,10.0,1.0
58,327,milk,gripper_slip,value_gate,0.1,False,False,False,,
58,327,milk,gripper_slip,value_gate,0.25,False,False,False,,
58,327,milk,gripper_slip,value_gate,0.5,False,True,False,50.0,0.9240468144416809
58,327,milk,gripper_slip,value_gate,0.75,True,True,True,30.0,0.49874064326286316
58,327,milk,gripper_slip,risk_gate,0.1,True,True,True,10.0,0.97074955701828
58,327,milk,gripper_slip,risk_gate,0.25,True,True,True,10.0,0.97074955701828
58,327,milk,gripper_slip,risk_gate,0.5,True,True,True,10.0,0.97074955701828
58,327,milk,gripper_slip,risk_gate,0.75,True,True,True,10.0,0.97074955701828
58,327,milk,gripper_slip,uncertainty_gate,0.1,False,True,False,130.0,0.1738806813955307
58,327,milk,gripper_slip,uncertainty_gate,0.25,False,True,False,110.0,0.09315121918916702
58,327,milk,gripper_slip,uncertainty_gate,0.5,True,True,True,70.0,0.03322554752230644
58,327,milk,gripper_slip,uncertainty_gate,0.75,False,True,False,50.0,0.006710775662213564
59,327,milk,gripper_slip,never_help,0.0,False,False,False,,
59,327,milk,gripper_slip,always_help,1.0,True,True,True,10.0,
59,327,milk,gripper_slip,oracle_value,,True,True,True,10.0,1.0
59,327,milk,gripper_slip,value_gate,0.1,False,False,False,,
59,327,milk,gripper_slip,value_gate,0.25,False,False,False,,
59,327,milk,gripper_slip,value_gate,0.5,True,True,True,50.0,0.8960534930229187
59,327,milk,gripper_slip,value_gate,0.75,True,True,True,10.0,0.6532747149467468
59,327,milk,gripper_slip,risk_gate,0.1,True,True,True,50.0,0.9849407076835632
59,327,milk,gripper_slip,risk_gate,0.25,True,True,True,50.0,0.9849407076835632
59,327,milk,gripper_slip,risk_gate,0.5,True,True,True,50.0,0.9849407076835632
59,327,milk,gripper_slip,risk_gate,0.75,True,True,True,50.0,0.9849407076835632
59,327,milk,gripper_slip,uncertainty_gate,0.1,False,False,False,,
59,327,milk,gripper_slip,uncertainty_gate,0.25,False,False,False,,
59,327,milk,gripper_slip,uncertainty_gate,0.5,True,True,True,50.0,0.0285115335136652
59,327,milk,gripper_slip,uncertainty_gate,0.75,True,True,True,50.0,0.0285115335136652
60,327,bread,nominal,never_help,0.0,False,False,False,,
60,327,bread,nominal,always_help,1.0,True,True,True,10.0,
60,327,bread,nominal,oracle_value,,True,True,True,10.0,1.0
60,327,bread,nominal,value_gate,0.1,False,False,False,,
60,327,bread,nominal,value_gate,0.25,True,True,True,50.0,0.9635980725288391
60,327,bread,nominal,value_gate,0.5,True,True,True,50.0,0.9635980725288391
60,327,bread,nominal,value_gate,0.75,True,True,True,30.0,0.7337533831596375
60,327,bread,nominal,risk_gate,0.1,False,False,False,,
60,327,bread,nominal,risk_gate,0.25,True,True,True,90.0,0.9453518390655518
60,327,bread,nominal,risk_gate,0.5,True,True,True,90.0,0.9453518390655518
60,327,bread,nominal,risk_gate,0.75,True,True,True,10.0,0.5042863488197327
60,327,bread,nominal,uncertainty_gate,0.1,False,False,False,,
60,327,bread,nominal,uncertainty_gate,0.25,False,False,False,,
60,327,bread,nominal,uncertainty_gate,0.5,True,True,True,70.0,0.04091367498040199
60,327,bread,nominal,uncertainty_gate,0.75,True,True,True,50.0,0.018820643424987793
61,327,bread,nominal,never_help,0.0,False,False,False,,
61,327,bread,nominal,always_help,1.0,True,True,True,10.0,
61,327,bread,nominal,oracle_value,,True,True,True,10.0,1.0
61,327,bread,nominal,value_gate,0.1,False,False,False,,
61,327,bread,nominal,value_gate,0.25,True,True,True,110.0,0.9654872417449951
61,327,bread,nominal,value_gate,0.5,True,True,True,30.0,0.8905545473098755
61,327,bread,nominal,value_gate,0.75,True,True,True,10.0,0.5983160734176636
61,327,bread,nominal,risk_gate,0.1,False,False,False,,
61,327,bread,nominal,risk_gate,0.25,False,False,False,,
61,327,bread,nominal,risk_gate,0.5,True,True,True,110.0,0.8094186186790466
61,327,bread,nominal,risk_gate,0.75,True,True,True,30.0,0.4544152021408081
61,327,bread,nominal,uncertainty_gate,0.1,False,False,False,,
61,327,bread,nominal,uncertainty_gate,0.25,False,False,False,,
61,327,bread,nominal,uncertainty_gate,0.5,True,True,True,90.0,0.040181875228881836
61,327,bread,nominal,uncertainty_gate,0.75,True,True,True,30.0,0.006092085503041744
62,327,bread,nominal,never_help,0.0,False,False,False,,
62,327,bread,nominal,always_help,1.0,True,True,True,10.0,
62,327,bread,nominal,oracle_value,,True,True,True,10.0,1.0
62,327,bread,nominal,value_gate,0.1,True,True,True,50.0,0.9731191396713257
62,327,bread,nominal,value_gate,0.25,True,True,True,50.0,0.9731191396713257
62,327,bread,nominal,value_gate,0.5,True,True,True,30.0,0.8270028829574585
62,327,bread,nominal,value_gate,0.75,True,True,True,10.0,0.5883732438087463
62,327,bread,nominal,risk_gate,0.1,False,False,False,,
62,327,bread,nominal,risk_gate,0.25,False,False,False,,
62,327,bread,nominal,risk_gate,0.5,True,True,True,70.0,0.7552618384361267
62,327,bread,nominal,risk_gate,0.75,True,True,True,10.0,0.5298214554786682
62,327,bread,nominal,uncertainty_gate,0.1,True,True,True,70.0,0.22593753039836884
62,327,bread,nominal,uncertainty_gate,0.25,True,True,True,70.0,0.22593753039836884
62,327,bread,nominal,uncertainty_gate,0.5,True,True,True,70.0,0.22593753039836884
62,327,bread,nominal,uncertainty_gate,0.75,True,True,True,50.0,0.013721587136387825
63,327,bread,nominal,never_help,0.0,False,False,False,,
63,327,bread,nominal,always_help,1.0,True,True,True,10.0,
63,327,bread,nominal,oracle_value,,True,True,True,10.0,1.0
63,327,bread,nominal,value_gate,0.1,False,False,False,,
63,327,bread,nominal,value_gate,0.25,False,False,False,,
63,327,bread,nominal,value_gate,0.5,True,True,True,50.0,0.8105326890945435
63,327,bread,nominal,value_gate,0.75,True,True,True,50.0,0.8105326890945435
63,327,bread,nominal,risk_gate,0.1,False,False,False,,
63,327,bread,nominal,risk_gate,0.25,False,False,False,,
63,327,bread,nominal,risk_gate,0.5,False,False,False,,
63,327,bread,nominal,risk_gate,0.75,True,True,True,10.0,0.46866387128829956
63,327,bread,nominal,uncertainty_gate,0.1,False,False,False,,
63,327,bread,nominal,uncertainty_gate,0.25,False,False,False,,
63,327,bread,nominal,uncertainty_gate,0.5,True,True,True,130.0,0.03596746549010277
63,327,bread,nominal,uncertainty_gate,0.75,True,True,True,50.0,0.008337787352502346
64,327,bread,nominal,never_help,0.0,False,False,False,,
64,327,bread,nominal,always_help,1.0,False,True,False,10.0,
64,327,bread,nominal,oracle_value,,False,False,False,,
64,327,bread,nominal,value_gate,0.1,False,False,False,,
64,327,bread,nominal,value_gate,0.25,False,False,False,,
64,327,bread,nominal,value_gate,0.5,False,False,False,,
64,327,bread,nominal,value_gate,0.75,False,True,False,30.0,0.6499998569488525
64,327,bread,nominal,risk_gate,0.1,False,False,False,,
64,327,bread,nominal,risk_gate,0.25,False,False,False,,
64,327,bread,nominal,risk_gate,0.5,False,False,False,,
64,327,bread,nominal,risk_gate,0.75,False,True,False,10.0,0.4579722583293915
64,327,bread,nominal,uncertainty_gate,0.1,False,False,False,,
64,327,bread,nominal,uncertainty_gate,0.25,False,True,False,130.0,0.13733960688114166
64,327,bread,nominal,uncertainty_gate,0.5,False,True,False,110.0,0.0411825068295002
64,327,bread,nominal,uncertainty_gate,0.75,False,True,False,50.0,0.003857595380395651
65,327,bread,nominal,never_help,0.0,True,False,False,,
65,327,bread,nominal,always_help,1.0,True,True,False,10.0,
65,327,bread,nominal,oracle_value,,True,False,False,,
65,327,bread,nominal,value_gate,0.1,True,False,False,,
65,327,bread,nominal,value_gate,0.25,True,False,False,,
65,327,bread,nominal,value_gate,0.5,True,False,False,,
65,327,bread,nominal,value_gate,0.75,True,True,False,10.0,0.7606028914451599
65,327,bread,nominal,risk_gate,0.1,True,False,False,,
65,327,bread,nominal,risk_gate,0.25,True,False,False,,
65,327,bread,nominal,risk_gate,0.5,True,False,False,,
65,327,bread,nominal,risk_gate,0.75,True,True,False,10.0,0.7113707661628723
65,327,bread,nominal,uncertainty_gate,0.1,True,False,False,,
65,327,bread,nominal,uncertainty_gate,0.25,True,False,False,,
65,327,bread,nominal,uncertainty_gate,0.5,True,False,False,,
65,327,bread,nominal,uncertainty_gate,0.75,True,False,False,,
66,327,bread,object_shift,never_help,0.0,True,False,False,,
66,327,bread,object_shift,always_help,1.0,True,True,False,10.0,
66,327,bread,object_shift,oracle_value,,True,False,False,,
66,327,bread,object_shift,value_gate,0.1,True,False,False,,
66,327,bread,object_shift,value_gate,0.25,True,False,False,,
66,327,bread,object_shift,value_gate,0.5,True,False,False,,
66,327,bread,object_shift,value_gate,0.75,True,True,False,30.0,0.6165112853050232
66,327,bread,object_shift,risk_gate,0.1,True,False,False,,
66,327,bread,object_shift,risk_gate,0.25,True,False,False,,
66,327,bread,object_shift,risk_gate,0.5,True,False,False,,
66,327,bread,object_shift,risk_gate,0.75,True,False,False,,
66,327,bread,object_shift,uncertainty_gate,0.1,True,False,False,,
66,327,bread,object_shift,uncertainty_gate,0.25,True,False,False,,
66,327,bread,object_shift,uncertainty_gate,0.5,True,False,False,,
66,327,bread,object_shift,uncertainty_gate,0.75,True,True,False,110.0,0.004652086179703474
67,327,bread,object_shift,never_help,0.0,False,False,False,,
67,327,bread,object_shift,always_help,1.0,True,True,True,10.0,
67,327,bread,object_shift,oracle_value,,True,True,True,10.0,1.0
67,327,bread,object_shift,value_gate,0.1,False,False,False,,
67,327,bread,object_shift,value_gate,0.25,True,True,True,110.0,0.9490989446640015
67,327,bread,object_shift,value_gate,0.5,True,True,True,30.0,0.8397895097732544
67,327,bread,object_shift,value_gate,0.75,True,True,True,30.0,0.8397895097732544
67,327,bread,object_shift,risk_gate,0.1,False,False,False,,
67,327,bread,object_shift,risk_gate,0.25,False,False,False,,
67,327,bread,object_shift,risk_gate,0.5,True,True,True,110.0,0.7736698389053345
67,327,bread,object_shift,risk_gate,0.75,True,True,True,110.0,0.7736698389053345
67,327,bread,object_shift,uncertainty_gate,0.1,False,False,False,,
67,327,bread,object_shift,uncertainty_gate,0.25,False,False,False,,
67,327,bread,object_shift,uncertainty_gate,0.5,True,True,True,70.0,0.04793188348412514
67,327,bread,object_shift,uncertainty_gate,0.75,True,True,True,30.0,0.004352953750640154
68,327,bread,object_shift,never_help,0.0,False,False,False,,
68,327,bread,object_shift,always_help,1.0,True,True,True,10.0,
68,327,bread,object_shift,oracle_value,,True,True,True,10.0,1.0
68,327,bread,object_shift,value_gate,0.1,False,False,False,,
68,327,bread,object_shift,value_gate,0.25,False,False,False,,
68,327,bread,object_shift,value_gate,0.5,False,False,False,,
68,327,bread,object_shift,value_gate,0.75,True,True,True,30.0,0.6244530081748962
68,327,bread,object_shift,risk_gate,0.1,False,False,False,,
68,327,bread,object_shift,risk_gate,0.25,False,False,False,,
68,327,bread,object_shift,risk_gate,0.5,False,False,False,,
68,327,bread,object_shift,risk_gate,0.75,True,True,True,10.0,0.5465933680534363
68,327,bread,object_shift,uncertainty_gate,0.1,False,False,False,,
68,327,bread,object_shift,uncertainty_gate,0.25,False,False,False,,
68,327,bread,object_shift,uncertainty_gate,0.5,False,True,False,70.0,0.03704744204878807
68,327,bread,object_shift,uncertainty_gate,0.75,False,True,False,70.0,0.03704744204878807
69,327,bread,object_shift,never_help,0.0,False,False,False,,
69,327,bread,object_shift,always_help,1.0,True,True,True,10.0,
69,327,bread,object_shift,oracle_value,,True,True,True,10.0,1.0
69,327,bread,object_shift,value_gate,0.1,False,False,False,,
69,327,bread,object_shift,value_gate,0.25,False,False,False,,
69,327,bread,object_shift,value_gate,0.5,False,False,False,,
69,327,bread,object_shift,value_gate,0.75,False,False,False,,
69,327,bread,object_shift,risk_gate,0.1,False,False,False,,
69,327,bread,object_shift,risk_gate,0.25,False,False,False,,
69,327,bread,object_shift,risk_gate,0.5,False,False,False,,
69,327,bread,object_shift,risk_gate,0.75,True,True,True,10.0,0.34936875104904175
69,327,bread,object_shift,uncertainty_gate,0.1,False,False,False,,
69,327,bread,object_shift,uncertainty_gate,0.25,False,False,False,,
69,327,bread,object_shift,uncertainty_gate,0.5,False,False,False,,
69,327,bread,object_shift,uncertainty_gate,0.75,True,True,True,30.0,0.0033436312805861235
70,327,bread,object_shift,never_help,0.0,False,False,False,,
70,327,bread,object_shift,always_help,1.0,True,True,True,10.0,
70,327,bread,object_shift,oracle_value,,True,True,True,10.0,1.0
70,327,bread,object_shift,value_gate,0.1,True,True,True,130.0,0.9730142951011658
70,327,bread,object_shift,value_gate,0.25,True,True,True,30.0,0.962889552116394
70,327,bread,object_shift,value_gate,0.5,True,True,True,30.0,0.962889552116394
70,327,bread,object_shift,value_gate,0.75,True,True,True,30.0,0.962889552116394
70,327,bread,object_shift,risk_gate,0.1,False,False,False,,
70,327,bread,object_shift,risk_gate,0.25,False,False,False,,
70,327,bread,object_shift,risk_gate,0.5,True,True,True,130.0,0.8395097255706787
70,327,bread,object_shift,risk_gate,0.75,True,True,True,130.0,0.8395097255706787
70,327,bread,object_shift,uncertainty_gate,0.1,False,False,False,,
70,327,bread,object_shift,uncertainty_gate,0.25,False,False,False,,
70,327,bread,object_shift,uncertainty_gate,0.5,False,False,False,,
70,327,bread,object_shift,uncertainty_gate,0.75,False,True,False,70.0,0.004829570185393095
71,327,bread,object_shift,never_help,0.0,False,False,False,,
71,327,bread,object_shift,always_help,1.0,True,True,True,10.0,
71,327,bread,object_shift,oracle_value,,True,True,True,10.0,1.0
71,327,bread,object_shift,value_gate,0.1,False,False,False,,
71,327,bread,object_shift,value_gate,0.25,False,True,False,130.0,0.9581395983695984
71,327,bread,object_shift,value_gate,0.5,False,True,False,70.0,0.7915342450141907
71,327,bread,object_shift,value_gate,0.75,True,True,True,10.0,0.4765012264251709
71,327,bread,object_shift,risk_gate,0.1,False,False,False,,
71,327,bread,object_shift,risk_gate,0.25,False,False,False,,
71,327,bread,object_shift,risk_gate,0.5,False,True,False,130.0,0.8371102213859558
71,327,bread,object_shift,risk_gate,0.75,True,True,True,10.0,0.38801687955856323
71,327,bread,object_shift,uncertainty_gate,0.1,False,False,False,,
71,327,bread,object_shift,uncertainty_gate,0.25,False,False,False,,
71,327,bread,object_shift,uncertainty_gate,0.5,False,True,False,130.0,0.025540953502058983
71,327,bread,object_shift,uncertainty_gate,0.75,True,True,True,30.0,0.0035305607598274946
72,327,bread,action_noise,never_help,0.0,False,False,False,,
72,327,bread,action_noise,always_help,1.0,True,True,True,10.0,
72,327,bread,action_noise,oracle_value,,True,True,True,10.0,1.0
72,327,bread,action_noise,value_gate,0.1,True,True,True,110.0,0.9726378917694092
72,327,bread,action_noise,value_gate,0.25,True,True,True,110.0,0.9726378917694092
72,327,bread,action_noise,value_gate,0.5,True,True,True,110.0,0.9726378917694092
72,327,bread,action_noise,value_gate,0.75,True,True,True,10.0,0.6151949167251587
72,327,bread,action_noise,risk_gate,0.1,False,False,False,,
72,327,bread,action_noise,risk_gate,0.25,False,False,False,,
72,327,bread,action_noise,risk_gate,0.5,True,True,True,110.0,0.7698668837547302
72,327,bread,action_noise,risk_gate,0.75,True,True,True,10.0,0.3544241786003113
72,327,bread,action_noise,uncertainty_gate,0.1,False,False,False,,
72,327,bread,action_noise,uncertainty_gate,0.25,False,False,False,,
72,327,bread,action_noise,uncertainty_gate,0.5,False,True,False,90.0,0.02360970340669155
72,327,bread,action_noise,uncertainty_gate,0.75,True,True,True,30.0,0.0035685559269040823
73,327,bread,action_noise,never_help,0.0,False,False,False,,
73,327,bread,action_noise,always_help,1.0,True,True,True,10.0,
73,327,bread,action_noise,oracle_value,,True,True,True,10.0,1.0
73,327,bread,action_noise,value_gate,0.1,False,False,False,,
73,327,bread,action_noise,value_gate,0.25,False,False,False,,
73,327,bread,action_noise,value_gate,0.5,True,True,True,130.0,0.8784269094467163
73,327,bread,action_noise,value_gate,0.75,True,True,True,110.0,0.5182707905769348
73,327,bread,action_noise,risk_gate,0.1,False,False,False,,
73,327,bread,action_noise,risk_gate,0.25,True,True,True,130.0,0.8829237222671509
73,327,bread,action_noise,risk_gate,0.5,True,True,True,130.0,0.8829237222671509
73,327,bread,action_noise,risk_gate,0.75,True,True,True,10.0,0.5743018984794617
73,327,bread,action_noise,uncertainty_gate,0.1,False,False,False,,
73,327,bread,action_noise,uncertainty_gate,0.25,False,False,False,,
73,327,bread,action_noise,uncertainty_gate,0.5,True,True,True,110.0,0.046299077570438385
73,327,bread,action_noise,uncertainty_gate,0.75,False,True,False,50.0,0.014283967204391956
74,327,bread,action_noise,never_help,0.0,False,False,False,,
74,327,bread,action_noise,always_help,1.0,True,True,True,10.0,
74,327,bread,action_noise,oracle_value,,True,True,True,10.0,1.0
74,327,bread,action_noise,value_gate,0.1,True,True,True,30.0,0.9770111441612244
74,327,bread,action_noise,value_gate,0.25,True,True,True,30.0,0.9770111441612244
74,327,bread,action_noise,value_gate,0.5,True,True,True,10.0,0.8677547574043274
74,327,bread,action_noise,value_gate,0.75,True,True,True,10.0,0.8677547574043274
74,327,bread,action_noise,risk_gate,0.1,False,False,False,,
74,327,bread,action_noise,risk_gate,0.25,True,True,True,30.0,0.8969409465789795
74,327,bread,action_noise,risk_gate,0.5,True,True,True,30.0,0.8969409465789795
74,327,bread,action_noise,risk_gate,0.75,True,True,True,10.0,0.47990232706069946
74,327,bread,action_noise,uncertainty_gate,0.1,False,False,False,,
74,327,bread,action_noise,uncertainty_gate,0.25,False,False,False,,
74,327,bread,action_noise,uncertainty_gate,0.5,True,True,True,50.0,0.05037865415215492
74,327,bread,action_noise,uncertainty_gate,0.75,True,True,True,10.0,0.004846084862947464
75,327,bread,action_noise,never_help,0.0,False,False,False,,
75,327,bread,action_noise,always_help,1.0,True,True,True,10.0,
75,327,bread,action_noise,oracle_value,,True,True,True,10.0,1.0
75,327,bread,action_noise,value_gate,0.1,False,False,False,,
75,327,bread,action_noise,value_gate,0.25,True,True,True,30.0,0.9692783951759338
75,327,bread,action_noise,value_gate,0.5,True,True,True,30.0,0.9692783951759338
75,327,bread,action_noise,value_gate,0.75,True,True,True,10.0,0.7035656571388245
75,327,bread,action_noise,risk_gate,0.1,False,False,False,,
75,327,bread,action_noise,risk_gate,0.25,False,False,False,,
75,327,bread,action_noise,risk_gate,0.5,False,False,False,,
75,327,bread,action_noise,risk_gate,0.75,True,True,True,30.0,0.41267913579940796
75,327,bread,action_noise,uncertainty_gate,0.1,False,False,False,,
75,327,bread,action_noise,uncertainty_gate,0.25,False,False,False,,
75,327,bread,action_noise,uncertainty_gate,0.5,True,True,True,70.0,0.03358326852321625
75,327,bread,action_noise,uncertainty_gate,0.75,True,True,True,10.0,0.005497652105987072
76,327,bread,action_noise,never_help,0.0,True,False,False,,
76,327,bread,action_noise,always_help,1.0,True,True,False,10.0,
76,327,bread,action_noise,oracle_value,,True,False,False,,
76,327,bread,action_noise,value_gate,0.1,True,False,False,,
76,327,bread,action_noise,value_gate,0.25,True,False,False,,
76,327,bread,action_noise,value_gate,0.5,True,False,False,,
76,327,bread,action_noise,value_gate,0.75,True,True,False,10.0,0.5320267677307129
76,327,bread,action_noise,risk_gate,0.1,True,False,False,,
76,327,bread,action_noise,risk_gate,0.25,True,False,False,,
76,327,bread,action_noise,risk_gate,0.5,True,False,False,,
76,327,bread,action_noise,risk_gate,0.75,True,False,False,,
76,327,bread,action_noise,uncertainty_gate,0.1,True,False,False,,
76,327,bread,action_noise,uncertainty_gate,0.25,True,False,False,,
76,327,bread,action_noise,uncertainty_gate,0.5,True,False,False,,
76,327,bread,action_noise,uncertainty_gate,0.75,True,False,False,,
77,327,bread,action_noise,never_help,0.0,False,False,False,,
77,327,bread,action_noise,always_help,1.0,True,True,True,10.0,
77,327,bread,action_noise,oracle_value,,True,True,True,10.0,1.0
77,327,bread,action_noise,value_gate,0.1,False,False,False,,
77,327,bread,action_noise,value_gate,0.25,True,True,True,110.0,0.9599897265434265
77,327,bread,action_noise,value_gate,0.5,True,True,True,30.0,0.8221588134765625
77,327,bread,action_noise,value_gate,0.75,True,True,True,10.0,0.7766736149787903
77,327,bread,action_noise,risk_gate,0.1,True,True,True,10.0,0.9806339740753174
77,327,bread,action_noise,risk_gate,0.25,True,True,True,10.0,0.9806339740753174
77,327,bread,action_noise,risk_gate,0.5,True,True,True,10.0,0.9806339740753174
77,327,bread,action_noise,risk_gate,0.75,True,True,True,10.0,0.9806339740753174
77,327,bread,action_noise,uncertainty_gate,0.1,True,True,True,110.0,0.24291284382343292
77,327,bread,action_noise,uncertainty_gate,0.25,True,True,True,110.0,0.24291284382343292
77,327,bread,action_noise,uncertainty_gate,0.5,True,True,True,90.0,0.03481395170092583
77,327,bread,action_noise,uncertainty_gate,0.75,True,True,True,30.0,0.0040938230231404305
78,327,bread,action_delay,never_help,0.0,True,False,False,,
78,327,bread,action_delay,always_help,1.0,True,True,False,10.0,
78,327,bread,action_delay,oracle_value,,True,False,False,,
78,327,bread,action_delay,value_gate,0.1,True,False,False,,
78,327,bread,action_delay,value_gate,0.25,True,False,False,,
78,327,bread,action_delay,value_gate,0.5,True,True,False,30.0,0.9413700699806213
78,327,bread,action_delay,value_gate,0.75,True,True,False,10.0,0.596720814704895
78,327,bread,action_delay,risk_gate,0.1,True,False,False,,
78,327,bread,action_delay,risk_gate,0.25,True,False,False,,
78,327,bread,action_delay,risk_gate,0.5,True,False,False,,
78,327,bread,action_delay,risk_gate,0.75,True,True,False,30.0,0.582043468952179
78,327,bread,action_delay,uncertainty_gate,0.1,True,False,False,,
78,327,bread,action_delay,uncertainty_gate,0.25,True,True,False,30.0,0.12510423362255096
78,327,bread,action_delay,uncertainty_gate,0.5,True,True,False,30.0,0.12510423362255096
78,327,bread,action_delay,uncertainty_gate,0.75,True,True,False,30.0,0.12510423362255096
79,327,bread,action_delay,never_help,0.0,False,False,False,,
79,327,bread,action_delay,always_help,1.0,True,True,True,10.0,
79,327,bread,action_delay,oracle_value,,True,True,True,10.0,1.0
79,327,bread,action_delay,value_gate,0.1,False,False,False,,
79,327,bread,action_delay,value_gate,0.25,True,True,True,10.0,0.9476132392883301
79,327,bread,action_delay,value_gate,0.5,True,True,True,10.0,0.9476132392883301
79,327,bread,action_delay,value_gate,0.75,True,True,True,10.0,0.9476132392883301
79,327,bread,action_delay,risk_gate,0.1,False,False,False,,
79,327,bread,action_delay,risk_gate,0.25,False,False,False,,
79,327,bread,action_delay,risk_gate,0.5,False,False,False,,
79,327,bread,action_delay,risk_gate,0.75,False,False,False,,
79,327,bread,action_delay,uncertainty_gate,0.1,False,False,False,,
79,327,bread,action_delay,uncertainty_gate,0.25,False,False,False,,
79,327,bread,action_delay,uncertainty_gate,0.5,True,True,True,130.0,0.05780792981386185
79,327,bread,action_delay,uncertainty_gate,0.75,True,True,True,110.0,0.009924364276230335
80,327,bread,action_delay,never_help,0.0,False,False,False,,
80,327,bread,action_delay,always_help,1.0,True,True,True,10.0,
80,327,bread,action_delay,oracle_value,,True,True,True,10.0,1.0
80,327,bread,action_delay,value_gate,0.1,False,False,False,,
80,327,bread,action_delay,value_gate,0.25,True,True,True,50.0,0.9494781494140625
80,327,bread,action_delay,value_gate,0.5,True,True,True,50.0,0.9494781494140625
80,327,bread,action_delay,value_gate,0.75,True,True,True,10.0,0.462452232837677
80,327,bread,action_delay,risk_gate,0.1,False,False,False,,
80,327,bread,action_delay,risk_gate,0.25,False,False,False,,
80,327,bread,action_delay,risk_gate,0.5,True,True,True,110.0,0.8348135948181152
80,327,bread,action_delay,risk_gate,0.75,True,True,True,110.0,0.8348135948181152
80,327,bread,action_delay,uncertainty_gate,0.1,False,False,False,,
80,327,bread,action_delay,uncertainty_gate,0.25,True,True,True,50.0,0.1103203296661377
80,327,bread,action_delay,uncertainty_gate,0.5,True,True,True,50.0,0.1103203296661377
80,327,bread,action_delay,uncertainty_gate,0.75,True,True,True,50.0,0.1103203296661377
81,327,bread,action_delay,never_help,0.0,False,False,False,,
81,327,bread,action_delay,always_help,1.0,True,True,True,10.0,
81,327,bread,action_delay,oracle_value,,True,True,True,10.0,1.0
81,327,bread,action_delay,value_gate,0.1,False,False,False,,
81,327,bread,action_delay,value_gate,0.25,True,True,True,50.0,0.9511716365814209
81,327,bread,action_delay,value_gate,0.5,True,True,True,50.0,0.9511716365814209
81,327,bread,action_delay,value_gate,0.75,True,True,True,50.0,0.9511716365814209
81,327,bread,action_delay,risk_gate,0.1,False,False,False,,
81,327,bread,action_delay,risk_gate,0.25,False,False,False,,
81,327,bread,action_delay,risk_gate,0.5,True,True,True,110.0,0.7752276062965393
81,327,bread,action_delay,risk_gate,0.75,True,True,True,110.0,0.7752276062965393
81,327,bread,action_delay,uncertainty_gate,0.1,False,False,False,,
81,327,bread,action_delay,uncertainty_gate,0.25,True,True,True,50.0,0.12037665396928787
81,327,bread,action_delay,uncertainty_gate,0.5,True,True,True,50.0,0.12037665396928787
81,327,bread,action_delay,uncertainty_gate,0.75,True,True,True,50.0,0.12037665396928787
82,327,bread,action_delay,never_help,0.0,True,False,False,,
82,327,bread,action_delay,always_help,1.0,True,True,False,10.0,
82,327,bread,action_delay,oracle_value,,True,False,False,,
82,327,bread,action_delay,value_gate,0.1,True,False,False,,
82,327,bread,action_delay,value_gate,0.25,True,False,False,,
82,327,bread,action_delay,value_gate,0.5,True,True,False,10.0,0.9166574478149414
82,327,bread,action_delay,value_gate,0.75,True,True,False,10.0,0.9166574478149414
82,327,bread,action_delay,risk_gate,0.1,True,False,False,,
82,327,bread,action_delay,risk_gate,0.25,True,False,False,,
82,327,bread,action_delay,risk_gate,0.5,True,False,False,,
82,327,bread,action_delay,risk_gate,0.75,True,False,False,,
82,327,bread,action_delay,uncertainty_gate,0.1,True,False,False,,
82,327,bread,action_delay,uncertainty_gate,0.25,True,False,False,,
82,327,bread,action_delay,uncertainty_gate,0.5,True,False,False,,
82,327,bread,action_delay,uncertainty_gate,0.75,True,False,False,,
83,327,bread,action_delay,never_help,0.0,True,False,False,,
83,327,bread,action_delay,always_help,1.0,True,True,False,10.0,
83,327,bread,action_delay,oracle_value,,True,False,False,,
83,327,bread,action_delay,value_gate,0.1,True,False,False,,
83,327,bread,action_delay,value_gate,0.25,True,False,False,,
83,327,bread,action_delay,value_gate,0.5,True,False,False,,
83,327,bread,action_delay,value_gate,0.75,True,True,False,10.0,0.6410513520240784
83,327,bread,action_delay,risk_gate,0.1,True,False,False,,
83,327,bread,action_delay,risk_gate,0.25,True,False,False,,
83,327,bread,action_delay,risk_gate,0.5,True,False,False,,
83,327,bread,action_delay,risk_gate,0.75,True,False,False,,
83,327,bread,action_delay,uncertainty_gate,0.1,True,False,False,,
83,327,bread,action_delay,uncertainty_gate,0.25,True,False,False,,
83,327,bread,action_delay,uncertainty_gate,0.5,True,False,False,,
83,327,bread,action_delay,uncertainty_gate,0.75,True,True,False,110.0,0.014233258552849293
84,327,bread,gripper_slip,never_help,0.0,False,False,False,,
84,327,bread,gripper_slip,always_help,1.0,True,True,True,10.0,
84,327,bread,gripper_slip,oracle_value,,True,True,True,10.0,1.0
84,327,bread,gripper_slip,value_gate,0.1,False,False,False,,
84,327,bread,gripper_slip,value_gate,0.25,False,False,False,,
84,327,bread,gripper_slip,value_gate,0.5,False,False,False,,
84,327,bread,gripper_slip,value_gate,0.75,False,False,False,,
84,327,bread,gripper_slip,risk_gate,0.1,False,False,False,,
84,327,bread,gripper_slip,risk_gate,0.25,False,False,False,,
84,327,bread,gripper_slip,risk_gate,0.5,False,False,False,,
84,327,bread,gripper_slip,risk_gate,0.75,False,False,False,,
84,327,bread,gripper_slip,uncertainty_gate,0.1,False,False,False,,
84,327,bread,gripper_slip,uncertainty_gate,0.25,False,False,False,,
84,327,bread,gripper_slip,uncertainty_gate,0.5,False,True,False,130.0,0.033193301409482956
84,327,bread,gripper_slip,uncertainty_gate,0.75,True,True,True,50.0,0.016907641664147377
85,327,bread,gripper_slip,never_help,0.0,False,False,False,,
85,327,bread,gripper_slip,always_help,1.0,True,True,True,10.0,
85,327,bread,gripper_slip,oracle_value,,True,True,True,10.0,1.0
85,327,bread,gripper_slip,value_gate,0.1,False,False,False,,
85,327,bread,gripper_slip,value_gate,0.25,False,False,False,,
85,327,bread,gripper_slip,value_gate,0.5,True,True,True,50.0,0.8003193140029907
85,327,bread,gripper_slip,value_gate,0.75,True,True,True,30.0,0.5532817840576172
85,327,bread,gripper_slip,risk_gate,0.1,False,False,False,,
85,327,bread,gripper_slip,risk_gate,0.25,False,False,False,,
85,327,bread,gripper_slip,risk_gate,0.5,True,True,True,10.0,0.7628208994865417
85,327,bread,gripper_slip,risk_gate,0.75,True,True,True,10.0,0.7628208994865417
85,327,bread,gripper_slip,uncertainty_gate,0.1,False,False,False,,
85,327,bread,gripper_slip,uncertainty_gate,0.25,False,False,False,,
85,327,bread,gripper_slip,uncertainty_gate,0.5,True,True,True,50.0,0.033516623079776764
85,327,bread,gripper_slip,uncertainty_gate,0.75,True,True,True,50.0,0.033516623079776764
86,327,bread,gripper_slip,never_help,0.0,False,False,False,,
86,327,bread,gripper_slip,always_help,1.0,True,True,True,10.0,
86,327,bread,gripper_slip,oracle_value,,True,True,True,10.0,1.0
86,327,bread,gripper_slip,value_gate,0.1,False,False,False,,
86,327,bread,gripper_slip,value_gate,0.25,True,True,True,50.0,0.9705266356468201
86,327,bread,gripper_slip,value_gate,0.5,True,True,True,30.0,0.8939186930656433
86,327,bread,gripper_slip,value_gate,0.75,True,True,True,10.0,0.6041152477264404
86,327,bread,gripper_slip,risk_gate,0.1,False,False,False,,
86,327,bread,gripper_slip,risk_gate,0.25,False,False,False,,
86,327,bread,gripper_slip,risk_gate,0.5,True,True,True,70.0,0.7319251894950867
86,327,bread,gripper_slip,risk_gate,0.75,True,True,True,10.0,0.5193967819213867
86,327,bread,gripper_slip,uncertainty_gate,0.1,False,False,False,,
86,327,bread,gripper_slip,uncertainty_gate,0.25,False,False,False,,
86,327,bread,gripper_slip,uncertainty_gate,0.5,False,False,False,,
86,327,bread,gripper_slip,uncertainty_gate,0.75,True,True,True,50.0,0.008237862959504128
87,327,bread,gripper_slip,never_help,0.0,False,False,False,,
87,327,bread,gripper_slip,always_help,1.0,True,True,True,10.0,
87,327,bread,gripper_slip,oracle_value,,True,True,True,10.0,1.0
87,327,bread,gripper_slip,value_gate,0.1,False,False,False,,
87,327,bread,gripper_slip,value_gate,0.25,True,True,True,70.0,0.9506590962409973
87,327,bread,gripper_slip,value_gate,0.5,True,True,True,30.0,0.9338814616203308
87,327,bread,gripper_slip,value_gate,0.75,True,True,True,10.0,0.48255646228790283
87,327,bread,gripper_slip,risk_gate,0.1,False,False,False,,
87,327,bread,gripper_slip,risk_gate,0.25,False,False,False,,
87,327,bread,gripper_slip,risk_gate,0.5,True,True,True,110.0,0.8028779029846191
87,327,bread,gripper_slip,risk_gate,0.75,True,True,True,10.0,0.3423800468444824
87,327,bread,gripper_slip,uncertainty_gate,0.1,False,False,False,,
87,327,bread,gripper_slip,uncertainty_gate,0.25,True,True,True,70.0,0.11390813440084457
87,327,bread,gripper_slip,uncertainty_gate,0.5,True,True,True,50.0,0.06176075339317322
87,327,bread,gripper_slip,uncertainty_gate,0.75,True,True,True,50.0,0.06176075339317322
88,327,bread,gripper_slip,never_help,0.0,False,False,False,,
88,327,bread,gripper_slip,always_help,1.0,True,True,True,10.0,
88,327,bread,gripper_slip,oracle_value,,True,True,True,10.0,1.0
88,327,bread,gripper_slip,value_gate,0.1,False,False,False,,
88,327,bread,gripper_slip,value_gate,0.25,True,True,True,50.0,0.9675362706184387
88,327,bread,gripper_slip,value_gate,0.5,True,True,True,50.0,0.9675362706184387
88,327,bread,gripper_slip,value_gate,0.75,True,True,True,30.0,0.48938843607902527
88,327,bread,gripper_slip,risk_gate,0.1,False,False,False,,
88,327,bread,gripper_slip,risk_gate,0.25,True,True,True,70.0,0.8824407458305359
88,327,bread,gripper_slip,risk_gate,0.5,True,True,True,70.0,0.8824407458305359
88,327,bread,gripper_slip,risk_gate,0.75,True,True,True,10.0,0.6134377717971802
88,327,bread,gripper_slip,uncertainty_gate,0.1,False,False,False,,
88,327,bread,gripper_slip,uncertainty_gate,0.25,False,False,False,,
88,327,bread,gripper_slip,uncertainty_gate,0.5,True,True,True,50.0,0.09120867401361465
88,327,bread,gripper_slip,uncertainty_gate,0.75,True,True,True,50.0,0.09120867401361465
89,327,bread,gripper_slip,never_help,0.0,False,False,False,,
89,327,bread,gripper_slip,always_help,1.0,True,True,True,10.0,
89,327,bread,gripper_slip,oracle_value,,True,True,True,10.0,1.0
89,327,bread,gripper_slip,value_gate,0.1,False,False,False,,
89,327,bread,gripper_slip,value_gate,0.25,True,True,True,30.0,0.9510210752487183
89,327,bread,gripper_slip,value_gate,0.5,True,True,True,30.0,0.9510210752487183
89,327,bread,gripper_slip,value_gate,0.75,True,True,True,10.0,0.5920712351799011
89,327,bread,gripper_slip,risk_gate,0.1,False,False,False,,
89,327,bread,gripper_slip,risk_gate,0.25,True,True,True,90.0,0.911257266998291
89,327,bread,gripper_slip,risk_gate,0.5,True,True,True,90.0,0.911257266998291
89,327,bread,gripper_slip,risk_gate,0.75,True,True,True,10.0,0.41107413172721863
89,327,bread,gripper_slip,uncertainty_gate,0.1,False,False,False,,
89,327,bread,gripper_slip,uncertainty_gate,0.25,False,False,False,,
89,327,bread,gripper_slip,uncertainty_gate,0.5,True,True,True,70.0,0.024010898545384407
89,327,bread,gripper_slip,uncertainty_gate,0.75,True,True,True,50.0,0.006695381365716457
90,327,cereal,nominal,never_help,0.0,True,False,False,,
90,327,cereal,nominal,always_help,1.0,True,True,False,10.0,
90,327,cereal,nominal,oracle_value,,True,False,False,,
90,327,cereal,nominal,value_gate,0.1,True,False,False,,
90,327,cereal,nominal,value_gate,0.25,True,False,False,,
90,327,cereal,nominal,value_gate,0.5,True,False,False,,
90,327,cereal,nominal,value_gate,0.75,True,True,False,30.0,0.500451385974884
90,327,cereal,nominal,risk_gate,0.1,True,False,False,,
90,327,cereal,nominal,risk_gate,0.25,True,False,False,,
90,327,cereal,nominal,risk_gate,0.5,True,False,False,,
90,327,cereal,nominal,risk_gate,0.75,True,True,False,10.0,0.47941166162490845
90,327,cereal,nominal,uncertainty_gate,0.1,True,False,False,,
90,327,cereal,nominal,uncertainty_gate,0.25,True,False,False,,
90,327,cereal,nominal,uncertainty_gate,0.5,True,False,False,,
90,327,cereal,nominal,uncertainty_gate,0.75,True,False,False,,
91,327,cereal,nominal,never_help,0.0,True,False,False,,
91,327,cereal,nominal,always_help,1.0,True,True,False,10.0,
91,327,cereal,nominal,oracle_value,,True,False,False,,
91,327,cereal,nominal,value_gate,0.1,True,False,False,,
91,327,cereal,nominal,value_gate,0.25,True,False,False,,
91,327,cereal,nominal,value_gate,0.5,True,False,False,,
91,327,cereal,nominal,value_gate,0.75,True,False,False,,
91,327,cereal,nominal,risk_gate,0.1,True,False,False,,
91,327,cereal,nominal,risk_gate,0.25,True,False,False,,
91,327,cereal,nominal,risk_gate,0.5,True,False,False,,
91,327,cereal,nominal,risk_gate,0.75,True,False,False,,
91,327,cereal,nominal,uncertainty_gate,0.1,True,False,False,,
91,327,cereal,nominal,uncertainty_gate,0.25,True,False,False,,
91,327,cereal,nominal,uncertainty_gate,0.5,True,False,False,,
91,327,cereal,nominal,uncertainty_gate,0.75,True,False,False,,
92,327,cereal,nominal,never_help,0.0,True,False,False,,
92,327,cereal,nominal,always_help,1.0,True,True,False,10.0,
92,327,cereal,nominal,oracle_value,,True,False,False,,
92,327,cereal,nominal,value_gate,0.1,True,False,False,,
92,327,cereal,nominal,value_gate,0.25,True,False,False,,
92,327,cereal,nominal,value_gate,0.5,True,False,False,,
92,327,cereal,nominal,value_gate,0.75,True,True,False,30.0,0.6957069635391235
92,327,cereal,nominal,risk_gate,0.1,True,False,False,,
92,327,cereal,nominal,risk_gate,0.25,True,True,False,10.0,0.9177034497261047
92,327,cereal,nominal,risk_gate,0.5,True,True,False,10.0,0.9177034497261047
92,327,cereal,nominal,risk_gate,0.75,True,True,False,10.0,0.9177034497261047
92,327,cereal,nominal,uncertainty_gate,0.1,True,False,False,,
92,327,cereal,nominal,uncertainty_gate,0.25,True,False,False,,
92,327,cereal,nominal,uncertainty_gate,0.5,True,False,False,,
92,327,cereal,nominal,uncertainty_gate,0.75,True,False,False,,
93,327,cereal,nominal,never_help,0.0,True,False,False,,
93,327,cereal,nominal,always_help,1.0,True,True,False,10.0,
93,327,cereal,nominal,oracle_value,,True,False,False,,
93,327,cereal,nominal,value_gate,0.1,True,False,False,,
93,327,cereal,nominal,value_gate,0.25,True,False,False,,
93,327,cereal,nominal,value_gate,0.5,True,True,False,10.0,0.8296313881874084
93,327,cereal,nominal,value_gate,0.75,True,True,False,10.0,0.8296313881874084
93,327,cereal,nominal,risk_gate,0.1,True,True,False,10.0,0.973743200302124
93,327,cereal,nominal,risk_gate,0.25,True,True,False,10.0,0.973743200302124
93,327,cereal,nominal,risk_gate,0.5,True,True,False,10.0,0.973743200302124
93,327,cereal,nominal,risk_gate,0.75,True,True,False,10.0,0.973743200302124
93,327,cereal,nominal,uncertainty_gate,0.1,True,False,False,,
93,327,cereal,nominal,uncertainty_gate,0.25,True,False,False,,
93,327,cereal,nominal,uncertainty_gate,0.5,True,False,False,,
93,327,cereal,nominal,uncertainty_gate,0.75,True,True,False,70.0,0.00681757228448987
94,327,cereal,nominal,never_help,0.0,True,False,False,,
94,327,cereal,nominal,always_help,1.0,True,True,False,10.0,
94,327,cereal,nominal,oracle_value,,True,False,False,,
94,327,cereal,nominal,value_gate,0.1,True,False,False,,
94,327,cereal,nominal,value_gate,0.25,True,False,False,,
94,327,cereal,nominal,value_gate,0.5,True,False,False,,
94,327,cereal,nominal,value_gate,0.75,True,True,False,30.0,0.5322599411010742
94,327,cereal,nominal,risk_gate,0.1,True,False,False,,
94,327,cereal,nominal,risk_gate,0.25,True,False,False,,
94,327,cereal,nominal,risk_gate,0.5,True,False,False,,
94,327,cereal,nominal,risk_gate,0.75,True,False,False,,
94,327,cereal,nominal,uncertainty_gate,0.1,True,False,False,,
94,327,cereal,nominal,uncertainty_gate,0.25,True,False,False,,
94,327,cereal,nominal,uncertainty_gate,0.5,True,False,False,,
94,327,cereal,nominal,uncertainty_gate,0.75,True,True,False,50.0,0.005703866947442293
95,327,cereal,nominal,never_help,0.0,True,False,False,,
95,327,cereal,nominal,always_help,1.0,True,True,False,10.0,
95,327,cereal,nominal,oracle_value,,True,False,False,,
95,327,cereal,nominal,value_gate,0.1,True,False,False,,
95,327,cereal,nominal,value_gate,0.25,True,False,False,,
95,327,cereal,nominal,value_gate,0.5,True,False,False,,
95,327,cereal,nominal,value_gate,0.75,True,True,False,10.0,0.708918035030365
95,327,cereal,nominal,risk_gate,0.1,True,True,False,10.0,0.9700493812561035
95,327,cereal,nominal,risk_gate,0.25,True,True,False,10.0,0.9700493812561035
95,327,cereal,nominal,risk_gate,0.5,True,True,False,10.0,0.9700493812561035
95,327,cereal,nominal,risk_gate,0.75,True,True,False,10.0,0.9700493812561035
95,327,cereal,nominal,uncertainty_gate,0.1,True,False,False,,
95,327,cereal,nominal,uncertainty_gate,0.25,True,False,False,,
95,327,cereal,nominal,uncertainty_gate,0.5,True,False,False,,
95,327,cereal,nominal,uncertainty_gate,0.75,True,True,False,10.0,0.006507549900561571
96,327,cereal,object_shift,never_help,0.0,False,False,False,,
96,327,cereal,object_shift,always_help,1.0,True,True,True,10.0,
96,327,cereal,object_shift,oracle_value,,True,True,True,10.0,1.0
96,327,cereal,object_shift,value_gate,0.1,False,False,False,,
96,327,cereal,object_shift,value_gate,0.25,False,False,False,,
96,327,cereal,object_shift,value_gate,0.5,True,True,True,30.0,0.8460088968276978
96,327,cereal,object_shift,value_gate,0.75,True,True,True,30.0,0.8460088968276978
96,327,cereal,object_shift,risk_gate,0.1,False,False,False,,
96,327,cereal,object_shift,risk_gate,0.25,False,False,False,,
96,327,cereal,object_shift,risk_gate,0.5,False,False,False,,
96,327,cereal,object_shift,risk_gate,0.75,False,True,False,70.0,0.5111657381057739
96,327,cereal,object_shift,uncertainty_gate,0.1,False,False,False,,
96,327,cereal,object_shift,uncertainty_gate,0.25,False,True,False,70.0,0.1607019603252411
96,327,cereal,object_shift,uncertainty_gate,0.5,False,True,False,70.0,0.1607019603252411
96,327,cereal,object_shift,uncertainty_gate,0.75,True,True,True,30.0,0.010358190163969994
97,327,cereal,object_shift,never_help,0.0,True,False,False,,
97,327,cereal,object_shift,always_help,1.0,True,True,False,10.0,
97,327,cereal,object_shift,oracle_value,,True,False,False,,
97,327,cereal,object_shift,value_gate,0.1,True,False,False,,
97,327,cereal,object_shift,value_gate,0.25,True,False,False,,
97,327,cereal,object_shift,value_gate,0.5,True,False,False,,
97,327,cereal,object_shift,value_gate,0.75,True,False,False,,
97,327,cereal,object_shift,risk_gate,0.1,True,False,False,,
97,327,cereal,object_shift,risk_gate,0.25,True,False,False,,
97,327,cereal,object_shift,risk_gate,0.5,True,False,False,,
97,327,cereal,object_shift,risk_gate,0.75,True,False,False,,
97,327,cereal,object_shift,uncertainty_gate,0.1,True,False,False,,
97,327,cereal,object_shift,uncertainty_gate,0.25,True,False,False,,
97,327,cereal,object_shift,uncertainty_gate,0.5,True,False,False,,
97,327,cereal,object_shift,uncertainty_gate,0.75,True,False,False,,
98,327,cereal,object_shift,never_help,0.0,False,False,False,,
98,327,cereal,object_shift,always_help,1.0,True,True,True,10.0,
98,327,cereal,object_shift,oracle_value,,True,True,True,10.0,1.0
98,327,cereal,object_shift,value_gate,0.1,False,False,False,,
98,327,cereal,object_shift,value_gate,0.25,False,False,False,,
98,327,cereal,object_shift,value_gate,0.5,True,True,True,30.0,0.871325671672821
98,327,cereal,object_shift,value_gate,0.75,True,True,True,30.0,0.871325671672821
98,327,cereal,object_shift,risk_gate,0.1,False,False,False,,
98,327,cereal,object_shift,risk_gate,0.25,False,False,False,,
98,327,cereal,object_shift,risk_gate,0.5,True,True,True,130.0,0.8226046562194824
98,327,cereal,object_shift,risk_gate,0.75,True,True,True,10.0,0.5729965567588806
98,327,cereal,object_shift,uncertainty_gate,0.1,False,False,False,,
98,327,cereal,object_shift,uncertainty_gate,0.25,False,False,False,,
98,327,cereal,object_shift,uncertainty_gate,0.5,True,True,True,50.0,0.033240191638469696
98,327,cereal,object_shift,uncertainty_gate,0.75,True,True,True,30.0,0.01757328398525715
99,327,cereal,object_shift,never_help,0.0,True,False,False,,
99,327,cereal,object_shift,always_help,1.0,True,True,False,10.0,
99,327,cereal,object_shift,oracle_value,,True,False,False,,
99,327,cereal,object_shift,value_gate,0.1,True,False,False,,
99,327,cereal,object_shift,value_gate,0.25,True,False,False,,
99,327,cereal,object_shift,value_gate,0.5,True,False,False,,
99,327,cereal,object_shift,value_gate,0.75,True,True,False,30.0,0.4746220111846924
99,327,cereal,object_shift,risk_gate,0.1,True,False,False,,
99,327,cereal,object_shift,risk_gate,0.25,True,False,False,,
99,327,cereal,object_shift,risk_gate,0.5,True,False,False,,
99,327,cereal,object_shift,risk_gate,0.75,True,False,False,,
99,327,cereal,object_shift,uncertainty_gate,0.1,True,False,False,,
99,327,cereal,object_shift,uncertainty_gate,0.25,True,False,False,,
99,327,cereal,object_shift,uncertainty_gate,0.5,True,True,False,130.0,0.026069698855280876
99,327,cereal,object_shift,uncertainty_gate,0.75,True,True,False,130.0,0.026069698855280876
100,327,cereal,object_shift,never_help,0.0,True,False,False,,
100,327,cereal,object_shift,always_help,1.0,True,True,False,10.0,
100,327,cereal,object_shift,oracle_value,,True,False,False,,
100,327,cereal,object_shift,value_gate,0.1,True,False,False,,
100,327,cereal,object_shift,value_gate,0.25,True,False,False,,
100,327,cereal,object_shift,value_gate,0.5,True,False,False,,
100,327,cereal,object_shift,value_gate,0.75,True,True,False,30.0,0.5589685440063477
100,327,cereal,object_shift,risk_gate,0.1,True,False,False,,
100,327,cereal,object_shift,risk_gate,0.25,True,False,False,,
100,327,cereal,object_shift,risk_gate,0.5,True,False,False,,
100,327,cereal,object_shift,risk_gate,0.75,True,True,False,10.0,0.46618348360061646
100,327,cereal,object_shift,uncertainty_gate,0.1,True,False,False,,
100,327,cereal,object_shift,uncertainty_gate,0.25,True,False,False,,
100,327,cereal,object_shift,uncertainty_gate,0.5,True,False,False,,
100,327,cereal,object_shift,uncertainty_gate,0.75,True,True,False,30.0,0.004635334014892578
101,327,cereal,object_shift,never_help,0.0,True,False,False,,
101,327,cereal,object_shift,always_help,1.0,True,True,False,10.0,
101,327,cereal,object_shift,oracle_value,,True,False,False,,
101,327,cereal,object_shift,value_gate,0.1,True,False,False,,
101,327,cereal,object_shift,value_gate,0.25,True,False,False,,
101,327,cereal,object_shift,value_gate,0.5,True,False,False,,
101,327,cereal,object_shift,value_gate,0.75,True,False,False,,
101,327,cereal,object_shift,risk_gate,0.1,True,False,False,,
101,327,cereal,object_shift,risk_gate,0.25,True,False,False,,
101,327,cereal,object_shift,risk_gate,0.5,True,False,False,,
101,327,cereal,object_shift,risk_gate,0.75,True,True,False,10.0,0.3953985571861267
101,327,cereal,object_shift,uncertainty_gate,0.1,True,False,False,,
101,327,cereal,object_shift,uncertainty_gate,0.25,True,False,False,,
101,327,cereal,object_shift,uncertainty_gate,0.5,True,False,False,,
101,327,cereal,object_shift,uncertainty_gate,0.75,True,False,False,,
102,327,cereal,action_noise,never_help,0.0,False,False,False,,
102,327,cereal,action_noise,always_help,1.0,True,True,True,10.0,
102,327,cereal,action_noise,oracle_value,,True,True,True,10.0,1.0
102,327,cereal,action_noise,value_gate,0.1,False,False,False,,
102,327,cereal,action_noise,value_gate,0.25,False,False,False,,
102,327,cereal,action_noise,value_gate,0.5,False,True,False,70.0,0.8337152004241943
102,327,cereal,action_noise,value_gate,0.75,False,True,False,70.0,0.8337152004241943
102,327,cereal,action_noise,risk_gate,0.1,False,False,False,,
102,327,cereal,action_noise,risk_gate,0.25,False,False,False,,
102,327,cereal,action_noise,risk_gate,0.5,False,False,False,,
102,327,cereal,action_noise,risk_gate,0.75,True,True,True,10.0,0.6358869075775146
102,327,cereal,action_noise,uncertainty_gate,0.1,False,False,False,,
102,327,cereal,action_noise,uncertainty_gate,0.25,True,True,True,50.0,0.12328403443098068
102,327,cereal,action_noise,uncertainty_gate,0.5,True,True,True,50.0,0.12328403443098068
102,327,cereal,action_noise,uncertainty_gate,0.75,True,True,True,50.0,0.12328403443098068
103,327,cereal,action_noise,never_help,0.0,True,False,False,,
103,327,cereal,action_noise,always_help,1.0,True,True,False,10.0,
103,327,cereal,action_noise,oracle_value,,True,False,False,,
103,327,cereal,action_noise,value_gate,0.1,True,False,False,,
103,327,cereal,action_noise,value_gate,0.25,True,False,False,,
103,327,cereal,action_noise,value_gate,0.5,True,False,False,,
103,327,cereal,action_noise,value_gate,0.75,True,True,False,30.0,0.6045231819152832
103,327,cereal,action_noise,risk_gate,0.1,True,False,False,,
103,327,cereal,action_noise,risk_gate,0.25,True,False,False,,
103,327,cereal,action_noise,risk_gate,0.5,True,False,False,,
103,327,cereal,action_noise,risk_gate,0.75,True,True,False,10.0,0.6211656332015991
103,327,cereal,action_noise,uncertainty_gate,0.1,True,False,False,,
103,327,cereal,action_noise,uncertainty_gate,0.25,True,False,False,,
103,327,cereal,action_noise,uncertainty_gate,0.5,True,False,False,,
103,327,cereal,action_noise,uncertainty_gate,0.75,True,False,False,,
104,327,cereal,action_noise,never_help,0.0,True,False,False,,
104,327,cereal,action_noise,always_help,1.0,True,True,False,10.0,
104,327,cereal,action_noise,oracle_value,,True,False,False,,
104,327,cereal,action_noise,value_gate,0.1,True,False,False,,
104,327,cereal,action_noise,value_gate,0.25,True,False,False,,
104,327,cereal,action_noise,value_gate,0.5,True,False,False,,
104,327,cereal,action_noise,value_gate,0.75,True,False,False,,
104,327,cereal,action_noise,risk_gate,0.1,True,False,False,,
104,327,cereal,action_noise,risk_gate,0.25,True,False,False,,
104,327,cereal,action_noise,risk_gate,0.5,True,False,False,,
104,327,cereal,action_noise,risk_gate,0.75,True,True,False,10.0,0.6369439363479614
104,327,cereal,action_noise,uncertainty_gate,0.1,True,False,False,,
104,327,cereal,action_noise,uncertainty_gate,0.25,True,False,False,,
104,327,cereal,action_noise,uncertainty_gate,0.5,True,False,False,,
104,327,cereal,action_noise,uncertainty_gate,0.75,True,True,False,30.0,0.004481051117181778
105,327,cereal,action_noise,never_help,0.0,True,False,False,,
105,327,cereal,action_noise,always_help,1.0,True,True,False,10.0,
105,327,cereal,action_noise,oracle_value,,True,False,False,,
105,327,cereal,action_noise,value_gate,0.1,True,False,False,,
105,327,cereal,action_noise,value_gate,0.25,True,False,False,,
105,327,cereal,action_noise,value_gate,0.5,True,False,False,,
105,327,cereal,action_noise,value_gate,0.75,True,False,False,,
105,327,cereal,action_noise,risk_gate,0.1,True,False,False,,
105,327,cereal,action_noise,risk_gate,0.25,True,False,False,,
105,327,cereal,action_noise,risk_gate,0.5,True,True,False,10.0,0.7543291449546814
105,327,cereal,action_noise,risk_gate,0.75,True,True,False,10.0,0.7543291449546814
105,327,cereal,action_noise,uncertainty_gate,0.1,True,False,False,,
105,327,cereal,action_noise,uncertainty_gate,0.25,True,False,False,,
105,327,cereal,action_noise,uncertainty_gate,0.5,True,False,False,,
105,327,cereal,action_noise,uncertainty_gate,0.75,False,True,False,50.0,0.013699471950531006
106,327,cereal,action_noise,never_help,0.0,True,False,False,,
106,327,cereal,action_noise,always_help,1.0,True,True,False,10.0,
106,327,cereal,action_noise,oracle_value,,True,False,False,,
106,327,cereal,action_noise,value_gate,0.1,True,False,False,,
106,327,cereal,action_noise,value_gate,0.25,True,False,False,,
106,327,cereal,action_noise,value_gate,0.5,True,False,False,,
106,327,cereal,action_noise,value_gate,0.75,True,True,False,10.0,0.6387416124343872
106,327,cereal,action_noise,risk_gate,0.1,True,False,False,,
106,327,cereal,action_noise,risk_gate,0.25,True,False,False,,
106,327,cereal,action_noise,risk_gate,0.5,True,False,False,,
106,327,cereal,action_noise,risk_gate,0.75,True,True,False,10.0,0.5721853375434875
106,327,cereal,action_noise,uncertainty_gate,0.1,True,False,False,,
106,327,cereal,action_noise,uncertainty_gate,0.25,True,False,False,,
106,327,cereal,action_noise,uncertainty_gate,0.5,True,False,False,,
106,327,cereal,action_noise,uncertainty_gate,0.75,True,True,False,90.0,0.004192239139229059
107,327,cereal,action_noise,never_help,0.0,False,False,False,,
107,327,cereal,action_noise,always_help,1.0,True,True,True,10.0,
107,327,cereal,action_noise,oracle_value,,True,True,True,10.0,1.0
107,327,cereal,action_noise,value_gate,0.1,False,False,False,,
107,327,cereal,action_noise,value_gate,0.25,False,False,False,,
107,327,cereal,action_noise,value_gate,0.5,True,True,True,30.0,0.8257322311401367
107,327,cereal,action_noise,value_gate,0.75,True,True,True,30.0,0.8257322311401367
107,327,cereal,action_noise,risk_gate,0.1,True,True,True,10.0,0.9830884337425232
107,327,cereal,action_noise,risk_gate,0.25,True,True,True,10.0,0.9830884337425232
107,327,cereal,action_noise,risk_gate,0.5,True,True,True,10.0,0.9830884337425232
107,327,cereal,action_noise,risk_gate,0.75,True,True,True,10.0,0.9830884337425232
107,327,cereal,action_noise,uncertainty_gate,0.1,True,True,True,50.0,0.2303215116262436
107,327,cereal,action_noise,uncertainty_gate,0.25,True,True,True,50.0,0.2303215116262436
107,327,cereal,action_noise,uncertainty_gate,0.5,True,True,True,50.0,0.2303215116262436
107,327,cereal,action_noise,uncertainty_gate,0.75,True,True,True,30.0,0.004349663387984037
108,327,cereal,action_delay,never_help,0.0,True,False,False,,
108,327,cereal,action_delay,always_help,1.0,True,True,False,10.0,
108,327,cereal,action_delay,oracle_value,,True,False,False,,
108,327,cereal,action_delay,value_gate,0.1,True,False,False,,
108,327,cereal,action_delay,value_gate,0.25,True,True,False,10.0,0.9521604776382446
108,327,cereal,action_delay,value_gate,0.5,True,True,False,10.0,0.9521604776382446
108,327,cereal,action_delay,value_gate,0.75,True,True,False,10.0,0.9521604776382446
108,327,cereal,action_delay,risk_gate,0.1,True,False,False,,
108,327,cereal,action_delay,risk_gate,0.25,True,False,False,,
108,327,cereal,action_delay,risk_gate,0.5,True,False,False,,
108,327,cereal,action_delay,risk_gate,0.75,True,True,False,30.0,0.5488132238388062
108,327,cereal,action_delay,uncertainty_gate,0.1,True,False,False,,
108,327,cereal,action_delay,uncertainty_gate,0.25,True,False,False,,
108,327,cereal,action_delay,uncertainty_gate,0.5,True,False,False,,
108,327,cereal,action_delay,uncertainty_gate,0.75,True,True,False,30.0,0.003834308823570609
109,327,cereal,action_delay,never_help,0.0,False,False,False,,
109,327,cereal,action_delay,always_help,1.0,True,True,True,10.0,
109,327,cereal,action_delay,oracle_value,,True,True,True,10.0,1.0
109,327,cereal,action_delay,value_gate,0.1,True,True,True,10.0,0.9752793908119202
109,327,cereal,action_delay,value_gate,0.25,True,True,True,10.0,0.9752793908119202
109,327,cereal,action_delay,value_gate,0.5,True,True,True,10.0,0.9752793908119202
109,327,cereal,action_delay,value_gate,0.75,True,True,True,10.0,0.9752793908119202
109,327,cereal,action_delay,risk_gate,0.1,False,False,False,,
109,327,cereal,action_delay,risk_gate,0.25,False,False,False,,
109,327,cereal,action_delay,risk_gate,0.5,False,False,False,,
109,327,cereal,action_delay,risk_gate,0.75,False,False,False,,
109,327,cereal,action_delay,uncertainty_gate,0.1,False,False,False,,
109,327,cereal,action_delay,uncertainty_gate,0.25,False,False,False,,
109,327,cereal,action_delay,uncertainty_gate,0.5,True,True,True,50.0,0.08689010888338089
109,327,cereal,action_delay,uncertainty_gate,0.75,True,True,True,50.0,0.08689010888338089
110,327,cereal,action_delay,never_help,0.0,True,False,False,,
110,327,cereal,action_delay,always_help,1.0,True,True,False,10.0,
110,327,cereal,action_delay,oracle_value,,True,False,False,,
110,327,cereal,action_delay,value_gate,0.1,True,False,False,,
110,327,cereal,action_delay,value_gate,0.25,True,False,False,,
110,327,cereal,action_delay,value_gate,0.5,True,True,False,10.0,0.93260258436203
110,327,cereal,action_delay,value_gate,0.75,True,True,False,10.0,0.93260258436203
110,327,cereal,action_delay,risk_gate,0.1,True,False,False,,
110,327,cereal,action_delay,risk_gate,0.25,True,False,False,,
110,327,cereal,action_delay,risk_gate,0.5,True,False,False,,
110,327,cereal,action_delay,risk_gate,0.75,True,False,False,,
110,327,cereal,action_delay,uncertainty_gate,0.1,True,False,False,,
110,327,cereal,action_delay,uncertainty_gate,0.25,True,False,False,,
110,327,cereal,action_delay,uncertainty_gate,0.5,True,False,False,,
110,327,cereal,action_delay,uncertainty_gate,0.75,True,True,False,110.0,0.003832978894934058
111,327,cereal,action_delay,never_help,0.0,False,False,False,,
111,327,cereal,action_delay,always_help,1.0,True,True,True,10.0,
111,327,cereal,action_delay,oracle_value,,True,True,True,10.0,1.0
111,327,cereal,action_delay,value_gate,0.1,False,False,False,,
111,327,cereal,action_delay,value_gate,0.25,True,True,True,10.0,0.9602201581001282
111,327,cereal,action_delay,value_gate,0.5,True,True,True,10.0,0.9602201581001282
111,327,cereal,action_delay,value_gate,0.75,True,True,True,10.0,0.9602201581001282
111,327,cereal,action_delay,risk_gate,0.1,False,False,False,,
111,327,cereal,action_delay,risk_gate,0.25,False,False,False,,
111,327,cereal,action_delay,risk_gate,0.5,False,False,False,,
111,327,cereal,action_delay,risk_gate,0.75,False,True,False,110.0,0.3548760414123535
111,327,cereal,action_delay,uncertainty_gate,0.1,False,False,False,,
111,327,cereal,action_delay,uncertainty_gate,0.25,False,True,False,130.0,0.16083507239818573
111,327,cereal,action_delay,uncertainty_gate,0.5,True,True,True,70.0,0.03460521250963211
111,327,cereal,action_delay,uncertainty_gate,0.75,True,True,True,50.0,0.01905975118279457
112,327,cereal,action_delay,never_help,0.0,False,False,False,,
112,327,cereal,action_delay,always_help,1.0,True,True,True,10.0,
112,327,cereal,action_delay,oracle_value,,True,True,True,10.0,1.0
112,327,cereal,action_delay,value_gate,0.1,False,False,False,,
112,327,cereal,action_delay,value_gate,0.25,False,False,False,,
112,327,cereal,action_delay,value_gate,0.5,True,True,True,10.0,0.9232997894287109
112,327,cereal,action_delay,value_gate,0.75,True,True,True,10.0,0.9232997894287109
112,327,cereal,action_delay,risk_gate,0.1,False,False,False,,
112,327,cereal,action_delay,risk_gate,0.25,False,False,False,,
112,327,cereal,action_delay,risk_gate,0.5,False,False,False,,
112,327,cereal,action_delay,risk_gate,0.75,True,True,True,30.0,0.4191741943359375
112,327,cereal,action_delay,uncertainty_gate,0.1,False,False,False,,
112,327,cereal,action_delay,uncertainty_gate,0.25,True,True,True,90.0,0.12811879813671112
112,327,cereal,action_delay,uncertainty_gate,0.5,True,True,True,70.0,0.03611151501536369
112,327,cereal,action_delay,uncertainty_gate,0.75,True,True,True,30.0,0.00594375329092145
113,327,cereal,action_delay,never_help,0.0,False,False,False,,
113,327,cereal,action_delay,always_help,1.0,True,True,True,10.0,
113,327,cereal,action_delay,oracle_value,,True,True,True,10.0,1.0
113,327,cereal,action_delay,value_gate,0.1,False,False,False,,
113,327,cereal,action_delay,value_gate,0.25,False,False,False,,
113,327,cereal,action_delay,value_gate,0.5,True,True,True,10.0,0.9394730925559998
113,327,cereal,action_delay,value_gate,0.75,True,True,True,10.0,0.9394730925559998
113,327,cereal,action_delay,risk_gate,0.1,False,False,False,,
113,327,cereal,action_delay,risk_gate,0.25,False,False,False,,
113,327,cereal,action_delay,risk_gate,0.5,False,False,False,,
113,327,cereal,action_delay,risk_gate,0.75,False,False,False,,
113,327,cereal,action_delay,uncertainty_gate,0.1,False,False,False,,
113,327,cereal,action_delay,uncertainty_gate,0.25,False,True,False,70.0,0.10717668384313583
113,327,cereal,action_delay,uncertainty_gate,0.5,True,True,True,30.0,0.05771809443831444
113,327,cereal,action_delay,uncertainty_gate,0.75,True,True,True,30.0,0.05771809443831444
114,327,cereal,gripper_slip,never_help,0.0,False,False,False,,
114,327,cereal,gripper_slip,always_help,1.0,True,True,True,10.0,
114,327,cereal,gripper_slip,oracle_value,,True,True,True,10.0,1.0
114,327,cereal,gripper_slip,value_gate,0.1,False,False,False,,
114,327,cereal,gripper_slip,value_gate,0.25,False,False,False,,
114,327,cereal,gripper_slip,value_gate,0.5,True,True,True,50.0,0.9434117674827576
114,327,cereal,gripper_slip,value_gate,0.75,True,True,True,30.0,0.5089867115020752
114,327,cereal,gripper_slip,risk_gate,0.1,False,False,False,,
114,327,cereal,gripper_slip,risk_gate,0.25,False,False,False,,
114,327,cereal,gripper_slip,risk_gate,0.5,True,True,True,10.0,0.7325779795646667
114,327,cereal,gripper_slip,risk_gate,0.75,True,True,True,10.0,0.7325779795646667
114,327,cereal,gripper_slip,uncertainty_gate,0.1,False,False,False,,
114,327,cereal,gripper_slip,uncertainty_gate,0.25,True,True,True,110.0,0.1613602191209793
114,327,cereal,gripper_slip,uncertainty_gate,0.5,True,True,True,50.0,0.041373156011104584
114,327,cereal,gripper_slip,uncertainty_gate,0.75,True,True,True,50.0,0.041373156011104584
115,327,cereal,gripper_slip,never_help,0.0,False,False,False,,
115,327,cereal,gripper_slip,always_help,1.0,True,True,True,10.0,
115,327,cereal,gripper_slip,oracle_value,,True,True,True,10.0,1.0
115,327,cereal,gripper_slip,value_gate,0.1,False,False,False,,
115,327,cereal,gripper_slip,value_gate,0.25,False,False,False,,
115,327,cereal,gripper_slip,value_gate,0.5,True,True,True,110.0,0.8111934065818787
115,327,cereal,gripper_slip,value_gate,0.75,True,True,True,70.0,0.6926723718643188
115,327,cereal,gripper_slip,risk_gate,0.1,False,False,False,,
115,327,cereal,gripper_slip,risk_gate,0.25,True,True,True,10.0,0.9248190522193909
115,327,cereal,gripper_slip,risk_gate,0.5,True,True,True,10.0,0.9248190522193909
115,327,cereal,gripper_slip,risk_gate,0.75,True,True,True,10.0,0.9248190522193909
115,327,cereal,gripper_slip,uncertainty_gate,0.1,False,False,False,,
115,327,cereal,gripper_slip,uncertainty_gate,0.25,False,False,False,,
115,327,cereal,gripper_slip,uncertainty_gate,0.5,True,True,True,90.0,0.029367506504058838
115,327,cereal,gripper_slip,uncertainty_gate,0.75,True,True,True,70.0,0.015877511352300644
116,327,cereal,gripper_slip,never_help,0.0,False,False,False,,
116,327,cereal,gripper_slip,always_help,1.0,True,True,True,10.0,
116,327,cereal,gripper_slip,oracle_value,,True,True,True,10.0,1.0
116,327,cereal,gripper_slip,value_gate,0.1,False,False,False,,
116,327,cereal,gripper_slip,value_gate,0.25,False,False,False,,
116,327,cereal,gripper_slip,value_gate,0.5,True,True,True,50.0,0.8925552368164062
116,327,cereal,gripper_slip,value_gate,0.75,True,True,True,10.0,0.7358946800231934
116,327,cereal,gripper_slip,risk_gate,0.1,True,True,True,10.0,0.9744423627853394
116,327,cereal,gripper_slip,risk_gate,0.25,True,True,True,10.0,0.9744423627853394
116,327,cereal,gripper_slip,risk_gate,0.5,True,True,True,10.0,0.9744423627853394
116,327,cereal,gripper_slip,risk_gate,0.75,True,True,True,10.0,0.9744423627853394
116,327,cereal,gripper_slip,uncertainty_gate,0.1,False,False,False,,
116,327,cereal,gripper_slip,uncertainty_gate,0.25,False,False,False,,
116,327,cereal,gripper_slip,uncertainty_gate,0.5,True,True,True,90.0,0.028174908831715584
116,327,cereal,gripper_slip,uncertainty_gate,0.75,True,True,True,10.0,0.00798261258751154
117,327,cereal,gripper_slip,never_help,0.0,False,False,False,,
117,327,cereal,gripper_slip,always_help,1.0,True,True,True,10.0,
117,327,cereal,gripper_slip,oracle_value,,True,True,True,10.0,1.0
117,327,cereal,gripper_slip,value_gate,0.1,False,False,False,,
117,327,cereal,gripper_slip,value_gate,0.25,False,False,False,,
117,327,cereal,gripper_slip,value_gate,0.5,True,True,True,50.0,0.9041773080825806
117,327,cereal,gripper_slip,value_gate,0.75,True,True,True,50.0,0.9041773080825806
117,327,cereal,gripper_slip,risk_gate,0.1,False,False,False,,
117,327,cereal,gripper_slip,risk_gate,0.25,False,False,False,,
117,327,cereal,gripper_slip,risk_gate,0.5,False,False,False,,
117,327,cereal,gripper_slip,risk_gate,0.75,True,True,True,10.0,0.5235476493835449
117,327,cereal,gripper_slip,uncertainty_gate,0.1,False,False,False,,
117,327,cereal,gripper_slip,uncertainty_gate,0.25,False,False,False,,
117,327,cereal,gripper_slip,uncertainty_gate,0.5,False,False,False,,
117,327,cereal,gripper_slip,uncertainty_gate,0.75,True,True,True,50.0,0.021352339535951614
118,327,cereal,gripper_slip,never_help,0.0,False,False,False,,
118,327,cereal,gripper_slip,always_help,1.0,True,True,True,10.0,
118,327,cereal,gripper_slip,oracle_value,,True,True,True,10.0,1.0
118,327,cereal,gripper_slip,value_gate,0.1,False,False,False,,
118,327,cereal,gripper_slip,value_gate,0.25,False,False,False,,
118,327,cereal,gripper_slip,value_gate,0.5,True,True,True,50.0,0.910266101360321
118,327,cereal,gripper_slip,value_gate,0.75,True,True,True,10.0,0.4867475926876068
118,327,cereal,gripper_slip,risk_gate,0.1,False,False,False,,
118,327,cereal,gripper_slip,risk_gate,0.25,True,True,True,90.0,0.9181321263313293
118,327,cereal,gripper_slip,risk_gate,0.5,True,True,True,10.0,0.8223915100097656
118,327,cereal,gripper_slip,risk_gate,0.75,True,True,True,10.0,0.8223915100097656
118,327,cereal,gripper_slip,uncertainty_gate,0.1,False,False,False,,
118,327,cereal,gripper_slip,uncertainty_gate,0.25,False,False,False,,
118,327,cereal,gripper_slip,uncertainty_gate,0.5,True,True,True,50.0,0.024563023820519447
118,327,cereal,gripper_slip,uncertainty_gate,0.75,True,True,True,50.0,0.024563023820519447
119,327,cereal,gripper_slip,never_help,0.0,False,False,False,,
119,327,cereal,gripper_slip,always_help,1.0,True,True,True,10.0,
119,327,cereal,gripper_slip,oracle_value,,True,True,True,10.0,1.0
119,327,cereal,gripper_slip,value_gate,0.1,False,False,False,,
119,327,cereal,gripper_slip,value_gate,0.25,False,False,False,,
119,327,cereal,gripper_slip,value_gate,0.5,True,True,True,10.0,0.8280586004257202
119,327,cereal,gripper_slip,value_gate,0.75,True,True,True,10.0,0.8280586004257202
119,327,cereal,gripper_slip,risk_gate,0.1,True,True,True,10.0,0.9778843522071838
119,327,cereal,gripper_slip,risk_gate,0.25,True,True,True,10.0,0.9778843522071838
119,327,cereal,gripper_slip,risk_gate,0.5,True,True,True,10.0,0.9778843522071838
119,327,cereal,gripper_slip,risk_gate,0.75,True,True,True,10.0,0.9778843522071838
119,327,cereal,gripper_slip,uncertainty_gate,0.1,False,False,False,,
119,327,cereal,gripper_slip,uncertainty_gate,0.25,True,True,True,70.0,0.0943264439702034
119,327,cereal,gripper_slip,uncertainty_gate,0.5,True,True,True,10.0,0.027335578575730324
119,327,cereal,gripper_slip,uncertainty_gate,0.75,True,True,True,10.0,0.027335578575730324
120,427,can,nominal,never_help,0.0,True,False,False,,
120,427,can,nominal,always_help,1.0,True,True,False,10.0,
120,427,can,nominal,oracle_value,,True,False,False,,
120,427,can,nominal,value_gate,0.1,True,False,False,,
120,427,can,nominal,value_gate,0.25,True,False,False,,
120,427,can,nominal,value_gate,0.5,True,False,False,,
120,427,can,nominal,value_gate,0.75,True,True,False,30.0,0.7612740993499756
120,427,can,nominal,risk_gate,0.1,True,False,False,,
120,427,can,nominal,risk_gate,0.25,True,False,False,,
120,427,can,nominal,risk_gate,0.5,True,True,False,10.0,0.8312371373176575
120,427,can,nominal,risk_gate,0.75,True,True,False,10.0,0.8312371373176575
120,427,can,nominal,uncertainty_gate,0.1,True,False,False,,
120,427,can,nominal,uncertainty_gate,0.25,True,False,False,,
120,427,can,nominal,uncertainty_gate,0.5,True,False,False,,
120,427,can,nominal,uncertainty_gate,0.75,True,True,False,50.0,0.0038330245297402143
121,427,can,nominal,never_help,0.0,True,False,False,,
121,427,can,nominal,always_help,1.0,True,True,False,10.0,
121,427,can,nominal,oracle_value,,True,False,False,,
121,427,can,nominal,value_gate,0.1,True,False,False,,
121,427,can,nominal,value_gate,0.25,True,False,False,,
121,427,can,nominal,value_gate,0.5,True,False,False,,
121,427,can,nominal,value_gate,0.75,True,False,False,,
121,427,can,nominal,risk_gate,0.1,True,False,False,,
121,427,can,nominal,risk_gate,0.25,True,False,False,,
121,427,can,nominal,risk_gate,0.5,True,True,False,10.0,0.7291578650474548
121,427,can,nominal,risk_gate,0.75,True,True,False,10.0,0.7291578650474548
121,427,can,nominal,uncertainty_gate,0.1,True,False,False,,
121,427,can,nominal,uncertainty_gate,0.25,True,False,False,,
121,427,can,nominal,uncertainty_gate,0.5,True,False,False,,
121,427,can,nominal,uncertainty_gate,0.75,True,False,False,,
122,427,can,nominal,never_help,0.0,True,False,False,,
122,427,can,nominal,always_help,1.0,True,True,False,10.0,
122,427,can,nominal,oracle_value,,True,False,False,,
122,427,can,nominal,value_gate,0.1,True,False,False,,
122,427,can,nominal,value_gate,0.25,True,False,False,,
122,427,can,nominal,value_gate,0.5,True,False,False,,
122,427,can,nominal,value_gate,0.75,True,True,False,30.0,0.7334321141242981
122,427,can,nominal,risk_gate,0.1,True,False,False,,
122,427,can,nominal,risk_gate,0.25,True,True,False,10.0,0.8817285895347595
122,427,can,nominal,risk_gate,0.5,True,True,False,10.0,0.8817285895347595
122,427,can,nominal,risk_gate,0.75,True,True,False,10.0,0.8817285895347595
122,427,can,nominal,uncertainty_gate,0.1,True,False,False,,
122,427,can,nominal,uncertainty_gate,0.25,True,False,False,,
122,427,can,nominal,uncertainty_gate,0.5,True,False,False,,
122,427,can,nominal,uncertainty_gate,0.75,True,True,False,50.0,0.004833198618143797
123,427,can,nominal,never_help,0.0,True,False,False,,
123,427,can,nominal,always_help,1.0,True,True,False,10.0,
123,427,can,nominal,oracle_value,,True,False,False,,
123,427,can,nominal,value_gate,0.1,True,False,False,,
123,427,can,nominal,value_gate,0.25,True,False,False,,
123,427,can,nominal,value_gate,0.5,True,False,False,,
123,427,can,nominal,value_gate,0.75,True,True,False,10.0,0.6363768577575684
123,427,can,nominal,risk_gate,0.1,True,False,False,,
123,427,can,nominal,risk_gate,0.25,True,False,False,,
123,427,can,nominal,risk_gate,0.5,True,False,False,,
123,427,can,nominal,risk_gate,0.75,True,True,False,10.0,0.39516445994377136
123,427,can,nominal,uncertainty_gate,0.1,True,False,False,,
123,427,can,nominal,uncertainty_gate,0.25,True,False,False,,
123,427,can,nominal,uncertainty_gate,0.5,True,False,False,,
123,427,can,nominal,uncertainty_gate,0.75,True,False,False,,
124,427,can,nominal,never_help,0.0,True,False,False,,
124,427,can,nominal,always_help,1.0,True,True,False,10.0,
124,427,can,nominal,oracle_value,,True,False,False,,
124,427,can,nominal,value_gate,0.1,True,False,False,,
124,427,can,nominal,value_gate,0.25,True,False,False,,
124,427,can,nominal,value_gate,0.5,True,False,False,,
124,427,can,nominal,value_gate,0.75,True,False,False,,
124,427,can,nominal,risk_gate,0.1,True,False,False,,
124,427,can,nominal,risk_gate,0.25,True,False,False,,
124,427,can,nominal,risk_gate,0.5,True,True,False,10.0,0.7306668162345886
124,427,can,nominal,risk_gate,0.75,True,True,False,10.0,0.7306668162345886
124,427,can,nominal,uncertainty_gate,0.1,True,False,False,,
124,427,can,nominal,uncertainty_gate,0.25,True,False,False,,
124,427,can,nominal,uncertainty_gate,0.5,True,False,False,,
124,427,can,nominal,uncertainty_gate,0.75,True,True,False,50.0,0.0061133913695812225
125,427,can,nominal,never_help,0.0,True,False,False,,
125,427,can,nominal,always_help,1.0,True,True,False,10.0,
125,427,can,nominal,oracle_value,,True,False,False,,
125,427,can,nominal,value_gate,0.1,True,False,False,,
125,427,can,nominal,value_gate,0.25,True,False,False,,
125,427,can,nominal,value_gate,0.5,True,False,False,,
125,427,can,nominal,value_gate,0.75,True,False,False,,
125,427,can,nominal,risk_gate,0.1,True,False,False,,
125,427,can,nominal,risk_gate,0.25,True,False,False,,
125,427,can,nominal,risk_gate,0.5,True,False,False,,
125,427,can,nominal,risk_gate,0.75,True,False,False,,
125,427,can,nominal,uncertainty_gate,0.1,True,False,False,,
125,427,can,nominal,uncertainty_gate,0.25,True,False,False,,
125,427,can,nominal,uncertainty_gate,0.5,True,False,False,,
125,427,can,nominal,uncertainty_gate,0.75,True,False,False,,
126,427,can,object_shift,never_help,0.0,False,False,False,,
126,427,can,object_shift,always_help,1.0,True,True,True,10.0,
126,427,can,object_shift,oracle_value,,True,True,True,10.0,1.0
126,427,can,object_shift,value_gate,0.1,False,False,False,,
126,427,can,object_shift,value_gate,0.25,False,False,False,,
126,427,can,object_shift,value_gate,0.5,False,True,False,50.0,0.8176020979881287
126,427,can,object_shift,value_gate,0.75,False,True,False,30.0,0.7056266069412231
126,427,can,object_shift,risk_gate,0.1,False,False,False,,
126,427,can,object_shift,risk_gate,0.25,False,False,False,,
126,427,can,object_shift,risk_gate,0.5,False,False,False,,
126,427,can,object_shift,risk_gate,0.75,True,True,True,10.0,0.684586763381958
126,427,can,object_shift,uncertainty_gate,0.1,False,False,False,,
126,427,can,object_shift,uncertainty_gate,0.25,False,False,False,,
126,427,can,object_shift,uncertainty_gate,0.5,False,False,False,,
126,427,can,object_shift,uncertainty_gate,0.75,False,True,False,30.0,0.01387109886854887
127,427,can,object_shift,never_help,0.0,False,False,False,,
127,427,can,object_shift,always_help,1.0,True,True,True,10.0,
127,427,can,object_shift,oracle_value,,True,True,True,10.0,1.0
127,427,can,object_shift,value_gate,0.1,False,False,False,,
127,427,can,object_shift,value_gate,0.25,False,False,False,,
127,427,can,object_shift,value_gate,0.5,True,True,True,70.0,0.9411091208457947
127,427,can,object_shift,value_gate,0.75,True,True,True,70.0,0.9411091208457947
127,427,can,object_shift,risk_gate,0.1,False,False,False,,
127,427,can,object_shift,risk_gate,0.25,False,False,False,,
127,427,can,object_shift,risk_gate,0.5,True,True,True,10.0,0.829573392868042
127,427,can,object_shift,risk_gate,0.75,True,True,True,10.0,0.829573392868042
127,427,can,object_shift,uncertainty_gate,0.1,False,False,False,,
127,427,can,object_shift,uncertainty_gate,0.25,False,False,False,,
127,427,can,object_shift,uncertainty_gate,0.5,True,True,True,70.0,0.025905180722475052
127,427,can,object_shift,uncertainty_gate,0.75,True,True,True,30.0,0.007835929282009602
128,427,can,object_shift,never_help,0.0,True,False,False,,
128,427,can,object_shift,always_help,1.0,True,True,False,10.0,
128,427,can,object_shift,oracle_value,,True,False,False,,
128,427,can,object_shift,value_gate,0.1,True,False,False,,
128,427,can,object_shift,value_gate,0.25,True,False,False,,
128,427,can,object_shift,value_gate,0.5,True,False,False,,
128,427,can,object_shift,value_gate,0.75,True,True,False,10.0,0.7263425588607788
128,427,can,object_shift,risk_gate,0.1,True,False,False,,
128,427,can,object_shift,risk_gate,0.25,True,False,False,,
128,427,can,object_shift,risk_gate,0.5,True,False,False,,
128,427,can,object_shift,risk_gate,0.75,True,False,False,,
128,427,can,object_shift,uncertainty_gate,0.1,True,False,False,,
128,427,can,object_shift,uncertainty_gate,0.25,True,False,False,,
128,427,can,object_shift,uncertainty_gate,0.5,True,True,False,50.0,0.026800762861967087
128,427,can,object_shift,uncertainty_gate,0.75,True,True,False,50.0,0.026800762861967087
129,427,can,object_shift,never_help,0.0,False,False,False,,
129,427,can,object_shift,always_help,1.0,True,True,True,10.0,
129,427,can,object_shift,oracle_value,,True,True,True,10.0,1.0
129,427,can,object_shift,value_gate,0.1,False,False,False,,
129,427,can,object_shift,value_gate,0.25,True,True,True,50.0,0.9691082835197449
129,427,can,object_shift,value_gate,0.5,True,True,True,30.0,0.9324886202812195
129,427,can,object_shift,value_gate,0.75,True,True,True,30.0,0.9324886202812195
129,427,can,object_shift,risk_gate,0.1,False,False,False,,
129,427,can,object_shift,risk_gate,0.25,True,True,True,10.0,0.8955909609794617
129,427,can,object_shift,risk_gate,0.5,True,True,True,10.0,0.8955909609794617
129,427,can,object_shift,risk_gate,0.75,True,True,True,10.0,0.8955909609794617
129,427,can,object_shift,uncertainty_gate,0.1,False,False,False,,
129,427,can,object_shift,uncertainty_gate,0.25,True,True,True,90.0,0.12046176940202713
129,427,can,object_shift,uncertainty_gate,0.5,True,True,True,90.0,0.12046176940202713
129,427,can,object_shift,uncertainty_gate,0.75,True,True,True,30.0,0.005426411982625723
130,427,can,object_shift,never_help,0.0,False,False,False,,
130,427,can,object_shift,always_help,1.0,True,True,True,10.0,
130,427,can,object_shift,oracle_value,,True,True,True,10.0,1.0
130,427,can,object_shift,value_gate,0.1,False,False,False,,
130,427,can,object_shift,value_gate,0.25,True,True,True,50.0,0.9534072279930115
130,427,can,object_shift,value_gate,0.5,True,True,True,50.0,0.9534072279930115
130,427,can,object_shift,value_gate,0.75,True,True,True,10.0,0.5901938676834106
130,427,can,object_shift,risk_gate,0.1,False,False,False,,
130,427,can,object_shift,risk_gate,0.25,False,False,False,,
130,427,can,object_shift,risk_gate,0.5,False,False,False,,
130,427,can,object_shift,risk_gate,0.75,True,True,True,50.0,0.398603230714798
130,427,can,object_shift,uncertainty_gate,0.1,False,False,False,,
130,427,can,object_shift,uncertainty_gate,0.25,True,True,True,90.0,0.14003464579582214
130,427,can,object_shift,uncertainty_gate,0.5,True,True,True,90.0,0.14003464579582214
130,427,can,object_shift,uncertainty_gate,0.75,True,True,True,50.0,0.016613256186246872
131,427,can,object_shift,never_help,0.0,True,False,False,,
131,427,can,object_shift,always_help,1.0,True,True,False,10.0,
131,427,can,object_shift,oracle_value,,True,False,False,,
131,427,can,object_shift,value_gate,0.1,True,False,False,,
131,427,can,object_shift,value_gate,0.25,True,False,False,,
131,427,can,object_shift,value_gate,0.5,True,False,False,,
131,427,can,object_shift,value_gate,0.75,True,False,False,,
131,427,can,object_shift,risk_gate,0.1,True,False,False,,
131,427,can,object_shift,risk_gate,0.25,True,True,False,10.0,0.9354441165924072
131,427,can,object_shift,risk_gate,0.5,True,True,False,10.0,0.9354441165924072
131,427,can,object_shift,risk_gate,0.75,True,True,False,10.0,0.9354441165924072
131,427,can,object_shift,uncertainty_gate,0.1,True,False,False,,
131,427,can,object_shift,uncertainty_gate,0.25,True,False,False,,
131,427,can,object_shift,uncertainty_gate,0.5,True,False,False,,
131,427,can,object_shift,uncertainty_gate,0.75,True,False,False,,
132,427,can,action_noise,never_help,0.0,True,False,False,,
132,427,can,action_noise,always_help,1.0,True,True,False,10.0,
132,427,can,action_noise,oracle_value,,True,False,False,,
132,427,can,action_noise,value_gate,0.1,True,False,False,,
132,427,can,action_noise,value_gate,0.25,True,False,False,,
132,427,can,action_noise,value_gate,0.5,True,False,False,,
132,427,can,action_noise,value_gate,0.75,True,True,False,30.0,0.4933793842792511
132,427,can,action_noise,risk_gate,0.1,True,False,False,,
132,427,can,action_noise,risk_gate,0.25,True,True,False,10.0,0.9273632764816284
132,427,can,action_noise,risk_gate,0.5,True,True,False,10.0,0.9273632764816284
132,427,can,action_noise,risk_gate,0.75,True,True,False,10.0,0.9273632764816284
132,427,can,action_noise,uncertainty_gate,0.1,True,False,False,,
132,427,can,action_noise,uncertainty_gate,0.25,True,False,False,,
132,427,can,action_noise,uncertainty_gate,0.5,True,False,False,,
132,427,can,action_noise,uncertainty_gate,0.75,True,False,False,,
133,427,can,action_noise,never_help,0.0,False,False,False,,
133,427,can,action_noise,always_help,1.0,True,True,True,10.0,
133,427,can,action_noise,oracle_value,,True,True,True,10.0,1.0
133,427,can,action_noise,value_gate,0.1,False,False,False,,
133,427,can,action_noise,value_gate,0.25,False,False,False,,
133,427,can,action_noise,value_gate,0.5,False,False,False,,
133,427,can,action_noise,value_gate,0.75,True,True,True,90.0,0.49119290709495544
133,427,can,action_noise,risk_gate,0.1,False,False,False,,
133,427,can,action_noise,risk_gate,0.25,True,True,True,10.0,0.8810518383979797
133,427,can,action_noise,risk_gate,0.5,True,True,True,10.0,0.8810518383979797
133,427,can,action_noise,risk_gate,0.75,True,True,True,10.0,0.8810518383979797
133,427,can,action_noise,uncertainty_gate,0.1,False,False,False,,
133,427,can,action_noise,uncertainty_gate,0.25,True,True,True,130.0,0.13570667803287506
133,427,can,action_noise,uncertainty_gate,0.5,True,True,True,90.0,0.04163949564099312
133,427,can,action_noise,uncertainty_gate,0.75,True,True,True,30.0,0.01903279311954975
134,427,can,action_noise,never_help,0.0,False,False,False,,
134,427,can,action_noise,always_help,1.0,True,True,True,10.0,
134,427,can,action_noise,oracle_value,,True,True,True,10.0,1.0
134,427,can,action_noise,value_gate,0.1,False,False,False,,
134,427,can,action_noise,value_gate,0.25,False,False,False,,
134,427,can,action_noise,value_gate,0.5,False,True,False,90.0,0.8829554915428162
134,427,can,action_noise,value_gate,0.75,True,True,True,10.0,0.5514386892318726
134,427,can,action_noise,risk_gate,0.1,False,False,False,,
134,427,can,action_noise,risk_gate,0.25,False,False,False,,
134,427,can,action_noise,risk_gate,0.5,False,False,False,,
134,427,can,action_noise,risk_gate,0.75,False,False,False,,
134,427,can,action_noise,uncertainty_gate,0.1,False,False,False,,
134,427,can,action_noise,uncertainty_gate,0.25,False,False,False,,
134,427,can,action_noise,uncertainty_gate,0.5,False,True,False,70.0,0.023946937173604965
134,427,can,action_noise,uncertainty_gate,0.75,True,True,True,30.0,0.003689112141728401
135,427,can,action_noise,never_help,0.0,True,False,False,,
135,427,can,action_noise,always_help,1.0,True,True,False,10.0,
135,427,can,action_noise,oracle_value,,True,False,False,,
135,427,can,action_noise,value_gate,0.1,True,False,False,,
135,427,can,action_noise,value_gate,0.25,True,False,False,,
135,427,can,action_noise,value_gate,0.5,True,False,False,,
135,427,can,action_noise,value_gate,0.75,True,True,False,30.0,0.6961297988891602
135,427,can,action_noise,risk_gate,0.1,True,False,False,,
135,427,can,action_noise,risk_gate,0.25,True,False,False,,
135,427,can,action_noise,risk_gate,0.5,True,True,False,10.0,0.722892701625824
135,427,can,action_noise,risk_gate,0.75,True,True,False,10.0,0.722892701625824
135,427,can,action_noise,uncertainty_gate,0.1,True,False,False,,
135,427,can,action_noise,uncertainty_gate,0.25,True,False,False,,
135,427,can,action_noise,uncertainty_gate,0.5,True,False,False,,
135,427,can,action_noise,uncertainty_gate,0.75,True,True,False,50.0,0.005226672627031803
136,427,can,action_noise,never_help,0.0,False,False,False,,
136,427,can,action_noise,always_help,1.0,True,True,True,10.0,
136,427,can,action_noise,oracle_value,,True,True,True,10.0,1.0
136,427,can,action_noise,value_gate,0.1,False,False,False,,
136,427,can,action_noise,value_gate,0.25,False,False,False,,
136,427,can,action_noise,value_gate,0.5,False,True,False,110.0,0.8652778267860413
136,427,can,action_noise,value_gate,0.75,False,True,False,50.0,0.7305811643600464
136,427,can,action_noise,risk_gate,0.1,False,False,False,,
136,427,can,action_noise,risk_gate,0.25,True,True,True,10.0,0.9076967239379883
136,427,can,action_noise,risk_gate,0.5,True,True,True,10.0,0.9076967239379883
136,427,can,action_noise,risk_gate,0.75,True,True,True,10.0,0.9076967239379883
136,427,can,action_noise,uncertainty_gate,0.1,False,False,False,,
136,427,can,action_noise,uncertainty_gate,0.25,False,False,False,,
136,427,can,action_noise,uncertainty_gate,0.5,False,True,False,90.0,0.06566066294908524
136,427,can,action_noise,uncertainty_gate,0.75,False,True,False,50.0,0.014953124336898327
137,427,can,action_noise,never_help,0.0,True,False,False,,
137,427,can,action_noise,always_help,1.0,True,True,False,10.0,
137,427,can,action_noise,oracle_value,,True,False,False,,
137,427,can,action_noise,value_gate,0.1,True,False,False,,
137,427,can,action_noise,value_gate,0.25,True,False,False,,
137,427,can,action_noise,value_gate,0.5,True,False,False,,
137,427,can,action_noise,value_gate,0.75,True,True,False,10.0,0.663081169128418
137,427,can,action_noise,risk_gate,0.1,True,False,False,,
137,427,can,action_noise,risk_gate,0.25,True,False,False,,
137,427,can,action_noise,risk_gate,0.5,True,False,False,,
137,427,can,action_noise,risk_gate,0.75,True,True,False,10.0,0.4625062346458435
137,427,can,action_noise,uncertainty_gate,0.1,True,False,False,,
137,427,can,action_noise,uncertainty_gate,0.25,True,False,False,,
137,427,can,action_noise,uncertainty_gate,0.5,True,False,False,,
137,427,can,action_noise,uncertainty_gate,0.75,True,True,False,110.0,0.010091811418533325
138,427,can,action_delay,never_help,0.0,False,False,False,,
138,427,can,action_delay,always_help,1.0,True,True,True,10.0,
138,427,can,action_delay,oracle_value,,True,True,True,10.0,1.0
138,427,can,action_delay,value_gate,0.1,False,False,False,,
138,427,can,action_delay,value_gate,0.25,False,False,False,,
138,427,can,action_delay,value_gate,0.5,True,True,True,70.0,0.802992045879364
138,427,can,action_delay,value_gate,0.75,True,True,True,10.0,0.5177611708641052
138,427,can,action_delay,risk_gate,0.1,False,False,False,,
138,427,can,action_delay,risk_gate,0.25,False,False,False,,
138,427,can,action_delay,risk_gate,0.5,False,False,False,,
138,427,can,action_delay,risk_gate,0.75,True,True,True,70.0,0.36047443747520447
138,427,can,action_delay,uncertainty_gate,0.1,False,False,False,,
138,427,can,action_delay,uncertainty_gate,0.25,False,False,False,,
138,427,can,action_delay,uncertainty_gate,0.5,True,True,True,70.0,0.0274533499032259
138,427,can,action_delay,uncertainty_gate,0.75,True,True,True,70.0,0.0274533499032259
139,427,can,action_delay,never_help,0.0,False,False,False,,
139,427,can,action_delay,always_help,1.0,True,True,True,10.0,
139,427,can,action_delay,oracle_value,,True,True,True,10.0,1.0
139,427,can,action_delay,value_gate,0.1,False,False,False,,
139,427,can,action_delay,value_gate,0.25,False,False,False,,
139,427,can,action_delay,value_gate,0.5,True,True,True,10.0,0.8691266775131226
139,427,can,action_delay,value_gate,0.75,True,True,True,10.0,0.8691266775131226
139,427,can,action_delay,risk_gate,0.1,False,False,False,,
139,427,can,action_delay,risk_gate,0.25,False,False,False,,
139,427,can,action_delay,risk_gate,0.5,False,False,False,,
139,427,can,action_delay,risk_gate,0.75,False,True,False,110.0,0.3334699273109436
139,427,can,action_delay,uncertainty_gate,0.1,False,False,False,,
139,427,can,action_delay,uncertainty_gate,0.25,False,False,False,,
139,427,can,action_delay,uncertainty_gate,0.5,True,True,True,30.0,0.025893304497003555
139,427,can,action_delay,uncertainty_gate,0.75,True,True,True,30.0,0.025893304497003555
140,427,can,action_delay,never_help,0.0,False,False,False,,
140,427,can,action_delay,always_help,1.0,True,True,True,10.0,
140,427,can,action_delay,oracle_value,,True,True,True,10.0,1.0
140,427,can,action_delay,value_gate,0.1,False,False,False,,
140,427,can,action_delay,value_gate,0.25,True,True,True,110.0,0.9505161046981812
140,427,can,action_delay,value_gate,0.5,True,True,True,10.0,0.8720369338989258
140,427,can,action_delay,value_gate,0.75,True,True,True,10.0,0.8720369338989258
140,427,can,action_delay,risk_gate,0.1,False,False,False,,
140,427,can,action_delay,risk_gate,0.25,False,False,False,,
140,427,can,action_delay,risk_gate,0.5,False,False,False,,
140,427,can,action_delay,risk_gate,0.75,True,True,True,70.0,0.4147401750087738
140,427,can,action_delay,uncertainty_gate,0.1,False,False,False,,
140,427,can,action_delay,uncertainty_gate,0.25,False,False,False,,
140,427,can,action_delay,uncertainty_gate,0.5,True,True,True,130.0,0.031210865825414658
140,427,can,action_delay,uncertainty_gate,0.75,True,True,True,50.0,0.015264814719557762
141,427,can,action_delay,never_help,0.0,True,False,False,,
141,427,can,action_delay,always_help,1.0,True,True,False,10.0,
141,427,can,action_delay,oracle_value,,True,False,False,,
141,427,can,action_delay,value_gate,0.1,True,False,False,,
141,427,can,action_delay,value_gate,0.25,True,False,False,,
141,427,can,action_delay,value_gate,0.5,True,True,False,10.0,0.796284019947052
141,427,can,action_delay,value_gate,0.75,True,True,False,10.0,0.796284019947052
141,427,can,action_delay,risk_gate,0.1,True,False,False,,
141,427,can,action_delay,risk_gate,0.25,True,False,False,,
141,427,can,action_delay,risk_gate,0.5,True,False,False,,
141,427,can,action_delay,risk_gate,0.75,True,False,False,,
141,427,can,action_delay,uncertainty_gate,0.1,True,False,False,,
141,427,can,action_delay,uncertainty_gate,0.25,True,False,False,,
141,427,can,action_delay,uncertainty_gate,0.5,True,True,False,130.0,0.02833380736410618
141,427,can,action_delay,uncertainty_gate,0.75,True,True,False,130.0,0.02833380736410618
142,427,can,action_delay,never_help,0.0,False,False,False,,
142,427,can,action_delay,always_help,1.0,True,True,True,10.0,
142,427,can,action_delay,oracle_value,,True,True,True,10.0,1.0
142,427,can,action_delay,value_gate,0.1,False,False,False,,
142,427,can,action_delay,value_gate,0.25,False,False,False,,
142,427,can,action_delay,value_gate,0.5,True,True,True,10.0,0.9312753677368164
142,427,can,action_delay,value_gate,0.75,True,True,True,10.0,0.9312753677368164
142,427,can,action_delay,risk_gate,0.1,False,False,False,,
142,427,can,action_delay,risk_gate,0.25,False,False,False,,
142,427,can,action_delay,risk_gate,0.5,True,True,True,70.0,0.8567715287208557
142,427,can,action_delay,risk_gate,0.75,True,True,True,70.0,0.8567715287208557
142,427,can,action_delay,uncertainty_gate,0.1,False,False,False,,
142,427,can,action_delay,uncertainty_gate,0.25,True,True,True,70.0,0.09613621234893799
142,427,can,action_delay,uncertainty_gate,0.5,True,True,True,70.0,0.09613621234893799
142,427,can,action_delay,uncertainty_gate,0.75,True,True,True,30.0,0.004787504207342863
143,427,can,action_delay,never_help,0.0,False,False,False,,
143,427,can,action_delay,always_help,1.0,True,True,True,10.0,
143,427,can,action_delay,oracle_value,,True,True,True,10.0,1.0
143,427,can,action_delay,value_gate,0.1,False,False,False,,
143,427,can,action_delay,value_gate,0.25,False,False,False,,
143,427,can,action_delay,value_gate,0.5,True,True,True,10.0,0.7918971180915833
143,427,can,action_delay,value_gate,0.75,True,True,True,10.0,0.7918971180915833
143,427,can,action_delay,risk_gate,0.1,False,False,False,,
143,427,can,action_delay,risk_gate,0.25,False,False,False,,
143,427,can,action_delay,risk_gate,0.5,False,False,False,,
143,427,can,action_delay,risk_gate,0.75,True,True,True,70.0,0.4742566645145416
143,427,can,action_delay,uncertainty_gate,0.1,False,False,False,,
143,427,can,action_delay,uncertainty_gate,0.25,False,False,False,,
143,427,can,action_delay,uncertainty_gate,0.5,False,True,False,130.0,0.03472613915801048
143,427,can,action_delay,uncertainty_gate,0.75,True,True,True,50.0,0.01448326837271452
144,427,can,gripper_slip,never_help,0.0,False,False,False,,
144,427,can,gripper_slip,always_help,1.0,True,True,True,10.0,
144,427,can,gripper_slip,oracle_value,,True,True,True,10.0,1.0
144,427,can,gripper_slip,value_gate,0.1,False,False,False,,
144,427,can,gripper_slip,value_gate,0.25,False,False,False,,
144,427,can,gripper_slip,value_gate,0.5,True,True,True,70.0,0.9273717403411865
144,427,can,gripper_slip,value_gate,0.75,True,True,True,70.0,0.9273717403411865
144,427,can,gripper_slip,risk_gate,0.1,False,False,False,,
144,427,can,gripper_slip,risk_gate,0.25,False,False,False,,
144,427,can,gripper_slip,risk_gate,0.5,False,False,False,,
144,427,can,gripper_slip,risk_gate,0.75,False,False,False,,
144,427,can,gripper_slip,uncertainty_gate,0.1,False,False,False,,
144,427,can,gripper_slip,uncertainty_gate,0.25,False,False,False,,
144,427,can,gripper_slip,uncertainty_gate,0.5,True,True,True,110.0,0.05914316326379776
144,427,can,gripper_slip,uncertainty_gate,0.75,True,True,True,90.0,0.009849267080426216
145,427,can,gripper_slip,never_help,0.0,False,False,False,,
145,427,can,gripper_slip,always_help,1.0,True,True,True,10.0,
145,427,can,gripper_slip,oracle_value,,True,True,True,10.0,1.0
145,427,can,gripper_slip,value_gate,0.1,False,False,False,,
145,427,can,gripper_slip,value_gate,0.25,False,False,False,,
145,427,can,gripper_slip,value_gate,0.5,False,True,False,70.0,0.8497326970100403
145,427,can,gripper_slip,value_gate,0.75,True,True,True,10.0,0.6572767496109009
145,427,can,gripper_slip,risk_gate,0.1,False,False,False,,
145,427,can,gripper_slip,risk_gate,0.25,False,False,False,,
145,427,can,gripper_slip,risk_gate,0.5,False,True,False,70.0,0.8590278625488281
145,427,can,gripper_slip,risk_gate,0.75,False,True,False,70.0,0.8590278625488281
145,427,can,gripper_slip,uncertainty_gate,0.1,False,False,False,,
145,427,can,gripper_slip,uncertainty_gate,0.25,False,False,False,,
145,427,can,gripper_slip,uncertainty_gate,0.5,False,True,False,90.0,0.02897326834499836
145,427,can,gripper_slip,uncertainty_gate,0.75,False,True,False,50.0,0.021858183667063713
146,427,can,gripper_slip,never_help,0.0,False,False,False,,
146,427,can,gripper_slip,always_help,1.0,True,True,True,10.0,
146,427,can,gripper_slip,oracle_value,,True,True,True,10.0,1.0
146,427,can,gripper_slip,value_gate,0.1,False,False,False,,
146,427,can,gripper_slip,value_gate,0.25,True,True,True,50.0,0.9554508328437805
146,427,can,gripper_slip,value_gate,0.5,True,True,True,50.0,0.9554508328437805
146,427,can,gripper_slip,value_gate,0.75,True,True,True,10.0,0.6881250739097595
146,427,can,gripper_slip,risk_gate,0.1,False,False,False,,
146,427,can,gripper_slip,risk_gate,0.25,False,False,False,,
146,427,can,gripper_slip,risk_gate,0.5,False,False,False,,
146,427,can,gripper_slip,risk_gate,0.75,True,True,True,50.0,0.38587623834609985
146,427,can,gripper_slip,uncertainty_gate,0.1,True,True,True,130.0,0.17765457928180695
146,427,can,gripper_slip,uncertainty_gate,0.25,True,True,True,90.0,0.1667041927576065
146,427,can,gripper_slip,uncertainty_gate,0.5,True,True,True,90.0,0.1667041927576065
146,427,can,gripper_slip,uncertainty_gate,0.75,True,True,True,50.0,0.014031887985765934
147,427,can,gripper_slip,never_help,0.0,False,False,False,,
147,427,can,gripper_slip,always_help,1.0,True,True,True,10.0,
147,427,can,gripper_slip,oracle_value,,True,True,True,10.0,1.0
147,427,can,gripper_slip,value_gate,0.1,False,False,False,,
147,427,can,gripper_slip,value_gate,0.25,True,True,True,50.0,0.9492152333259583
147,427,can,gripper_slip,value_gate,0.5,True,True,True,50.0,0.9492152333259583
147,427,can,gripper_slip,value_gate,0.75,True,True,True,50.0,0.9492152333259583
147,427,can,gripper_slip,risk_gate,0.1,True,True,True,50.0,0.9882082343101501
147,427,can,gripper_slip,risk_gate,0.25,True,True,True,50.0,0.9882082343101501
147,427,can,gripper_slip,risk_gate,0.5,True,True,True,50.0,0.9882082343101501
147,427,can,gripper_slip,risk_gate,0.75,True,True,True,10.0,0.6542589068412781
147,427,can,gripper_slip,uncertainty_gate,0.1,False,False,False,,
147,427,can,gripper_slip,uncertainty_gate,0.25,True,True,True,130.0,0.1712699979543686
147,427,can,gripper_slip,uncertainty_gate,0.5,True,True,True,130.0,0.1712699979543686
147,427,can,gripper_slip,uncertainty_gate,0.75,True,True,True,50.0,0.01005113311111927
148,427,can,gripper_slip,never_help,0.0,False,False,False,,
148,427,can,gripper_slip,always_help,1.0,True,True,True,10.0,
148,427,can,gripper_slip,oracle_value,,True,True,True,10.0,1.0
148,427,can,gripper_slip,value_gate,0.1,False,False,False,,
148,427,can,gripper_slip,value_gate,0.25,False,False,False,,
148,427,can,gripper_slip,value_gate,0.5,False,True,False,70.0,0.9311405420303345
148,427,can,gripper_slip,value_gate,0.75,True,True,True,10.0,0.7279053330421448
148,427,can,gripper_slip,risk_gate,0.1,False,False,False,,
148,427,can,gripper_slip,risk_gate,0.25,False,False,False,,
148,427,can,gripper_slip,risk_gate,0.5,False,False,False,,
148,427,can,gripper_slip,risk_gate,0.75,False,False,False,,
148,427,can,gripper_slip,uncertainty_gate,0.1,False,False,False,,
148,427,can,gripper_slip,uncertainty_gate,0.25,False,False,False,,
148,427,can,gripper_slip,uncertainty_gate,0.5,False,True,False,70.0,0.04500635713338852
148,427,can,gripper_slip,uncertainty_gate,0.75,False,True,False,50.0,0.00823378749191761
149,427,can,gripper_slip,never_help,0.0,False,False,False,,
149,427,can,gripper_slip,always_help,1.0,True,True,True,10.0,
149,427,can,gripper_slip,oracle_value,,True,True,True,10.0,1.0
149,427,can,gripper_slip,value_gate,0.1,False,False,False,,
149,427,can,gripper_slip,value_gate,0.25,True,True,True,70.0,0.9684366583824158
149,427,can,gripper_slip,value_gate,0.5,True,True,True,70.0,0.9684366583824158
149,427,can,gripper_slip,value_gate,0.75,True,True,True,70.0,0.9684366583824158
149,427,can,gripper_slip,risk_gate,0.1,False,False,False,,
149,427,can,gripper_slip,risk_gate,0.25,False,False,False,,
149,427,can,gripper_slip,risk_gate,0.5,True,True,True,10.0,0.8066245317459106
149,427,can,gripper_slip,risk_gate,0.75,True,True,True,10.0,0.8066245317459106
149,427,can,gripper_slip,uncertainty_gate,0.1,False,False,False,,
149,427,can,gripper_slip,uncertainty_gate,0.25,False,False,False,,
149,427,can,gripper_slip,uncertainty_gate,0.5,True,True,True,110.0,0.024235010147094727
149,427,can,gripper_slip,uncertainty_gate,0.75,True,True,True,30.0,0.010760332457721233
150,427,milk,nominal,never_help,0.0,True,False,False,,
150,427,milk,nominal,always_help,1.0,True,True,False,10.0,
150,427,milk,nominal,oracle_value,,True,False,False,,
150,427,milk,nominal,value_gate,0.1,True,False,False,,
150,427,milk,nominal,value_gate,0.25,True,False,False,,
150,427,milk,nominal,value_gate,0.5,True,False,False,,
150,427,milk,nominal,value_gate,0.75,True,False,False,,
150,427,milk,nominal,risk_gate,0.1,True,False,False,,
150,427,milk,nominal,risk_gate,0.25,True,False,False,,
150,427,milk,nominal,risk_gate,0.5,True,True,False,10.0,0.8336816430091858
150,427,milk,nominal,risk_gate,0.75,True,True,False,10.0,0.8336816430091858
150,427,milk,nominal,uncertainty_gate,0.1,True,False,False,,
150,427,milk,nominal,uncertainty_gate,0.25,True,False,False,,
150,427,milk,nominal,uncertainty_gate,0.5,True,False,False,,
150,427,milk,nominal,uncertainty_gate,0.75,True,False,False,,
151,427,milk,nominal,never_help,0.0,True,False,False,,
151,427,milk,nominal,always_help,1.0,False,True,False,10.0,
151,427,milk,nominal,oracle_value,,True,False,False,,
151,427,milk,nominal,value_gate,0.1,True,False,False,,
151,427,milk,nominal,value_gate,0.25,True,False,False,,
151,427,milk,nominal,value_gate,0.5,True,False,False,,
151,427,milk,nominal,value_gate,0.75,False,True,False,10.0,0.5176389217376709
151,427,milk,nominal,risk_gate,0.1,True,False,False,,
151,427,milk,nominal,risk_gate,0.25,True,False,False,,
151,427,milk,nominal,risk_gate,0.5,True,False,False,,
151,427,milk,nominal,risk_gate,0.75,True,False,False,,
151,427,milk,nominal,uncertainty_gate,0.1,True,False,False,,
151,427,milk,nominal,uncertainty_gate,0.25,True,False,False,,
151,427,milk,nominal,uncertainty_gate,0.5,True,False,False,,
151,427,milk,nominal,uncertainty_gate,0.75,True,False,False,,
152,427,milk,nominal,never_help,0.0,True,False,False,,
152,427,milk,nominal,always_help,1.0,True,True,False,10.0,
152,427,milk,nominal,oracle_value,,True,False,False,,
152,427,milk,nominal,value_gate,0.1,True,False,False,,
152,427,milk,nominal,value_gate,0.25,True,False,False,,
152,427,milk,nominal,value_gate,0.5,True,False,False,,
152,427,milk,nominal,value_gate,0.75,True,True,False,10.0,0.5104652047157288
152,427,milk,nominal,risk_gate,0.1,True,False,False,,
152,427,milk,nominal,risk_gate,0.25,True,False,False,,
152,427,milk,nominal,risk_gate,0.5,True,False,False,,
152,427,milk,nominal,risk_gate,0.75,True,True,False,10.0,0.5675212144851685
152,427,milk,nominal,uncertainty_gate,0.1,True,False,False,,
152,427,milk,nominal,uncertainty_gate,0.25,True,False,False,,
152,427,milk,nominal,uncertainty_gate,0.5,True,False,False,,
152,427,milk,nominal,uncertainty_gate,0.75,True,False,False,,
153,427,milk,nominal,never_help,0.0,True,False,False,,
153,427,milk,nominal,always_help,1.0,True,True,False,10.0,
153,427,milk,nominal,oracle_value,,True,False,False,,
153,427,milk,nominal,value_gate,0.1,True,False,False,,
153,427,milk,nominal,value_gate,0.25,True,False,False,,
153,427,milk,nominal,value_gate,0.5,True,False,False,,
153,427,milk,nominal,value_gate,0.75,True,False,False,,
153,427,milk,nominal,risk_gate,0.1,True,False,False,,
153,427,milk,nominal,risk_gate,0.25,True,False,False,,
153,427,milk,nominal,risk_gate,0.5,True,False,False,,
153,427,milk,nominal,risk_gate,0.75,True,False,False,,
153,427,milk,nominal,uncertainty_gate,0.1,True,False,False,,
153,427,milk,nominal,uncertainty_gate,0.25,True,False,False,,
153,427,milk,nominal,uncertainty_gate,0.5,True,False,False,,
153,427,milk,nominal,uncertainty_gate,0.75,True,False,False,,
154,427,milk,nominal,never_help,0.0,True,False,False,,
154,427,milk,nominal,always_help,1.0,True,True,False,10.0,
154,427,milk,nominal,oracle_value,,True,False,False,,
154,427,milk,nominal,value_gate,0.1,True,False,False,,
154,427,milk,nominal,value_gate,0.25,True,False,False,,
154,427,milk,nominal,value_gate,0.5,True,False,False,,
154,427,milk,nominal,value_gate,0.75,True,True,False,10.0,0.5702700614929199
154,427,milk,nominal,risk_gate,0.1,True,False,False,,
154,427,milk,nominal,risk_gate,0.25,True,False,False,,
154,427,milk,nominal,risk_gate,0.5,True,False,False,,
154,427,milk,nominal,risk_gate,0.75,True,True,False,10.0,0.5392395853996277
154,427,milk,nominal,uncertainty_gate,0.1,True,False,False,,
154,427,milk,nominal,uncertainty_gate,0.25,True,False,False,,
154,427,milk,nominal,uncertainty_gate,0.5,True,False,False,,
154,427,milk,nominal,uncertainty_gate,0.75,True,False,False,,
155,427,milk,nominal,never_help,0.0,True,False,False,,
155,427,milk,nominal,always_help,1.0,True,True,False,10.0,
155,427,milk,nominal,oracle_value,,True,False,False,,
155,427,milk,nominal,value_gate,0.1,True,False,False,,
155,427,milk,nominal,value_gate,0.25,True,False,False,,
155,427,milk,nominal,value_gate,0.5,True,False,False,,
155,427,milk,nominal,value_gate,0.75,True,True,False,10.0,0.5696240067481995
155,427,milk,nominal,risk_gate,0.1,True,False,False,,
155,427,milk,nominal,risk_gate,0.25,True,False,False,,
155,427,milk,nominal,risk_gate,0.5,True,False,False,,
155,427,milk,nominal,risk_gate,0.75,True,False,False,,
155,427,milk,nominal,uncertainty_gate,0.1,True,False,False,,
155,427,milk,nominal,uncertainty_gate,0.25,True,False,False,,
155,427,milk,nominal,uncertainty_gate,0.5,True,False,False,,
155,427,milk,nominal,uncertainty_gate,0.75,True,False,False,,
156,427,milk,object_shift,never_help,0.0,True,False,False,,
156,427,milk,object_shift,always_help,1.0,True,True,False,10.0,
156,427,milk,object_shift,oracle_value,,True,False,False,,
156,427,milk,object_shift,value_gate,0.1,True,False,False,,
156,427,milk,object_shift,value_gate,0.25,True,False,False,,
156,427,milk,object_shift,value_gate,0.5,True,False,False,,
156,427,milk,object_shift,value_gate,0.75,True,True,False,10.0,0.7021146416664124
156,427,milk,object_shift,risk_gate,0.1,True,False,False,,
156,427,milk,object_shift,risk_gate,0.25,True,False,False,,
156,427,milk,object_shift,risk_gate,0.5,True,False,False,,
156,427,milk,object_shift,risk_gate,0.75,True,False,False,,
156,427,milk,object_shift,uncertainty_gate,0.1,True,False,False,,
156,427,milk,object_shift,uncertainty_gate,0.25,True,False,False,,
156,427,milk,object_shift,uncertainty_gate,0.5,True,False,False,,
156,427,milk,object_shift,uncertainty_gate,0.75,False,True,False,50.0,0.008549684658646584
157,427,milk,object_shift,never_help,0.0,True,False,False,,
157,427,milk,object_shift,always_help,1.0,True,True,False,10.0,
157,427,milk,object_shift,oracle_value,,True,False,False,,
157,427,milk,object_shift,value_gate,0.1,True,False,False,,
157,427,milk,object_shift,value_gate,0.25,True,False,False,,
157,427,milk,object_shift,value_gate,0.5,True,False,False,,
157,427,milk,object_shift,value_gate,0.75,True,True,False,10.0,0.5978714227676392
157,427,milk,object_shift,risk_gate,0.1,True,False,False,,
157,427,milk,object_shift,risk_gate,0.25,True,False,False,,
157,427,milk,object_shift,risk_gate,0.5,True,False,False,,
157,427,milk,object_shift,risk_gate,0.75,True,True,False,10.0,0.38076984882354736
157,427,milk,object_shift,uncertainty_gate,0.1,True,False,False,,
157,427,milk,object_shift,uncertainty_gate,0.25,True,False,False,,
157,427,milk,object_shift,uncertainty_gate,0.5,True,False,False,,
157,427,milk,object_shift,uncertainty_gate,0.75,True,False,False,,
158,427,milk,object_shift,never_help,0.0,True,False,False,,
158,427,milk,object_shift,always_help,1.0,True,True,False,10.0,
158,427,milk,object_shift,oracle_value,,True,False,False,,
158,427,milk,object_shift,value_gate,0.1,True,False,False,,
158,427,milk,object_shift,value_gate,0.25,True,False,False,,
158,427,milk,object_shift,value_gate,0.5,True,False,False,,
158,427,milk,object_shift,value_gate,0.75,True,True,False,10.0,0.678328812122345
158,427,milk,object_shift,risk_gate,0.1,True,False,False,,
158,427,milk,object_shift,risk_gate,0.25,True,False,False,,
158,427,milk,object_shift,risk_gate,0.5,True,False,False,,
158,427,milk,object_shift,risk_gate,0.75,True,False,False,,
158,427,milk,object_shift,uncertainty_gate,0.1,True,False,False,,
158,427,milk,object_shift,uncertainty_gate,0.25,True,False,False,,
158,427,milk,object_shift,uncertainty_gate,0.5,True,True,False,30.0,0.026486124843358994
158,427,milk,object_shift,uncertainty_gate,0.75,True,True,False,30.0,0.026486124843358994
159,427,milk,object_shift,never_help,0.0,True,False,False,,
159,427,milk,object_shift,always_help,1.0,True,True,False,10.0,
159,427,milk,object_shift,oracle_value,,True,False,False,,
159,427,milk,object_shift,value_gate,0.1,True,False,False,,
159,427,milk,object_shift,value_gate,0.25,True,False,False,,
159,427,milk,object_shift,value_gate,0.5,True,False,False,,
159,427,milk,object_shift,value_gate,0.75,True,True,False,10.0,0.7267006039619446
159,427,milk,object_shift,risk_gate,0.1,True,False,False,,
159,427,milk,object_shift,risk_gate,0.25,True,False,False,,
159,427,milk,object_shift,risk_gate,0.5,True,False,False,,
159,427,milk,object_shift,risk_gate,0.75,True,False,False,,
159,427,milk,object_shift,uncertainty_gate,0.1,True,False,False,,
159,427,milk,object_shift,uncertainty_gate,0.25,True,False,False,,
159,427,milk,object_shift,uncertainty_gate,0.5,True,False,False,,
159,427,milk,object_shift,uncertainty_gate,0.75,True,False,False,,
160,427,milk,object_shift,never_help,0.0,True,False,False,,
160,427,milk,object_shift,always_help,1.0,True,True,False,10.0,
160,427,milk,object_shift,oracle_value,,True,False,False,,
160,427,milk,object_shift,value_gate,0.1,True,False,False,,
160,427,milk,object_shift,value_gate,0.25,True,False,False,,
160,427,milk,object_shift,value_gate,0.5,True,False,False,,
160,427,milk,object_shift,value_gate,0.75,True,True,False,10.0,0.5848971009254456
160,427,milk,object_shift,risk_gate,0.1,True,False,False,,
160,427,milk,object_shift,risk_gate,0.25,True,False,False,,
160,427,milk,object_shift,risk_gate,0.5,True,False,False,,
160,427,milk,object_shift,risk_gate,0.75,True,False,False,,
160,427,milk,object_shift,uncertainty_gate,0.1,True,False,False,,
160,427,milk,object_shift,uncertainty_gate,0.25,True,False,False,,
160,427,milk,object_shift,uncertainty_gate,0.5,True,False,False,,
160,427,milk,object_shift,uncertainty_gate,0.75,True,False,False,,
161,427,milk,object_shift,never_help,0.0,True,False,False,,
161,427,milk,object_shift,always_help,1.0,True,True,False,10.0,
161,427,milk,object_shift,oracle_value,,True,False,False,,
161,427,milk,object_shift,value_gate,0.1,True,False,False,,
161,427,milk,object_shift,value_gate,0.25,True,False,False,,
161,427,milk,object_shift,value_gate,0.5,True,True,False,30.0,0.8320431113243103
161,427,milk,object_shift,value_gate,0.75,True,True,False,10.0,0.49203914403915405
161,427,milk,object_shift,risk_gate,0.1,True,False,False,,
161,427,milk,object_shift,risk_gate,0.25,True,False,False,,
161,427,milk,object_shift,risk_gate,0.5,True,False,False,,
161,427,milk,object_shift,risk_gate,0.75,True,True,False,10.0,0.648960530757904
161,427,milk,object_shift,uncertainty_gate,0.1,True,False,False,,
161,427,milk,object_shift,uncertainty_gate,0.25,True,False,False,,
161,427,milk,object_shift,uncertainty_gate,0.5,True,True,False,70.0,0.03231991454958916
161,427,milk,object_shift,uncertainty_gate,0.75,True,True,False,30.0,0.006429936736822128
162,427,milk,action_noise,never_help,0.0,True,False,False,,
162,427,milk,action_noise,always_help,1.0,True,True,False,10.0,
162,427,milk,action_noise,oracle_value,,True,False,False,,
162,427,milk,action_noise,value_gate,0.1,True,False,False,,
162,427,milk,action_noise,value_gate,0.25,True,False,False,,
162,427,milk,action_noise,value_gate,0.5,True,False,False,,
162,427,milk,action_noise,value_gate,0.75,True,True,False,10.0,0.5090808272361755
162,427,milk,action_noise,risk_gate,0.1,True,False,False,,
162,427,milk,action_noise,risk_gate,0.25,True,False,False,,
162,427,milk,action_noise,risk_gate,0.5,True,True,False,10.0,0.8200656175613403
162,427,milk,action_noise,risk_gate,0.75,True,True,False,10.0,0.8200656175613403
162,427,milk,action_noise,uncertainty_gate,0.1,True,False,False,,
162,427,milk,action_noise,uncertainty_gate,0.25,True,False,False,,
162,427,milk,action_noise,uncertainty_gate,0.5,True,False,False,,
162,427,milk,action_noise,uncertainty_gate,0.75,True,False,False,,
163,427,milk,action_noise,never_help,0.0,True,False,False,,
163,427,milk,action_noise,always_help,1.0,True,True,False,10.0,
163,427,milk,action_noise,oracle_value,,True,False,False,,
163,427,milk,action_noise,value_gate,0.1,True,False,False,,
163,427,milk,action_noise,value_gate,0.25,True,False,False,,
163,427,milk,action_noise,value_gate,0.5,True,False,False,,
163,427,milk,action_noise,value_gate,0.75,True,True,False,10.0,0.46835610270500183
163,427,milk,action_noise,risk_gate,0.1,True,False,False,,
163,427,milk,action_noise,risk_gate,0.25,True,False,False,,
163,427,milk,action_noise,risk_gate,0.5,True,False,False,,
163,427,milk,action_noise,risk_gate,0.75,True,False,False,,
163,427,milk,action_noise,uncertainty_gate,0.1,True,False,False,,
163,427,milk,action_noise,uncertainty_gate,0.25,True,False,False,,
163,427,milk,action_noise,uncertainty_gate,0.5,True,False,False,,
163,427,milk,action_noise,uncertainty_gate,0.75,True,False,False,,
164,427,milk,action_noise,never_help,0.0,True,False,False,,
164,427,milk,action_noise,always_help,1.0,True,True,False,10.0,
164,427,milk,action_noise,oracle_value,,True,False,False,,
164,427,milk,action_noise,value_gate,0.1,True,False,False,,
164,427,milk,action_noise,value_gate,0.25,True,False,False,,
164,427,milk,action_noise,value_gate,0.5,True,False,False,,
164,427,milk,action_noise,value_gate,0.75,True,True,False,10.0,0.5027170777320862
164,427,milk,action_noise,risk_gate,0.1,True,False,False,,
164,427,milk,action_noise,risk_gate,0.25,True,False,False,,
164,427,milk,action_noise,risk_gate,0.5,True,False,False,,
164,427,milk,action_noise,risk_gate,0.75,True,False,False,,
164,427,milk,action_noise,uncertainty_gate,0.1,True,False,False,,
164,427,milk,action_noise,uncertainty_gate,0.25,True,False,False,,
164,427,milk,action_noise,uncertainty_gate,0.5,True,False,False,,
164,427,milk,action_noise,uncertainty_gate,0.75,True,True,False,90.0,0.007609853986650705
165,427,milk,action_noise,never_help,0.0,True,False,False,,
165,427,milk,action_noise,always_help,1.0,True,True,False,10.0,
165,427,milk,action_noise,oracle_value,,True,False,False,,
165,427,milk,action_noise,value_gate,0.1,True,False,False,,
165,427,milk,action_noise,value_gate,0.25,True,False,False,,
165,427,milk,action_noise,value_gate,0.5,True,False,False,,
165,427,milk,action_noise,value_gate,0.75,True,True,False,10.0,0.6872906684875488
165,427,milk,action_noise,risk_gate,0.1,True,False,False,,
165,427,milk,action_noise,risk_gate,0.25,True,False,False,,
165,427,milk,action_noise,risk_gate,0.5,True,False,False,,
165,427,milk,action_noise,risk_gate,0.75,True,False,False,,
165,427,milk,action_noise,uncertainty_gate,0.1,True,False,False,,
165,427,milk,action_noise,uncertainty_gate,0.25,True,False,False,,
165,427,milk,action_noise,uncertainty_gate,0.5,True,False,False,,
165,427,milk,action_noise,uncertainty_gate,0.75,True,False,False,,
166,427,milk,action_noise,never_help,0.0,True,False,False,,
166,427,milk,action_noise,always_help,1.0,True,True,False,10.0,
166,427,milk,action_noise,oracle_value,,True,False,False,,
166,427,milk,action_noise,value_gate,0.1,True,False,False,,
166,427,milk,action_noise,value_gate,0.25,True,False,False,,
166,427,milk,action_noise,value_gate,0.5,True,False,False,,
166,427,milk,action_noise,value_gate,0.75,True,True,False,10.0,0.46451300382614136
166,427,milk,action_noise,risk_gate,0.1,True,False,False,,
166,427,milk,action_noise,risk_gate,0.25,True,False,False,,
166,427,milk,action_noise,risk_gate,0.5,True,True,False,10.0,0.7383869290351868
166,427,milk,action_noise,risk_gate,0.75,True,True,False,10.0,0.7383869290351868
166,427,milk,action_noise,uncertainty_gate,0.1,True,False,False,,
166,427,milk,action_noise,uncertainty_gate,0.25,True,False,False,,
166,427,milk,action_noise,uncertainty_gate,0.5,True,False,False,,
166,427,milk,action_noise,uncertainty_gate,0.75,True,False,False,,
167,427,milk,action_noise,never_help,0.0,True,False,False,,
167,427,milk,action_noise,always_help,1.0,True,True,False,10.0,
167,427,milk,action_noise,oracle_value,,True,False,False,,
167,427,milk,action_noise,value_gate,0.1,True,False,False,,
167,427,milk,action_noise,value_gate,0.25,True,False,False,,
167,427,milk,action_noise,value_gate,0.5,True,False,False,,
167,427,milk,action_noise,value_gate,0.75,True,True,False,10.0,0.7091881632804871
167,427,milk,action_noise,risk_gate,0.1,True,False,False,,
167,427,milk,action_noise,risk_gate,0.25,True,False,False,,
167,427,milk,action_noise,risk_gate,0.5,True,False,False,,
167,427,milk,action_noise,risk_gate,0.75,True,False,False,,
167,427,milk,action_noise,uncertainty_gate,0.1,True,False,False,,
167,427,milk,action_noise,uncertainty_gate,0.25,True,False,False,,
167,427,milk,action_noise,uncertainty_gate,0.5,True,False,False,,
167,427,milk,action_noise,uncertainty_gate,0.75,True,True,False,70.0,0.0038900941144675016
168,427,milk,action_delay,never_help,0.0,False,False,False,,
168,427,milk,action_delay,always_help,1.0,True,True,True,10.0,
168,427,milk,action_delay,oracle_value,,True,True,True,10.0,1.0
168,427,milk,action_delay,value_gate,0.1,False,False,False,,
168,427,milk,action_delay,value_gate,0.25,False,False,False,,
168,427,milk,action_delay,value_gate,0.5,False,True,False,50.0,0.8022515177726746
168,427,milk,action_delay,value_gate,0.75,True,True,True,10.0,0.732768177986145
168,427,milk,action_delay,risk_gate,0.1,False,False,False,,
168,427,milk,action_delay,risk_gate,0.25,False,False,False,,
168,427,milk,action_delay,risk_gate,0.5,False,False,False,,
168,427,milk,action_delay,risk_gate,0.75,False,True,False,50.0,0.3788999319076538
168,427,milk,action_delay,uncertainty_gate,0.1,False,False,False,,
168,427,milk,action_delay,uncertainty_gate,0.25,False,False,False,,
168,427,milk,action_delay,uncertainty_gate,0.5,False,True,False,50.0,0.050111062824726105
168,427,milk,action_delay,uncertainty_gate,0.75,False,True,False,50.0,0.050111062824726105
169,427,milk,action_delay,never_help,0.0,False,False,False,,
169,427,milk,action_delay,always_help,1.0,True,True,True,10.0,
169,427,milk,action_delay,oracle_value,,True,True,True,10.0,1.0
169,427,milk,action_delay,value_gate,0.1,False,False,False,,
169,427,milk,action_delay,value_gate,0.25,True,True,True,10.0,0.9721716642379761
169,427,milk,action_delay,value_gate,0.5,True,True,True,10.0,0.9721716642379761
169,427,milk,action_delay,value_gate,0.75,True,True,True,10.0,0.9721716642379761
169,427,milk,action_delay,risk_gate,0.1,False,False,False,,
169,427,milk,action_delay,risk_gate,0.25,False,False,False,,
169,427,milk,action_delay,risk_gate,0.5,False,True,False,130.0,0.8587598204612732
169,427,milk,action_delay,risk_gate,0.75,False,True,False,70.0,0.6828513741493225
169,427,milk,action_delay,uncertainty_gate,0.1,False,False,False,,
169,427,milk,action_delay,uncertainty_gate,0.25,False,False,False,,
169,427,milk,action_delay,uncertainty_gate,0.5,True,True,True,30.0,0.05218356102705002
169,427,milk,action_delay,uncertainty_gate,0.75,True,True,True,30.0,0.05218356102705002
170,427,milk,action_delay,never_help,0.0,False,False,False,,
170,427,milk,action_delay,always_help,1.0,True,True,True,10.0,
170,427,milk,action_delay,oracle_value,,True,True,True,10.0,1.0
170,427,milk,action_delay,value_gate,0.1,False,False,False,,
170,427,milk,action_delay,value_gate,0.25,False,False,False,,
170,427,milk,action_delay,value_gate,0.5,True,True,True,10.0,0.814672589302063
170,427,milk,action_delay,value_gate,0.75,True,True,True,10.0,0.814672589302063
170,427,milk,action_delay,risk_gate,0.1,False,False,False,,
170,427,milk,action_delay,risk_gate,0.25,False,False,False,,
170,427,milk,action_delay,risk_gate,0.5,False,False,False,,
170,427,milk,action_delay,risk_gate,0.75,False,True,False,50.0,0.5621852874755859
170,427,milk,action_delay,uncertainty_gate,0.1,False,False,False,,
170,427,milk,action_delay,uncertainty_gate,0.25,False,False,False,,
170,427,milk,action_delay,uncertainty_gate,0.5,False,True,False,50.0,0.0263528935611248
170,427,milk,action_delay,uncertainty_gate,0.75,False,True,False,50.0,0.0263528935611248
171,427,milk,action_delay,never_help,0.0,False,False,False,,
171,427,milk,action_delay,always_help,1.0,True,True,True,10.0,
171,427,milk,action_delay,oracle_value,,True,True,True,10.0,1.0
171,427,milk,action_delay,value_gate,0.1,False,False,False,,
171,427,milk,action_delay,value_gate,0.25,False,False,False,,
171,427,milk,action_delay,value_gate,0.5,True,True,True,10.0,0.8173415064811707
171,427,milk,action_delay,value_gate,0.75,True,True,True,10.0,0.8173415064811707
171,427,milk,action_delay,risk_gate,0.1,False,False,False,,
171,427,milk,action_delay,risk_gate,0.25,False,False,False,,
171,427,milk,action_delay,risk_gate,0.5,False,False,False,,
171,427,milk,action_delay,risk_gate,0.75,False,True,False,50.0,0.6385464668273926
171,427,milk,action_delay,uncertainty_gate,0.1,False,False,False,,
171,427,milk,action_delay,uncertainty_gate,0.25,False,False,False,,
171,427,milk,action_delay,uncertainty_gate,0.5,False,True,False,50.0,0.027011465281248093
171,427,milk,action_delay,uncertainty_gate,0.75,False,True,False,50.0,0.027011465281248093
172,427,milk,action_delay,never_help,0.0,False,False,False,,
172,427,milk,action_delay,always_help,1.0,True,True,True,10.0,
172,427,milk,action_delay,oracle_value,,True,True,True,10.0,1.0
172,427,milk,action_delay,value_gate,0.1,False,False,False,,
172,427,milk,action_delay,value_gate,0.25,True,True,True,10.0,0.9489400386810303
172,427,milk,action_delay,value_gate,0.5,True,True,True,10.0,0.9489400386810303
172,427,milk,action_delay,value_gate,0.75,True,True,True,10.0,0.9489400386810303
172,427,milk,action_delay,risk_gate,0.1,False,False,False,,
172,427,milk,action_delay,risk_gate,0.25,False,False,False,,
172,427,milk,action_delay,risk_gate,0.5,False,False,False,,
172,427,milk,action_delay,risk_gate,0.75,False,True,False,110.0,0.4433075785636902
172,427,milk,action_delay,uncertainty_gate,0.1,False,False,False,,
172,427,milk,action_delay,uncertainty_gate,0.25,False,True,False,130.0,0.15740898251533508
172,427,milk,action_delay,uncertainty_gate,0.5,True,True,True,70.0,0.030117938295006752
172,427,milk,action_delay,uncertainty_gate,0.75,True,True,True,50.0,0.008231213316321373
173,427,milk,action_delay,never_help,0.0,False,False,False,,
173,427,milk,action_delay,always_help,1.0,True,True,True,10.0,
173,427,milk,action_delay,oracle_value,,True,True,True,10.0,1.0
173,427,milk,action_delay,value_gate,0.1,False,False,False,,
173,427,milk,action_delay,value_gate,0.25,False,False,False,,
173,427,milk,action_delay,value_gate,0.5,True,True,True,50.0,0.9015154242515564
173,427,milk,action_delay,value_gate,0.75,True,True,True,10.0,0.7641072869300842
173,427,milk,action_delay,risk_gate,0.1,False,False,False,,
173,427,milk,action_delay,risk_gate,0.25,False,False,False,,
173,427,milk,action_delay,risk_gate,0.5,False,False,False,,
173,427,milk,action_delay,risk_gate,0.75,False,False,False,,
173,427,milk,action_delay,uncertainty_gate,0.1,False,False,False,,
173,427,milk,action_delay,uncertainty_gate,0.25,False,False,False,,
173,427,milk,action_delay,uncertainty_gate,0.5,True,True,True,70.0,0.026490475982427597
173,427,milk,action_delay,uncertainty_gate,0.75,True,True,True,30.0,0.01527838408946991
174,427,milk,gripper_slip,never_help,0.0,False,False,False,,
174,427,milk,gripper_slip,always_help,1.0,True,True,True,10.0,
174,427,milk,gripper_slip,oracle_value,,True,True,True,10.0,1.0
174,427,milk,gripper_slip,value_gate,0.1,False,False,False,,
174,427,milk,gripper_slip,value_gate,0.25,False,False,False,,
174,427,milk,gripper_slip,value_gate,0.5,True,True,True,50.0,0.8763313293457031
174,427,milk,gripper_slip,value_gate,0.75,True,True,True,10.0,0.49601754546165466
174,427,milk,gripper_slip,risk_gate,0.1,True,True,True,50.0,0.9779068231582642
174,427,milk,gripper_slip,risk_gate,0.25,True,True,True,50.0,0.9779068231582642
174,427,milk,gripper_slip,risk_gate,0.5,True,True,True,10.0,0.8441967964172363
174,427,milk,gripper_slip,risk_gate,0.75,True,True,True,10.0,0.8441967964172363
174,427,milk,gripper_slip,uncertainty_gate,0.1,False,False,False,,
174,427,milk,gripper_slip,uncertainty_gate,0.25,False,False,False,,
174,427,milk,gripper_slip,uncertainty_gate,0.5,True,True,True,130.0,0.043097224086523056
174,427,milk,gripper_slip,uncertainty_gate,0.75,True,True,True,30.0,0.00999426655471325
175,427,milk,gripper_slip,never_help,0.0,True,False,False,,
175,427,milk,gripper_slip,always_help,1.0,True,True,False,10.0,
175,427,milk,gripper_slip,oracle_value,,True,False,False,,
175,427,milk,gripper_slip,value_gate,0.1,True,False,False,,
175,427,milk,gripper_slip,value_gate,0.25,True,False,False,,
175,427,milk,gripper_slip,value_gate,0.5,True,True,False,90.0,0.8132731914520264
175,427,milk,gripper_slip,value_gate,0.75,True,True,False,10.0,0.715956449508667
175,427,milk,gripper_slip,risk_gate,0.1,True,False,False,,
175,427,milk,gripper_slip,risk_gate,0.25,True,True,False,90.0,0.897034764289856
175,427,milk,gripper_slip,risk_gate,0.5,True,True,False,90.0,0.897034764289856
175,427,milk,gripper_slip,risk_gate,0.75,True,True,False,90.0,0.897034764289856
175,427,milk,gripper_slip,uncertainty_gate,0.1,True,False,False,,
175,427,milk,gripper_slip,uncertainty_gate,0.25,True,False,False,,
175,427,milk,gripper_slip,uncertainty_gate,0.5,True,True,False,110.0,0.04510097950696945
175,427,milk,gripper_slip,uncertainty_gate,0.75,False,True,False,50.0,0.010220671072602272
176,427,milk,gripper_slip,never_help,0.0,False,False,False,,
176,427,milk,gripper_slip,always_help,1.0,True,True,True,10.0,
176,427,milk,gripper_slip,oracle_value,,True,True,True,10.0,1.0
176,427,milk,gripper_slip,value_gate,0.1,False,False,False,,
176,427,milk,gripper_slip,value_gate,0.25,False,False,False,,
176,427,milk,gripper_slip,value_gate,0.5,True,True,True,50.0,0.8689653873443604
176,427,milk,gripper_slip,value_gate,0.75,True,True,True,10.0,0.4917396306991577
176,427,milk,gripper_slip,risk_gate,0.1,False,False,False,,
176,427,milk,gripper_slip,risk_gate,0.25,True,True,True,50.0,0.947300136089325
176,427,milk,gripper_slip,risk_gate,0.5,True,True,True,50.0,0.947300136089325
176,427,milk,gripper_slip,risk_gate,0.75,True,True,True,50.0,0.947300136089325
176,427,milk,gripper_slip,uncertainty_gate,0.1,False,False,False,,
176,427,milk,gripper_slip,uncertainty_gate,0.25,False,False,False,,
176,427,milk,gripper_slip,uncertainty_gate,0.5,True,True,True,110.0,0.044659558683633804
176,427,milk,gripper_slip,uncertainty_gate,0.75,True,True,True,50.0,0.007364384364336729
177,427,milk,gripper_slip,never_help,0.0,False,False,False,,
177,427,milk,gripper_slip,always_help,1.0,True,True,True,10.0,
177,427,milk,gripper_slip,oracle_value,,True,True,True,10.0,1.0
177,427,milk,gripper_slip,value_gate,0.1,False,False,False,,
177,427,milk,gripper_slip,value_gate,0.25,False,False,False,,
177,427,milk,gripper_slip,value_gate,0.5,True,True,True,50.0,0.8280016183853149
177,427,milk,gripper_slip,value_gate,0.75,True,True,True,50.0,0.8280016183853149
177,427,milk,gripper_slip,risk_gate,0.1,False,False,False,,
177,427,milk,gripper_slip,risk_gate,0.25,False,False,False,,
177,427,milk,gripper_slip,risk_gate,0.5,False,False,False,,
177,427,milk,gripper_slip,risk_gate,0.75,True,True,True,50.0,0.669588029384613
177,427,milk,gripper_slip,uncertainty_gate,0.1,False,False,False,,
177,427,milk,gripper_slip,uncertainty_gate,0.25,False,False,False,,
177,427,milk,gripper_slip,uncertainty_gate,0.5,True,True,True,130.0,0.025066951289772987
177,427,milk,gripper_slip,uncertainty_gate,0.75,True,True,True,50.0,0.015981707721948624
178,427,milk,gripper_slip,never_help,0.0,True,False,False,,
178,427,milk,gripper_slip,always_help,1.0,True,True,False,10.0,
178,427,milk,gripper_slip,oracle_value,,True,False,False,,
178,427,milk,gripper_slip,value_gate,0.1,True,False,False,,
178,427,milk,gripper_slip,value_gate,0.25,True,False,False,,
178,427,milk,gripper_slip,value_gate,0.5,True,False,False,,
178,427,milk,gripper_slip,value_gate,0.75,True,True,False,10.0,0.6535420417785645
178,427,milk,gripper_slip,risk_gate,0.1,True,False,False,,
178,427,milk,gripper_slip,risk_gate,0.25,True,True,False,10.0,0.8790808320045471
178,427,milk,gripper_slip,risk_gate,0.5,True,True,False,10.0,0.8790808320045471
178,427,milk,gripper_slip,risk_gate,0.75,True,True,False,10.0,0.8790808320045471
178,427,milk,gripper_slip,uncertainty_gate,0.1,True,False,False,,
178,427,milk,gripper_slip,uncertainty_gate,0.25,True,False,False,,
178,427,milk,gripper_slip,uncertainty_gate,0.5,True,True,False,50.0,0.030808892101049423
178,427,milk,gripper_slip,uncertainty_gate,0.75,True,True,False,10.0,0.0037944826763123274
179,427,milk,gripper_slip,never_help,0.0,False,False,False,,
179,427,milk,gripper_slip,always_help,1.0,True,True,True,10.0,
179,427,milk,gripper_slip,oracle_value,,True,True,True,10.0,1.0
179,427,milk,gripper_slip,value_gate,0.1,False,False,False,,
179,427,milk,gripper_slip,value_gate,0.25,False,False,False,,
179,427,milk,gripper_slip,value_gate,0.5,True,True,True,50.0,0.8337075114250183
179,427,milk,gripper_slip,value_gate,0.75,True,True,True,50.0,0.8337075114250183
179,427,milk,gripper_slip,risk_gate,0.1,False,False,False,,
179,427,milk,gripper_slip,risk_gate,0.25,False,False,False,,
179,427,milk,gripper_slip,risk_gate,0.5,True,True,True,50.0,0.8011292815208435
179,427,milk,gripper_slip,risk_gate,0.75,True,True,True,50.0,0.8011292815208435
179,427,milk,gripper_slip,uncertainty_gate,0.1,False,False,False,,
179,427,milk,gripper_slip,uncertainty_gate,0.25,True,True,True,130.0,0.13639400899410248
179,427,milk,gripper_slip,uncertainty_gate,0.5,True,True,True,130.0,0.13639400899410248
179,427,milk,gripper_slip,uncertainty_gate,0.75,True,True,True,50.0,0.009899510070681572
180,427,bread,nominal,never_help,0.0,False,False,False,,
180,427,bread,nominal,always_help,1.0,False,True,False,10.0,
180,427,bread,nominal,oracle_value,,True,True,True,130.0,1.0
180,427,bread,nominal,value_gate,0.1,False,False,False,,
180,427,bread,nominal,value_gate,0.25,False,False,False,,
180,427,bread,nominal,value_gate,0.5,False,False,False,,
180,427,bread,nominal,value_gate,0.75,False,True,False,30.0,0.6174728274345398
180,427,bread,nominal,risk_gate,0.1,False,False,False,,
180,427,bread,nominal,risk_gate,0.25,True,True,True,130.0,0.8975359797477722
180,427,bread,nominal,risk_gate,0.5,True,True,True,130.0,0.8975359797477722
180,427,bread,nominal,risk_gate,0.75,False,True,False,10.0,0.45729801058769226
180,427,bread,nominal,uncertainty_gate,0.1,False,False,False,,
180,427,bread,nominal,uncertainty_gate,0.25,False,False,False,,
180,427,bread,nominal,uncertainty_gate,0.5,False,False,False,,
180,427,bread,nominal,uncertainty_gate,0.75,False,True,False,70.0,0.005374775268137455
181,427,bread,nominal,never_help,0.0,True,False,False,,
181,427,bread,nominal,always_help,1.0,True,True,False,10.0,
181,427,bread,nominal,oracle_value,,True,False,False,,
181,427,bread,nominal,value_gate,0.1,True,False,False,,
181,427,bread,nominal,value_gate,0.25,True,False,False,,
181,427,bread,nominal,value_gate,0.5,True,False,False,,
181,427,bread,nominal,value_gate,0.75,True,False,False,,
181,427,bread,nominal,risk_gate,0.1,True,False,False,,
181,427,bread,nominal,risk_gate,0.25,True,False,False,,
181,427,bread,nominal,risk_gate,0.5,True,False,False,,
181,427,bread,nominal,risk_gate,0.75,True,True,False,10.0,0.4549066722393036
181,427,bread,nominal,uncertainty_gate,0.1,True,False,False,,
181,427,bread,nominal,uncertainty_gate,0.25,True,False,False,,
181,427,bread,nominal,uncertainty_gate,0.5,True,False,False,,
181,427,bread,nominal,uncertainty_gate,0.75,True,False,False,,
182,427,bread,nominal,never_help,0.0,True,False,False,,
182,427,bread,nominal,always_help,1.0,True,True,False,10.0,
182,427,bread,nominal,oracle_value,,True,False,False,,
182,427,bread,nominal,value_gate,0.1,True,False,False,,
182,427,bread,nominal,value_gate,0.25,True,False,False,,
182,427,bread,nominal,value_gate,0.5,True,False,False,,
182,427,bread,nominal,value_gate,0.75,True,True,False,10.0,0.7821693420410156
182,427,bread,nominal,risk_gate,0.1,True,True,False,10.0,0.9737663865089417
182,427,bread,nominal,risk_gate,0.25,True,True,False,10.0,0.9737663865089417
182,427,bread,nominal,risk_gate,0.5,True,True,False,10.0,0.9737663865089417
182,427,bread,nominal,risk_gate,0.75,True,True,False,10.0,0.9737663865089417
182,427,bread,nominal,uncertainty_gate,0.1,True,False,False,,
182,427,bread,nominal,uncertainty_gate,0.25,True,False,False,,
182,427,bread,nominal,uncertainty_gate,0.5,True,False,False,,
182,427,bread,nominal,uncertainty_gate,0.75,True,False,False,,
183,427,bread,nominal,never_help,0.0,True,False,False,,
183,427,bread,nominal,always_help,1.0,True,True,False,10.0,
183,427,bread,nominal,oracle_value,,True,False,False,,
183,427,bread,nominal,value_gate,0.1,True,False,False,,
183,427,bread,nominal,value_gate,0.25,True,False,False,,
183,427,bread,nominal,value_gate,0.5,True,False,False,,
183,427,bread,nominal,value_gate,0.75,True,True,False,10.0,0.6180902123451233
183,427,bread,nominal,risk_gate,0.1,True,False,False,,
183,427,bread,nominal,risk_gate,0.25,True,False,False,,
183,427,bread,nominal,risk_gate,0.5,True,False,False,,
183,427,bread,nominal,risk_gate,0.75,True,True,False,10.0,0.4164228141307831
183,427,bread,nominal,uncertainty_gate,0.1,True,False,False,,
183,427,bread,nominal,uncertainty_gate,0.25,True,False,False,,
183,427,bread,nominal,uncertainty_gate,0.5,True,False,False,,
183,427,bread,nominal,uncertainty_gate,0.75,True,False,False,,
184,427,bread,nominal,never_help,0.0,True,False,False,,
184,427,bread,nominal,always_help,1.0,True,True,False,10.0,
184,427,bread,nominal,oracle_value,,True,False,False,,
184,427,bread,nominal,value_gate,0.1,True,False,False,,
184,427,bread,nominal,value_gate,0.25,True,False,False,,
184,427,bread,nominal,value_gate,0.5,True,False,False,,
184,427,bread,nominal,value_gate,0.75,True,True,False,10.0,0.7479621171951294
184,427,bread,nominal,risk_gate,0.1,True,False,False,,
184,427,bread,nominal,risk_gate,0.25,True,False,False,,
184,427,bread,nominal,risk_gate,0.5,True,True,False,10.0,0.7597686052322388
184,427,bread,nominal,risk_gate,0.75,True,True,False,10.0,0.7597686052322388
184,427,bread,nominal,uncertainty_gate,0.1,True,False,False,,
184,427,bread,nominal,uncertainty_gate,0.25,True,False,False,,
184,427,bread,nominal,uncertainty_gate,0.5,True,False,False,,
184,427,bread,nominal,uncertainty_gate,0.75,True,False,False,,
185,427,bread,nominal,never_help,0.0,True,False,False,,
185,427,bread,nominal,always_help,1.0,True,True,False,10.0,
185,427,bread,nominal,oracle_value,,True,False,False,,
185,427,bread,nominal,value_gate,0.1,True,False,False,,
185,427,bread,nominal,value_gate,0.25,True,False,False,,
185,427,bread,nominal,value_gate,0.5,True,False,False,,
185,427,bread,nominal,value_gate,0.75,True,True,False,10.0,0.6869292259216309
185,427,bread,nominal,risk_gate,0.1,True,False,False,,
185,427,bread,nominal,risk_gate,0.25,True,False,False,,
185,427,bread,nominal,risk_gate,0.5,True,False,False,,
185,427,bread,nominal,risk_gate,0.75,True,True,False,10.0,0.45792585611343384
185,427,bread,nominal,uncertainty_gate,0.1,True,False,False,,
185,427,bread,nominal,uncertainty_gate,0.25,True,False,False,,
185,427,bread,nominal,uncertainty_gate,0.5,True,False,False,,
185,427,bread,nominal,uncertainty_gate,0.75,True,False,False,,
186,427,bread,object_shift,never_help,0.0,False,False,False,,
186,427,bread,object_shift,always_help,1.0,True,True,True,10.0,
186,427,bread,object_shift,oracle_value,,True,True,True,10.0,1.0
186,427,bread,object_shift,value_gate,0.1,False,False,False,,
186,427,bread,object_shift,value_gate,0.25,True,True,True,50.0,0.9566577076911926
186,427,bread,object_shift,value_gate,0.5,True,True,True,30.0,0.9261303544044495
186,427,bread,object_shift,value_gate,0.75,True,True,True,10.0,0.49506258964538574
186,427,bread,object_shift,risk_gate,0.1,True,True,True,130.0,0.9728620648384094
186,427,bread,object_shift,risk_gate,0.25,True,True,True,130.0,0.9728620648384094
186,427,bread,object_shift,risk_gate,0.5,True,True,True,130.0,0.9728620648384094
186,427,bread,object_shift,risk_gate,0.75,True,True,True,10.0,0.5535743832588196
186,427,bread,object_shift,uncertainty_gate,0.1,False,False,False,,
186,427,bread,object_shift,uncertainty_gate,0.25,False,False,False,,
186,427,bread,object_shift,uncertainty_gate,0.5,True,True,True,50.0,0.03707787021994591
186,427,bread,object_shift,uncertainty_gate,0.75,True,True,True,30.0,0.006680272053927183
187,427,bread,object_shift,never_help,0.0,True,False,False,,
187,427,bread,object_shift,always_help,1.0,True,True,False,10.0,
187,427,bread,object_shift,oracle_value,,True,False,False,,
187,427,bread,object_shift,value_gate,0.1,True,False,False,,
187,427,bread,object_shift,value_gate,0.25,True,False,False,,
187,427,bread,object_shift,value_gate,0.5,True,True,False,30.0,0.8165573477745056
187,427,bread,object_shift,value_gate,0.75,True,True,False,30.0,0.8165573477745056
187,427,bread,object_shift,risk_gate,0.1,True,False,False,,
187,427,bread,object_shift,risk_gate,0.25,True,False,False,,
187,427,bread,object_shift,risk_gate,0.5,True,False,False,,
187,427,bread,object_shift,risk_gate,0.75,True,False,False,,
187,427,bread,object_shift,uncertainty_gate,0.1,True,False,False,,
187,427,bread,object_shift,uncertainty_gate,0.25,True,True,False,30.0,0.11923123896121979
187,427,bread,object_shift,uncertainty_gate,0.5,True,True,False,30.0,0.11923123896121979
187,427,bread,object_shift,uncertainty_gate,0.75,True,True,False,30.0,0.11923123896121979
188,427,bread,object_shift,never_help,0.0,True,False,False,,
188,427,bread,object_shift,always_help,1.0,True,True,False,10.0,
188,427,bread,object_shift,oracle_value,,True,False,False,,
188,427,bread,object_shift,value_gate,0.1,True,False,False,,
188,427,bread,object_shift,value_gate,0.25,True,False,False,,
188,427,bread,object_shift,value_gate,0.5,True,True,False,70.0,0.7996594309806824
188,427,bread,object_shift,value_gate,0.75,True,True,False,30.0,0.5936240553855896
188,427,bread,object_shift,risk_gate,0.1,True,False,False,,
188,427,bread,object_shift,risk_gate,0.25,True,False,False,,
188,427,bread,object_shift,risk_gate,0.5,True,False,False,,
188,427,bread,object_shift,risk_gate,0.75,True,False,False,,
188,427,bread,object_shift,uncertainty_gate,0.1,True,False,False,,
188,427,bread,object_shift,uncertainty_gate,0.25,True,False,False,,
188,427,bread,object_shift,uncertainty_gate,0.5,True,False,False,,
188,427,bread,object_shift,uncertainty_gate,0.75,True,True,False,70.0,0.018071642145514488
189,427,bread,object_shift,never_help,0.0,False,False,False,,
189,427,bread,object_shift,always_help,1.0,True,True,True,10.0,
189,427,bread,object_shift,oracle_value,,True,True,True,10.0,1.0
189,427,bread,object_shift,value_gate,0.1,True,True,True,30.0,0.9796723127365112
189,427,bread,object_shift,value_gate,0.25,True,True,True,30.0,0.9796723127365112
189,427,bread,object_shift,value_gate,0.5,True,True,True,30.0,0.9796723127365112
189,427,bread,object_shift,value_gate,0.75,True,True,True,10.0,0.5808124542236328
189,427,bread,object_shift,risk_gate,0.1,True,True,True,70.0,0.9809304475784302
189,427,bread,object_shift,risk_gate,0.25,True,True,True,30.0,0.9450438618659973
189,427,bread,object_shift,risk_gate,0.5,True,True,True,30.0,0.9450438618659973
189,427,bread,object_shift,risk_gate,0.75,True,True,True,30.0,0.9450438618659973
189,427,bread,object_shift,uncertainty_gate,0.1,False,False,False,,
189,427,bread,object_shift,uncertainty_gate,0.25,False,False,False,,
189,427,bread,object_shift,uncertainty_gate,0.5,True,True,True,90.0,0.03607359156012535
189,427,bread,object_shift,uncertainty_gate,0.75,True,True,True,30.0,0.015063093043863773
190,427,bread,object_shift,never_help,0.0,False,False,False,,
190,427,bread,object_shift,always_help,1.0,True,True,True,10.0,
190,427,bread,object_shift,oracle_value,,True,True,True,10.0,1.0
190,427,bread,object_shift,value_gate,0.1,False,False,False,,
190,427,bread,object_shift,value_gate,0.25,True,True,True,30.0,0.9595903158187866
190,427,bread,object_shift,value_gate,0.5,True,True,True,30.0,0.9595903158187866
190,427,bread,object_shift,value_gate,0.75,True,True,True,10.0,0.7296841740608215
190,427,bread,object_shift,risk_gate,0.1,False,False,False,,
190,427,bread,object_shift,risk_gate,0.25,True,True,True,130.0,0.893355131149292
190,427,bread,object_shift,risk_gate,0.5,True,True,True,30.0,0.7389938831329346
190,427,bread,object_shift,risk_gate,0.75,True,True,True,10.0,0.4877796471118927
190,427,bread,object_shift,uncertainty_gate,0.1,True,True,True,30.0,0.21625320613384247
190,427,bread,object_shift,uncertainty_gate,0.25,True,True,True,30.0,0.21625320613384247
190,427,bread,object_shift,uncertainty_gate,0.5,True,True,True,30.0,0.21625320613384247
190,427,bread,object_shift,uncertainty_gate,0.75,True,True,True,30.0,0.21625320613384247
191,427,bread,object_shift,never_help,0.0,False,False,False,,
191,427,bread,object_shift,always_help,1.0,True,True,True,10.0,
191,427,bread,object_shift,oracle_value,,True,True,True,10.0,1.0
191,427,bread,object_shift,value_gate,0.1,False,False,False,,
191,427,bread,object_shift,value_gate,0.25,False,False,False,,
191,427,bread,object_shift,value_gate,0.5,False,True,False,130.0,0.7928863167762756
191,427,bread,object_shift,value_gate,0.75,True,True,True,30.0,0.7569265961647034
191,427,bread,object_shift,risk_gate,0.1,False,False,False,,
191,427,bread,object_shift,risk_gate,0.25,False,False,False,,
191,427,bread,object_shift,risk_gate,0.5,True,True,True,10.0,0.822914183139801
191,427,bread,object_shift,risk_gate,0.75,True,True,True,10.0,0.822914183139801
191,427,bread,object_shift,uncertainty_gate,0.1,False,False,False,,
191,427,bread,object_shift,uncertainty_gate,0.25,False,False,False,,
191,427,bread,object_shift,uncertainty_gate,0.5,False,True,False,130.0,0.04293105751276016
191,427,bread,object_shift,uncertainty_gate,0.75,False,True,False,50.0,0.0032190463971346617
192,427,bread,action_noise,never_help,0.0,True,False,False,,
192,427,bread,action_noise,always_help,1.0,True,True,False,10.0,
192,427,bread,action_noise,oracle_value,,True,False,False,,
192,427,bread,action_noise,value_gate,0.1,True,False,False,,
192,427,bread,action_noise,value_gate,0.25,True,False,False,,
192,427,bread,action_noise,value_gate,0.5,True,False,False,,
192,427,bread,action_noise,value_gate,0.75,True,False,False,,
192,427,bread,action_noise,risk_gate,0.1,True,False,False,,
192,427,bread,action_noise,risk_gate,0.25,True,False,False,,
192,427,bread,action_noise,risk_gate,0.5,True,False,False,,
192,427,bread,action_noise,risk_gate,0.75,True,False,False,,
192,427,bread,action_noise,uncertainty_gate,0.1,True,False,False,,
192,427,bread,action_noise,uncertainty_gate,0.25,True,False,False,,
192,427,bread,action_noise,uncertainty_gate,0.5,True,False,False,,
192,427,bread,action_noise,uncertainty_gate,0.75,True,False,False,,
193,427,bread,action_noise,never_help,0.0,True,False,False,,
193,427,bread,action_noise,always_help,1.0,True,True,False,10.0,
193,427,bread,action_noise,oracle_value,,True,False,False,,
193,427,bread,action_noise,value_gate,0.1,True,False,False,,
193,427,bread,action_noise,value_gate,0.25,True,False,False,,
193,427,bread,action_noise,value_gate,0.5,True,False,False,,
193,427,bread,action_noise,value_gate,0.75,True,True,False,10.0,0.6089448928833008
193,427,bread,action_noise,risk_gate,0.1,True,False,False,,
193,427,bread,action_noise,risk_gate,0.25,True,True,False,10.0,0.9292327761650085
193,427,bread,action_noise,risk_gate,0.5,True,True,False,10.0,0.9292327761650085
193,427,bread,action_noise,risk_gate,0.75,True,True,False,10.0,0.9292327761650085
193,427,bread,action_noise,uncertainty_gate,0.1,True,False,False,,
193,427,bread,action_noise,uncertainty_gate,0.25,True,False,False,,
193,427,bread,action_noise,uncertainty_gate,0.5,True,False,False,,
193,427,bread,action_noise,uncertainty_gate,0.75,True,True,False,90.0,0.018612226471304893
194,427,bread,action_noise,never_help,0.0,True,False,False,,
194,427,bread,action_noise,always_help,1.0,True,True,False,10.0,
194,427,bread,action_noise,oracle_value,,True,False,False,,
194,427,bread,action_noise,value_gate,0.1,True,False,False,,
194,427,bread,action_noise,value_gate,0.25,True,False,False,,
194,427,bread,action_noise,value_gate,0.5,True,False,False,,
194,427,bread,action_noise,value_gate,0.75,True,True,False,30.0,0.6221992373466492
194,427,bread,action_noise,risk_gate,0.1,True,False,False,,
194,427,bread,action_noise,risk_gate,0.25,True,True,False,10.0,0.9550452828407288
194,427,bread,action_noise,risk_gate,0.5,True,True,False,10.0,0.9550452828407288
194,427,bread,action_noise,risk_gate,0.75,True,True,False,10.0,0.9550452828407288
194,427,bread,action_noise,uncertainty_gate,0.1,True,False,False,,
194,427,bread,action_noise,uncertainty_gate,0.25,True,False,False,,
194,427,bread,action_noise,uncertainty_gate,0.5,True,False,False,,
194,427,bread,action_noise,uncertainty_gate,0.75,True,True,False,110.0,0.01042842399328947
195,427,bread,action_noise,never_help,0.0,False,False,False,,
195,427,bread,action_noise,always_help,1.0,True,True,True,10.0,
195,427,bread,action_noise,oracle_value,,True,True,True,10.0,1.0
195,427,bread,action_noise,value_gate,0.1,False,False,False,,
195,427,bread,action_noise,value_gate,0.25,False,False,False,,
195,427,bread,action_noise,value_gate,0.5,False,False,False,,
195,427,bread,action_noise,value_gate,0.75,False,True,False,110.0,0.6934267282485962
195,427,bread,action_noise,risk_gate,0.1,False,True,False,110.0,0.9593398571014404
195,427,bread,action_noise,risk_gate,0.25,False,True,False,110.0,0.9593398571014404
195,427,bread,action_noise,risk_gate,0.5,False,True,False,110.0,0.9593398571014404
195,427,bread,action_noise,risk_gate,0.75,True,True,True,10.0,0.6067876219749451
195,427,bread,action_noise,uncertainty_gate,0.1,False,False,False,,
195,427,bread,action_noise,uncertainty_gate,0.25,False,False,False,,
195,427,bread,action_noise,uncertainty_gate,0.5,True,True,True,70.0,0.03154457360506058
195,427,bread,action_noise,uncertainty_gate,0.75,True,True,True,70.0,0.03154457360506058
196,427,bread,action_noise,never_help,0.0,True,False,False,,
196,427,bread,action_noise,always_help,1.0,True,True,False,10.0,
196,427,bread,action_noise,oracle_value,,True,False,False,,
196,427,bread,action_noise,value_gate,0.1,True,False,False,,
196,427,bread,action_noise,value_gate,0.25,True,False,False,,
196,427,bread,action_noise,value_gate,0.5,True,False,False,,
196,427,bread,action_noise,value_gate,0.75,True,True,False,30.0,0.5069947242736816
196,427,bread,action_noise,risk_gate,0.1,True,False,False,,
196,427,bread,action_noise,risk_gate,0.25,True,False,False,,
196,427,bread,action_noise,risk_gate,0.5,True,False,False,,
196,427,bread,action_noise,risk_gate,0.75,True,True,False,10.0,0.668033242225647
196,427,bread,action_noise,uncertainty_gate,0.1,True,False,False,,
196,427,bread,action_noise,uncertainty_gate,0.25,True,False,False,,
196,427,bread,action_noise,uncertainty_gate,0.5,True,False,False,,
196,427,bread,action_noise,uncertainty_gate,0.75,True,False,False,,
197,427,bread,action_noise,never_help,0.0,True,False,False,,
197,427,bread,action_noise,always_help,1.0,True,True,False,10.0,
197,427,bread,action_noise,oracle_value,,True,False,False,,
197,427,bread,action_noise,value_gate,0.1,True,False,False,,
197,427,bread,action_noise,value_gate,0.25,True,False,False,,
197,427,bread,action_noise,value_gate,0.5,True,False,False,,
197,427,bread,action_noise,value_gate,0.75,True,False,False,,
197,427,bread,action_noise,risk_gate,0.1,True,False,False,,
197,427,bread,action_noise,risk_gate,0.25,True,False,False,,
197,427,bread,action_noise,risk_gate,0.5,True,False,False,,
197,427,bread,action_noise,risk_gate,0.75,True,True,False,10.0,0.5630143880844116
197,427,bread,action_noise,uncertainty_gate,0.1,True,False,False,,
197,427,bread,action_noise,uncertainty_gate,0.25,True,False,False,,
197,427,bread,action_noise,uncertainty_gate,0.5,True,False,False,,
197,427,bread,action_noise,uncertainty_gate,0.75,True,True,False,30.0,0.0033635993022471666
198,427,bread,action_delay,never_help,0.0,False,False,False,,
198,427,bread,action_delay,always_help,1.0,True,True,True,10.0,
198,427,bread,action_delay,oracle_value,,True,True,True,10.0,1.0
198,427,bread,action_delay,value_gate,0.1,False,False,False,,
198,427,bread,action_delay,value_gate,0.25,True,True,True,70.0,0.9499719738960266
198,427,bread,action_delay,value_gate,0.5,True,True,True,30.0,0.9162602424621582
198,427,bread,action_delay,value_gate,0.75,True,True,True,10.0,0.6302395462989807
198,427,bread,action_delay,risk_gate,0.1,False,False,False,,
198,427,bread,action_delay,risk_gate,0.25,False,False,False,,
198,427,bread,action_delay,risk_gate,0.5,True,True,True,130.0,0.7740561366081238
198,427,bread,action_delay,risk_gate,0.75,True,True,True,30.0,0.4093972146511078
198,427,bread,action_delay,uncertainty_gate,0.1,False,False,False,,
198,427,bread,action_delay,uncertainty_gate,0.25,True,True,True,50.0,0.1206413134932518
198,427,bread,action_delay,uncertainty_gate,0.5,True,True,True,50.0,0.1206413134932518
198,427,bread,action_delay,uncertainty_gate,0.75,True,True,True,30.0,0.004784492310136557
199,427,bread,action_delay,never_help,0.0,False,False,False,,
199,427,bread,action_delay,always_help,1.0,True,True,True,10.0,
199,427,bread,action_delay,oracle_value,,True,True,True,10.0,1.0
199,427,bread,action_delay,value_gate,0.1,False,False,False,,
199,427,bread,action_delay,value_gate,0.25,False,False,False,,
199,427,bread,action_delay,value_gate,0.5,False,False,False,,
199,427,bread,action_delay,value_gate,0.75,True,True,True,30.0,0.7400932908058167
199,427,bread,action_delay,risk_gate,0.1,False,False,False,,
199,427,bread,action_delay,risk_gate,0.25,False,False,False,,
199,427,bread,action_delay,risk_gate,0.5,False,False,False,,
199,427,bread,action_delay,risk_gate,0.75,False,False,False,,
199,427,bread,action_delay,uncertainty_gate,0.1,False,False,False,,
199,427,bread,action_delay,uncertainty_gate,0.25,False,False,False,,
199,427,bread,action_delay,uncertainty_gate,0.5,False,False,False,,
199,427,bread,action_delay,uncertainty_gate,0.75,True,True,True,50.0,0.011167247779667377
200,427,bread,action_delay,never_help,0.0,False,False,False,,
200,427,bread,action_delay,always_help,1.0,True,True,True,10.0,
200,427,bread,action_delay,oracle_value,,True,True,True,10.0,1.0
200,427,bread,action_delay,value_gate,0.1,False,False,False,,
200,427,bread,action_delay,value_gate,0.25,True,True,True,70.0,0.9565030336380005
200,427,bread,action_delay,value_gate,0.5,True,True,True,10.0,0.8387042284011841
200,427,bread,action_delay,value_gate,0.75,True,True,True,10.0,0.8387042284011841
200,427,bread,action_delay,risk_gate,0.1,False,False,False,,
200,427,bread,action_delay,risk_gate,0.25,False,False,False,,
200,427,bread,action_delay,risk_gate,0.5,False,False,False,,
200,427,bread,action_delay,risk_gate,0.75,True,True,True,50.0,0.6179969906806946
200,427,bread,action_delay,uncertainty_gate,0.1,False,False,False,,
200,427,bread,action_delay,uncertainty_gate,0.25,False,False,False,,
200,427,bread,action_delay,uncertainty_gate,0.5,True,True,True,110.0,0.030834240838885307
200,427,bread,action_delay,uncertainty_gate,0.75,True,True,True,50.0,0.006824863608926535
201,427,bread,action_delay,never_help,0.0,False,False,False,,
201,427,bread,action_delay,always_help,1.0,True,True,True,10.0,
201,427,bread,action_delay,oracle_value,,True,True,True,10.0,1.0
201,427,bread,action_delay,value_gate,0.1,True,True,True,50.0,0.9791216254234314
201,427,bread,action_delay,value_gate,0.25,True,True,True,10.0,0.9515298008918762
201,427,bread,action_delay,value_gate,0.5,True,True,True,10.0,0.9515298008918762
201,427,bread,action_delay,value_gate,0.75,True,True,True,10.0,0.9515298008918762
201,427,bread,action_delay,risk_gate,0.1,False,False,False,,
201,427,bread,action_delay,risk_gate,0.25,False,False,False,,
201,427,bread,action_delay,risk_gate,0.5,False,False,False,,
201,427,bread,action_delay,risk_gate,0.75,True,True,True,50.0,0.5923795700073242
201,427,bread,action_delay,uncertainty_gate,0.1,False,False,False,,
201,427,bread,action_delay,uncertainty_gate,0.25,False,False,False,,
201,427,bread,action_delay,uncertainty_gate,0.5,True,True,True,90.0,0.04603826254606247
201,427,bread,action_delay,uncertainty_gate,0.75,True,True,True,50.0,0.0074286204762756824
202,427,bread,action_delay,never_help,0.0,False,False,False,,
202,427,bread,action_delay,always_help,1.0,True,True,True,10.0,
202,427,bread,action_delay,oracle_value,,True,True,True,10.0,1.0
202,427,bread,action_delay,value_gate,0.1,False,False,False,,
202,427,bread,action_delay,value_gate,0.25,False,False,False,,
202,427,bread,action_delay,value_gate,0.5,True,True,True,10.0,0.8284603357315063
202,427,bread,action_delay,value_gate,0.75,True,True,True,10.0,0.8284603357315063
202,427,bread,action_delay,risk_gate,0.1,False,False,False,,
202,427,bread,action_delay,risk_gate,0.25,False,False,False,,
202,427,bread,action_delay,risk_gate,0.5,False,False,False,,
202,427,bread,action_delay,risk_gate,0.75,False,False,False,,
202,427,bread,action_delay,uncertainty_gate,0.1,False,False,False,,
202,427,bread,action_delay,uncertainty_gate,0.25,False,False,False,,
202,427,bread,action_delay,uncertainty_gate,0.5,False,False,False,,
202,427,bread,action_delay,uncertainty_gate,0.75,True,True,True,30.0,0.00481960317119956
203,427,bread,action_delay,never_help,0.0,False,False,False,,
203,427,bread,action_delay,always_help,1.0,True,True,True,10.0,
203,427,bread,action_delay,oracle_value,,True,True,True,10.0,1.0
203,427,bread,action_delay,value_gate,0.1,False,False,False,,
203,427,bread,action_delay,value_gate,0.25,False,False,False,,
203,427,bread,action_delay,value_gate,0.5,True,True,True,10.0,0.8568542003631592
203,427,bread,action_delay,value_gate,0.75,True,True,True,10.0,0.8568542003631592
203,427,bread,action_delay,risk_gate,0.1,True,True,True,130.0,0.9606615304946899
203,427,bread,action_delay,risk_gate,0.25,True,True,True,110.0,0.9370110034942627
203,427,bread,action_delay,risk_gate,0.5,True,True,True,110.0,0.9370110034942627
203,427,bread,action_delay,risk_gate,0.75,True,True,True,110.0,0.9370110034942627
203,427,bread,action_delay,uncertainty_gate,0.1,False,False,False,,
203,427,bread,action_delay,uncertainty_gate,0.25,False,False,False,,
203,427,bread,action_delay,uncertainty_gate,0.5,True,True,True,110.0,0.04258698597550392
203,427,bread,action_delay,uncertainty_gate,0.75,True,True,True,30.0,0.014735899865627289
204,427,bread,gripper_slip,never_help,0.0,False,False,False,,
204,427,bread,gripper_slip,always_help,1.0,True,True,True,10.0,
204,427,bread,gripper_slip,oracle_value,,True,True,True,10.0,1.0
204,427,bread,gripper_slip,value_gate,0.1,False,False,False,,
204,427,bread,gripper_slip,value_gate,0.25,False,False,False,,
204,427,bread,gripper_slip,value_gate,0.5,True,True,True,70.0,0.8812035322189331
204,427,bread,gripper_slip,value_gate,0.75,True,True,True,70.0,0.8812035322189331
204,427,bread,gripper_slip,risk_gate,0.1,False,False,False,,
204,427,bread,gripper_slip,risk_gate,0.25,True,True,True,130.0,0.8947904706001282
204,427,bread,gripper_slip,risk_gate,0.5,True,True,True,110.0,0.8728227615356445
204,427,bread,gripper_slip,risk_gate,0.75,True,True,True,10.0,0.5653829574584961
204,427,bread,gripper_slip,uncertainty_gate,0.1,False,False,False,,
204,427,bread,gripper_slip,uncertainty_gate,0.25,False,False,False,,
204,427,bread,gripper_slip,uncertainty_gate,0.5,True,True,True,110.0,0.03884611278772354
204,427,bread,gripper_slip,uncertainty_gate,0.75,True,True,True,70.0,0.007573222275823355
205,427,bread,gripper_slip,never_help,0.0,False,False,False,,
205,427,bread,gripper_slip,always_help,1.0,True,True,True,10.0,
205,427,bread,gripper_slip,oracle_value,,True,True,True,10.0,1.0
205,427,bread,gripper_slip,value_gate,0.1,False,False,False,,
205,427,bread,gripper_slip,value_gate,0.25,False,False,False,,
205,427,bread,gripper_slip,value_gate,0.5,True,True,True,110.0,0.9440674781799316
205,427,bread,gripper_slip,value_gate,0.75,True,True,True,10.0,0.4722549617290497
205,427,bread,gripper_slip,risk_gate,0.1,False,False,False,,
205,427,bread,gripper_slip,risk_gate,0.25,False,False,False,,
205,427,bread,gripper_slip,risk_gate,0.5,True,True,True,110.0,0.8499287366867065
205,427,bread,gripper_slip,risk_gate,0.75,True,True,True,10.0,0.47508692741394043
205,427,bread,gripper_slip,uncertainty_gate,0.1,False,False,False,,
205,427,bread,gripper_slip,uncertainty_gate,0.25,False,False,False,,
205,427,bread,gripper_slip,uncertainty_gate,0.5,False,True,False,90.0,0.023465456441044807
205,427,bread,gripper_slip,uncertainty_gate,0.75,True,True,True,70.0,0.017818843945860863
206,427,bread,gripper_slip,never_help,0.0,False,False,False,,
206,427,bread,gripper_slip,always_help,1.0,True,True,True,10.0,
206,427,bread,gripper_slip,oracle_value,,True,True,True,10.0,1.0
206,427,bread,gripper_slip,value_gate,0.1,False,False,False,,
206,427,bread,gripper_slip,value_gate,0.25,False,False,False,,
206,427,bread,gripper_slip,value_gate,0.5,True,True,True,70.0,0.9458492994308472
206,427,bread,gripper_slip,value_gate,0.75,True,True,True,10.0,0.48727184534072876
206,427,bread,gripper_slip,risk_gate,0.1,False,False,False,,
206,427,bread,gripper_slip,risk_gate,0.25,True,True,True,70.0,0.893378496170044
206,427,bread,gripper_slip,risk_gate,0.5,True,True,True,70.0,0.893378496170044
206,427,bread,gripper_slip,risk_gate,0.75,True,True,True,10.0,0.5604093074798584
206,427,bread,gripper_slip,uncertainty_gate,0.1,False,False,False,,
206,427,bread,gripper_slip,uncertainty_gate,0.25,False,False,False,,
206,427,bread,gripper_slip,uncertainty_gate,0.5,False,True,False,90.0,0.03228933736681938
206,427,bread,gripper_slip,uncertainty_gate,0.75,True,True,True,70.0,0.016661908477544785
207,427,bread,gripper_slip,never_help,0.0,False,False,False,,
207,427,bread,gripper_slip,always_help,1.0,True,True,True,10.0,
207,427,bread,gripper_slip,oracle_value,,True,True,True,10.0,1.0
207,427,bread,gripper_slip,value_gate,0.1,False,False,False,,
207,427,bread,gripper_slip,value_gate,0.25,False,False,False,,
207,427,bread,gripper_slip,value_gate,0.5,False,False,False,,
207,427,bread,gripper_slip,value_gate,0.75,True,True,True,110.0,0.6281136274337769
207,427,bread,gripper_slip,risk_gate,0.1,True,True,True,130.0,0.9595001935958862
207,427,bread,gripper_slip,risk_gate,0.25,True,True,True,70.0,0.9459130167961121
207,427,bread,gripper_slip,risk_gate,0.5,True,True,True,70.0,0.9459130167961121
207,427,bread,gripper_slip,risk_gate,0.75,True,True,True,10.0,0.4929157495498657
207,427,bread,gripper_slip,uncertainty_gate,0.1,False,False,False,,
207,427,bread,gripper_slip,uncertainty_gate,0.25,False,False,False,,
207,427,bread,gripper_slip,uncertainty_gate,0.5,False,False,False,,
207,427,bread,gripper_slip,uncertainty_gate,0.75,True,True,True,70.0,0.00585211580619216
208,427,bread,gripper_slip,never_help,0.0,False,False,False,,
208,427,bread,gripper_slip,always_help,1.0,True,True,True,10.0,
208,427,bread,gripper_slip,oracle_value,,True,True,True,10.0,1.0
208,427,bread,gripper_slip,value_gate,0.1,False,False,False,,
208,427,bread,gripper_slip,value_gate,0.25,False,False,False,,
208,427,bread,gripper_slip,value_gate,0.5,False,False,False,,
208,427,bread,gripper_slip,value_gate,0.75,False,True,False,130.0,0.5292736291885376
208,427,bread,gripper_slip,risk_gate,0.1,False,False,False,,
208,427,bread,gripper_slip,risk_gate,0.25,False,False,False,,
208,427,bread,gripper_slip,risk_gate,0.5,False,False,False,,
208,427,bread,gripper_slip,risk_gate,0.75,True,True,True,10.0,0.5626145005226135
208,427,bread,gripper_slip,uncertainty_gate,0.1,False,False,False,,
208,427,bread,gripper_slip,uncertainty_gate,0.25,False,False,False,,
208,427,bread,gripper_slip,uncertainty_gate,0.5,False,False,False,,
208,427,bread,gripper_slip,uncertainty_gate,0.75,False,True,False,50.0,0.0032690507359802723
209,427,bread,gripper_slip,never_help,0.0,False,False,False,,
209,427,bread,gripper_slip,always_help,1.0,True,True,True,10.0,
209,427,bread,gripper_slip,oracle_value,,True,True,True,10.0,1.0
209,427,bread,gripper_slip,value_gate,0.1,False,False,False,,
209,427,bread,gripper_slip,value_gate,0.25,True,True,True,110.0,0.9605777263641357
209,427,bread,gripper_slip,value_gate,0.5,True,True,True,70.0,0.936683714389801
209,427,bread,gripper_slip,value_gate,0.75,True,True,True,10.0,0.6484583020210266
209,427,bread,gripper_slip,risk_gate,0.1,False,False,False,,
209,427,bread,gripper_slip,risk_gate,0.25,False,False,False,,
209,427,bread,gripper_slip,risk_gate,0.5,True,True,True,70.0,0.8404675126075745
209,427,bread,gripper_slip,risk_gate,0.75,True,True,True,10.0,0.6021742820739746
209,427,bread,gripper_slip,uncertainty_gate,0.1,True,True,True,70.0,0.1725006401538849
209,427,bread,gripper_slip,uncertainty_gate,0.25,True,True,True,70.0,0.1725006401538849
209,427,bread,gripper_slip,uncertainty_gate,0.5,True,True,True,70.0,0.1725006401538849
209,427,bread,gripper_slip,uncertainty_gate,0.75,True,True,True,70.0,0.1725006401538849
210,427,cereal,nominal,never_help,0.0,True,False,False,,
210,427,cereal,nominal,always_help,1.0,True,True,False,10.0,
210,427,cereal,nominal,oracle_value,,True,False,False,,
210,427,cereal,nominal,value_gate,0.1,True,False,False,,
210,427,cereal,nominal,value_gate,0.25,True,False,False,,
210,427,cereal,nominal,value_gate,0.5,True,False,False,,
210,427,cereal,nominal,value_gate,0.75,True,False,False,,
210,427,cereal,nominal,risk_gate,0.1,True,False,False,,
210,427,cereal,nominal,risk_gate,0.25,True,False,False,,
210,427,cereal,nominal,risk_gate,0.5,True,False,False,,
210,427,cereal,nominal,risk_gate,0.75,True,True,False,10.0,0.3617788255214691
210,427,cereal,nominal,uncertainty_gate,0.1,True,False,False,,
210,427,cereal,nominal,uncertainty_gate,0.25,True,False,False,,
210,427,cereal,nominal,uncertainty_gate,0.5,True,False,False,,
210,427,cereal,nominal,uncertainty_gate,0.75,True,False,False,,
211,427,cereal,nominal,never_help,0.0,True,False,False,,
211,427,cereal,nominal,always_help,1.0,True,True,False,10.0,
211,427,cereal,nominal,oracle_value,,True,False,False,,
211,427,cereal,nominal,value_gate,0.1,True,False,False,,
211,427,cereal,nominal,value_gate,0.25,True,False,False,,
211,427,cereal,nominal,value_gate,0.5,True,False,False,,
211,427,cereal,nominal,value_gate,0.75,True,False,False,,
211,427,cereal,nominal,risk_gate,0.1,True,False,False,,
211,427,cereal,nominal,risk_gate,0.25,True,False,False,,
211,427,cereal,nominal,risk_gate,0.5,True,False,False,,
211,427,cereal,nominal,risk_gate,0.75,True,False,False,,
211,427,cereal,nominal,uncertainty_gate,0.1,True,False,False,,
211,427,cereal,nominal,uncertainty_gate,0.25,True,False,False,,
211,427,cereal,nominal,uncertainty_gate,0.5,True,False,False,,
211,427,cereal,nominal,uncertainty_gate,0.75,True,False,False,,
212,427,cereal,nominal,never_help,0.0,True,False,False,,
212,427,cereal,nominal,always_help,1.0,True,True,False,10.0,
212,427,cereal,nominal,oracle_value,,True,False,False,,
212,427,cereal,nominal,value_gate,0.1,True,False,False,,
212,427,cereal,nominal,value_gate,0.25,True,False,False,,
212,427,cereal,nominal,value_gate,0.5,True,False,False,,
212,427,cereal,nominal,value_gate,0.75,True,False,False,,
212,427,cereal,nominal,risk_gate,0.1,True,False,False,,
212,427,cereal,nominal,risk_gate,0.25,True,False,False,,
212,427,cereal,nominal,risk_gate,0.5,True,False,False,,
212,427,cereal,nominal,risk_gate,0.75,True,False,False,,
212,427,cereal,nominal,uncertainty_gate,0.1,True,False,False,,
212,427,cereal,nominal,uncertainty_gate,0.25,True,False,False,,
212,427,cereal,nominal,uncertainty_gate,0.5,True,False,False,,
212,427,cereal,nominal,uncertainty_gate,0.75,True,False,False,,
213,427,cereal,nominal,never_help,0.0,True,False,False,,
213,427,cereal,nominal,always_help,1.0,True,True,False,10.0,
213,427,cereal,nominal,oracle_value,,True,False,False,,
213,427,cereal,nominal,value_gate,0.1,True,False,False,,
213,427,cereal,nominal,value_gate,0.25,True,False,False,,
213,427,cereal,nominal,value_gate,0.5,True,False,False,,
213,427,cereal,nominal,value_gate,0.75,True,True,False,30.0,0.5105070471763611
213,427,cereal,nominal,risk_gate,0.1,True,False,False,,
213,427,cereal,nominal,risk_gate,0.25,True,False,False,,
213,427,cereal,nominal,risk_gate,0.5,True,False,False,,
213,427,cereal,nominal,risk_gate,0.75,True,False,False,,
213,427,cereal,nominal,uncertainty_gate,0.1,True,False,False,,
213,427,cereal,nominal,uncertainty_gate,0.25,True,False,False,,
213,427,cereal,nominal,uncertainty_gate,0.5,True,False,False,,
213,427,cereal,nominal,uncertainty_gate,0.75,True,False,False,,
214,427,cereal,nominal,never_help,0.0,True,False,False,,
214,427,cereal,nominal,always_help,1.0,True,True,False,10.0,
214,427,cereal,nominal,oracle_value,,True,False,False,,
214,427,cereal,nominal,value_gate,0.1,True,False,False,,
214,427,cereal,nominal,value_gate,0.25,True,False,False,,
214,427,cereal,nominal,value_gate,0.5,True,False,False,,
214,427,cereal,nominal,value_gate,0.75,True,False,False,,
214,427,cereal,nominal,risk_gate,0.1,True,False,False,,
214,427,cereal,nominal,risk_gate,0.25,True,False,False,,
214,427,cereal,nominal,risk_gate,0.5,True,False,False,,
214,427,cereal,nominal,risk_gate,0.75,True,False,False,,
214,427,cereal,nominal,uncertainty_gate,0.1,True,False,False,,
214,427,cereal,nominal,uncertainty_gate,0.25,True,False,False,,
214,427,cereal,nominal,uncertainty_gate,0.5,True,False,False,,
214,427,cereal,nominal,uncertainty_gate,0.75,True,True,False,50.0,0.005469395779073238
215,427,cereal,nominal,never_help,0.0,True,False,False,,
215,427,cereal,nominal,always_help,1.0,True,True,False,10.0,
215,427,cereal,nominal,oracle_value,,True,False,False,,
215,427,cereal,nominal,value_gate,0.1,True,False,False,,
215,427,cereal,nominal,value_gate,0.25,True,False,False,,
215,427,cereal,nominal,value_gate,0.5,True,False,False,,
215,427,cereal,nominal,value_gate,0.75,True,True,False,30.0,0.4876483082771301
215,427,cereal,nominal,risk_gate,0.1,True,False,False,,
215,427,cereal,nominal,risk_gate,0.25,True,False,False,,
215,427,cereal,nominal,risk_gate,0.5,True,False,False,,
215,427,cereal,nominal,risk_gate,0.75,True,False,False,,
215,427,cereal,nominal,uncertainty_gate,0.1,True,False,False,,
215,427,cereal,nominal,uncertainty_gate,0.25,True,False,False,,
215,427,cereal,nominal,uncertainty_gate,0.5,True,False,False,,
215,427,cereal,nominal,uncertainty_gate,0.75,True,True,False,50.0,0.006579817738384008
216,427,cereal,object_shift,never_help,0.0,False,False,False,,
216,427,cereal,object_shift,always_help,1.0,True,True,True,10.0,
216,427,cereal,object_shift,oracle_value,,True,True,True,10.0,1.0
216,427,cereal,object_shift,value_gate,0.1,False,False,False,,
216,427,cereal,object_shift,value_gate,0.25,False,False,False,,
216,427,cereal,object_shift,value_gate,0.5,True,True,True,90.0,0.8925046920776367
216,427,cereal,object_shift,value_gate,0.75,True,True,True,10.0,0.6255146265029907
216,427,cereal,object_shift,risk_gate,0.1,True,True,True,10.0,0.9750199913978577
216,427,cereal,object_shift,risk_gate,0.25,True,True,True,10.0,0.9750199913978577
216,427,cereal,object_shift,risk_gate,0.5,True,True,True,10.0,0.9750199913978577
216,427,cereal,object_shift,risk_gate,0.75,True,True,True,10.0,0.9750199913978577
216,427,cereal,object_shift,uncertainty_gate,0.1,False,False,False,,
216,427,cereal,object_shift,uncertainty_gate,0.25,False,False,False,,
216,427,cereal,object_shift,uncertainty_gate,0.5,True,True,True,70.0,0.031921446323394775
216,427,cereal,object_shift,uncertainty_gate,0.75,True,True,True,10.0,0.022799253463745117
217,427,cereal,object_shift,never_help,0.0,True,False,False,,
217,427,cereal,object_shift,always_help,1.0,True,True,False,10.0,
217,427,cereal,object_shift,oracle_value,,True,False,False,,
217,427,cereal,object_shift,value_gate,0.1,True,False,False,,
217,427,cereal,object_shift,value_gate,0.25,True,False,False,,
217,427,cereal,object_shift,value_gate,0.5,True,False,False,,
217,427,cereal,object_shift,value_gate,0.75,True,True,False,30.0,0.4980930984020233
217,427,cereal,object_shift,risk_gate,0.1,True,False,False,,
217,427,cereal,object_shift,risk_gate,0.25,True,False,False,,
217,427,cereal,object_shift,risk_gate,0.5,True,False,False,,
217,427,cereal,object_shift,risk_gate,0.75,True,True,False,10.0,0.5230945348739624
217,427,cereal,object_shift,uncertainty_gate,0.1,True,False,False,,
217,427,cereal,object_shift,uncertainty_gate,0.25,True,False,False,,
217,427,cereal,object_shift,uncertainty_gate,0.5,True,False,False,,
217,427,cereal,object_shift,uncertainty_gate,0.75,True,False,False,,
218,427,cereal,object_shift,never_help,0.0,False,False,False,,
218,427,cereal,object_shift,always_help,1.0,True,True,True,10.0,
218,427,cereal,object_shift,oracle_value,,True,True,True,10.0,1.0
218,427,cereal,object_shift,value_gate,0.1,False,False,False,,
218,427,cereal,object_shift,value_gate,0.25,False,False,False,,
218,427,cereal,object_shift,value_gate,0.5,False,False,False,,
218,427,cereal,object_shift,value_gate,0.75,True,True,True,30.0,0.77164626121521
218,427,cereal,object_shift,risk_gate,0.1,True,True,True,10.0,0.9624337553977966
218,427,cereal,object_shift,risk_gate,0.25,True,True,True,10.0,0.9624337553977966
218,427,cereal,object_shift,risk_gate,0.5,True,True,True,10.0,0.9624337553977966
218,427,cereal,object_shift,risk_gate,0.75,True,True,True,10.0,0.9624337553977966
218,427,cereal,object_shift,uncertainty_gate,0.1,False,False,False,,
218,427,cereal,object_shift,uncertainty_gate,0.25,False,True,False,130.0,0.12781958281993866
218,427,cereal,object_shift,uncertainty_gate,0.5,False,True,False,130.0,0.12781958281993866
218,427,cereal,object_shift,uncertainty_gate,0.75,True,True,True,30.0,0.021442502737045288
219,427,cereal,object_shift,never_help,0.0,False,False,False,,
219,427,cereal,object_shift,always_help,1.0,True,True,True,10.0,
219,427,cereal,object_shift,oracle_value,,True,True,True,10.0,1.0
219,427,cereal,object_shift,value_gate,0.1,False,False,False,,
219,427,cereal,object_shift,value_gate,0.25,False,False,False,,
219,427,cereal,object_shift,value_gate,0.5,True,True,True,30.0,0.9274013042449951
219,427,cereal,object_shift,value_gate,0.75,True,True,True,30.0,0.9274013042449951
219,427,cereal,object_shift,risk_gate,0.1,True,True,True,10.0,0.9570310711860657
219,427,cereal,object_shift,risk_gate,0.25,True,True,True,10.0,0.9570310711860657
219,427,cereal,object_shift,risk_gate,0.5,True,True,True,10.0,0.9570310711860657
219,427,cereal,object_shift,risk_gate,0.75,True,True,True,10.0,0.9570310711860657
219,427,cereal,object_shift,uncertainty_gate,0.1,False,False,False,,
219,427,cereal,object_shift,uncertainty_gate,0.25,False,False,False,,
219,427,cereal,object_shift,uncertainty_gate,0.5,True,True,True,30.0,0.04447226971387863
219,427,cereal,object_shift,uncertainty_gate,0.75,True,True,True,30.0,0.04447226971387863
220,427,cereal,object_shift,never_help,0.0,True,False,False,,
220,427,cereal,object_shift,always_help,1.0,True,True,False,10.0,
220,427,cereal,object_shift,oracle_value,,True,False,False,,
220,427,cereal,object_shift,value_gate,0.1,True,False,False,,
220,427,cereal,object_shift,value_gate,0.25,True,False,False,,
220,427,cereal,object_shift,value_gate,0.5,True,False,False,,
220,427,cereal,object_shift,value_gate,0.75,True,False,False,,
220,427,cereal,object_shift,risk_gate,0.1,True,False,False,,
220,427,cereal,object_shift,risk_gate,0.25,True,False,False,,
220,427,cereal,object_shift,risk_gate,0.5,True,False,False,,
220,427,cereal,object_shift,risk_gate,0.75,True,True,False,10.0,0.3452475368976593
220,427,cereal,object_shift,uncertainty_gate,0.1,True,False,False,,
220,427,cereal,object_shift,uncertainty_gate,0.25,True,False,False,,
220,427,cereal,object_shift,uncertainty_gate,0.5,True,False,False,,
220,427,cereal,object_shift,uncertainty_gate,0.75,True,False,False,,
221,427,cereal,object_shift,never_help,0.0,False,False,False,,
221,427,cereal,object_shift,always_help,1.0,True,True,True,10.0,
221,427,cereal,object_shift,oracle_value,,True,True,True,10.0,1.0
221,427,cereal,object_shift,value_gate,0.1,False,False,False,,
221,427,cereal,object_shift,value_gate,0.25,False,False,False,,
221,427,cereal,object_shift,value_gate,0.5,True,True,True,10.0,0.8435332775115967
221,427,cereal,object_shift,value_gate,0.75,True,True,True,10.0,0.8435332775115967
221,427,cereal,object_shift,risk_gate,0.1,False,False,False,,
221,427,cereal,object_shift,risk_gate,0.25,False,False,False,,
221,427,cereal,object_shift,risk_gate,0.5,True,True,True,10.0,0.7508546710014343
221,427,cereal,object_shift,risk_gate,0.75,True,True,True,10.0,0.7508546710014343
221,427,cereal,object_shift,uncertainty_gate,0.1,False,False,False,,
221,427,cereal,object_shift,uncertainty_gate,0.25,False,False,False,,
221,427,cereal,object_shift,uncertainty_gate,0.5,True,True,True,70.0,0.023280655965209007
221,427,cereal,object_shift,uncertainty_gate,0.75,True,True,True,30.0,0.017873313277959824
222,427,cereal,action_noise,never_help,0.0,True,False,False,,
222,427,cereal,action_noise,always_help,1.0,True,True,False,10.0,
222,427,cereal,action_noise,oracle_value,,True,False,False,,
222,427,cereal,action_noise,value_gate,0.1,True,False,False,,
222,427,cereal,action_noise,value_gate,0.25,True,False,False,,
222,427,cereal,action_noise,value_gate,0.5,True,False,False,,
222,427,cereal,action_noise,value_gate,0.75,True,False,False,,
222,427,cereal,action_noise,risk_gate,0.1,True,True,False,10.0,0.9708607792854309
222,427,cereal,action_noise,risk_gate,0.25,True,True,False,10.0,0.9708607792854309
222,427,cereal,action_noise,risk_gate,0.5,True,True,False,10.0,0.9708607792854309
222,427,cereal,action_noise,risk_gate,0.75,True,True,False,10.0,0.9708607792854309
222,427,cereal,action_noise,uncertainty_gate,0.1,True,False,False,,
222,427,cereal,action_noise,uncertainty_gate,0.25,True,False,False,,
222,427,cereal,action_noise,uncertainty_gate,0.5,True,False,False,,
222,427,cereal,action_noise,uncertainty_gate,0.75,True,False,False,,
223,427,cereal,action_noise,never_help,0.0,True,False,False,,
223,427,cereal,action_noise,always_help,1.0,True,True,False,10.0,
223,427,cereal,action_noise,oracle_value,,True,False,False,,
223,427,cereal,action_noise,value_gate,0.1,True,False,False,,
223,427,cereal,action_noise,value_gate,0.25,True,False,False,,
223,427,cereal,action_noise,value_gate,0.5,True,False,False,,
223,427,cereal,action_noise,value_gate,0.75,True,True,False,30.0,0.511020839214325
223,427,cereal,action_noise,risk_gate,0.1,True,False,False,,
223,427,cereal,action_noise,risk_gate,0.25,True,False,False,,
223,427,cereal,action_noise,risk_gate,0.5,True,False,False,,
223,427,cereal,action_noise,risk_gate,0.75,True,False,False,,
223,427,cereal,action_noise,uncertainty_gate,0.1,True,False,False,,
223,427,cereal,action_noise,uncertainty_gate,0.25,True,False,False,,
223,427,cereal,action_noise,uncertainty_gate,0.5,True,False,False,,
223,427,cereal,action_noise,uncertainty_gate,0.75,True,True,False,50.0,0.006859893910586834
224,427,cereal,action_noise,never_help,0.0,True,False,False,,
224,427,cereal,action_noise,always_help,1.0,True,True,False,10.0,
224,427,cereal,action_noise,oracle_value,,True,False,False,,
224,427,cereal,action_noise,value_gate,0.1,True,False,False,,
224,427,cereal,action_noise,value_gate,0.25,True,False,False,,
224,427,cereal,action_noise,value_gate,0.5,True,False,False,,
224,427,cereal,action_noise,value_gate,0.75,True,True,False,10.0,0.501225471496582
224,427,cereal,action_noise,risk_gate,0.1,True,False,False,,
224,427,cereal,action_noise,risk_gate,0.25,True,False,False,,
224,427,cereal,action_noise,risk_gate,0.5,True,True,False,10.0,0.8104121685028076
224,427,cereal,action_noise,risk_gate,0.75,True,True,False,10.0,0.8104121685028076
224,427,cereal,action_noise,uncertainty_gate,0.1,True,False,False,,
224,427,cereal,action_noise,uncertainty_gate,0.25,True,False,False,,
224,427,cereal,action_noise,uncertainty_gate,0.5,True,False,False,,
224,427,cereal,action_noise,uncertainty_gate,0.75,True,False,False,,
225,427,cereal,action_noise,never_help,0.0,True,False,False,,
225,427,cereal,action_noise,always_help,1.0,True,True,False,10.0,
225,427,cereal,action_noise,oracle_value,,True,False,False,,
225,427,cereal,action_noise,value_gate,0.1,True,False,False,,
225,427,cereal,action_noise,value_gate,0.25,True,False,False,,
225,427,cereal,action_noise,value_gate,0.5,True,False,False,,
225,427,cereal,action_noise,value_gate,0.75,True,True,False,30.0,0.49286189675331116
225,427,cereal,action_noise,risk_gate,0.1,True,False,False,,
225,427,cereal,action_noise,risk_gate,0.25,True,False,False,,
225,427,cereal,action_noise,risk_gate,0.5,True,False,False,,
225,427,cereal,action_noise,risk_gate,0.75,True,True,False,10.0,0.3981555998325348
225,427,cereal,action_noise,uncertainty_gate,0.1,True,False,False,,
225,427,cereal,action_noise,uncertainty_gate,0.25,True,False,False,,
225,427,cereal,action_noise,uncertainty_gate,0.5,True,False,False,,
225,427,cereal,action_noise,uncertainty_gate,0.75,True,False,False,,
226,427,cereal,action_noise,never_help,0.0,True,False,False,,
226,427,cereal,action_noise,always_help,1.0,True,True,False,10.0,
226,427,cereal,action_noise,oracle_value,,True,False,False,,
226,427,cereal,action_noise,value_gate,0.1,True,False,False,,
226,427,cereal,action_noise,value_gate,0.25,True,False,False,,
226,427,cereal,action_noise,value_gate,0.5,True,False,False,,
226,427,cereal,action_noise,value_gate,0.75,True,True,False,10.0,0.6937714219093323
226,427,cereal,action_noise,risk_gate,0.1,True,False,False,,
226,427,cereal,action_noise,risk_gate,0.25,True,False,False,,
226,427,cereal,action_noise,risk_gate,0.5,True,False,False,,
226,427,cereal,action_noise,risk_gate,0.75,True,True,False,10.0,0.6340471506118774
226,427,cereal,action_noise,uncertainty_gate,0.1,True,False,False,,
226,427,cereal,action_noise,uncertainty_gate,0.25,True,False,False,,
226,427,cereal,action_noise,uncertainty_gate,0.5,True,False,False,,
226,427,cereal,action_noise,uncertainty_gate,0.75,True,False,False,,
227,427,cereal,action_noise,never_help,0.0,True,False,False,,
227,427,cereal,action_noise,always_help,1.0,True,True,False,10.0,
227,427,cereal,action_noise,oracle_value,,True,False,False,,
227,427,cereal,action_noise,value_gate,0.1,True,False,False,,
227,427,cereal,action_noise,value_gate,0.25,True,False,False,,
227,427,cereal,action_noise,value_gate,0.5,True,False,False,,
227,427,cereal,action_noise,value_gate,0.75,True,False,False,,
227,427,cereal,action_noise,risk_gate,0.1,True,False,False,,
227,427,cereal,action_noise,risk_gate,0.25,True,False,False,,
227,427,cereal,action_noise,risk_gate,0.5,True,False,False,,
227,427,cereal,action_noise,risk_gate,0.75,True,True,False,10.0,0.43260103464126587
227,427,cereal,action_noise,uncertainty_gate,0.1,True,False,False,,
227,427,cereal,action_noise,uncertainty_gate,0.25,True,False,False,,
227,427,cereal,action_noise,uncertainty_gate,0.5,True,False,False,,
227,427,cereal,action_noise,uncertainty_gate,0.75,True,False,False,,
228,427,cereal,action_delay,never_help,0.0,False,False,False,,
228,427,cereal,action_delay,always_help,1.0,True,True,True,10.0,
228,427,cereal,action_delay,oracle_value,,True,True,True,10.0,1.0
228,427,cereal,action_delay,value_gate,0.1,False,False,False,,
228,427,cereal,action_delay,value_gate,0.25,True,True,True,10.0,0.9539094567298889
228,427,cereal,action_delay,value_gate,0.5,True,True,True,10.0,0.9539094567298889
228,427,cereal,action_delay,value_gate,0.75,True,True,True,10.0,0.9539094567298889
228,427,cereal,action_delay,risk_gate,0.1,False,False,False,,
228,427,cereal,action_delay,risk_gate,0.25,False,False,False,,
228,427,cereal,action_delay,risk_gate,0.5,False,False,False,,
228,427,cereal,action_delay,risk_gate,0.75,True,True,True,30.0,0.43981698155403137
228,427,cereal,action_delay,uncertainty_gate,0.1,False,False,False,,
228,427,cereal,action_delay,uncertainty_gate,0.25,False,False,False,,
228,427,cereal,action_delay,uncertainty_gate,0.5,True,True,True,70.0,0.023926470428705215
228,427,cereal,action_delay,uncertainty_gate,0.75,True,True,True,30.0,0.003415546612814069
229,427,cereal,action_delay,never_help,0.0,False,False,False,,
229,427,cereal,action_delay,always_help,1.0,True,True,True,10.0,
229,427,cereal,action_delay,oracle_value,,True,True,True,10.0,1.0
229,427,cereal,action_delay,value_gate,0.1,False,False,False,,
229,427,cereal,action_delay,value_gate,0.25,True,True,True,10.0,0.9610208868980408
229,427,cereal,action_delay,value_gate,0.5,True,True,True,10.0,0.9610208868980408
229,427,cereal,action_delay,value_gate,0.75,True,True,True,10.0,0.9610208868980408
229,427,cereal,action_delay,risk_gate,0.1,False,False,False,,
229,427,cereal,action_delay,risk_gate,0.25,False,False,False,,
229,427,cereal,action_delay,risk_gate,0.5,False,False,False,,
229,427,cereal,action_delay,risk_gate,0.75,True,True,True,30.0,0.61564701795578
229,427,cereal,action_delay,uncertainty_gate,0.1,False,False,False,,
229,427,cereal,action_delay,uncertainty_gate,0.25,False,False,False,,
229,427,cereal,action_delay,uncertainty_gate,0.5,True,True,True,50.0,0.06590330600738525
229,427,cereal,action_delay,uncertainty_gate,0.75,True,True,True,50.0,0.06590330600738525
230,427,cereal,action_delay,never_help,0.0,False,False,False,,
230,427,cereal,action_delay,always_help,1.0,True,True,True,10.0,
230,427,cereal,action_delay,oracle_value,,True,True,True,10.0,1.0
230,427,cereal,action_delay,value_gate,0.1,False,False,False,,
230,427,cereal,action_delay,value_gate,0.25,False,False,False,,
230,427,cereal,action_delay,value_gate,0.5,True,True,True,10.0,0.931420624256134
230,427,cereal,action_delay,value_gate,0.75,True,True,True,10.0,0.931420624256134
230,427,cereal,action_delay,risk_gate,0.1,False,False,False,,
230,427,cereal,action_delay,risk_gate,0.25,False,False,False,,
230,427,cereal,action_delay,risk_gate,0.5,False,False,False,,
230,427,cereal,action_delay,risk_gate,0.75,False,True,False,50.0,0.3389831781387329
230,427,cereal,action_delay,uncertainty_gate,0.1,False,False,False,,
230,427,cereal,action_delay,uncertainty_gate,0.25,False,False,False,,
230,427,cereal,action_delay,uncertainty_gate,0.5,False,True,False,50.0,0.037179652601480484
230,427,cereal,action_delay,uncertainty_gate,0.75,False,True,False,50.0,0.037179652601480484
231,427,cereal,action_delay,never_help,0.0,False,False,False,,
231,427,cereal,action_delay,always_help,1.0,True,True,True,10.0,
231,427,cereal,action_delay,oracle_value,,True,True,True,10.0,1.0
231,427,cereal,action_delay,value_gate,0.1,False,False,False,,
231,427,cereal,action_delay,value_gate,0.25,False,False,False,,
231,427,cereal,action_delay,value_gate,0.5,True,True,True,10.0,0.8713623285293579
231,427,cereal,action_delay,value_gate,0.75,True,True,True,10.0,0.8713623285293579
231,427,cereal,action_delay,risk_gate,0.1,False,False,False,,
231,427,cereal,action_delay,risk_gate,0.25,False,False,False,,
231,427,cereal,action_delay,risk_gate,0.5,False,False,False,,
231,427,cereal,action_delay,risk_gate,0.75,False,False,False,,
231,427,cereal,action_delay,uncertainty_gate,0.1,False,False,False,,
231,427,cereal,action_delay,uncertainty_gate,0.25,False,False,False,,
231,427,cereal,action_delay,uncertainty_gate,0.5,False,False,False,,
231,427,cereal,action_delay,uncertainty_gate,0.75,True,True,True,30.0,0.017617972567677498
232,427,cereal,action_delay,never_help,0.0,False,False,False,,
232,427,cereal,action_delay,always_help,1.0,True,True,True,10.0,
232,427,cereal,action_delay,oracle_value,,True,True,True,10.0,1.0
232,427,cereal,action_delay,value_gate,0.1,False,False,False,,
232,427,cereal,action_delay,value_gate,0.25,True,True,True,10.0,0.9711751341819763
232,427,cereal,action_delay,value_gate,0.5,True,True,True,10.0,0.9711751341819763
232,427,cereal,action_delay,value_gate,0.75,True,True,True,10.0,0.9711751341819763
232,427,cereal,action_delay,risk_gate,0.1,False,False,False,,
232,427,cereal,action_delay,risk_gate,0.25,False,False,False,,
232,427,cereal,action_delay,risk_gate,0.5,False,False,False,,
232,427,cereal,action_delay,risk_gate,0.75,False,False,False,,
232,427,cereal,action_delay,uncertainty_gate,0.1,False,False,False,,
232,427,cereal,action_delay,uncertainty_gate,0.25,False,False,False,,
232,427,cereal,action_delay,uncertainty_gate,0.5,True,True,True,70.0,0.03490135446190834
232,427,cereal,action_delay,uncertainty_gate,0.75,True,True,True,50.0,0.014816408976912498
233,427,cereal,action_delay,never_help,0.0,False,False,False,,
233,427,cereal,action_delay,always_help,1.0,True,True,True,10.0,
233,427,cereal,action_delay,oracle_value,,True,True,True,10.0,1.0
233,427,cereal,action_delay,value_gate,0.1,False,False,False,,
233,427,cereal,action_delay,value_gate,0.25,True,True,True,10.0,0.9583646655082703
233,427,cereal,action_delay,value_gate,0.5,True,True,True,10.0,0.9583646655082703
233,427,cereal,action_delay,value_gate,0.75,True,True,True,10.0,0.9583646655082703
233,427,cereal,action_delay,risk_gate,0.1,False,False,False,,
233,427,cereal,action_delay,risk_gate,0.25,False,False,False,,
233,427,cereal,action_delay,risk_gate,0.5,False,False,False,,
233,427,cereal,action_delay,risk_gate,0.75,True,True,True,30.0,0.4890799820423126
233,427,cereal,action_delay,uncertainty_gate,0.1,False,False,False,,
233,427,cereal,action_delay,uncertainty_gate,0.25,False,False,False,,
233,427,cereal,action_delay,uncertainty_gate,0.5,True,True,True,110.0,0.026674538850784302
233,427,cereal,action_delay,uncertainty_gate,0.75,True,True,True,30.0,0.004054556135088205
234,427,cereal,gripper_slip,never_help,0.0,False,False,False,,
234,427,cereal,gripper_slip,always_help,1.0,True,True,True,10.0,
234,427,cereal,gripper_slip,oracle_value,,True,True,True,10.0,1.0
234,427,cereal,gripper_slip,value_gate,0.1,False,False,False,,
234,427,cereal,gripper_slip,value_gate,0.25,False,False,False,,
234,427,cereal,gripper_slip,value_gate,0.5,True,True,True,70.0,0.8207783102989197
234,427,cereal,gripper_slip,value_gate,0.75,True,True,True,70.0,0.8207783102989197
234,427,cereal,gripper_slip,risk_gate,0.1,False,False,False,,
234,427,cereal,gripper_slip,risk_gate,0.25,False,False,False,,
234,427,cereal,gripper_slip,risk_gate,0.5,False,False,False,,
234,427,cereal,gripper_slip,risk_gate,0.75,False,False,False,,
234,427,cereal,gripper_slip,uncertainty_gate,0.1,False,False,False,,
234,427,cereal,gripper_slip,uncertainty_gate,0.25,False,False,False,,
234,427,cereal,gripper_slip,uncertainty_gate,0.5,True,True,True,90.0,0.06581857055425644
234,427,cereal,gripper_slip,uncertainty_gate,0.75,True,True,True,70.0,0.007360834162682295
235,427,cereal,gripper_slip,never_help,0.0,False,False,False,,
235,427,cereal,gripper_slip,always_help,1.0,True,True,True,10.0,
235,427,cereal,gripper_slip,oracle_value,,True,True,True,10.0,1.0
235,427,cereal,gripper_slip,value_gate,0.1,False,False,False,,
235,427,cereal,gripper_slip,value_gate,0.25,True,True,True,70.0,0.9560996294021606
235,427,cereal,gripper_slip,value_gate,0.5,True,True,True,50.0,0.8543134331703186
235,427,cereal,gripper_slip,value_gate,0.75,True,True,True,10.0,0.6980164051055908
235,427,cereal,gripper_slip,risk_gate,0.1,True,True,True,50.0,0.9824406504631042
235,427,cereal,gripper_slip,risk_gate,0.25,True,True,True,50.0,0.9824406504631042
235,427,cereal,gripper_slip,risk_gate,0.5,True,True,True,50.0,0.9824406504631042
235,427,cereal,gripper_slip,risk_gate,0.75,True,True,True,10.0,0.5892531871795654
235,427,cereal,gripper_slip,uncertainty_gate,0.1,False,False,False,,
235,427,cereal,gripper_slip,uncertainty_gate,0.25,False,False,False,,
235,427,cereal,gripper_slip,uncertainty_gate,0.5,True,True,True,90.0,0.029566628858447075
235,427,cereal,gripper_slip,uncertainty_gate,0.75,True,True,True,50.0,0.017521807923913002
236,427,cereal,gripper_slip,never_help,0.0,False,False,False,,
236,427,cereal,gripper_slip,always_help,1.0,True,True,True,10.0,
236,427,cereal,gripper_slip,oracle_value,,True,True,True,10.0,1.0
236,427,cereal,gripper_slip,value_gate,0.1,False,False,False,,
236,427,cereal,gripper_slip,value_gate,0.25,False,False,False,,
236,427,cereal,gripper_slip,value_gate,0.5,True,True,True,70.0,0.9324678182601929
236,427,cereal,gripper_slip,value_gate,0.75,True,True,True,70.0,0.9324678182601929
236,427,cereal,gripper_slip,risk_gate,0.1,False,False,False,,
236,427,cereal,gripper_slip,risk_gate,0.25,False,False,False,,
236,427,cereal,gripper_slip,risk_gate,0.5,False,False,False,,
236,427,cereal,gripper_slip,risk_gate,0.75,False,False,False,,
236,427,cereal,gripper_slip,uncertainty_gate,0.1,False,False,False,,
236,427,cereal,gripper_slip,uncertainty_gate,0.25,False,False,False,,
236,427,cereal,gripper_slip,uncertainty_gate,0.5,True,True,True,90.0,0.026398995891213417
236,427,cereal,gripper_slip,uncertainty_gate,0.75,True,True,True,70.0,0.009639458730816841
237,427,cereal,gripper_slip,never_help,0.0,False,False,False,,
237,427,cereal,gripper_slip,always_help,1.0,True,True,True,10.0,
237,427,cereal,gripper_slip,oracle_value,,True,True,True,10.0,1.0
237,427,cereal,gripper_slip,value_gate,0.1,False,False,False,,
237,427,cereal,gripper_slip,value_gate,0.25,False,False,False,,
237,427,cereal,gripper_slip,value_gate,0.5,True,True,True,70.0,0.8138700127601624
237,427,cereal,gripper_slip,value_gate,0.75,True,True,True,70.0,0.8138700127601624
237,427,cereal,gripper_slip,risk_gate,0.1,False,False,False,,
237,427,cereal,gripper_slip,risk_gate,0.25,False,False,False,,
237,427,cereal,gripper_slip,risk_gate,0.5,True,True,True,10.0,0.8241831064224243
237,427,cereal,gripper_slip,risk_gate,0.75,True,True,True,10.0,0.8241831064224243
237,427,cereal,gripper_slip,uncertainty_gate,0.1,False,False,False,,
237,427,cereal,gripper_slip,uncertainty_gate,0.25,False,True,False,110.0,0.09766131639480591
237,427,cereal,gripper_slip,uncertainty_gate,0.5,False,True,False,90.0,0.03059428371489048
237,427,cereal,gripper_slip,uncertainty_gate,0.75,True,True,True,50.0,0.006582985632121563
238,427,cereal,gripper_slip,never_help,0.0,False,False,False,,
238,427,cereal,gripper_slip,always_help,1.0,True,True,True,10.0,
238,427,cereal,gripper_slip,oracle_value,,True,True,True,10.0,1.0
238,427,cereal,gripper_slip,value_gate,0.1,False,False,False,,
238,427,cereal,gripper_slip,value_gate,0.25,False,False,False,,
238,427,cereal,gripper_slip,value_gate,0.5,True,True,True,50.0,0.9113354086875916
238,427,cereal,gripper_slip,value_gate,0.75,True,True,True,10.0,0.6156041622161865
238,427,cereal,gripper_slip,risk_gate,0.1,False,False,False,,
238,427,cereal,gripper_slip,risk_gate,0.25,False,False,False,,
238,427,cereal,gripper_slip,risk_gate,0.5,True,True,True,10.0,0.8706391453742981
238,427,cereal,gripper_slip,risk_gate,0.75,True,True,True,10.0,0.8706391453742981
238,427,cereal,gripper_slip,uncertainty_gate,0.1,False,False,False,,
238,427,cereal,gripper_slip,uncertainty_gate,0.25,False,False,False,,
238,427,cereal,gripper_slip,uncertainty_gate,0.5,True,True,True,50.0,0.033715542405843735
238,427,cereal,gripper_slip,uncertainty_gate,0.75,True,True,True,50.0,0.033715542405843735
239,427,cereal,gripper_slip,never_help,0.0,False,False,False,,
239,427,cereal,gripper_slip,always_help,1.0,True,True,True,10.0,
239,427,cereal,gripper_slip,oracle_value,,True,True,True,10.0,1.0
239,427,cereal,gripper_slip,value_gate,0.1,False,False,False,,
239,427,cereal,gripper_slip,value_gate,0.25,False,False,False,,
239,427,cereal,gripper_slip,value_gate,0.5,False,False,False,,
239,427,cereal,gripper_slip,value_gate,0.75,True,True,True,30.0,0.47655007243156433
239,427,cereal,gripper_slip,risk_gate,0.1,False,False,False,,
239,427,cereal,gripper_slip,risk_gate,0.25,False,False,False,,
239,427,cereal,gripper_slip,risk_gate,0.5,False,False,False,,
239,427,cereal,gripper_slip,risk_gate,0.75,False,False,False,,
239,427,cereal,gripper_slip,uncertainty_gate,0.1,False,False,False,,
239,427,cereal,gripper_slip,uncertainty_gate,0.25,False,False,False,,
239,427,cereal,gripper_slip,uncertainty_gate,0.5,True,True,True,90.0,0.05024007335305214
239,427,cereal,gripper_slip,uncertainty_gate,0.75,True,True,True,70.0,0.010615101084113121
