logging_scheme,logging_seed,propensity,assistance_observed
randomized,101,0.5,False
randomized,101,0.5,True
randomized,101,0.5,True
randomized,101,0.5,False
randomized,101,0.5,True
randomized,101,0.5,True
randomized,101,0.5,True
randomized,101,0.5,False
randomized,101,0.5,True
randomized,101,0.5,True
randomized,101,0.5,False
randomized,101,0.5,False
randomized,101,0.5,True
randomized,101,0.5,True
randomized,101,0.5,True
randomized,101,0.5,False
randomized,101,0.5,False
randomized,101,0.5,False
randomized,101,0.5,True
randomized,101,0.5,False
randomized,101,0.5,True
randomized,101,0.5,False
randomized,101,0.5,False
randomized,101,0.5,True
randomized,101,0.5,True
randomized,101,0.5,True
randomized,101,0.5,False
randomized,101,0.5,False
randomized,101,0.5,True
randomized,101,0.5,False
randomized,101,0.5,False
randomized,101,0.5,False
randomized,101,0.5,True
randomized,101,0.5,True
randomized,101,0.5,False
randomized,101,0.5,False
randomized,101,0.5,True
randomized,101,0.5,True
randomized,101,0.5,True
randomized,101,0.5,False
randomized,101,0.5,False
randomized,101,0.5,True
randomized,101,0.5,True
randomized,101,0.5,True
randomized,101,0.5,True
randomized,101,0.5,False
randomized,101,0.5,True
randomized,101,0.5,True
randomized,101,0.5,True
randomized,101,0.5,True
randomized,101,0.5,False
randomized,101,0.5,False
randomized,101,0.5,False
randomized,101,0.5,True
randomized,101,0.5,False
randomized,101,0.5,True
randomized,101,0.5,True
randomized,101,0.5,True
randomized,101,0.5,True
randomized,101,0.5,False
randomized,101,0.5,True
randomized,101,0.5,False
randomized,101,0.5,True
randomized,101,0.5,False
randomized,101,0.5,False
randomized,101,0.5,True
randomized,101,0.5,True
randomized,101,0.5,True
randomized,101,0.5,True
randomized,101,0.5,False
randomized,101,0.5,True
randomized,101,0.5,False
randomized,101,0.5,True
randomized,101,0.5,False
randomized,101,0.5,True
randomized,101,0.5,False
randomized,101,0.5,False
randomized,101,0.5,False
randomized,101,0.5,False
randomized,101,0.5,True
randomized,101,0.5,True
randomized,101,0.5,True
randomized,101,0.5,True
randomized,101,0.5,False
randomized,101,0.5,False
randomized,101,0.5,True
randomized,101,0.5,False
randomized,101,0.5,True
randomized,101,0.5,True
randomized,101,0.5,False
randomized,101,0.5,False
randomized,101,0.5,False
randomized,101,0.5,False
randomized,101,0.5,True
randomized,101,0.5,True
randomized,101,0.5,True
randomized,101,0.5,False
randomized,101,0.5,False
randomized,101,0.5,False
randomized,101,0.5,True
randomized,101,0.5,False
randomized,101,0.5,False
randomized,101,0.5,False
randomized,101,0.5,True
randomized,101,0.5,True
randomized,101,0.5,True
randomized,101,0.5,False
randomized,101,0.5,True
randomized,101,0.5,False
randomized,101,0.5,False
randomized,101,0.5,True
randomized,101,0.5,True
randomized,101,0.5,True
randomized,101,0.5,False
randomized,101,0.5,True
randomized,101,0.5,False
randomized,101,0.5,True
randomized,101,0.5,True
randomized,101,0.5,False
randomized,101,0.5,True
randomized,101,0.5,False
randomized,101,0.5,False
randomized,101,0.5,False
randomized,101,0.5,False
randomized,101,0.5,False
randomized,101,0.5,False
randomized,101,0.5,True
randomized,101,0.5,False
randomized,101,0.5,True
randomized,101,0.5,False
randomized,101,0.5,True
randomized,101,0.5,True
randomized,101,0.5,True
randomized,101,0.5,True
randomized,101,0.5,True
randomized,101,0.5,True
randomized,101,0.5,False
randomized,101,0.5,True
randomized,101,0.5,True
randomized,101,0.5,False
randomized,101,0.5,True
randomized,101,0.5,True
randomized,101,0.5,True
randomized,101,0.5,True
randomized,101,0.5,True
randomized,101,0.5,False
randomized,101,0.5,False
randomized,101,0.5,True
randomized,101,0.5,False
randomized,101,0.5,True
randomized,101,0.5,True
randomized,101,0.5,True
randomized,101,0.5,True
randomized,101,0.5,True
randomized,101,0.5,False
randomized,101,0.5,False
randomized,101,0.5,True
randomized,101,0.5,False
randomized,101,0.5,False
randomized,101,0.5,False
randomized,101,0.5,False
randomized,101,0.5,False
randomized,101,0.5,True
randomized,101,0.5,True
randomized,101,0.5,True
randomized,101,0.5,True
randomized,101,0.5,False
randomized,101,0.5,True
randomized,101,0.5,False
randomized,101,0.5,True
randomized,101,0.5,True
randomized,101,0.5,True
randomized,101,0.5,False
randomized,101,0.5,False
randomized,101,0.5,True
randomized,101,0.5,True
randomized,101,0.5,False
randomized,101,0.5,True
randomized,101,0.5,False
randomized,101,0.5,True
randomized,101,0.5,False
randomized,101,0.5,False
randomized,101,0.5,True
randomized,101,0.5,True
randomized,101,0.5,True
randomized,101,0.5,True
randomized,101,0.5,False
randomized,101,0.5,False
randomized,101,0.5,True
randomized,101,0.5,True
randomized,101,0.5,True
randomized,101,0.5,False
randomized,101,0.5,False
randomized,101,0.5,True
randomized,101,0.5,True
randomized,101,0.5,True
randomized,101,0.5,False
randomized,101,0.5,True
randomized,101,0.5,False
randomized,101,0.5,False
randomized,101,0.5,True
randomized,101,0.5,True
randomized,101,0.5,True
randomized,101,0.5,True
randomized,101,0.5,False
randomized,101,0.5,True
randomized,101,0.5,False
randomized,101,0.5,True
randomized,101,0.5,True
randomized,101,0.5,False
randomized,101,0.5,True
randomized,101,0.5,True
randomized,101,0.5,False
randomized,101,0.5,True
randomized,101,0.5,False
randomized,101,0.5,True
randomized,101,0.5,False
randomized,101,0.5,False
randomized,101,0.5,False
randomized,101,0.5,False
randomized,101,0.5,True
randomized,101,0.5,False
randomized,101,0.5,False
randomized,101,0.5,True
randomized,101,0.5,False
randomized,101,0.5,False
randomized,101,0.5,True
randomized,101,0.5,True
randomized,101,0.5,True
randomized,101,0.5,False
randomized,101,0.5,True
randomized,101,0.5,True
randomized,101,0.5,False
randomized,101,0.5,True
randomized,101,0.5,True
randomized,101,0.5,True
randomized,101,0.5,False
randomized,101,0.5,True
randomized,101,0.5,True
randomized,101,0.5,True
randomized,211,0.5,True
randomized,211,0.5,False
randomized,211,0.5,False
randomized,211,0.5,False
randomized,211,0.5,True
randomized,211,0.5,False
randomized,211,0.5,True
randomized,211,0.5,False
randomized,211,0.5,False
randomized,211,0.5,True
randomized,211,0.5,True
randomized,211,0.5,True
randomized,211,0.5,False
randomized,211,0.5,False
randomized,211,0.5,False
randomized,211,0.5,False
randomized,211,0.5,True
randomized,211,0.5,True
randomized,211,0.5,True
randomized,211,0.5,True
randomized,211,0.5,True
randomized,211,0.5,True
randomized,211,0.5,False
randomized,211,0.5,True
randomized,211,0.5,False
randomized,211,0.5,False
randomized,211,0.5,False
randomized,211,0.5,False
randomized,211,0.5,True
randomized,211,0.5,False
randomized,211,0.5,True
randomized,211,0.5,False
randomized,211,0.5,False
randomized,211,0.5,True
randomized,211,0.5,False
randomized,211,0.5,False
randomized,211,0.5,True
randomized,211,0.5,False
randomized,211,0.5,True
randomized,211,0.5,False
randomized,211,0.5,False
randomized,211,0.5,True
randomized,211,0.5,True
randomized,211,0.5,True
randomized,211,0.5,False
randomized,211,0.5,True
randomized,211,0.5,False
randomized,211,0.5,True
randomized,211,0.5,True
randomized,211,0.5,False
randomized,211,0.5,False
randomized,211,0.5,False
randomized,211,0.5,False
randomized,211,0.5,True
randomized,211,0.5,True
randomized,211,0.5,True
randomized,211,0.5,True
randomized,211,0.5,False
randomized,211,0.5,True
randomized,211,0.5,True
randomized,211,0.5,False
randomized,211,0.5,True
randomized,211,0.5,False
randomized,211,0.5,False
randomized,211,0.5,True
randomized,211,0.5,True
randomized,211,0.5,True
randomized,211,0.5,True
randomized,211,0.5,False
randomized,211,0.5,True
randomized,211,0.5,True
randomized,211,0.5,False
randomized,211,0.5,False
randomized,211,0.5,False
randomized,211,0.5,True
randomized,211,0.5,False
randomized,211,0.5,False
randomized,211,0.5,True
randomized,211,0.5,True
randomized,211,0.5,True
randomized,211,0.5,True
randomized,211,0.5,False
randomized,211,0.5,True
randomized,211,0.5,False
randomized,211,0.5,True
randomized,211,0.5,False
randomized,211,0.5,False
randomized,211,0.5,True
randomized,211,0.5,False
randomized,211,0.5,True
randomized,211,0.5,False
randomized,211,0.5,False
randomized,211,0.5,True
randomized,211,0.5,True
randomized,211,0.5,True
randomized,211,0.5,False
randomized,211,0.5,True
randomized,211,0.5,False
randomized,211,0.5,True
randomized,211,0.5,True
randomized,211,0.5,True
randomized,211,0.5,True
randomized,211,0.5,False
randomized,211,0.5,True
randomized,211,0.5,True
randomized,211,0.5,False
randomized,211,0.5,False
randomized,211,0.5,False
randomized,211,0.5,True
randomized,211,0.5,True
randomized,211,0.5,True
randomized,211,0.5,False
randomized,211,0.5,False
randomized,211,0.5,False
randomized,211,0.5,False
randomized,211,0.5,True
randomized,211,0.5,True
randomized,211,0.5,True
randomized,211,0.5,False
randomized,211,0.5,True
randomized,211,0.5,True
randomized,211,0.5,False
randomized,211,0.5,True
randomized,211,0.5,True
randomized,211,0.5,True
randomized,211,0.5,True
randomized,211,0.5,False
randomized,211,0.5,False
randomized,211,0.5,True
randomized,211,0.5,False
randomized,211,0.5,True
randomized,211,0.5,True
randomized,211,0.5,False
randomized,211,0.5,False
randomized,211,0.5,False
randomized,211,0.5,True
randomized,211,0.5,True
randomized,211,0.5,False
randomized,211,0.5,False
randomized,211,0.5,False
randomized,211,0.5,True
randomized,211,0.5,True
randomized,211,0.5,True
randomized,211,0.5,False
randomized,211,0.5,True
randomized,211,0.5,False
randomized,211,0.5,False
randomized,211,0.5,False
randomized,211,0.5,True
randomized,211,0.5,False
randomized,211,0.5,True
randomized,211,0.5,True
randomized,211,0.5,False
randomized,211,0.5,True
randomized,211,0.5,False
randomized,211,0.5,False
randomized,211,0.5,True
randomized,211,0.5,False
randomized,211,0.5,True
randomized,211,0.5,True
randomized,211,0.5,True
randomized,211,0.5,True
randomized,211,0.5,False
randomized,211,0.5,False
randomized,211,0.5,False
randomized,211,0.5,False
randomized,211,0.5,False
randomized,211,0.5,False
randomized,211,0.5,False
randomized,211,0.5,True
randomized,211,0.5,False
randomized,211,0.5,False
randomized,211,0.5,False
randomized,211,0.5,False
randomized,211,0.5,False
randomized,211,0.5,True
randomized,211,0.5,True
randomized,211,0.5,False
randomized,211,0.5,False
randomized,211,0.5,False
randomized,211,0.5,True
randomized,211,0.5,False
randomized,211,0.5,True
randomized,211,0.5,False
randomized,211,0.5,False
randomized,211,0.5,True
randomized,211,0.5,False
randomized,211,0.5,True
randomized,211,0.5,False
randomized,211,0.5,False
randomized,211,0.5,False
randomized,211,0.5,True
randomized,211,0.5,False
randomized,211,0.5,False
randomized,211,0.5,True
randomized,211,0.5,False
randomized,211,0.5,False
randomized,211,0.5,True
randomized,211,0.5,False
randomized,211,0.5,False
randomized,211,0.5,False
randomized,211,0.5,False
randomized,211,0.5,False
randomized,211,0.5,False
randomized,211,0.5,True
randomized,211,0.5,False
randomized,211,0.5,True
randomized,211,0.5,True
randomized,211,0.5,False
randomized,211,0.5,True
randomized,211,0.5,True
randomized,211,0.5,False
randomized,211,0.5,False
randomized,211,0.5,True
randomized,211,0.5,True
randomized,211,0.5,True
randomized,211,0.5,False
randomized,211,0.5,True
randomized,211,0.5,False
randomized,211,0.5,False
randomized,211,0.5,True
randomized,211,0.5,False
randomized,211,0.5,True
randomized,211,0.5,True
randomized,211,0.5,False
randomized,211,0.5,False
randomized,211,0.5,True
randomized,211,0.5,False
randomized,211,0.5,True
randomized,211,0.5,True
randomized,211,0.5,True
randomized,211,0.5,False
randomized,211,0.5,False
randomized,211,0.5,True
randomized,211,0.5,False
randomized,211,0.5,True
randomized,211,0.5,False
randomized,211,0.5,True
randomized,211,0.5,False
randomized,211,0.5,False
randomized,307,0.5,True
randomized,307,0.5,True
randomized,307,0.5,False
randomized,307,0.5,False
randomized,307,0.5,True
randomized,307,0.5,True
randomized,307,0.5,False
randomized,307,0.5,True
randomized,307,0.5,True
randomized,307,0.5,True
randomized,307,0.5,False
randomized,307,0.5,False
randomized,307,0.5,True
randomized,307,0.5,False
randomized,307,0.5,True
randomized,307,0.5,False
randomized,307,0.5,False
randomized,307,0.5,False
randomized,307,0.5,True
randomized,307,0.5,False
randomized,307,0.5,True
randomized,307,0.5,False
randomized,307,0.5,False
randomized,307,0.5,True
randomized,307,0.5,True
randomized,307,0.5,True
randomized,307,0.5,False
randomized,307,0.5,True
randomized,307,0.5,True
randomized,307,0.5,False
randomized,307,0.5,False
randomized,307,0.5,False
randomized,307,0.5,False
randomized,307,0.5,True
randomized,307,0.5,False
randomized,307,0.5,False
randomized,307,0.5,False
randomized,307,0.5,False
randomized,307,0.5,True
randomized,307,0.5,False
randomized,307,0.5,True
randomized,307,0.5,True
randomized,307,0.5,True
randomized,307,0.5,False
randomized,307,0.5,False
randomized,307,0.5,False
randomized,307,0.5,True
randomized,307,0.5,False
randomized,307,0.5,True
randomized,307,0.5,True
randomized,307,0.5,True
randomized,307,0.5,True
randomized,307,0.5,False
randomized,307,0.5,True
randomized,307,0.5,True
randomized,307,0.5,True
randomized,307,0.5,True
randomized,307,0.5,True
randomized,307,0.5,True
randomized,307,0.5,True
randomized,307,0.5,True
randomized,307,0.5,True
randomized,307,0.5,True
randomized,307,0.5,True
randomized,307,0.5,False
randomized,307,0.5,True
randomized,307,0.5,False
randomized,307,0.5,False
randomized,307,0.5,False
randomized,307,0.5,False
randomized,307,0.5,False
randomized,307,0.5,True
randomized,307,0.5,True
randomized,307,0.5,False
randomized,307,0.5,True
randomized,307,0.5,False
randomized,307,0.5,False
randomized,307,0.5,True
randomized,307,0.5,True
randomized,307,0.5,True
randomized,307,0.5,True
randomized,307,0.5,True
randomized,307,0.5,False
randomized,307,0.5,True
randomized,307,0.5,False
randomized,307,0.5,False
randomized,307,0.5,False
randomized,307,0.5,False
randomized,307,0.5,False
randomized,307,0.5,False
randomized,307,0.5,False
randomized,307,0.5,True
randomized,307,0.5,False
randomized,307,0.5,True
randomized,307,0.5,True
randomized,307,0.5,False
randomized,307,0.5,False
randomized,307,0.5,True
randomized,307,0.5,False
randomized,307,0.5,True
randomized,307,0.5,False
randomized,307,0.5,False
randomized,307,0.5,True
randomized,307,0.5,True
randomized,307,0.5,False
randomized,307,0.5,True
randomized,307,0.5,False
randomized,307,0.5,True
randomized,307,0.5,True
randomized,307,0.5,True
randomized,307,0.5,True
randomized,307,0.5,True
randomized,307,0.5,True
randomized,307,0.5,True
randomized,307,0.5,False
randomized,307,0.5,True
randomized,307,0.5,False
randomized,307,0.5,False
randomized,307,0.5,True
randomized,307,0.5,True
randomized,307,0.5,True
randomized,307,0.5,False
randomized,307,0.5,True
randomized,307,0.5,True
randomized,307,0.5,True
randomized,307,0.5,True
randomized,307,0.5,True
randomized,307,0.5,True
randomized,307,0.5,False
randomized,307,0.5,True
randomized,307,0.5,True
randomized,307,0.5,True
randomized,307,0.5,False
randomized,307,0.5,True
randomized,307,0.5,False
randomized,307,0.5,True
randomized,307,0.5,False
randomized,307,0.5,True
randomized,307,0.5,True
randomized,307,0.5,False
randomized,307,0.5,True
randomized,307,0.5,True
randomized,307,0.5,True
randomized,307,0.5,False
randomized,307,0.5,True
randomized,307,0.5,True
randomized,307,0.5,False
randomized,307,0.5,False
randomized,307,0.5,False
randomized,307,0.5,True
randomized,307,0.5,True
randomized,307,0.5,False
randomized,307,0.5,False
randomized,307,0.5,True
randomized,307,0.5,True
randomized,307,0.5,False
randomized,307,0.5,True
randomized,307,0.5,False
randomized,307,0.5,True
randomized,307,0.5,False
randomized,307,0.5,True
randomized,307,0.5,True
randomized,307,0.5,False
randomized,307,0.5,False
randomized,307,0.5,False
randomized,307,0.5,True
randomized,307,0.5,False
randomized,307,0.5,False
randomized,307,0.5,True
randomized,307,0.5,True
randomized,307,0.5,True
randomized,307,0.5,False
randomized,307,0.5,True
randomized,307,0.5,True
randomized,307,0.5,False
randomized,307,0.5,True
randomized,307,0.5,False
randomized,307,0.5,False
randomized,307,0.5,False
randomized,307,0.5,False
randomized,307,0.5,True
randomized,307,0.5,True
randomized,307,0.5,True
randomized,307,0.5,False
randomized,307,0.5,False
randomized,307,0.5,True
randomized,307,0.5,False
randomized,307,0.5,False
randomized,307,0.5,False
randomized,307,0.5,False
randomized,307,0.5,False
randomized,307,0.5,True
randomized,307,0.5,False
randomized,307,0.5,False
randomized,307,0.5,False
randomized,307,0.5,False
randomized,307,0.5,False
randomized,307,0.5,False
randomized,307,0.5,True
randomized,307,0.5,True
randomized,307,0.5,True
randomized,307,0.5,True
randomized,307,0.5,True
randomized,307,0.5,False
randomized,307,0.5,True
randomized,307,0.5,True
randomized,307,0.5,False
randomized,307,0.5,False
randomized,307,0.5,False
randomized,307,0.5,False
randomized,307,0.5,True
randomized,307,0.5,False
randomized,307,0.5,False
randomized,307,0.5,False
randomized,307,0.5,True
randomized,307,0.5,True
randomized,307,0.5,True
randomized,307,0.5,True
randomized,307,0.5,False
randomized,307,0.5,True
randomized,307,0.5,True
randomized,307,0.5,False
randomized,307,0.5,True
randomized,307,0.5,False
randomized,307,0.5,False
randomized,307,0.5,True
randomized,307,0.5,False
randomized,307,0.5,True
randomized,307,0.5,False
randomized,307,0.5,False
randomized,307,0.5,True
randomized,307,0.5,False
randomized,307,0.5,False
randomized,307,0.5,False
randomized,307,0.5,True
randomized,307,0.5,False
randomized,307,0.5,False
randomized,307,0.5,False
randomized,307,0.5,True
randomized,307,0.5,True
randomized,401,0.5,False
randomized,401,0.5,False
randomized,401,0.5,True
randomized,401,0.5,False
randomized,401,0.5,True
randomized,401,0.5,False
randomized,401,0.5,True
randomized,401,0.5,False
randomized,401,0.5,False
randomized,401,0.5,True
randomized,401,0.5,False
randomized,401,0.5,False
randomized,401,0.5,False
randomized,401,0.5,True
randomized,401,0.5,True
randomized,401,0.5,True
randomized,401,0.5,True
randomized,401,0.5,False
randomized,401,0.5,True
randomized,401,0.5,False
randomized,401,0.5,True
randomized,401,0.5,True
randomized,401,0.5,True
randomized,401,0.5,True
randomized,401,0.5,True
randomized,401,0.5,False
randomized,401,0.5,False
randomized,401,0.5,False
randomized,401,0.5,True
randomized,401,0.5,True
randomized,401,0.5,True
randomized,401,0.5,True
randomized,401,0.5,True
randomized,401,0.5,True
randomized,401,0.5,False
randomized,401,0.5,False
randomized,401,0.5,True
randomized,401,0.5,False
randomized,401,0.5,False
randomized,401,0.5,True
randomized,401,0.5,False
randomized,401,0.5,False
randomized,401,0.5,False
randomized,401,0.5,False
randomized,401,0.5,False
randomized,401,0.5,False
randomized,401,0.5,True
randomized,401,0.5,False
randomized,401,0.5,True
randomized,401,0.5,False
randomized,401,0.5,False
randomized,401,0.5,False
randomized,401,0.5,True
randomized,401,0.5,True
randomized,401,0.5,False
randomized,401,0.5,False
randomized,401,0.5,False
randomized,401,0.5,True
randomized,401,0.5,True
randomized,401,0.5,True
randomized,401,0.5,False
randomized,401,0.5,True
randomized,401,0.5,True
randomized,401,0.5,False
randomized,401,0.5,False
randomized,401,0.5,True
randomized,401,0.5,False
randomized,401,0.5,True
randomized,401,0.5,True
randomized,401,0.5,False
randomized,401,0.5,False
randomized,401,0.5,True
randomized,401,0.5,False
randomized,401,0.5,True
randomized,401,0.5,False
randomized,401,0.5,False
randomized,401,0.5,False
randomized,401,0.5,False
randomized,401,0.5,False
randomized,401,0.5,True
randomized,401,0.5,False
randomized,401,0.5,True
randomized,401,0.5,True
randomized,401,0.5,True
randomized,401,0.5,False
randomized,401,0.5,False
randomized,401,0.5,False
randomized,401,0.5,False
randomized,401,0.5,False
randomized,401,0.5,True
randomized,401,0.5,True
randomized,401,0.5,False
randomized,401,0.5,True
randomized,401,0.5,False
randomized,401,0.5,False
randomized,401,0.5,False
randomized,401,0.5,True
randomized,401,0.5,False
randomized,401,0.5,True
randomized,401,0.5,False
randomized,401,0.5,True
randomized,401,0.5,True
randomized,401,0.5,True
randomized,401,0.5,True
randomized,401,0.5,True
randomized,401,0.5,True
randomized,401,0.5,False
randomized,401,0.5,False
randomized,401,0.5,True
randomized,401,0.5,False
randomized,401,0.5,False
randomized,401,0.5,True
randomized,401,0.5,True
randomized,401,0.5,True
randomized,401,0.5,False
randomized,401,0.5,False
randomized,401,0.5,False
randomized,401,0.5,True
randomized,401,0.5,True
randomized,401,0.5,False
randomized,401,0.5,False
randomized,401,0.5,True
randomized,401,0.5,True
randomized,401,0.5,False
randomized,401,0.5,True
randomized,401,0.5,True
randomized,401,0.5,False
randomized,401,0.5,True
randomized,401,0.5,False
randomized,401,0.5,False
randomized,401,0.5,False
randomized,401,0.5,True
randomized,401,0.5,False
randomized,401,0.5,True
randomized,401,0.5,True
randomized,401,0.5,True
randomized,401,0.5,False
randomized,401,0.5,False
randomized,401,0.5,False
randomized,401,0.5,False
randomized,401,0.5,True
randomized,401,0.5,True
randomized,401,0.5,True
randomized,401,0.5,True
randomized,401,0.5,False
randomized,401,0.5,False
randomized,401,0.5,False
randomized,401,0.5,True
randomized,401,0.5,True
randomized,401,0.5,True
randomized,401,0.5,True
randomized,401,0.5,False
randomized,401,0.5,True
randomized,401,0.5,True
randomized,401,0.5,False
randomized,401,0.5,True
randomized,401,0.5,False
randomized,401,0.5,True
randomized,401,0.5,True
randomized,401,0.5,True
randomized,401,0.5,True
randomized,401,0.5,False
randomized,401,0.5,False
randomized,401,0.5,True
randomized,401,0.5,False
randomized,401,0.5,True
randomized,401,0.5,False
randomized,401,0.5,True
randomized,401,0.5,True
randomized,401,0.5,True
randomized,401,0.5,True
randomized,401,0.5,False
randomized,401,0.5,True
randomized,401,0.5,True
randomized,401,0.5,False
randomized,401,0.5,True
randomized,401,0.5,False
randomized,401,0.5,True
randomized,401,0.5,True
randomized,401,0.5,True
randomized,401,0.5,True
randomized,401,0.5,False
randomized,401,0.5,True
randomized,401,0.5,False
randomized,401,0.5,False
randomized,401,0.5,True
randomized,401,0.5,True
randomized,401,0.5,True
randomized,401,0.5,False
randomized,401,0.5,False
randomized,401,0.5,False
randomized,401,0.5,False
randomized,401,0.5,True
randomized,401,0.5,True
randomized,401,0.5,True
randomized,401,0.5,True
randomized,401,0.5,False
randomized,401,0.5,False
randomized,401,0.5,False
randomized,401,0.5,True
randomized,401,0.5,True
randomized,401,0.5,True
randomized,401,0.5,False
randomized,401,0.5,False
randomized,401,0.5,True
randomized,401,0.5,False
randomized,401,0.5,True
randomized,401,0.5,False
randomized,401,0.5,False
randomized,401,0.5,False
randomized,401,0.5,False
randomized,401,0.5,True
randomized,401,0.5,True
randomized,401,0.5,False
randomized,401,0.5,True
randomized,401,0.5,True
randomized,401,0.5,True
randomized,401,0.5,True
randomized,401,0.5,True
randomized,401,0.5,False
randomized,401,0.5,True
randomized,401,0.5,False
randomized,401,0.5,False
randomized,401,0.5,True
randomized,401,0.5,True
randomized,401,0.5,False
randomized,401,0.5,False
randomized,401,0.5,True
randomized,401,0.5,False
randomized,401,0.5,True
randomized,401,0.5,True
randomized,401,0.5,True
randomized,401,0.5,False
randomized,401,0.5,False
randomized,401,0.5,True
randomized,401,0.5,True
randomized,401,0.5,False
randomized,401,0.5,True
randomized,401,0.5,False
randomized,401,0.5,False
randomized,503,0.5,True
randomized,503,0.5,False
randomized,503,0.5,False
randomized,503,0.5,False
randomized,503,0.5,True
randomized,503,0.5,True
randomized,503,0.5,False
randomized,503,0.5,True
randomized,503,0.5,True
randomized,503,0.5,False
randomized,503,0.5,False
randomized,503,0.5,True
randomized,503,0.5,True
randomized,503,0.5,False
randomized,503,0.5,False
randomized,503,0.5,False
randomized,503,0.5,True
randomized,503,0.5,True
randomized,503,0.5,True
randomized,503,0.5,False
randomized,503,0.5,False
randomized,503,0.5,False
randomized,503,0.5,True
randomized,503,0.5,True
randomized,503,0.5,False
randomized,503,0.5,False
randomized,503,0.5,False
randomized,503,0.5,False
randomized,503,0.5,False
randomized,503,0.5,True
randomized,503,0.5,True
randomized,503,0.5,True
randomized,503,0.5,False
randomized,503,0.5,False
randomized,503,0.5,True
randomized,503,0.5,False
randomized,503,0.5,True
randomized,503,0.5,True
randomized,503,0.5,True
randomized,503,0.5,False
randomized,503,0.5,False
randomized,503,0.5,False
randomized,503,0.5,True
randomized,503,0.5,False
randomized,503,0.5,True
randomized,503,0.5,True
randomized,503,0.5,False
randomized,503,0.5,True
randomized,503,0.5,False
randomized,503,0.5,True
randomized,503,0.5,False
randomized,503,0.5,True
randomized,503,0.5,False
randomized,503,0.5,True
randomized,503,0.5,True
randomized,503,0.5,False
randomized,503,0.5,False
randomized,503,0.5,True
randomized,503,0.5,False
randomized,503,0.5,False
randomized,503,0.5,False
randomized,503,0.5,False
randomized,503,0.5,False
randomized,503,0.5,False
randomized,503,0.5,True
randomized,503,0.5,False
randomized,503,0.5,True
randomized,503,0.5,True
randomized,503,0.5,False
randomized,503,0.5,False
randomized,503,0.5,False
randomized,503,0.5,False
randomized,503,0.5,True
randomized,503,0.5,False
randomized,503,0.5,False
randomized,503,0.5,True
randomized,503,0.5,False
randomized,503,0.5,False
randomized,503,0.5,False
randomized,503,0.5,False
randomized,503,0.5,True
randomized,503,0.5,False
randomized,503,0.5,False
randomized,503,0.5,True
randomized,503,0.5,True
randomized,503,0.5,True
randomized,503,0.5,True
randomized,503,0.5,False
randomized,503,0.5,True
randomized,503,0.5,True
randomized,503,0.5,False
randomized,503,0.5,True
randomized,503,0.5,False
randomized,503,0.5,True
randomized,503,0.5,False
randomized,503,0.5,False
randomized,503,0.5,False
randomized,503,0.5,False
randomized,503,0.5,True
randomized,503,0.5,False
randomized,503,0.5,True
randomized,503,0.5,True
randomized,503,0.5,False
randomized,503,0.5,True
randomized,503,0.5,False
randomized,503,0.5,False
randomized,503,0.5,False
randomized,503,0.5,True
randomized,503,0.5,True
randomized,503,0.5,False
randomized,503,0.5,True
randomized,503,0.5,True
randomized,503,0.5,False
randomized,503,0.5,False
randomized,503,0.5,False
randomized,503,0.5,False
randomized,503,0.5,False
randomized,503,0.5,False
randomized,503,0.5,True
randomized,503,0.5,True
randomized,503,0.5,True
randomized,503,0.5,True
randomized,503,0.5,False
randomized,503,0.5,True
randomized,503,0.5,False
randomized,503,0.5,True
randomized,503,0.5,False
randomized,503,0.5,True
randomized,503,0.5,True
randomized,503,0.5,True
randomized,503,0.5,True
randomized,503,0.5,True
randomized,503,0.5,False
randomized,503,0.5,True
randomized,503,0.5,True
randomized,503,0.5,False
randomized,503,0.5,True
randomized,503,0.5,False
randomized,503,0.5,False
randomized,503,0.5,True
randomized,503,0.5,False
randomized,503,0.5,True
randomized,503,0.5,True
randomized,503,0.5,False
randomized,503,0.5,True
randomized,503,0.5,True
randomized,503,0.5,False
randomized,503,0.5,False
randomized,503,0.5,False
randomized,503,0.5,True
randomized,503,0.5,True
randomized,503,0.5,False
randomized,503,0.5,False
randomized,503,0.5,True
randomized,503,0.5,False
randomized,503,0.5,False
randomized,503,0.5,False
randomized,503,0.5,False
randomized,503,0.5,True
randomized,503,0.5,False
randomized,503,0.5,False
randomized,503,0.5,True
randomized,503,0.5,False
randomized,503,0.5,True
randomized,503,0.5,True
randomized,503,0.5,False
randomized,503,0.5,True
randomized,503,0.5,True
randomized,503,0.5,True
randomized,503,0.5,False
randomized,503,0.5,True
randomized,503,0.5,False
randomized,503,0.5,False
randomized,503,0.5,True
randomized,503,0.5,True
randomized,503,0.5,False
randomized,503,0.5,True
randomized,503,0.5,True
randomized,503,0.5,False
randomized,503,0.5,True
randomized,503,0.5,True
randomized,503,0.5,True
randomized,503,0.5,False
randomized,503,0.5,False
randomized,503,0.5,True
randomized,503,0.5,False
randomized,503,0.5,True
randomized,503,0.5,True
randomized,503,0.5,False
randomized,503,0.5,True
randomized,503,0.5,False
randomized,503,0.5,True
randomized,503,0.5,True
randomized,503,0.5,False
randomized,503,0.5,True
randomized,503,0.5,True
randomized,503,0.5,True
randomized,503,0.5,True
randomized,503,0.5,True
randomized,503,0.5,True
randomized,503,0.5,False
randomized,503,0.5,True
randomized,503,0.5,True
randomized,503,0.5,False
randomized,503,0.5,False
randomized,503,0.5,False
randomized,503,0.5,True
randomized,503,0.5,False
randomized,503,0.5,True
randomized,503,0.5,False
randomized,503,0.5,True
randomized,503,0.5,True
randomized,503,0.5,False
randomized,503,0.5,True
randomized,503,0.5,False
randomized,503,0.5,False
randomized,503,0.5,False
randomized,503,0.5,False
randomized,503,0.5,True
randomized,503,0.5,True
randomized,503,0.5,True
randomized,503,0.5,True
randomized,503,0.5,False
randomized,503,0.5,True
randomized,503,0.5,True
randomized,503,0.5,True
randomized,503,0.5,True
randomized,503,0.5,True
randomized,503,0.5,False
randomized,503,0.5,False
randomized,503,0.5,True
randomized,503,0.5,False
randomized,503,0.5,False
randomized,503,0.5,False
randomized,503,0.5,False
randomized,503,0.5,True
randomized,503,0.5,False
randomized,503,0.5,False
randomized,503,0.5,False
randomized,503,0.5,True
uncertainty_selective,101,0.43435305,False
uncertainty_selective,101,0.43291798,True
uncertainty_selective,101,0.43104285,True
uncertainty_selective,101,0.43728593,False
uncertainty_selective,101,0.4309959,True
uncertainty_selective,101,0.63906366,True
uncertainty_selective,101,0.4360302,True
uncertainty_selective,101,0.4318021,False
uncertainty_selective,101,0.43120107,True
uncertainty_selective,101,0.43223768,True
uncertainty_selective,101,0.44562638,False
uncertainty_selective,101,0.4351827,False
uncertainty_selective,101,0.43236294,False
uncertainty_selective,101,0.43349773,True
uncertainty_selective,101,0.43440768,True
uncertainty_selective,101,0.45222545,False
uncertainty_selective,101,0.4345569,False
uncertainty_selective,101,0.9,False
uncertainty_selective,101,0.64341754,True
uncertainty_selective,101,0.43186477,False
uncertainty_selective,101,0.4321404,True
uncertainty_selective,101,0.44300222,False
uncertainty_selective,101,0.4313895,False
uncertainty_selective,101,0.43167493,True
uncertainty_selective,101,0.44716302,True
uncertainty_selective,101,0.46940535,True
uncertainty_selective,101,0.454366,False
uncertainty_selective,101,0.43213612,False
uncertainty_selective,101,0.43465286,True
uncertainty_selective,101,0.431542,False
uncertainty_selective,101,0.4326332,False
uncertainty_selective,101,0.43153846,False
uncertainty_selective,101,0.54443526,True
uncertainty_selective,101,0.54570705,True
uncertainty_selective,101,0.48584306,False
uncertainty_selective,101,0.43517673,False
uncertainty_selective,101,0.45028096,True
uncertainty_selective,101,0.73014146,True
uncertainty_selective,101,0.4412181,True
uncertainty_selective,101,0.59064037,False
uncertainty_selective,101,0.68841416,False
uncertainty_selective,101,0.431829,True
uncertainty_selective,101,0.43386322,True
uncertainty_selective,101,0.4375239,False
uncertainty_selective,101,0.45071244,True
uncertainty_selective,101,0.4393697,False
uncertainty_selective,101,0.43165374,False
uncertainty_selective,101,0.4335076,True
uncertainty_selective,101,0.4315936,True
uncertainty_selective,101,0.9,True
uncertainty_selective,101,0.44934663,False
uncertainty_selective,101,0.43307555,False
uncertainty_selective,101,0.49722293,False
uncertainty_selective,101,0.45479944,True
uncertainty_selective,101,0.5868176,False
uncertainty_selective,101,0.68562984,True
uncertainty_selective,101,0.5364235,True
uncertainty_selective,101,0.7034671,True
uncertainty_selective,101,0.43758675,True
uncertainty_selective,101,0.9,True
uncertainty_selective,101,0.4324402,True
uncertainty_selective,101,0.44127208,False
uncertainty_selective,101,0.4330452,True
uncertainty_selective,101,0.430993,False
uncertainty_selective,101,0.43124625,False
uncertainty_selective,101,0.44886282,True
uncertainty_selective,101,0.43303904,True
uncertainty_selective,101,0.43142366,True
uncertainty_selective,101,0.43229005,True
uncertainty_selective,101,0.43216357,False
uncertainty_selective,101,0.9,True
uncertainty_selective,101,0.43249854,False
uncertainty_selective,101,0.45213073,True
uncertainty_selective,101,0.63860476,False
uncertainty_selective,101,0.9,True
uncertainty_selective,101,0.8321074,True
uncertainty_selective,101,0.43131813,False
uncertainty_selective,101,0.9,False
uncertainty_selective,101,0.9,False
uncertainty_selective,101,0.9,True
uncertainty_selective,101,0.4336629,False
uncertainty_selective,101,0.43184087,True
uncertainty_selective,101,0.43143165,True
uncertainty_selective,101,0.51577467,False
uncertainty_selective,101,0.4320531,False
uncertainty_selective,101,0.4310462,False
uncertainty_selective,101,0.469456,False
uncertainty_selective,101,0.4318909,True
uncertainty_selective,101,0.4334714,True
uncertainty_selective,101,0.4322697,False
uncertainty_selective,101,0.7105397,False
uncertainty_selective,101,0.4312014,False
uncertainty_selective,101,0.82001424,True
uncertainty_selective,101,0.4412996,True
uncertainty_selective,101,0.43158436,True
uncertainty_selective,101,0.46219334,True
uncertainty_selective,101,0.4375628,False
uncertainty_selective,101,0.4329575,False
uncertainty_selective,101,0.44114926,False
uncertainty_selective,101,0.5249044,True
uncertainty_selective,101,0.43277308,False
uncertainty_selective,101,0.43284133,False
uncertainty_selective,101,0.4327169,False
uncertainty_selective,101,0.45196828,True
uncertainty_selective,101,0.54276365,True
uncertainty_selective,101,0.5422412,True
uncertainty_selective,101,0.48154756,False
uncertainty_selective,101,0.81416404,True
uncertainty_selective,101,0.43287477,False
uncertainty_selective,101,0.43343502,False
uncertainty_selective,101,0.44752392,True
uncertainty_selective,101,0.9,True
uncertainty_selective,101,0.50003904,True
uncertainty_selective,101,0.47463658,False
uncertainty_selective,101,0.43643525,True
uncertainty_selective,101,0.4342298,False
uncertainty_selective,101,0.4475249,True
uncertainty_selective,101,0.4907697,True
uncertainty_selective,101,0.43686193,False
uncertainty_selective,101,0.46119982,True
uncertainty_selective,101,0.43247956,False
uncertainty_selective,101,0.43090618,False
uncertainty_selective,101,0.4314404,False
uncertainty_selective,101,0.4320869,False
uncertainty_selective,101,0.48937735,False
uncertainty_selective,101,0.47507077,False
uncertainty_selective,101,0.43176365,True
uncertainty_selective,101,0.44655693,False
uncertainty_selective,101,0.45185664,True
uncertainty_selective,101,0.53308845,False
uncertainty_selective,101,0.4378585,True
uncertainty_selective,101,0.4422935,True
uncertainty_selective,101,0.43675932,True
uncertainty_selective,101,0.44847924,False
uncertainty_selective,101,0.46178398,True
uncertainty_selective,101,0.48113406,True
uncertainty_selective,101,0.43100867,False
uncertainty_selective,101,0.630783,True
uncertainty_selective,101,0.4833761,True
uncertainty_selective,101,0.63877225,False
uncertainty_selective,101,0.43354356,True
uncertainty_selective,101,0.43149716,True
uncertainty_selective,101,0.43111795,True
uncertainty_selective,101,0.43179822,True
uncertainty_selective,101,0.431373,True
uncertainty_selective,101,0.43175033,False
uncertainty_selective,101,0.5878645,True
uncertainty_selective,101,0.7268652,True
uncertainty_selective,101,0.43510124,False
uncertainty_selective,101,0.43521112,True
uncertainty_selective,101,0.4340993,True
uncertainty_selective,101,0.62891185,True
uncertainty_selective,101,0.43768626,True
uncertainty_selective,101,0.50816995,True
uncertainty_selective,101,0.52182925,False
uncertainty_selective,101,0.4340261,False
uncertainty_selective,101,0.9,True
uncertainty_selective,101,0.43277803,False
uncertainty_selective,101,0.62154084,False
uncertainty_selective,101,0.44613954,False
uncertainty_selective,101,0.5681112,False
uncertainty_selective,101,0.43190524,False
uncertainty_selective,101,0.43207508,True
uncertainty_selective,101,0.5066036,True
uncertainty_selective,101,0.43911538,True
uncertainty_selective,101,0.578974,True
uncertainty_selective,101,0.4312214,False
uncertainty_selective,101,0.43146655,True
uncertainty_selective,101,0.46570176,False
uncertainty_selective,101,0.4354267,True
uncertainty_selective,101,0.4361519,True
uncertainty_selective,101,0.4331272,True
uncertainty_selective,101,0.5167723,False
uncertainty_selective,101,0.43235594,False
uncertainty_selective,101,0.4964039,True
uncertainty_selective,101,0.43352485,True
uncertainty_selective,101,0.62347144,False
uncertainty_selective,101,0.43146384,True
uncertainty_selective,101,0.43244973,False
uncertainty_selective,101,0.9,True
uncertainty_selective,101,0.43199244,False
uncertainty_selective,101,0.43184146,False
uncertainty_selective,101,0.45079455,True
uncertainty_selective,101,0.431555,True
uncertainty_selective,101,0.51276857,True
uncertainty_selective,101,0.4315378,True
uncertainty_selective,101,0.4313468,False
uncertainty_selective,101,0.43164557,False
uncertainty_selective,101,0.43448108,False
uncertainty_selective,101,0.43297094,True
uncertainty_selective,101,0.46315998,False
uncertainty_selective,101,0.44054845,False
uncertainty_selective,101,0.432424,False
uncertainty_selective,101,0.46400964,True
uncertainty_selective,101,0.61710966,True
uncertainty_selective,101,0.49962437,True
uncertainty_selective,101,0.8755151,True
uncertainty_selective,101,0.9,True
uncertainty_selective,101,0.43393508,False
uncertainty_selective,101,0.45518917,False
uncertainty_selective,101,0.44874772,True
uncertainty_selective,101,0.44657996,False
uncertainty_selective,101,0.4311048,False
uncertainty_selective,101,0.43120298,False
uncertainty_selective,101,0.43318528,False
uncertainty_selective,101,0.43266964,True
uncertainty_selective,101,0.43168423,False
uncertainty_selective,101,0.9,True
uncertainty_selective,101,0.4319517,False
uncertainty_selective,101,0.4323955,False
uncertainty_selective,101,0.43204516,False
uncertainty_selective,101,0.43310806,True
uncertainty_selective,101,0.44278464,False
uncertainty_selective,101,0.497694,True
uncertainty_selective,101,0.44594678,False
uncertainty_selective,101,0.44590223,True
uncertainty_selective,101,0.5487618,False
uncertainty_selective,101,0.46958038,False
uncertainty_selective,101,0.432463,False
uncertainty_selective,101,0.4327577,False
uncertainty_selective,101,0.4338229,True
uncertainty_selective,101,0.44322392,False
uncertainty_selective,101,0.43517563,False
uncertainty_selective,101,0.43104815,False
uncertainty_selective,101,0.44491553,False
uncertainty_selective,101,0.43085688,False
uncertainty_selective,101,0.53145623,True
uncertainty_selective,101,0.4309353,True
uncertainty_selective,101,0.4450766,True
uncertainty_selective,101,0.43545723,False
uncertainty_selective,101,0.4311833,True
uncertainty_selective,101,0.43131635,False
uncertainty_selective,101,0.528601,False
uncertainty_selective,101,0.43266755,False
uncertainty_selective,101,0.43393114,True
uncertainty_selective,101,0.52964246,True
uncertainty_selective,101,0.5097557,False
uncertainty_selective,101,0.43474662,True
uncertainty_selective,101,0.5530508,True
uncertainty_selective,101,0.43578935,True
uncertainty_selective,211,0.43672982,False
uncertainty_selective,211,0.43347076,False
uncertainty_selective,211,0.4346684,False
uncertainty_selective,211,0.44006443,False
uncertainty_selective,211,0.4403188,True
uncertainty_selective,211,0.43638054,False
uncertainty_selective,211,0.43785357,True
uncertainty_selective,211,0.43429115,False
uncertainty_selective,211,0.43365845,False
uncertainty_selective,211,0.43474972,False
uncertainty_selective,211,0.44884518,True
uncertainty_selective,211,0.43785018,True
uncertainty_selective,211,0.43488163,False
uncertainty_selective,211,0.43607628,False
uncertainty_selective,211,0.9,True
uncertainty_selective,211,0.45552623,False
uncertainty_selective,211,0.43570969,True
uncertainty_selective,211,0.43370807,True
uncertainty_selective,211,0.4551523,True
uncertainty_selective,211,0.60817903,True
uncertainty_selective,211,0.43464732,True
uncertainty_selective,211,0.43410832,True
uncertainty_selective,211,0.43482545,False
uncertainty_selective,211,0.43569508,True
uncertainty_selective,211,0.54009646,False
uncertainty_selective,211,0.43689078,False
uncertainty_selective,211,0.4542865,False
uncertainty_selective,211,0.43390098,False
uncertainty_selective,211,0.4358386,True
uncertainty_selective,211,0.4385784,False
uncertainty_selective,211,0.43516612,True
uncertainty_selective,211,0.46205318,False
uncertainty_selective,211,0.4440115,False
uncertainty_selective,211,0.44646055,True
uncertainty_selective,211,0.4590228,False
uncertainty_selective,211,0.6715876,False
uncertainty_selective,211,0.43334395,True
uncertainty_selective,211,0.51931465,False
uncertainty_selective,211,0.4442042,False
uncertainty_selective,211,0.44477957,False
uncertainty_selective,211,0.43432426,False
uncertainty_selective,211,0.44844514,True
uncertainty_selective,211,0.6362724,True
uncertainty_selective,211,0.44307867,True
uncertainty_selective,211,0.43462127,False
uncertainty_selective,211,0.5105401,True
uncertainty_selective,211,0.4620405,False
uncertainty_selective,211,0.43608665,True
uncertainty_selective,211,0.43433467,True
uncertainty_selective,211,0.9,True
uncertainty_selective,211,0.4369181,False
uncertainty_selective,211,0.5863303,False
uncertainty_selective,211,0.46898016,False
uncertainty_selective,211,0.50028765,True
uncertainty_selective,211,0.4423553,True
uncertainty_selective,211,0.43377736,True
uncertainty_selective,211,0.43550563,True
uncertainty_selective,211,0.7175697,False
uncertainty_selective,211,0.43850887,True
uncertainty_selective,211,0.701569,True
uncertainty_selective,211,0.43627542,False
uncertainty_selective,211,0.4358602,True
uncertainty_selective,211,0.43408424,False
uncertainty_selective,211,0.4338293,False
uncertainty_selective,211,0.4395543,True
uncertainty_selective,211,0.4522524,True
uncertainty_selective,211,0.6003574,True
uncertainty_selective,211,0.43418327,True
uncertainty_selective,211,0.43767333,False
uncertainty_selective,211,0.43380487,True
uncertainty_selective,211,0.4357847,True
uncertainty_selective,211,0.43666103,False
uncertainty_selective,211,0.46276486,False
uncertainty_selective,211,0.4830954,False
uncertainty_selective,211,0.44551438,False
uncertainty_selective,211,0.51957226,False
uncertainty_selective,211,0.49646124,False
uncertainty_selective,211,0.47785097,True
uncertainty_selective,211,0.5731941,True
uncertainty_selective,211,0.43746126,True
uncertainty_selective,211,0.43625018,True
uncertainty_selective,211,0.43999833,False
uncertainty_selective,211,0.43412882,True
uncertainty_selective,211,0.48139143,False
uncertainty_selective,211,0.73041767,True
uncertainty_selective,211,0.4645506,False
uncertainty_selective,211,0.46929267,False
uncertainty_selective,211,0.43901107,True
uncertainty_selective,211,0.43927687,False
uncertainty_selective,211,0.4339173,True
uncertainty_selective,211,0.44838,False
uncertainty_selective,211,0.43644482,False
uncertainty_selective,211,0.44889858,False
uncertainty_selective,211,0.51321465,True
uncertainty_selective,211,0.9,True
uncertainty_selective,211,0.4594965,False
uncertainty_selective,211,0.46820253,True
uncertainty_selective,211,0.43363732,False
uncertainty_selective,211,0.60709596,True
uncertainty_selective,211,0.45182857,True
uncertainty_selective,211,0.44098133,False
uncertainty_selective,211,0.4365594,True
uncertainty_selective,211,0.4352955,False
uncertainty_selective,211,0.4530613,True
uncertainty_selective,211,0.59467113,True
uncertainty_selective,211,0.48089564,False
uncertainty_selective,211,0.48665205,False
uncertainty_selective,211,0.60079986,False
uncertainty_selective,211,0.43717745,True
uncertainty_selective,211,0.4921399,True
uncertainty_selective,211,0.45084286,True
uncertainty_selective,211,0.43562302,False
uncertainty_selective,211,0.50609815,False
uncertainty_selective,211,0.4675579,False
uncertainty_selective,211,0.43435696,False
uncertainty_selective,211,0.6242275,True
uncertainty_selective,211,0.45563048,True
uncertainty_selective,211,0.46086857,False
uncertainty_selective,211,0.4534789,False
uncertainty_selective,211,0.4341374,False
uncertainty_selective,211,0.43424207,True
uncertainty_selective,211,0.434091,False
uncertainty_selective,211,0.43391037,True
uncertainty_selective,211,0.43366462,True
uncertainty_selective,211,0.9,True
uncertainty_selective,211,0.8455102,True
uncertainty_selective,211,0.43480137,False
uncertainty_selective,211,0.4778813,False
uncertainty_selective,211,0.45799008,True
uncertainty_selective,211,0.4361892,False
uncertainty_selective,211,0.44361714,True
uncertainty_selective,211,0.44533637,True
uncertainty_selective,211,0.45312905,False
uncertainty_selective,211,0.9,True
uncertainty_selective,211,0.48588794,False
uncertainty_selective,211,0.44772816,True
uncertainty_selective,211,0.48903757,True
uncertainty_selective,211,0.6427455,False
uncertainty_selective,211,0.4885756,False
uncertainty_selective,211,0.43418103,False
uncertainty_selective,211,0.4361245,True
uncertainty_selective,211,0.44220287,True
uncertainty_selective,211,0.5558504,True
uncertainty_selective,211,0.43335602,False
uncertainty_selective,211,0.43334377,True
uncertainty_selective,211,0.43336484,False
uncertainty_selective,211,0.6286977,False
uncertainty_selective,211,0.5978746,False
uncertainty_selective,211,0.51622206,True
uncertainty_selective,211,0.4378801,False
uncertainty_selective,211,0.43670955,True
uncertainty_selective,211,0.4501596,True
uncertainty_selective,211,0.4898764,False
uncertainty_selective,211,0.5146433,True
uncertainty_selective,211,0.52898926,False
uncertainty_selective,211,0.43663254,False
uncertainty_selective,211,0.9,True
uncertainty_selective,211,0.6023387,False
uncertainty_selective,211,0.9,True
uncertainty_selective,211,0.43578625,True
uncertainty_selective,211,0.433932,True
uncertainty_selective,211,0.43439972,True
uncertainty_selective,211,0.4348765,False
uncertainty_selective,211,0.43378043,False
uncertainty_selective,211,0.4438724,False
uncertainty_selective,211,0.58883363,False
uncertainty_selective,211,0.43497378,False
uncertainty_selective,211,0.43374532,False
uncertainty_selective,211,0.43949968,False
uncertainty_selective,211,0.4500142,False
uncertainty_selective,211,0.8809845,True
uncertainty_selective,211,0.43538296,False
uncertainty_selective,211,0.49725005,False
uncertainty_selective,211,0.43835166,False
uncertainty_selective,211,0.45481652,False
uncertainty_selective,211,0.43610957,True
uncertainty_selective,211,0.43367562,True
uncertainty_selective,211,0.43393508,False
uncertainty_selective,211,0.43497297,False
uncertainty_selective,211,0.4378008,False
uncertainty_selective,211,0.43471262,True
uncertainty_selective,211,0.4343326,False
uncertainty_selective,211,0.43376264,True
uncertainty_selective,211,0.43403104,False
uncertainty_selective,211,0.54786307,False
uncertainty_selective,211,0.49411196,True
uncertainty_selective,211,0.43461725,False
uncertainty_selective,211,0.43617108,True
uncertainty_selective,211,0.43711153,False
uncertainty_selective,211,0.437001,False
uncertainty_selective,211,0.43497306,False
uncertainty_selective,211,0.43384403,True
uncertainty_selective,211,0.43374544,False
uncertainty_selective,211,0.9,True
uncertainty_selective,211,0.62274355,True
uncertainty_selective,211,0.4595344,False
uncertainty_selective,211,0.88844866,True
uncertainty_selective,211,0.9,True
uncertainty_selective,211,0.43777525,False
uncertainty_selective,211,0.44241965,False
uncertainty_selective,211,0.4359901,False
uncertainty_selective,211,0.55180293,False
uncertainty_selective,211,0.4338959,False
uncertainty_selective,211,0.43366045,False
uncertainty_selective,211,0.43796322,True
uncertainty_selective,211,0.45602736,False
uncertainty_selective,211,0.5289818,True
uncertainty_selective,211,0.43747562,True
uncertainty_selective,211,0.43513092,False
uncertainty_selective,211,0.44620565,True
uncertainty_selective,211,0.43454704,True
uncertainty_selective,211,0.43444565,False
uncertainty_selective,211,0.47677845,False
uncertainty_selective,211,0.6179125,True
uncertainty_selective,211,0.44918248,True
uncertainty_selective,211,0.65316033,True
uncertainty_selective,211,0.5572338,False
uncertainty_selective,211,0.48875898,True
uncertainty_selective,211,0.579829,False
uncertainty_selective,211,0.9,True
uncertainty_selective,211,0.43390352,True
uncertainty_selective,211,0.46167144,False
uncertainty_selective,211,0.43328917,True
uncertainty_selective,211,0.44124106,True
uncertainty_selective,211,0.43448782,False
uncertainty_selective,211,0.4334842,False
uncertainty_selective,211,0.50808454,True
uncertainty_selective,211,0.4348958,False
uncertainty_selective,211,0.4405358,True
uncertainty_selective,211,0.4345363,True
uncertainty_selective,211,0.43758824,True
uncertainty_selective,211,0.43599385,False
uncertainty_selective,211,0.5393349,False
uncertainty_selective,211,0.48378152,True
uncertainty_selective,211,0.9,False
uncertainty_selective,211,0.58066064,True
uncertainty_selective,211,0.43598062,False
uncertainty_selective,211,0.9,True
uncertainty_selective,211,0.4838812,False
uncertainty_selective,211,0.49173582,False
uncertainty_selective,307,0.4295994,True
uncertainty_selective,307,0.4192292,True
uncertainty_selective,307,0.42254797,False
uncertainty_selective,307,0.41931486,False
uncertainty_selective,307,0.41928014,True
uncertainty_selective,307,0.57991225,True
uncertainty_selective,307,0.42595714,False
uncertainty_selective,307,0.42231557,True
uncertainty_selective,307,0.5162288,True
uncertainty_selective,307,0.4212576,True
uncertainty_selective,307,0.42010713,False
uncertainty_selective,307,0.41928318,False
uncertainty_selective,307,0.42176908,True
uncertainty_selective,307,0.4284363,False
uncertainty_selective,307,0.9,True
uncertainty_selective,307,0.43430027,False
uncertainty_selective,307,0.4227104,False
uncertainty_selective,307,0.4223708,False
uncertainty_selective,307,0.74385,True
uncertainty_selective,307,0.43873256,False
uncertainty_selective,307,0.42374015,True
uncertainty_selective,307,0.44476,False
uncertainty_selective,307,0.4204126,False
uncertainty_selective,307,0.5462024,True
uncertainty_selective,307,0.66791916,True
uncertainty_selective,307,0.4808132,True
uncertainty_selective,307,0.45364758,False
uncertainty_selective,307,0.4210958,True
uncertainty_selective,307,0.42290553,True
uncertainty_selective,307,0.4201496,False
uncertainty_selective,307,0.42188767,False
uncertainty_selective,307,0.42038462,False
uncertainty_selective,307,0.4650184,False
uncertainty_selective,307,0.9,True
uncertainty_selective,307,0.48221928,False
uncertainty_selective,307,0.4476967,False
uncertainty_selective,307,0.45010284,False
uncertainty_selective,307,0.49250174,False
uncertainty_selective,307,0.59451723,True
uncertainty_selective,307,0.42002407,False
uncertainty_selective,307,0.4242191,False
uncertainty_selective,307,0.42015192,True
uncertainty_selective,307,0.42434993,True
uncertainty_selective,307,0.42228422,False
uncertainty_selective,307,0.42039382,False
uncertainty_selective,307,0.8362007,True
uncertainty_selective,307,0.6068755,True
uncertainty_selective,307,0.44861472,False
uncertainty_selective,307,0.4259148,True
uncertainty_selective,307,0.42085522,True
uncertainty_selective,307,0.42454007,True
uncertainty_selective,307,0.42012158,False
uncertainty_selective,307,0.52544665,False
uncertainty_selective,307,0.47542974,True
uncertainty_selective,307,0.50895303,True
uncertainty_selective,307,0.7973782,True
uncertainty_selective,307,0.58751714,True
uncertainty_selective,307,0.4226849,False
uncertainty_selective,307,0.41934708,True
uncertainty_selective,307,0.46089336,True
uncertainty_selective,307,0.42356685,True
uncertainty_selective,307,0.42293823,True
uncertainty_selective,307,0.42025077,False
uncertainty_selective,307,0.4198652,True
uncertainty_selective,307,0.4219957,False
uncertainty_selective,307,0.42218304,True
uncertainty_selective,307,0.6544933,False
uncertainty_selective,307,0.42040062,False
uncertainty_selective,307,0.41919535,False
uncertainty_selective,307,0.43058783,False
uncertainty_selective,307,0.4228239,False
uncertainty_selective,307,0.4269783,False
uncertainty_selective,307,0.45306924,True
uncertainty_selective,307,0.9,True
uncertainty_selective,307,0.4875528,True
uncertainty_selective,307,0.46148047,False
uncertainty_selective,307,0.8748506,True
uncertainty_selective,307,0.9,True
uncertainty_selective,307,0.44833913,True
uncertainty_selective,307,0.44977048,True
uncertainty_selective,307,0.42513123,True
uncertainty_selective,307,0.42068353,False
uncertainty_selective,307,0.41997385,False
uncertainty_selective,307,0.42040247,True
uncertainty_selective,307,0.83242375,False
uncertainty_selective,307,0.41936016,False
uncertainty_selective,307,0.6026962,False
uncertainty_selective,307,0.41962627,False
uncertainty_selective,307,0.44554988,False
uncertainty_selective,307,0.8664531,True
uncertainty_selective,307,0.8262927,True
uncertainty_selective,307,0.42978352,True
uncertainty_selective,307,0.49853477,False
uncertainty_selective,307,0.4381327,True
uncertainty_selective,307,0.64629793,True
uncertainty_selective,307,0.4293003,False
uncertainty_selective,307,0.41992474,False
uncertainty_selective,307,0.42942858,True
uncertainty_selective,307,0.7067023,False
uncertainty_selective,307,0.51500875,True
uncertainty_selective,307,0.42364487,False
uncertainty_selective,307,0.43594095,False
uncertainty_selective,307,0.42202103,True
uncertainty_selective,307,0.42132503,True
uncertainty_selective,307,0.5517296,False
uncertainty_selective,307,0.76160884,True
uncertainty_selective,307,0.55623037,False
uncertainty_selective,307,0.66956264,True
uncertainty_selective,307,0.42441967,True
uncertainty_selective,307,0.4231654,True
uncertainty_selective,307,0.42540416,True
uncertainty_selective,307,0.4312164,True
uncertainty_selective,307,0.49281654,True
uncertainty_selective,307,0.47116694,True
uncertainty_selective,307,0.42812705,False
uncertainty_selective,307,0.43142778,False
uncertainty_selective,307,0.47095916,False
uncertainty_selective,307,0.42589948,False
uncertainty_selective,307,0.44969702,True
uncertainty_selective,307,0.4547328,True
uncertainty_selective,307,0.42048952,False
uncertainty_selective,307,0.4221299,False
uncertainty_selective,307,0.41913524,True
uncertainty_selective,307,0.45773774,True
uncertainty_selective,307,0.5428839,True
uncertainty_selective,307,0.4737354,True
uncertainty_selective,307,0.42276704,True
uncertainty_selective,307,0.8993922,True
uncertainty_selective,307,0.42294264,False
uncertainty_selective,307,0.42343628,True
uncertainty_selective,307,0.43469936,False
uncertainty_selective,307,0.42250124,True
uncertainty_selective,307,0.42846766,False
uncertainty_selective,307,0.43307963,True
uncertainty_selective,307,0.55084527,True
uncertainty_selective,307,0.49965692,True
uncertainty_selective,307,0.41971245,False
uncertainty_selective,307,0.8266655,True
uncertainty_selective,307,0.48609582,True
uncertainty_selective,307,0.42039722,False
uncertainty_selective,307,0.42333835,True
uncertainty_selective,307,0.42236936,True
uncertainty_selective,307,0.41916057,True
uncertainty_selective,307,0.42055762,False
uncertainty_selective,307,0.42362186,False
uncertainty_selective,307,0.42048135,True
uncertainty_selective,307,0.42184952,False
uncertainty_selective,307,0.6561918,False
uncertainty_selective,307,0.5453081,False
uncertainty_selective,307,0.41960824,True
uncertainty_selective,307,0.42422423,True
uncertainty_selective,307,0.5409415,False
uncertainty_selective,307,0.5355043,False
uncertainty_selective,307,0.9,True
uncertainty_selective,307,0.49473184,True
uncertainty_selective,307,0.4265466,False
uncertainty_selective,307,0.9,True
uncertainty_selective,307,0.6908708,True
uncertainty_selective,307,0.4764413,True
uncertainty_selective,307,0.42385322,False
uncertainty_selective,307,0.63628244,True
uncertainty_selective,307,0.4286533,True
uncertainty_selective,307,0.4209986,False
uncertainty_selective,307,0.5404221,False
uncertainty_selective,307,0.43223006,False
uncertainty_selective,307,0.4472325,True
uncertainty_selective,307,0.419571,False
uncertainty_selective,307,0.42575458,False
uncertainty_selective,307,0.42511493,True
uncertainty_selective,307,0.4263412,True
uncertainty_selective,307,0.8068645,True
uncertainty_selective,307,0.42230314,False
uncertainty_selective,307,0.42099038,True
uncertainty_selective,307,0.48342845,True
uncertainty_selective,307,0.5859587,False
uncertainty_selective,307,0.49800417,True
uncertainty_selective,307,0.6113363,False
uncertainty_selective,307,0.53311986,False
uncertainty_selective,307,0.49757022,False
uncertainty_selective,307,0.4617339,False
uncertainty_selective,307,0.42086694,True
uncertainty_selective,307,0.42062652,True
uncertainty_selective,307,0.4195842,True
uncertainty_selective,307,0.4201703,False
uncertainty_selective,307,0.5928165,False
uncertainty_selective,307,0.42014295,True
uncertainty_selective,307,0.41983882,False
uncertainty_selective,307,0.42958254,False
uncertainty_selective,307,0.44964302,False
uncertainty_selective,307,0.42078626,False
uncertainty_selective,307,0.47077724,False
uncertainty_selective,307,0.43452027,True
uncertainty_selective,307,0.4215544,False
uncertainty_selective,307,0.41980737,False
uncertainty_selective,307,0.6999682,False
uncertainty_selective,307,0.52928567,False
uncertainty_selective,307,0.42126736,False
uncertainty_selective,307,0.6180902,False
uncertainty_selective,307,0.44026303,True
uncertainty_selective,307,0.43288144,False
uncertainty_selective,307,0.42231685,False
uncertainty_selective,307,0.4508513,True
uncertainty_selective,307,0.42124513,True
uncertainty_selective,307,0.4196098,False
uncertainty_selective,307,0.42612323,True
uncertainty_selective,307,0.4240035,True
uncertainty_selective,307,0.63147676,False
uncertainty_selective,307,0.9,False
uncertainty_selective,307,0.42098793,False
uncertainty_selective,307,0.42150894,False
uncertainty_selective,307,0.42095092,True
uncertainty_selective,307,0.4214906,False
uncertainty_selective,307,0.48524588,False
uncertainty_selective,307,0.52619994,False
uncertainty_selective,307,0.7240657,True
uncertainty_selective,307,0.7404069,True
uncertainty_selective,307,0.60669184,True
uncertainty_selective,307,0.42856082,True
uncertainty_selective,307,0.9,True
uncertainty_selective,307,0.42208603,False
uncertainty_selective,307,0.4265549,True
uncertainty_selective,307,0.42096367,False
uncertainty_selective,307,0.42009416,False
uncertainty_selective,307,0.43109295,False
uncertainty_selective,307,0.45187783,False
uncertainty_selective,307,0.44055483,True
uncertainty_selective,307,0.4197106,False
uncertainty_selective,307,0.4214786,True
uncertainty_selective,307,0.41987315,False
uncertainty_selective,307,0.42093465,False
uncertainty_selective,307,0.42168626,True
uncertainty_selective,307,0.41979027,False
uncertainty_selective,307,0.49602467,False
uncertainty_selective,307,0.7660185,False
uncertainty_selective,307,0.509484,True
uncertainty_selective,307,0.8140192,True
uncertainty_selective,307,0.4231205,False
uncertainty_selective,307,0.42292038,False
uncertainty_selective,307,0.6133047,True
uncertainty_selective,307,0.41963837,True
uncertainty_selective,401,0.4463577,False
uncertainty_selective,401,0.44194555,False
uncertainty_selective,401,0.45538765,True
uncertainty_selective,401,0.44846234,False
uncertainty_selective,401,0.4476032,True
uncertainty_selective,401,0.44432372,False
uncertainty_selective,401,0.446298,True
uncertainty_selective,401,0.44361818,False
uncertainty_selective,401,0.44219005,False
uncertainty_selective,401,0.445596,False
uncertainty_selective,401,0.47122833,False
uncertainty_selective,401,0.4429379,False
uncertainty_selective,401,0.4502825,False
uncertainty_selective,401,0.44206727,True
uncertainty_selective,401,0.4454958,True
uncertainty_selective,401,0.45168233,True
uncertainty_selective,401,0.44372308,False
uncertainty_selective,401,0.9,False
uncertainty_selective,401,0.44216603,True
uncertainty_selective,401,0.44287434,False
uncertainty_selective,401,0.44425243,True
uncertainty_selective,401,0.45435193,True
uncertainty_selective,401,0.44333294,True
uncertainty_selective,401,0.52339303,True
uncertainty_selective,401,0.54606277,True
uncertainty_selective,401,0.44344956,False
uncertainty_selective,401,0.46412247,False
uncertainty_selective,401,0.44254142,False
uncertainty_selective,401,0.4443251,True
uncertainty_selective,401,0.44497058,True
uncertainty_selective,401,0.44697788,True
uncertainty_selective,401,0.4425379,True
uncertainty_selective,401,0.47141114,True
uncertainty_selective,401,0.9,True
uncertainty_selective,401,0.49839756,False
uncertainty_selective,401,0.58427024,False
uncertainty_selective,401,0.44188207,True
uncertainty_selective,401,0.44411778,False
uncertainty_selective,401,0.44407663,False
uncertainty_selective,401,0.5857923,True
uncertainty_selective,401,0.4791031,False
uncertainty_selective,401,0.44254306,False
uncertainty_selective,401,0.44493458,False
uncertainty_selective,401,0.45874196,False
uncertainty_selective,401,0.4423263,False
uncertainty_selective,401,0.4506096,False
uncertainty_selective,401,0.46707872,True
uncertainty_selective,401,0.4427883,False
uncertainty_selective,401,0.44627064,False
uncertainty_selective,401,0.9,True
uncertainty_selective,401,0.44423282,False
uncertainty_selective,401,0.44252342,False
uncertainty_selective,401,0.44501975,True
uncertainty_selective,401,0.9,True
uncertainty_selective,401,0.4513671,False
uncertainty_selective,401,0.56137526,False
uncertainty_selective,401,0.59703326,False
uncertainty_selective,401,0.7185587,True
uncertainty_selective,401,0.44693956,False
uncertainty_selective,401,0.7029936,True
uncertainty_selective,401,0.44203952,False
uncertainty_selective,401,0.4432887,True
uncertainty_selective,401,0.44260707,True
uncertainty_selective,401,0.44352075,False
uncertainty_selective,401,0.44223666,False
uncertainty_selective,401,0.44762906,True
uncertainty_selective,401,0.45732638,False
uncertainty_selective,401,0.44270408,False
uncertainty_selective,401,0.4425786,True
uncertainty_selective,401,0.47928086,False
uncertainty_selective,401,0.44427228,False
uncertainty_selective,401,0.44352773,True
uncertainty_selective,401,0.46375138,False
uncertainty_selective,401,0.65369964,True
uncertainty_selective,401,0.45827216,False
uncertainty_selective,401,0.526081,False
uncertainty_selective,401,0.5035576,False
uncertainty_selective,401,0.44465312,False
uncertainty_selective,401,0.46071467,False
uncertainty_selective,401,0.9,True
uncertainty_selective,401,0.4463324,False
uncertainty_selective,401,0.44288722,True
uncertainty_selective,401,0.44208962,True
uncertainty_selective,401,0.45545644,True
uncertainty_selective,401,0.4430685,False
uncertainty_selective,401,0.4877395,False
uncertainty_selective,401,0.47244656,False
uncertainty_selective,401,0.4422027,False
uncertainty_selective,401,0.4432737,False
uncertainty_selective,401,0.4432918,True
uncertainty_selective,401,0.7255835,True
uncertainty_selective,401,0.44219038,False
uncertainty_selective,401,0.453865,True
uncertainty_selective,401,0.45415124,False
uncertainty_selective,401,0.44649935,False
uncertainty_selective,401,0.46123293,False
uncertainty_selective,401,0.44239596,True
uncertainty_selective,401,0.4914363,False
uncertainty_selective,401,0.48994523,True
uncertainty_selective,401,0.44607556,False
uncertainty_selective,401,0.49328926,True
uncertainty_selective,401,0.44388115,True
uncertainty_selective,401,0.44375288,True
uncertainty_selective,401,0.44330245,True
uncertainty_selective,401,0.5566218,True
uncertainty_selective,401,0.9,True
uncertainty_selective,401,0.49398923,False
uncertainty_selective,401,0.55437464,False
uncertainty_selective,401,0.4439156,True
uncertainty_selective,401,0.44705406,False
uncertainty_selective,401,0.45900875,False
uncertainty_selective,401,0.444114,True
uncertainty_selective,401,0.48919204,True
uncertainty_selective,401,0.47534746,True
uncertainty_selective,401,0.9,False
uncertainty_selective,401,0.58290076,True
uncertainty_selective,401,0.5368523,False
uncertainty_selective,401,0.51563036,True
uncertainty_selective,401,0.46374598,True
uncertainty_selective,401,0.6721148,True
uncertainty_selective,401,0.44199118,False
uncertainty_selective,401,0.47709352,True
uncertainty_selective,401,0.44206294,True
uncertainty_selective,401,0.46674582,False
uncertainty_selective,401,0.4469832,True
uncertainty_selective,401,0.476991,True
uncertainty_selective,401,0.6095093,False
uncertainty_selective,401,0.55472,True
uncertainty_selective,401,0.45537096,False
uncertainty_selective,401,0.44486922,False
uncertainty_selective,401,0.45193952,False
uncertainty_selective,401,0.44406354,True
uncertainty_selective,401,0.45117143,False
uncertainty_selective,401,0.4508954,False
uncertainty_selective,401,0.9,True
uncertainty_selective,401,0.9,True
uncertainty_selective,401,0.5267768,False
uncertainty_selective,401,0.7259143,False
uncertainty_selective,401,0.44330195,False
uncertainty_selective,401,0.44270188,False
uncertainty_selective,401,0.44408408,True
uncertainty_selective,401,0.45055544,False
uncertainty_selective,401,0.44210437,True
uncertainty_selective,401,0.44193366,True
uncertainty_selective,401,0.44265923,False
uncertainty_selective,401,0.4448772,False
uncertainty_selective,401,0.44364187,False
uncertainty_selective,401,0.44614685,True
uncertainty_selective,401,0.44199085,True
uncertainty_selective,401,0.44414604,True
uncertainty_selective,401,0.4451779,True
uncertainty_selective,401,0.47440162,False
uncertainty_selective,401,0.4606587,True
uncertainty_selective,401,0.44434208,True
uncertainty_selective,401,0.4421823,False
uncertainty_selective,401,0.44484484,True
uncertainty_selective,401,0.5853491,False
uncertainty_selective,401,0.4711427,True
uncertainty_selective,401,0.44335046,True
uncertainty_selective,401,0.62048405,True
uncertainty_selective,401,0.4480402,True
uncertainty_selective,401,0.44350165,False
uncertainty_selective,401,0.46181026,False
uncertainty_selective,401,0.44613037,True
uncertainty_selective,401,0.44682932,False
uncertainty_selective,401,0.44401538,True
uncertainty_selective,401,0.44368246,False
uncertainty_selective,401,0.4423335,True
uncertainty_selective,401,0.44508553,True
uncertainty_selective,401,0.44654617,True
uncertainty_selective,401,0.4472936,True
uncertainty_selective,401,0.5047707,False
uncertainty_selective,401,0.507591,True
uncertainty_selective,401,0.5257459,True
uncertainty_selective,401,0.4970811,False
uncertainty_selective,401,0.4427705,False
uncertainty_selective,401,0.5917484,False
uncertainty_selective,401,0.44246098,True
uncertainty_selective,401,0.5499218,True
uncertainty_selective,401,0.44624633,True
uncertainty_selective,401,0.44300595,False
uncertainty_selective,401,0.44941068,False
uncertainty_selective,401,0.4428472,True
uncertainty_selective,401,0.4427384,False
uncertainty_selective,401,0.5036126,False
uncertainty_selective,401,0.5012665,True
uncertainty_selective,401,0.44344634,True
uncertainty_selective,401,0.44264835,True
uncertainty_selective,401,0.46155205,False
uncertainty_selective,401,0.44401473,False
uncertainty_selective,401,0.44242,False
uncertainty_selective,401,0.44237185,False
uncertainty_selective,401,0.44792777,True
uncertainty_selective,401,0.9,True
uncertainty_selective,401,0.4438084,True
uncertainty_selective,401,0.60037625,True
uncertainty_selective,401,0.5123056,False
uncertainty_selective,401,0.57027525,False
uncertainty_selective,401,0.44500867,False
uncertainty_selective,401,0.44429255,True
uncertainty_selective,401,0.44394425,True
uncertainty_selective,401,0.4623278,True
uncertainty_selective,401,0.44328514,False
uncertainty_selective,401,0.44253626,False
uncertainty_selective,401,0.44640532,False
uncertainty_selective,401,0.4450352,False
uncertainty_selective,401,0.4426882,True
uncertainty_selective,401,0.62479013,True
uncertainty_selective,401,0.46393526,False
uncertainty_selective,401,0.4544724,False
uncertainty_selective,401,0.4430603,False
uncertainty_selective,401,0.44548666,True
uncertainty_selective,401,0.7238212,True
uncertainty_selective,401,0.6217065,False
uncertainty_selective,401,0.45738468,True
uncertainty_selective,401,0.45341918,True
uncertainty_selective,401,0.44371593,True
uncertainty_selective,401,0.4960449,True
uncertainty_selective,401,0.58470297,True
uncertainty_selective,401,0.9,True
uncertainty_selective,401,0.44668424,True
uncertainty_selective,401,0.45458028,False
uncertainty_selective,401,0.44185337,False
uncertainty_selective,401,0.4418721,True
uncertainty_selective,401,0.70142996,True
uncertainty_selective,401,0.44561583,False
uncertainty_selective,401,0.45282838,False
uncertainty_selective,401,0.44235373,False
uncertainty_selective,401,0.45648852,False
uncertainty_selective,401,0.44334623,False
uncertainty_selective,401,0.44217172,True
uncertainty_selective,401,0.45883715,True
uncertainty_selective,401,0.45174178,False
uncertainty_selective,401,0.49118814,False
uncertainty_selective,401,0.49984857,True
uncertainty_selective,401,0.7148602,True
uncertainty_selective,401,0.52290267,False
uncertainty_selective,401,0.4443347,True
uncertainty_selective,401,0.56710327,False
uncertainty_selective,401,0.6306701,False
uncertainty_selective,503,0.42602518,True
uncertainty_selective,503,0.5251886,False
uncertainty_selective,503,0.42347002,False
uncertainty_selective,503,0.42344585,False
uncertainty_selective,503,0.42913625,True
uncertainty_selective,503,0.5011944,True
uncertainty_selective,503,0.42666802,False
uncertainty_selective,503,0.42387608,True
uncertainty_selective,503,0.42355326,True
uncertainty_selective,503,0.4261424,False
uncertainty_selective,503,0.42357734,False
uncertainty_selective,503,0.42343527,False
uncertainty_selective,503,0.42624483,True
uncertainty_selective,503,0.42350024,False
uncertainty_selective,503,0.9,True
uncertainty_selective,503,0.43981358,False
uncertainty_selective,503,0.9,True
uncertainty_selective,503,0.9,True
uncertainty_selective,503,0.43610305,True
uncertainty_selective,503,0.55309033,False
uncertainty_selective,503,0.42513636,False
uncertainty_selective,503,0.4244542,False
uncertainty_selective,503,0.42698643,True
uncertainty_selective,503,0.42395797,True
uncertainty_selective,503,0.44121316,False
uncertainty_selective,503,0.42360812,False
uncertainty_selective,503,0.4244622,False
uncertainty_selective,503,0.424314,False
uncertainty_selective,503,0.5163837,False
uncertainty_selective,503,0.42719936,False
uncertainty_selective,503,0.42445183,True
uncertainty_selective,503,0.42385262,True
uncertainty_selective,503,0.4495007,False
uncertainty_selective,503,0.5122246,False
uncertainty_selective,503,0.42519584,True
uncertainty_selective,503,0.6026539,False
uncertainty_selective,503,0.46716386,True
uncertainty_selective,503,0.66342777,True
uncertainty_selective,503,0.4437942,True
uncertainty_selective,503,0.4318714,False
uncertainty_selective,503,0.59720904,False
uncertainty_selective,503,0.42352536,False
uncertainty_selective,503,0.42589018,False
uncertainty_selective,503,0.42847228,False
uncertainty_selective,503,0.42391533,True
uncertainty_selective,503,0.4517719,True
uncertainty_selective,503,0.4239416,False
uncertainty_selective,503,0.4579196,False
uncertainty_selective,503,0.42389518,False
uncertainty_selective,503,0.4241974,False
uncertainty_selective,503,0.43759313,False
uncertainty_selective,503,0.42376098,False
uncertainty_selective,503,0.44947696,False
uncertainty_selective,503,0.9,True
uncertainty_selective,503,0.56445587,True
uncertainty_selective,503,0.62514204,False
uncertainty_selective,503,0.42494664,False
uncertainty_selective,503,0.5460553,True
uncertainty_selective,503,0.42852077,False
uncertainty_selective,503,0.9,True
uncertainty_selective,503,0.42454872,False
uncertainty_selective,503,0.43764248,False
uncertainty_selective,503,0.42352137,False
uncertainty_selective,503,0.42458853,False
uncertainty_selective,503,0.42384622,True
uncertainty_selective,503,0.4235086,False
uncertainty_selective,503,0.62523204,True
uncertainty_selective,503,0.42337894,False
uncertainty_selective,503,0.42494035,False
uncertainty_selective,503,0.42347276,False
uncertainty_selective,503,0.5181396,False
uncertainty_selective,503,0.42716202,False
uncertainty_selective,503,0.43974054,True
uncertainty_selective,503,0.42538574,False
uncertainty_selective,503,0.65465826,False
uncertainty_selective,503,0.8866128,True
uncertainty_selective,503,0.43386018,False
uncertainty_selective,503,0.4438525,False
uncertainty_selective,503,0.9,True
uncertainty_selective,503,0.5467095,False
uncertainty_selective,503,0.42626837,True
uncertainty_selective,503,0.42411417,False
uncertainty_selective,503,0.42351696,False
uncertainty_selective,503,0.4243215,True
uncertainty_selective,503,0.42474118,True
uncertainty_selective,503,0.42347258,False
uncertainty_selective,503,0.45238426,True
uncertainty_selective,503,0.42338866,False
uncertainty_selective,503,0.42771137,False
uncertainty_selective,503,0.42387056,True
uncertainty_selective,503,0.5573263,False
uncertainty_selective,503,0.42563525,False
uncertainty_selective,503,0.74700797,False
uncertainty_selective,503,0.4819719,True
uncertainty_selective,503,0.4408606,False
uncertainty_selective,503,0.55871886,False
uncertainty_selective,503,0.7442772,False
uncertainty_selective,503,0.42494804,False
uncertainty_selective,503,0.4239072,True
uncertainty_selective,503,0.42650145,False
uncertainty_selective,503,0.4289607,False
uncertainty_selective,503,0.42485836,False
uncertainty_selective,503,0.4773444,False
uncertainty_selective,503,0.4245823,True
uncertainty_selective,503,0.48732236,False
uncertainty_selective,503,0.45821333,False
uncertainty_selective,503,0.45059067,False
uncertainty_selective,503,0.50820476,True
uncertainty_selective,503,0.4259239,True
uncertainty_selective,503,0.44120118,False
uncertainty_selective,503,0.42640042,True
uncertainty_selective,503,0.9,True
uncertainty_selective,503,0.47672954,False
uncertainty_selective,503,0.43229523,False
uncertainty_selective,503,0.42431587,False
uncertainty_selective,503,0.9,True
uncertainty_selective,503,0.9,True
uncertainty_selective,503,0.4242051,False
uncertainty_selective,503,0.42796144,True
uncertainty_selective,503,0.42656955,True
uncertainty_selective,503,0.42402014,True
uncertainty_selective,503,0.4269079,True
uncertainty_selective,503,0.42427212,False
uncertainty_selective,503,0.424276,True
uncertainty_selective,503,0.9,True
uncertainty_selective,503,0.8676039,True
uncertainty_selective,503,0.4251237,False
uncertainty_selective,503,0.47916117,True
uncertainty_selective,503,0.44142377,False
uncertainty_selective,503,0.42544782,True
uncertainty_selective,503,0.43037125,True
uncertainty_selective,503,0.42869583,True
uncertainty_selective,503,0.45726132,False
uncertainty_selective,503,0.4369241,True
uncertainty_selective,503,0.46187633,True
uncertainty_selective,503,0.433905,False
uncertainty_selective,503,0.4236434,True
uncertainty_selective,503,0.5487936,False
uncertainty_selective,503,0.5583663,False
uncertainty_selective,503,0.42706385,True
uncertainty_selective,503,0.42455682,False
uncertainty_selective,503,0.4234262,False
uncertainty_selective,503,0.42337582,True
uncertainty_selective,503,0.42492133,False
uncertainty_selective,503,0.42394346,True
uncertainty_selective,503,0.4246596,False
uncertainty_selective,503,0.42467922,False
uncertainty_selective,503,0.5402769,False
uncertainty_selective,503,0.48418963,False
uncertainty_selective,503,0.4235929,True
uncertainty_selective,503,0.42582932,False
uncertainty_selective,503,0.5783103,False
uncertainty_selective,503,0.42714062,False
uncertainty_selective,503,0.9,True
uncertainty_selective,503,0.43551338,False
uncertainty_selective,503,0.83797014,True
uncertainty_selective,503,0.9,True
uncertainty_selective,503,0.445281,False
uncertainty_selective,503,0.9,True
uncertainty_selective,503,0.43275434,False
uncertainty_selective,503,0.5297971,False
uncertainty_selective,503,0.42702517,False
uncertainty_selective,503,0.42494747,False
uncertainty_selective,503,0.42498675,True
uncertainty_selective,503,0.43427578,True
uncertainty_selective,503,0.5383675,False
uncertainty_selective,503,0.42470962,True
uncertainty_selective,503,0.42657003,True
uncertainty_selective,503,0.42787468,True
uncertainty_selective,503,0.4445018,False
uncertainty_selective,503,0.631892,True
uncertainty_selective,503,0.4248567,False
uncertainty_selective,503,0.4877938,False
uncertainty_selective,503,0.4543211,True
uncertainty_selective,503,0.43739086,True
uncertainty_selective,503,0.4240268,False
uncertainty_selective,503,0.4236314,True
uncertainty_selective,503,0.865746,True
uncertainty_selective,503,0.5048002,False
uncertainty_selective,503,0.44390473,True
uncertainty_selective,503,0.42420307,False
uncertainty_selective,503,0.4414619,True
uncertainty_selective,503,0.4236686,False
uncertainty_selective,503,0.42353278,False
uncertainty_selective,503,0.42473802,False
uncertainty_selective,503,0.4739678,False
uncertainty_selective,503,0.42370468,True
uncertainty_selective,503,0.43452993,False
uncertainty_selective,503,0.426124,False
uncertainty_selective,503,0.42604297,True
uncertainty_selective,503,0.42455614,False
uncertainty_selective,503,0.43080604,False
uncertainty_selective,503,0.4245362,True
uncertainty_selective,503,0.9,True
uncertainty_selective,503,0.42480388,True
uncertainty_selective,503,0.543771,True
uncertainty_selective,503,0.4762408,True
uncertainty_selective,503,0.45529628,True
uncertainty_selective,503,0.45783415,True
uncertainty_selective,503,0.43001488,True
uncertainty_selective,503,0.42437086,False
uncertainty_selective,503,0.9,True
uncertainty_selective,503,0.42351785,False
uncertainty_selective,503,0.42385137,False
uncertainty_selective,503,0.42421067,False
uncertainty_selective,503,0.42468998,False
uncertainty_selective,503,0.48189938,True
uncertainty_selective,503,0.87326676,True
uncertainty_selective,503,0.42369244,True
uncertainty_selective,503,0.43278936,False
uncertainty_selective,503,0.43640903,True
uncertainty_selective,503,0.42416942,True
uncertainty_selective,503,0.6448424,False
uncertainty_selective,503,0.44568697,True
uncertainty_selective,503,0.5342469,False
uncertainty_selective,503,0.43493629,False
uncertainty_selective,503,0.51461315,False
uncertainty_selective,503,0.45320052,False
uncertainty_selective,503,0.48454085,True
uncertainty_selective,503,0.9,True
uncertainty_selective,503,0.42695722,True
uncertainty_selective,503,0.42334035,True
uncertainty_selective,503,0.42382848,False
uncertainty_selective,503,0.4312022,True
uncertainty_selective,503,0.44132447,True
uncertainty_selective,503,0.42615724,True
uncertainty_selective,503,0.44721586,True
uncertainty_selective,503,0.42449948,True
uncertainty_selective,503,0.42369986,False
uncertainty_selective,503,0.42423588,False
uncertainty_selective,503,0.42706704,True
uncertainty_selective,503,0.42576706,False
uncertainty_selective,503,0.4988865,False
uncertainty_selective,503,0.46486938,False
uncertainty_selective,503,0.7021507,False
uncertainty_selective,503,0.49969688,True
uncertainty_selective,503,0.42529488,False
uncertainty_selective,503,0.9,True
uncertainty_selective,503,0.51797056,False
uncertainty_selective,503,0.46616971,False
adaptive_value,101,0.5,False
adaptive_value,101,0.5,True
adaptive_value,101,0.5,True
adaptive_value,101,0.5,True
adaptive_value,101,0.5,False
adaptive_value,101,0.5,False
adaptive_value,101,0.5,True
adaptive_value,101,0.5,True
adaptive_value,101,0.5,False
adaptive_value,101,0.5,True
adaptive_value,101,0.5,False
adaptive_value,101,0.5,True
adaptive_value,101,0.5,False
adaptive_value,101,0.5,False
adaptive_value,101,0.5,True
adaptive_value,101,0.5,True
adaptive_value,101,0.5,True
adaptive_value,101,0.5,True
adaptive_value,101,0.5,False
adaptive_value,101,0.5,False
adaptive_value,101,0.5,True
adaptive_value,101,0.5,True
adaptive_value,101,0.5,True
adaptive_value,101,0.5,False
adaptive_value,101,0.5,False
adaptive_value,101,0.5,True
adaptive_value,101,0.5,True
adaptive_value,101,0.5,True
adaptive_value,101,0.5,False
adaptive_value,101,0.5,True
adaptive_value,101,0.5,False
adaptive_value,101,0.5,False
adaptive_value,101,0.5,True
adaptive_value,101,0.5,True
adaptive_value,101,0.5,True
adaptive_value,101,0.5,True
adaptive_value,101,0.5,False
adaptive_value,101,0.5,True
adaptive_value,101,0.5,False
adaptive_value,101,0.5,True
adaptive_value,101,0.5,True
adaptive_value,101,0.5,False
adaptive_value,101,0.5,True
adaptive_value,101,0.5,True
adaptive_value,101,0.5,False
adaptive_value,101,0.5,True
adaptive_value,101,0.5,False
adaptive_value,101,0.5,True
adaptive_value,101,0.5,False
adaptive_value,101,0.5,False
adaptive_value,101,0.5,False
adaptive_value,101,0.5,False
adaptive_value,101,0.5,True
adaptive_value,101,0.5,False
adaptive_value,101,0.5,False
adaptive_value,101,0.5,True
adaptive_value,101,0.5,False
adaptive_value,101,0.5,False
adaptive_value,101,0.5,True
adaptive_value,101,0.5,True
adaptive_value,101,0.5523973,True
adaptive_value,101,0.5550507,False
adaptive_value,101,0.56311154,True
adaptive_value,101,0.52554584,True
adaptive_value,101,0.5128999,False
adaptive_value,101,0.5170925,True
adaptive_value,101,0.58263904,True
adaptive_value,101,0.55780023,True
adaptive_value,101,0.553645,False
adaptive_value,101,0.5173715,True
adaptive_value,101,0.49827814,True
adaptive_value,101,0.58639336,True
adaptive_value,101,0.6068995,True
adaptive_value,101,0.54710907,False
adaptive_value,101,0.5256337,False
adaptive_value,101,0.53028625,True
adaptive_value,101,0.47629294,True
adaptive_value,101,0.6216416,False
adaptive_value,101,0.5281289,True
adaptive_value,101,0.53812885,False
adaptive_value,101,0.5769385,True
adaptive_value,101,0.52544874,True
adaptive_value,101,0.53708243,False
adaptive_value,101,0.5764577,False
adaptive_value,101,0.5333859,False
adaptive_value,101,0.5348429,True
adaptive_value,101,0.54805064,True
adaptive_value,101,0.55747926,True
adaptive_value,101,0.61155444,False
adaptive_value,101,0.5299621,True
adaptive_value,101,0.5690967,True
adaptive_value,101,0.5803679,True
adaptive_value,101,0.5297071,True
adaptive_value,101,0.5263381,True
adaptive_value,101,0.567272,False
adaptive_value,101,0.56310904,True
adaptive_value,101,0.5223372,False
adaptive_value,101,0.54704326,True
adaptive_value,101,0.5446635,True
adaptive_value,101,0.5205733,True
adaptive_value,101,0.5554291,True
adaptive_value,101,0.5315406,False
adaptive_value,101,0.55731887,False
adaptive_value,101,0.6147551,False
adaptive_value,101,0.5283509,False
adaptive_value,101,0.5384793,True
adaptive_value,101,0.5533463,False
adaptive_value,101,0.50565046,False
adaptive_value,101,0.51440823,True
adaptive_value,101,0.54885525,True
adaptive_value,101,0.5342604,False
adaptive_value,101,0.47325602,False
adaptive_value,101,0.62236273,True
adaptive_value,101,0.52983075,True
adaptive_value,101,0.53250307,True
adaptive_value,101,0.5492258,False
adaptive_value,101,0.54585874,False
adaptive_value,101,0.5572418,True
adaptive_value,101,0.5326023,False
adaptive_value,101,0.529629,True
adaptive_value,101,0.5409924,True
adaptive_value,101,0.60922253,True
adaptive_value,101,0.6055902,True
adaptive_value,101,0.52017915,False
adaptive_value,101,0.51768786,True
adaptive_value,101,0.5702042,True
adaptive_value,101,0.5129356,True
adaptive_value,101,0.5197203,True
adaptive_value,101,0.5204943,False
adaptive_value,101,0.5597892,False
adaptive_value,101,0.5052519,False
adaptive_value,101,0.5321429,False
adaptive_value,101,0.53374225,True
adaptive_value,101,0.51777345,True
adaptive_value,101,0.54576254,True
adaptive_value,101,0.58231807,False
adaptive_value,101,0.58935326,False
adaptive_value,101,0.5816137,True
adaptive_value,101,0.5291571,True
adaptive_value,101,0.53373694,False
adaptive_value,101,0.5070761,False
adaptive_value,101,0.58457404,False
adaptive_value,101,0.54205364,True
adaptive_value,101,0.5063928,False
adaptive_value,101,0.558187,True
adaptive_value,101,0.5573763,True
adaptive_value,101,0.59515536,True
adaptive_value,101,0.5476966,True
adaptive_value,101,0.63340575,False
adaptive_value,101,0.5412607,True
adaptive_value,101,0.5025434,True
adaptive_value,101,0.6430668,False
adaptive_value,101,0.5431641,True
adaptive_value,101,0.5143262,False
adaptive_value,101,0.5354887,False
adaptive_value,101,0.5423946,False
adaptive_value,101,0.6099924,True
adaptive_value,101,0.53965527,False
adaptive_value,101,0.52822983,False
adaptive_value,101,0.51518095,True
adaptive_value,101,0.57015026,True
adaptive_value,101,0.56432086,False
adaptive_value,101,0.5520138,False
adaptive_value,101,0.5630839,True
adaptive_value,101,0.5246532,False
adaptive_value,101,0.5288519,False
adaptive_value,101,0.5625815,False
adaptive_value,101,0.53358984,False
adaptive_value,101,0.545588,False
adaptive_value,101,0.57767385,False
adaptive_value,101,0.5356465,False
adaptive_value,101,0.5637702,False
adaptive_value,101,0.63553053,True
adaptive_value,101,0.5311676,True
adaptive_value,101,0.5351589,True
adaptive_value,101,0.52506363,True
adaptive_value,101,0.58920115,False
adaptive_value,101,0.5515458,True
adaptive_value,101,0.58740985,True
adaptive_value,101,0.5228466,True
adaptive_value,101,0.5710009,False
adaptive_value,101,0.6526493,False
adaptive_value,101,0.5376654,False
adaptive_value,101,0.5871911,False
adaptive_value,101,0.67908794,False
adaptive_value,101,0.5526439,False
adaptive_value,101,0.51348364,False
adaptive_value,101,0.613207,False
adaptive_value,101,0.512018,True
adaptive_value,101,0.6369961,True
adaptive_value,101,0.5554623,False
adaptive_value,101,0.5106973,True
adaptive_value,101,0.62441427,False
adaptive_value,101,0.61681336,True
adaptive_value,101,0.5835885,True
adaptive_value,101,0.603347,True
adaptive_value,101,0.7459243,True
adaptive_value,101,0.5805329,True
adaptive_value,101,0.51771224,True
adaptive_value,101,0.5297408,False
adaptive_value,101,0.51336163,True
adaptive_value,101,0.64967835,True
adaptive_value,101,0.5632593,False
adaptive_value,101,0.58452475,False
adaptive_value,101,0.5151875,False
adaptive_value,101,0.5706523,True
adaptive_value,101,0.52291036,False
adaptive_value,101,0.71315473,True
adaptive_value,101,0.5110162,True
adaptive_value,101,0.65646374,True
adaptive_value,101,0.50933015,True
adaptive_value,101,0.52774686,False
adaptive_value,101,0.51561093,True
adaptive_value,101,0.51221895,True
adaptive_value,101,0.5802476,False
adaptive_value,101,0.5564652,False
adaptive_value,101,0.5575005,False
adaptive_value,101,0.69634813,False
adaptive_value,101,0.74015087,True
adaptive_value,101,0.64388055,False
adaptive_value,101,0.5760589,True
adaptive_value,101,0.5550375,False
adaptive_value,101,0.5954095,True
adaptive_value,101,0.5509331,True
adaptive_value,101,0.5974953,True
adaptive_value,101,0.5110997,True
adaptive_value,101,0.732059,True
adaptive_value,101,0.52599174,False
adaptive_value,101,0.5532241,True
adaptive_value,101,0.560451,False
adaptive_value,101,0.5722176,True
adaptive_value,101,0.6221973,False
adaptive_value,101,0.5167631,True
adaptive_value,101,0.65021974,True
adaptive_value,101,0.5282572,True
adaptive_value,101,0.5921201,True
adaptive_value,101,0.5278881,False
adaptive_value,101,0.53999645,False
adaptive_value,101,0.52205193,False
adaptive_value,101,0.5048423,True
adaptive_value,211,0.5,True
adaptive_value,211,0.5,False
adaptive_value,211,0.5,False
adaptive_value,211,0.5,False
adaptive_value,211,0.5,False
adaptive_value,211,0.5,False
adaptive_value,211,0.5,True
adaptive_value,211,0.5,True
adaptive_value,211,0.5,False
adaptive_value,211,0.5,False
adaptive_value,211,0.5,False
adaptive_value,211,0.5,True
adaptive_value,211,0.5,False
adaptive_value,211,0.5,True
adaptive_value,211,0.5,False
adaptive_value,211,0.5,False
adaptive_value,211,0.5,True
adaptive_value,211,0.5,False
adaptive_value,211,0.5,True
adaptive_value,211,0.5,False
adaptive_value,211,0.5,False
adaptive_value,211,0.5,False
adaptive_value,211,0.5,True
adaptive_value,211,0.5,False
adaptive_value,211,0.5,False
adaptive_value,211,0.5,True
adaptive_value,211,0.5,False
adaptive_value,211,0.5,False
adaptive_value,211,0.5,True
adaptive_value,211,0.5,False
adaptive_value,211,0.5,False
adaptive_value,211,0.5,False
adaptive_value,211,0.5,False
adaptive_value,211,0.5,False
adaptive_value,211,0.5,False
adaptive_value,211,0.5,True
adaptive_value,211,0.5,False
adaptive_value,211,0.5,True
adaptive_value,211,0.5,True
adaptive_value,211,0.5,False
adaptive_value,211,0.5,True
adaptive_value,211,0.5,True
adaptive_value,211,0.5,False
adaptive_value,211,0.5,False
adaptive_value,211,0.5,True
adaptive_value,211,0.5,True
adaptive_value,211,0.5,True
adaptive_value,211,0.5,False
adaptive_value,211,0.5,True
adaptive_value,211,0.5,False
adaptive_value,211,0.5,False
adaptive_value,211,0.5,True
adaptive_value,211,0.5,False
adaptive_value,211,0.5,True
adaptive_value,211,0.5,True
adaptive_value,211,0.5,False
adaptive_value,211,0.5,False
adaptive_value,211,0.5,True
adaptive_value,211,0.5,False
adaptive_value,211,0.5,True
adaptive_value,211,0.6270007,True
adaptive_value,211,0.56211257,True
adaptive_value,211,0.6036017,False
adaptive_value,211,0.5527891,False
adaptive_value,211,0.6145452,True
adaptive_value,211,0.51551384,False
adaptive_value,211,0.5334292,True
adaptive_value,211,0.5208811,False
adaptive_value,211,0.60999256,True
adaptive_value,211,0.5965007,False
adaptive_value,211,0.5451548,False
adaptive_value,211,0.5722772,False
adaptive_value,211,0.49894705,True
adaptive_value,211,0.5946708,False
adaptive_value,211,0.51423824,False
adaptive_value,211,0.488231,False
adaptive_value,211,0.5029728,False
adaptive_value,211,0.6360369,True
adaptive_value,211,0.5043908,True
adaptive_value,211,0.5599677,True
adaptive_value,211,0.5054632,False
adaptive_value,211,0.5243716,True
adaptive_value,211,0.60381484,True
adaptive_value,211,0.54613465,False
adaptive_value,211,0.64288527,False
adaptive_value,211,0.58023715,False
adaptive_value,211,0.5373483,True
adaptive_value,211,0.6194265,False
adaptive_value,211,0.52576894,False
adaptive_value,211,0.5610759,True
adaptive_value,211,0.5247481,True
adaptive_value,211,0.5195572,True
adaptive_value,211,0.5606325,True
adaptive_value,211,0.57114565,True
adaptive_value,211,0.51637673,True
adaptive_value,211,0.51961696,False
adaptive_value,211,0.50545317,False
adaptive_value,211,0.5329685,False
adaptive_value,211,0.49885145,False
adaptive_value,211,0.5148159,True
adaptive_value,211,0.5671395,False
adaptive_value,211,0.5989598,True
adaptive_value,211,0.61884606,True
adaptive_value,211,0.56215775,True
adaptive_value,211,0.6213222,True
adaptive_value,211,0.51348484,True
adaptive_value,211,0.52443624,False
adaptive_value,211,0.5925389,True
adaptive_value,211,0.52324057,False
adaptive_value,211,0.58211875,True
adaptive_value,211,0.6049219,False
adaptive_value,211,0.5187903,True
adaptive_value,211,0.5530219,True
adaptive_value,211,0.5276858,True
adaptive_value,211,0.5211048,False
adaptive_value,211,0.5290999,True
adaptive_value,211,0.53201777,True
adaptive_value,211,0.5465215,True
adaptive_value,211,0.5685529,True
adaptive_value,211,0.51182044,False
adaptive_value,211,0.5064272,True
adaptive_value,211,0.49955544,False
adaptive_value,211,0.48912436,False
adaptive_value,211,0.51136744,False
adaptive_value,211,0.5255068,True
adaptive_value,211,0.49968275,True
adaptive_value,211,0.6050028,True
adaptive_value,211,0.4883679,True
adaptive_value,211,0.54929227,True
adaptive_value,211,0.51364654,False
adaptive_value,211,0.5069646,False
adaptive_value,211,0.5367723,False
adaptive_value,211,0.5163449,False
adaptive_value,211,0.4894059,False
adaptive_value,211,0.5077618,False
adaptive_value,211,0.49527627,False
adaptive_value,211,0.5791054,False
adaptive_value,211,0.49787936,True
adaptive_value,211,0.49091637,False
adaptive_value,211,0.49355006,False
adaptive_value,211,0.50115603,False
adaptive_value,211,0.5603783,False
adaptive_value,211,0.5491092,False
adaptive_value,211,0.5737078,False
adaptive_value,211,0.52925766,False
adaptive_value,211,0.533541,True
adaptive_value,211,0.5498061,False
adaptive_value,211,0.52553314,True
adaptive_value,211,0.5817062,False
adaptive_value,211,0.55020154,False
adaptive_value,211,0.612032,False
adaptive_value,211,0.50658387,False
adaptive_value,211,0.55204576,True
adaptive_value,211,0.53802156,True
adaptive_value,211,0.536214,False
adaptive_value,211,0.49102673,False
adaptive_value,211,0.5020912,True
adaptive_value,211,0.5254699,False
adaptive_value,211,0.50029296,False
adaptive_value,211,0.5175445,False
adaptive_value,211,0.5137097,True
adaptive_value,211,0.5105478,True
adaptive_value,211,0.53120947,True
adaptive_value,211,0.49361187,True
adaptive_value,211,0.4898855,True
adaptive_value,211,0.51168525,True
adaptive_value,211,0.56352353,True
adaptive_value,211,0.5434982,True
adaptive_value,211,0.5263834,True
adaptive_value,211,0.5215066,False
adaptive_value,211,0.552296,True
adaptive_value,211,0.52301407,False
adaptive_value,211,0.5160723,True
adaptive_value,211,0.5407087,False
adaptive_value,211,0.51175076,False
adaptive_value,211,0.5145913,False
adaptive_value,211,0.50991666,False
adaptive_value,211,0.495155,True
adaptive_value,211,0.58523726,False
adaptive_value,211,0.57266796,True
adaptive_value,211,0.7155889,True
adaptive_value,211,0.69095683,False
adaptive_value,211,0.5539034,True
adaptive_value,211,0.756658,True
adaptive_value,211,0.6978078,True
adaptive_value,211,0.5739475,True
adaptive_value,211,0.55885935,False
adaptive_value,211,0.51243824,True
adaptive_value,211,0.5673639,True
adaptive_value,211,0.52665657,True
adaptive_value,211,0.51276284,True
adaptive_value,211,0.55620176,False
adaptive_value,211,0.65498865,False
adaptive_value,211,0.72252005,True
adaptive_value,211,0.5418432,True
adaptive_value,211,0.74055666,False
adaptive_value,211,0.54692,False
adaptive_value,211,0.5556085,True
adaptive_value,211,0.5078334,True
adaptive_value,211,0.7040688,True
adaptive_value,211,0.5308857,False
adaptive_value,211,0.6321888,True
adaptive_value,211,0.64717,True
adaptive_value,211,0.7349258,True
adaptive_value,211,0.64651793,True
adaptive_value,211,0.55053544,False
adaptive_value,211,0.779837,False
adaptive_value,211,0.55529,True
adaptive_value,211,0.5320508,True
adaptive_value,211,0.5366843,False
adaptive_value,211,0.52945423,False
adaptive_value,211,0.5119688,True
adaptive_value,211,0.70060563,True
adaptive_value,211,0.63251597,True
adaptive_value,211,0.6267599,False
adaptive_value,211,0.6136974,True
adaptive_value,211,0.6087919,False
adaptive_value,211,0.5718352,True
adaptive_value,211,0.73129445,False
adaptive_value,211,0.4986702,True
adaptive_value,211,0.71371937,True
adaptive_value,211,0.5193151,True
adaptive_value,211,0.5667265,True
adaptive_value,211,0.6574223,False
adaptive_value,211,0.6866793,True
adaptive_value,211,0.62300783,False
adaptive_value,211,0.7027965,False
adaptive_value,211,0.51542294,True
adaptive_value,211,0.62647974,True
adaptive_value,211,0.558975,False
adaptive_value,211,0.5707014,True
adaptive_value,211,0.53557825,False
adaptive_value,211,0.5216861,False
adaptive_value,211,0.54776955,True
adaptive_value,211,0.62741065,True
adaptive_value,211,0.62944794,False
adaptive_value,211,0.6685697,True
adaptive_value,211,0.53918606,True
adaptive_value,211,0.6365541,False
adaptive_value,211,0.5135418,True
adaptive_value,307,0.5,False
adaptive_value,307,0.5,True
adaptive_value,307,0.5,True
adaptive_value,307,0.5,False
adaptive_value,307,0.5,True
adaptive_value,307,0.5,False
adaptive_value,307,0.5,False
adaptive_value,307,0.5,False
adaptive_value,307,0.5,False
adaptive_value,307,0.5,True
adaptive_value,307,0.5,True
adaptive_value,307,0.5,True
adaptive_value,307,0.5,False
adaptive_value,307,0.5,False
adaptive_value,307,0.5,True
adaptive_value,307,0.5,False
adaptive_value,307,0.5,False
adaptive_value,307,0.5,False
adaptive_value,307,0.5,False
adaptive_value,307,0.5,False
adaptive_value,307,0.5,True
adaptive_value,307,0.5,False
adaptive_value,307,0.5,False
adaptive_value,307,0.5,False
adaptive_value,307,0.5,False
adaptive_value,307,0.5,False
adaptive_value,307,0.5,False
adaptive_value,307,0.5,True
adaptive_value,307,0.5,True
adaptive_value,307,0.5,True
adaptive_value,307,0.5,True
adaptive_value,307,0.5,True
adaptive_value,307,0.5,False
adaptive_value,307,0.5,True
adaptive_value,307,0.5,True
adaptive_value,307,0.5,False
adaptive_value,307,0.5,False
adaptive_value,307,0.5,False
adaptive_value,307,0.5,False
adaptive_value,307,0.5,True
adaptive_value,307,0.5,False
adaptive_value,307,0.5,False
adaptive_value,307,0.5,False
adaptive_value,307,0.5,True
adaptive_value,307,0.5,True
adaptive_value,307,0.5,True
adaptive_value,307,0.5,True
adaptive_value,307,0.5,False
adaptive_value,307,0.5,True
adaptive_value,307,0.5,True
adaptive_value,307,0.5,False
adaptive_value,307,0.5,True
adaptive_value,307,0.5,False
adaptive_value,307,0.5,False
adaptive_value,307,0.5,True
adaptive_value,307,0.5,False
adaptive_value,307,0.5,True
adaptive_value,307,0.5,False
adaptive_value,307,0.5,False
adaptive_value,307,0.5,True
adaptive_value,307,0.50104827,False
adaptive_value,307,0.50208527,False
adaptive_value,307,0.47897997,False
adaptive_value,307,0.48393646,True
adaptive_value,307,0.5024344,False
adaptive_value,307,0.48712698,False
adaptive_value,307,0.501003,False
adaptive_value,307,0.5589999,True
adaptive_value,307,0.5199778,True
adaptive_value,307,0.4922159,False
adaptive_value,307,0.49263537,False
adaptive_value,307,0.54378617,True
adaptive_value,307,0.49756753,True
adaptive_value,307,0.5676689,True
adaptive_value,307,0.451332,True
adaptive_value,307,0.5584783,False
adaptive_value,307,0.5595142,False
adaptive_value,307,0.48314235,False
adaptive_value,307,0.5233574,False
adaptive_value,307,0.52760607,False
adaptive_value,307,0.529676,False
adaptive_value,307,0.48548558,True
adaptive_value,307,0.48573446,False
adaptive_value,307,0.49063304,True
adaptive_value,307,0.48137638,False
adaptive_value,307,0.49116597,True
adaptive_value,307,0.50876105,True
adaptive_value,307,0.5260946,True
adaptive_value,307,0.53459686,True
adaptive_value,307,0.5052032,True
adaptive_value,307,0.4995614,True
adaptive_value,307,0.5216286,True
adaptive_value,307,0.5094663,False
adaptive_value,307,0.5045236,True
adaptive_value,307,0.64720637,True
adaptive_value,307,0.52493566,False
adaptive_value,307,0.48195666,True
adaptive_value,307,0.50555843,True
adaptive_value,307,0.5039256,False
adaptive_value,307,0.50934714,True
adaptive_value,307,0.522268,False
adaptive_value,307,0.54924244,False
adaptive_value,307,0.4977267,False
adaptive_value,307,0.5129818,False
adaptive_value,307,0.47167978,True
adaptive_value,307,0.49999166,True
adaptive_value,307,0.518319,True
adaptive_value,307,0.48105586,False
adaptive_value,307,0.54426265,True
adaptive_value,307,0.5282834,False
adaptive_value,307,0.5403724,False
adaptive_value,307,0.49194,True
adaptive_value,307,0.49082392,True
adaptive_value,307,0.51941043,True
adaptive_value,307,0.53383756,True
adaptive_value,307,0.5290769,True
adaptive_value,307,0.53867805,False
adaptive_value,307,0.47451434,True
adaptive_value,307,0.51478267,True
adaptive_value,307,0.45231217,True
adaptive_value,307,0.56940645,False
adaptive_value,307,0.66786397,True
adaptive_value,307,0.5431109,True
adaptive_value,307,0.60004145,True
adaptive_value,307,0.63421,True
adaptive_value,307,0.5096042,True
adaptive_value,307,0.66655403,True
adaptive_value,307,0.55566776,False
adaptive_value,307,0.50845885,True
adaptive_value,307,0.5220103,True
adaptive_value,307,0.5537951,True
adaptive_value,307,0.5532108,False
adaptive_value,307,0.57983434,True
adaptive_value,307,0.5587725,True
adaptive_value,307,0.5638632,False
adaptive_value,307,0.53104687,True
adaptive_value,307,0.63120496,True
adaptive_value,307,0.60212374,True
adaptive_value,307,0.60700685,True
adaptive_value,307,0.51460093,True
adaptive_value,307,0.5306991,False
adaptive_value,307,0.61019474,True
adaptive_value,307,0.60833067,True
adaptive_value,307,0.5641249,True
adaptive_value,307,0.5219595,False
adaptive_value,307,0.5373941,False
adaptive_value,307,0.63728464,True
adaptive_value,307,0.5777356,False
adaptive_value,307,0.55445564,True
adaptive_value,307,0.51572126,True
adaptive_value,307,0.66167915,True
adaptive_value,307,0.61538094,True
adaptive_value,307,0.67946714,True
adaptive_value,307,0.59481835,False
adaptive_value,307,0.58681905,True
adaptive_value,307,0.5386061,True
adaptive_value,307,0.5218284,True
adaptive_value,307,0.6393646,False
adaptive_value,307,0.56191105,False
adaptive_value,307,0.5489476,True
adaptive_value,307,0.60317343,True
adaptive_value,307,0.5333443,True
adaptive_value,307,0.5475905,True
adaptive_value,307,0.57697856,False
adaptive_value,307,0.55312955,True
adaptive_value,307,0.62325466,False
adaptive_value,307,0.5834744,False
adaptive_value,307,0.61788636,True
adaptive_value,307,0.5103932,False
adaptive_value,307,0.64173687,True
adaptive_value,307,0.51248735,True
adaptive_value,307,0.66009194,True
adaptive_value,307,0.69587594,False
adaptive_value,307,0.5298966,False
adaptive_value,307,0.60147053,True
adaptive_value,307,0.51382816,True
adaptive_value,307,0.56028455,True
adaptive_value,307,0.58646613,False
adaptive_value,307,0.61644626,True
adaptive_value,307,0.6022941,True
adaptive_value,307,0.63926184,False
adaptive_value,307,0.61689043,True
adaptive_value,307,0.7906175,True
adaptive_value,307,0.7614731,True
adaptive_value,307,0.58259416,False
adaptive_value,307,0.6181278,False
adaptive_value,307,0.6901777,True
adaptive_value,307,0.85606843,True
adaptive_value,307,0.62096614,True
adaptive_value,307,0.56275135,False
adaptive_value,307,0.7812796,False
adaptive_value,307,0.5306876,False
adaptive_value,307,0.536774,False
adaptive_value,307,0.5083027,False
adaptive_value,307,0.7979573,True
adaptive_value,307,0.65771544,False
adaptive_value,307,0.500719,True
adaptive_value,307,0.67889386,False
adaptive_value,307,0.68307567,False
adaptive_value,307,0.77580655,True
adaptive_value,307,0.53552604,True
adaptive_value,307,0.5193633,False
adaptive_value,307,0.572623,False
adaptive_value,307,0.5248827,False
adaptive_value,307,0.6386375,True
adaptive_value,307,0.65937436,True
adaptive_value,307,0.5762275,True
adaptive_value,307,0.70578486,True
adaptive_value,307,0.7985059,True
adaptive_value,307,0.53789985,True
adaptive_value,307,0.8067625,True
adaptive_value,307,0.6864091,True
adaptive_value,307,0.5512807,False
adaptive_value,307,0.50675684,True
adaptive_value,307,0.65595186,True
adaptive_value,307,0.6192486,False
adaptive_value,307,0.54051024,True
adaptive_value,307,0.7061112,True
adaptive_value,307,0.7762162,True
adaptive_value,307,0.6532045,True
adaptive_value,307,0.7020322,True
adaptive_value,307,0.5223906,True
adaptive_value,307,0.6225927,False
adaptive_value,307,0.54667217,True
adaptive_value,307,0.67609173,True
adaptive_value,307,0.6926849,False
adaptive_value,307,0.5238799,True
adaptive_value,307,0.72713715,False
adaptive_value,307,0.71568286,True
adaptive_value,307,0.5030436,True
adaptive_value,307,0.6276915,True
adaptive_value,307,0.56666225,True
adaptive_value,307,0.56934667,False
adaptive_value,307,0.54447716,True
adaptive_value,307,0.59701115,True
adaptive_value,307,0.6771582,False
adaptive_value,307,0.5490476,True
adaptive_value,307,0.70676255,True
adaptive_value,307,0.6140341,False
adaptive_value,307,0.79917765,True
adaptive_value,401,0.5,True
adaptive_value,401,0.5,False
adaptive_value,401,0.5,True
adaptive_value,401,0.5,True
adaptive_value,401,0.5,False
adaptive_value,401,0.5,True
adaptive_value,401,0.5,False
adaptive_value,401,0.5,True
adaptive_value,401,0.5,True
adaptive_value,401,0.5,True
adaptive_value,401,0.5,True
adaptive_value,401,0.5,False
adaptive_value,401,0.5,True
adaptive_value,401,0.5,False
adaptive_value,401,0.5,False
adaptive_value,401,0.5,True
adaptive_value,401,0.5,True
adaptive_value,401,0.5,True
adaptive_value,401,0.5,False
adaptive_value,401,0.5,False
adaptive_value,401,0.5,False
adaptive_value,401,0.5,False
adaptive_value,401,0.5,True
adaptive_value,401,0.5,True
adaptive_value,401,0.5,True
adaptive_value,401,0.5,True
adaptive_value,401,0.5,False
adaptive_value,401,0.5,False
adaptive_value,401,0.5,False
adaptive_value,401,0.5,True
adaptive_value,401,0.5,True
adaptive_value,401,0.5,True
adaptive_value,401,0.5,False
adaptive_value,401,0.5,False
adaptive_value,401,0.5,True
adaptive_value,401,0.5,False
adaptive_value,401,0.5,True
adaptive_value,401,0.5,False
adaptive_value,401,0.5,False
adaptive_value,401,0.5,False
adaptive_value,401,0.5,False
adaptive_value,401,0.5,True
adaptive_value,401,0.5,True
adaptive_value,401,0.5,False
adaptive_value,401,0.5,True
adaptive_value,401,0.5,True
adaptive_value,401,0.5,True
adaptive_value,401,0.5,True
adaptive_value,401,0.5,True
adaptive_value,401,0.5,False
adaptive_value,401,0.5,True
adaptive_value,401,0.5,False
adaptive_value,401,0.5,False
adaptive_value,401,0.5,True
adaptive_value,401,0.5,True
adaptive_value,401,0.5,False
adaptive_value,401,0.5,False
adaptive_value,401,0.5,True
adaptive_value,401,0.5,False
adaptive_value,401,0.5,True
adaptive_value,401,0.5093162,True
adaptive_value,401,0.5172821,True
adaptive_value,401,0.5882713,False
adaptive_value,401,0.5025898,False
adaptive_value,401,0.500608,True
adaptive_value,401,0.5495812,True
adaptive_value,401,0.52643824,False
adaptive_value,401,0.55189717,True
adaptive_value,401,0.5957524,False
adaptive_value,401,0.5207487,False
adaptive_value,401,0.613111,False
adaptive_value,401,0.570627,True
adaptive_value,401,0.519001,True
adaptive_value,401,0.4915702,True
adaptive_value,401,0.526723,False
adaptive_value,401,0.53578764,True
adaptive_value,401,0.5784308,False
adaptive_value,401,0.6000555,True
adaptive_value,401,0.54806346,True
adaptive_value,401,0.53801936,True
adaptive_value,401,0.57439125,False
adaptive_value,401,0.5256453,True
adaptive_value,401,0.5212589,False
adaptive_value,401,0.50776327,True
adaptive_value,401,0.5364697,False
adaptive_value,401,0.5919698,True
adaptive_value,401,0.5957259,False
adaptive_value,401,0.5359292,True
adaptive_value,401,0.5488327,False
adaptive_value,401,0.51159734,False
adaptive_value,401,0.54679793,True
adaptive_value,401,0.5081581,True
adaptive_value,401,0.59457505,False
adaptive_value,401,0.53173566,False
adaptive_value,401,0.55182135,False
adaptive_value,401,0.5640384,False
adaptive_value,401,0.62379414,True
adaptive_value,401,0.5267666,True
adaptive_value,401,0.5407185,False
adaptive_value,401,0.5172281,False
adaptive_value,401,0.52183753,False
adaptive_value,401,0.51065224,True
adaptive_value,401,0.57390803,True
adaptive_value,401,0.57183015,True
adaptive_value,401,0.55874854,True
adaptive_value,401,0.5150544,False
adaptive_value,401,0.5402364,True
adaptive_value,401,0.61791974,True
adaptive_value,401,0.5364702,False
adaptive_value,401,0.50716007,False
adaptive_value,401,0.50819075,False
adaptive_value,401,0.5742565,True
adaptive_value,401,0.59390706,True
adaptive_value,401,0.51100653,True
adaptive_value,401,0.5066554,True
adaptive_value,401,0.51101154,False
adaptive_value,401,0.5799842,True
adaptive_value,401,0.56215084,True
adaptive_value,401,0.50392854,False
adaptive_value,401,0.5512153,False
adaptive_value,401,0.5578508,False
adaptive_value,401,0.6776879,False
adaptive_value,401,0.54273516,True
adaptive_value,401,0.6484787,False
adaptive_value,401,0.5364215,False
adaptive_value,401,0.61020696,False
adaptive_value,401,0.5745455,False
adaptive_value,401,0.5212791,True
adaptive_value,401,0.6170364,True
adaptive_value,401,0.630375,True
adaptive_value,401,0.5579795,True
adaptive_value,401,0.5896166,True
adaptive_value,401,0.5500723,False
adaptive_value,401,0.5853914,True
adaptive_value,401,0.59602606,True
adaptive_value,401,0.5825279,False
adaptive_value,401,0.6108738,False
adaptive_value,401,0.6711473,False
adaptive_value,401,0.6482462,True
adaptive_value,401,0.52855766,True
adaptive_value,401,0.53391844,True
adaptive_value,401,0.6320756,True
adaptive_value,401,0.59722614,True
adaptive_value,401,0.64480793,False
adaptive_value,401,0.71916837,True
adaptive_value,401,0.6859044,True
adaptive_value,401,0.5920522,False
adaptive_value,401,0.52293926,False
adaptive_value,401,0.54200584,True
adaptive_value,401,0.5930547,True
adaptive_value,401,0.6590215,True
adaptive_value,401,0.51893014,False
adaptive_value,401,0.6855735,False
adaptive_value,401,0.5116605,True
adaptive_value,401,0.5224876,True
adaptive_value,401,0.6647076,True
adaptive_value,401,0.562216,True
adaptive_value,401,0.61295867,True
adaptive_value,401,0.65186095,True
adaptive_value,401,0.5099078,False
adaptive_value,401,0.6245999,False
adaptive_value,401,0.598529,False
adaptive_value,401,0.5687357,False
adaptive_value,401,0.61401266,False
adaptive_value,401,0.55937093,True
adaptive_value,401,0.5650979,False
adaptive_value,401,0.6592677,False
adaptive_value,401,0.5062558,True
adaptive_value,401,0.563033,False
adaptive_value,401,0.5105332,True
adaptive_value,401,0.60004294,True
adaptive_value,401,0.6522492,True
adaptive_value,401,0.59888554,False
adaptive_value,401,0.70578676,False
adaptive_value,401,0.56591564,False
adaptive_value,401,0.58832836,True
adaptive_value,401,0.5200444,False
adaptive_value,401,0.50318134,True
adaptive_value,401,0.6198467,False
adaptive_value,401,0.51257855,True
adaptive_value,401,0.7073315,True
adaptive_value,401,0.68903786,False
adaptive_value,401,0.5246621,True
adaptive_value,401,0.63093454,True
adaptive_value,401,0.59948486,True
adaptive_value,401,0.58469814,False
adaptive_value,401,0.52950037,False
adaptive_value,401,0.5944185,True
adaptive_value,401,0.5575641,True
adaptive_value,401,0.6375083,True
adaptive_value,401,0.61543417,True
adaptive_value,401,0.68187296,True
adaptive_value,401,0.52948666,False
adaptive_value,401,0.6739891,False
adaptive_value,401,0.6648574,True
adaptive_value,401,0.6555277,True
adaptive_value,401,0.69474375,True
adaptive_value,401,0.74699175,True
adaptive_value,401,0.5446541,False
adaptive_value,401,0.7857319,True
adaptive_value,401,0.72206944,True
adaptive_value,401,0.581156,False
adaptive_value,401,0.6817645,True
adaptive_value,401,0.58774126,True
adaptive_value,401,0.7994066,True
adaptive_value,401,0.51502687,False
adaptive_value,401,0.5708139,True
adaptive_value,401,0.6265465,True
adaptive_value,401,0.57071954,True
adaptive_value,401,0.713433,True
adaptive_value,401,0.72195715,True
adaptive_value,401,0.60622704,False
adaptive_value,401,0.56028485,False
adaptive_value,401,0.75384986,True
adaptive_value,401,0.6198652,True
adaptive_value,401,0.5205659,False
adaptive_value,401,0.760324,True
adaptive_value,401,0.7841926,False
adaptive_value,401,0.52820206,False
adaptive_value,401,0.66437393,False
adaptive_value,401,0.63009655,True
adaptive_value,401,0.78233397,True
adaptive_value,401,0.52451366,False
adaptive_value,401,0.59760165,True
adaptive_value,401,0.5236075,False
adaptive_value,401,0.5814532,True
adaptive_value,401,0.65877545,True
adaptive_value,401,0.6055424,True
adaptive_value,401,0.60884225,False
adaptive_value,401,0.64848286,True
adaptive_value,401,0.60039985,False
adaptive_value,401,0.59906447,False
adaptive_value,401,0.52559775,False
adaptive_value,401,0.53096,True
adaptive_value,401,0.7469088,True
adaptive_value,401,0.5095081,True
adaptive_value,401,0.5978209,False
adaptive_value,401,0.52661437,False
adaptive_value,401,0.5492287,False
adaptive_value,401,0.66773367,True
adaptive_value,503,0.5,False
adaptive_value,503,0.5,True
adaptive_value,503,0.5,False
adaptive_value,503,0.5,True
adaptive_value,503,0.5,True
adaptive_value,503,0.5,False
adaptive_value,503,0.5,True
adaptive_value,503,0.5,False
adaptive_value,503,0.5,True
adaptive_value,503,0.5,True
adaptive_value,503,0.5,False
adaptive_value,503,0.5,True
adaptive_value,503,0.5,True
adaptive_value,503,0.5,True
adaptive_value,503,0.5,True
adaptive_value,503,0.5,True
adaptive_value,503,0.5,True
adaptive_value,503,0.5,False
adaptive_value,503,0.5,True
adaptive_value,503,0.5,True
adaptive_value,503,0.5,False
adaptive_value,503,0.5,False
adaptive_value,503,0.5,False
adaptive_value,503,0.5,True
adaptive_value,503,0.5,False
adaptive_value,503,0.5,True
adaptive_value,503,0.5,False
adaptive_value,503,0.5,True
adaptive_value,503,0.5,True
adaptive_value,503,0.5,False
adaptive_value,503,0.5,True
adaptive_value,503,0.5,False
adaptive_value,503,0.5,False
adaptive_value,503,0.5,False
adaptive_value,503,0.5,False
adaptive_value,503,0.5,True
adaptive_value,503,0.5,True
adaptive_value,503,0.5,True
adaptive_value,503,0.5,True
adaptive_value,503,0.5,False
adaptive_value,503,0.5,True
adaptive_value,503,0.5,True
adaptive_value,503,0.5,True
adaptive_value,503,0.5,True
adaptive_value,503,0.5,True
adaptive_value,503,0.5,False
adaptive_value,503,0.5,False
adaptive_value,503,0.5,True
adaptive_value,503,0.5,False
adaptive_value,503,0.5,False
adaptive_value,503,0.5,False
adaptive_value,503,0.5,False
adaptive_value,503,0.5,True
adaptive_value,503,0.5,False
adaptive_value,503,0.5,False
adaptive_value,503,0.5,False
adaptive_value,503,0.5,True
adaptive_value,503,0.5,False
adaptive_value,503,0.5,False
adaptive_value,503,0.5,False
adaptive_value,503,0.54623723,True
adaptive_value,503,0.56377083,False
adaptive_value,503,0.5993635,False
adaptive_value,503,0.58818066,False
adaptive_value,503,0.5353321,False
adaptive_value,503,0.5219011,True
adaptive_value,503,0.49591658,True
adaptive_value,503,0.5108832,True
adaptive_value,503,0.49118543,True
adaptive_value,503,0.5499529,True
adaptive_value,503,0.4819592,True
adaptive_value,503,0.5180454,False
adaptive_value,503,0.63951826,True
adaptive_value,503,0.51184547,True
adaptive_value,503,0.50995785,False
adaptive_value,503,0.53874874,True
adaptive_value,503,0.52937376,False
adaptive_value,503,0.4767689,False
adaptive_value,503,0.5280194,True
adaptive_value,503,0.54780996,False
adaptive_value,503,0.5213666,False
adaptive_value,503,0.5514093,False
adaptive_value,503,0.5626965,False
adaptive_value,503,0.54548675,True
adaptive_value,503,0.4949934,False
adaptive_value,503,0.53904796,False
adaptive_value,503,0.58672327,True
adaptive_value,503,0.5355839,False
adaptive_value,503,0.5673951,True
adaptive_value,503,0.5162739,True
adaptive_value,503,0.57860315,False
adaptive_value,503,0.5535455,False
adaptive_value,503,0.54129213,True
adaptive_value,503,0.5305328,True
adaptive_value,503,0.62789917,False
adaptive_value,503,0.49834323,False
adaptive_value,503,0.5937683,False
adaptive_value,503,0.4985052,True
adaptive_value,503,0.52090806,True
adaptive_value,503,0.5385688,False
adaptive_value,503,0.48938715,False
adaptive_value,503,0.5331475,False
adaptive_value,503,0.5856255,True
adaptive_value,503,0.5129266,False
adaptive_value,503,0.5284121,False
adaptive_value,503,0.51689655,False
adaptive_value,503,0.50928974,True
adaptive_value,503,0.5043724,False
adaptive_value,503,0.64876664,False
adaptive_value,503,0.52716726,False
adaptive_value,503,0.55698216,False
adaptive_value,503,0.5069608,True
adaptive_value,503,0.5375553,True
adaptive_value,503,0.5162668,False
adaptive_value,503,0.56430274,True
adaptive_value,503,0.54261136,False
adaptive_value,503,0.59211665,True
adaptive_value,503,0.5227176,True
adaptive_value,503,0.5661455,True
adaptive_value,503,0.4703786,True
adaptive_value,503,0.47738558,True
adaptive_value,503,0.56848025,False
adaptive_value,503,0.5851727,False
adaptive_value,503,0.53321296,True
adaptive_value,503,0.4968102,True
adaptive_value,503,0.5227511,True
adaptive_value,503,0.55879074,False
adaptive_value,503,0.5086878,True
adaptive_value,503,0.5722292,False
adaptive_value,503,0.49810338,True
adaptive_value,503,0.52966994,True
adaptive_value,503,0.51512134,True
adaptive_value,503,0.5500761,True
adaptive_value,503,0.5482711,False
adaptive_value,503,0.4877611,True
adaptive_value,503,0.5593792,True
adaptive_value,503,0.55237764,False
adaptive_value,503,0.48174655,False
adaptive_value,503,0.49040017,False
adaptive_value,503,0.529416,True
adaptive_value,503,0.54018384,False
adaptive_value,503,0.5530071,True
adaptive_value,503,0.5184839,False
adaptive_value,503,0.5011243,True
adaptive_value,503,0.49520198,False
adaptive_value,503,0.5392542,False
adaptive_value,503,0.49084568,True
adaptive_value,503,0.5385397,False
adaptive_value,503,0.51810277,True
adaptive_value,503,0.48414752,False
adaptive_value,503,0.50865704,False
adaptive_value,503,0.45280316,False
adaptive_value,503,0.513562,True
adaptive_value,503,0.51922363,True
adaptive_value,503,0.5126643,False
adaptive_value,503,0.5525753,False
adaptive_value,503,0.49177754,True
adaptive_value,503,0.543043,True
adaptive_value,503,0.51484746,True
adaptive_value,503,0.50901467,True
adaptive_value,503,0.53530097,True
adaptive_value,503,0.553288,True
adaptive_value,503,0.5575987,True
adaptive_value,503,0.4964072,False
adaptive_value,503,0.48131785,False
adaptive_value,503,0.5093912,True
adaptive_value,503,0.5218734,False
adaptive_value,503,0.52518106,True
adaptive_value,503,0.5775384,False
adaptive_value,503,0.54922074,True
adaptive_value,503,0.551812,True
adaptive_value,503,0.49780068,True
adaptive_value,503,0.4979895,False
adaptive_value,503,0.5443558,True
adaptive_value,503,0.50511897,False
adaptive_value,503,0.51411283,False
adaptive_value,503,0.546942,True
adaptive_value,503,0.532154,False
adaptive_value,503,0.5193285,False
adaptive_value,503,0.52047265,False
adaptive_value,503,0.56331706,False
adaptive_value,503,0.55834883,False
adaptive_value,503,0.5198616,False
adaptive_value,503,0.49870625,False
adaptive_value,503,0.50713176,False
adaptive_value,503,0.49910012,True
adaptive_value,503,0.4930697,True
adaptive_value,503,0.60734475,True
adaptive_value,503,0.49542686,False
adaptive_value,503,0.6481115,True
adaptive_value,503,0.5274642,False
adaptive_value,503,0.57594466,False
adaptive_value,503,0.56713146,False
adaptive_value,503,0.61445165,True
adaptive_value,503,0.6052758,False
adaptive_value,503,0.6126464,True
adaptive_value,503,0.5942366,False
adaptive_value,503,0.6130309,True
adaptive_value,503,0.48928636,True
adaptive_value,503,0.50460404,False
adaptive_value,503,0.4933048,True
adaptive_value,503,0.6198743,False
adaptive_value,503,0.52948475,False
adaptive_value,503,0.6109042,True
adaptive_value,503,0.5997797,True
adaptive_value,503,0.49403125,False
adaptive_value,503,0.59651875,True
adaptive_value,503,0.65490264,True
adaptive_value,503,0.5414986,True
adaptive_value,503,0.6058319,True
adaptive_value,503,0.5749055,False
adaptive_value,503,0.49721676,False
adaptive_value,503,0.54357475,False
adaptive_value,503,0.5681174,True
adaptive_value,503,0.51414776,False
adaptive_value,503,0.4881717,False
adaptive_value,503,0.5656288,True
adaptive_value,503,0.5879435,False
adaptive_value,503,0.6023983,False
adaptive_value,503,0.62991524,True
adaptive_value,503,0.5385041,False
adaptive_value,503,0.51286364,True
adaptive_value,503,0.49743006,True
adaptive_value,503,0.5144957,True
adaptive_value,503,0.6888409,False
adaptive_value,503,0.49189568,True
adaptive_value,503,0.56095535,True
adaptive_value,503,0.5004464,True
adaptive_value,503,0.5579508,True
adaptive_value,503,0.64742535,False
adaptive_value,503,0.49128926,False
adaptive_value,503,0.5335067,False
adaptive_value,503,0.5944625,True
adaptive_value,503,0.62523687,False
adaptive_value,503,0.53008896,False
adaptive_value,503,0.62131226,True
adaptive_value,503,0.4908314,True
adaptive_value,503,0.5434476,True
adaptive_value,503,0.5745746,False
adaptive_value,503,0.50021744,False
